name,run_id,model_name,task_name,data_split_seed,validation_metric,validation_crps,validation_rmse,test_crps,test_rmse,fitting_time_s,validation_prediction_time_s,test_prediction_time_s,validation_rmse_best,validation_rmse_best_epoch,validation_rmse_best_restored,model.params.dropout,model.train_params.learning_rate,validation_fixed_effect_residual_rmse,test_fixed_effect_residual_rmse,model.np_params.dropout,model.np_train_params.learning_rate,model.np_train_params.epochs_per_round,model.lgbm_params.learning_rate,model.lgbm_params.lambda_l2,model.lgbm_params.min_data_in_leaf,model.lgbm_params.num_leaves,model.lgbm_params.max_bin,model.lgbm_params.max_depth,model.train_params.lambda_l2,model.train_params.min_data_in_leaf,model.train_params.num_leaves,model.train_params.max_bin,model.train_params.max_depth
npboost-in_context-log_price-seed0,07fnmvft,npboost,in_context,0,rmse,0.1378114918963478,0.3692232551662533,0.1304165649208634,0.2717670002819093,9109.094560861588,20.95328378677368,21.291768550872803,0.2629160867830993,,,,,9.401223045176245,9.382223491389322,0.0,7.917412954846521e-05,10.0,0.1011064623519062,0.0,20.0,8.0,255.0,-1.0,,,,,
npboost-in_context-log_price-seed0,476q2bdb,npboost,in_context,0,rmse,0.1702640420840066,0.3161189680447955,0.1719589908338851,0.3094418877392428,10744.329654693604,9.45767903327942,10.318597316741943,0.3062788016057365,,,,,9.560480981848434,9.449738541872732,0.2,2.017016316297149e-05,20.0,0.0582929613195039,1.0,1000.0,8.0,255.0,-1.0,,,,,
npboost-in_context-log_price-seed0,5rrsyuye,npboost,in_context,0,rmse,0.1247544937626817,0.2516839993781087,0.1300301737380159,0.2556740922618686,10646.089658260344,11.80426263809204,11.93744134902954,0.2488740360225532,,,,,6.746304573477927,6.739827824473234,0.0,1.8406671834517417e-05,10.0,0.3476654204795515,0.0,20.0,8.0,255.0,-1.0,,,,,
npboost-in_context-log_price-seed0,65bgvkh6,npboost,in_context,0,rmse,0.1179065466210939,0.2560788911107395,0.1199427167139831,0.260411482653573,22123.41726756096,11.106974363327026,11.521180868148804,0.2546668233899677,,,,,9.585753100284531,9.587723704946209,0.2,0.0001381635682257,10.0,0.0261669745608544,1.0,20.0,8.0,255.0,-1.0,,,,,
npboost-in_context-log_price-seed0,8v9avqwi,npboost,in_context,0,rmse,0.1313474243321485,0.2609671647342284,0.1371088593557952,0.2662969552685515,7747.710372924805,9.51509690284729,9.620566129684448,0.2603828398681965,,,,,8.019360326322959,8.040744821491197,0.0,3.1392574253118284e-05,5.0,0.1121865737283773,0.0,10.0,4.0,255.0,-1.0,,,,,
npboost-in_context-log_price-seed0,d424bqqm,npboost,in_context,0,rmse,0.1211636107116996,0.2608150466179523,0.1231666597188259,0.2636652305766577,9159.321925163267,11.386808156967165,10.95853853225708,0.25862566398736,,,,,9.527415591128532,9.5347859980631,0.2,0.0002371245680478,10.0,0.0322020325894309,1.0,100.0,16.0,255.0,-1.0,,,,,
npboost-in_context-log_price-seed0,djc08g8e,npboost,in_context,0,rmse,0.1192568261825702,0.2639353422307242,0.1219405546242955,0.2696029967487643,17962.372337818146,11.551883220672607,11.908686637878418,0.2624533730169041,,,,,9.42402349239156,9.425746871046234,0.2,0.0002563473332261,20.0,0.1427109105814198,1.0,1000.0,8.0,255.0,-1.0,,,,,
npboost-in_context-log_price-seed0,dkr7m9tz,npboost,in_context,0,rmse,0.1302456535602952,0.2740643828450163,0.1229247410452411,0.2686116826874958,8726.550380468369,10.56635284423828,9.999470949172974,0.2608063219414898,,,,,9.42844035787365,9.406464234400854,0.0,0.0004242243954166,10.0,0.5800570688908553,1.0,20.0,4.0,255.0,-1.0,,,,,
npboost-in_context-log_price-seed0,do24iv6p,npboost,in_context,0,rmse,0.1189997743285774,0.2621724933287845,0.1208496655975094,0.2657411783003806,21483.78264284134,10.952327966690063,11.845503330230711,0.2586695066835993,,,,,9.440017748268836,9.448593788779624,0.2,0.0001605191133358,20.0,0.0750195444362012,1.0,20.0,4.0,255.0,-1.0,,,,,
npboost-in_context-log_price-seed0,dxb710wz,npboost,in_context,0,rmse,0.1807794412526743,0.3271915562067594,0.1677457685542481,0.2918523577476586,5865.989066123962,11.292342901229858,11.49409556388855,0.2864118294097355,,,,,8.843425739704045,8.395600953986488,0.2,2.9067203620664195e-05,5.0,0.1823458458254781,0.0,10.0,8.0,255.0,-1.0,,,,,
npboost-in_context-log_price-seed0,edt0cfby,npboost,in_context,0,rmse,0.1277610837896289,0.2736720891806368,0.1235998511131939,0.2710861074350341,10674.690560102465,7.547239303588867,9.132019281387327,0.2657625116180467,,,,,9.574906570721083,9.577251843844644,0.2,0.0004276097878757,10.0,0.0133482983182945,0.0,100.0,4.0,255.0,-1.0,,,,,
npboost-in_context-log_price-seed0,esyc4eew,npboost,in_context,0,rmse,0.1343022418612762,0.2712262150636986,0.1256496241746674,0.2608381312698678,16987.2008163929,10.851935863494871,12.403079986572266,0.2513072071309995,,,,,9.0655924422047,9.059212857401814,0.0,1.702035422361917e-05,20.0,0.0657821692431908,1.0,20.0,16.0,255.0,-1.0,,,,,
npboost-in_context-log_price-seed0,eyozyevj,npboost,in_context,0,rmse,0.1272397497047488,0.2770669086772366,0.1293796734652831,0.2763591206584874,5720.580497741699,9.947866916656494,8.882899045944214,0.26772221060102,,,,,9.413541771023503,9.393722898496652,0.0,0.0001721990923545,5.0,0.1380161223304589,0.0,1000.0,16.0,255.0,-1.0,,,,,
npboost-in_context-log_price-seed0,gn761wcq,npboost,in_context,0,rmse,0.2064417845861866,0.3457345697286801,0.205708062700806,0.3170905999890067,4750.472243070602,7.120326280593872,7.681015729904175,0.3139977535423538,,,,,8.542325877425839,8.452673408216011,0.2,1.5820851730418417e-05,5.0,0.0450196136386975,1.0,100.0,16.0,255.0,-1.0,,,,,
npboost-in_context-log_price-seed0,gu41lqe4,npboost,in_context,0,rmse,0.1337551747067946,0.2800439305684051,0.1296082499021711,0.2701273147187879,6617.876002073288,10.47502064704895,11.372039079666138,0.2625572567470386,,,,,9.607961716321748,9.627908164612878,0.0,0.0001083323625032,10.0,0.1351582698334605,0.0,100.0,8.0,255.0,-1.0,,,,,
npboost-in_context-log_price-seed0,jcd2j78p,npboost,in_context,0,rmse,0.1279337835125382,0.2802165051452547,0.1278359877820607,0.2766712089712759,6796.25089764595,11.764971494674684,11.742076635360718,0.2723145296127592,,,,,9.581147253562454,9.583524245746789,0.2,0.000956484407922,10.0,0.0109977032995056,0.0,100.0,4.0,255.0,-1.0,,,,,
npboost-in_context-log_price-seed0,pgzmtgoc,npboost,in_context,0,rmse,0.1659107537207693,0.3084549652918916,0.1589921317493271,0.2949325136142536,7035.263317108154,11.590006351470947,11.942530155181885,0.2913454229891749,,,,,9.514414092948282,9.60627118980804,0.2,5.4597054376998136e-05,10.0,0.1053508308667582,0.0,20.0,4.0,255.0,-1.0,,,,,
npboost-in_context-log_price-seed0,qgvxnvou,npboost,in_context,0,rmse,0.1531444396516389,0.2888288247470646,0.1482116672621178,0.2762167799325933,4541.58053445816,9.226768970489502,9.631570100784302,0.2715414522621236,,,,,9.46185594558199,9.534826688556084,0.2,0.0001181285816262,5.0,0.0610030224551816,0.0,10.0,8.0,255.0,-1.0,,,,,
npboost-in_context-log_price-seed0,rav4a2y5,npboost,in_context,0,rmse,0.1289148531521767,0.258281833948419,0.1341417991860262,0.2624808303414,6639.30455994606,10.999880075454712,10.857990026474,0.2558505148467216,,,,,5.256072114447466,5.279655314114683,0.0,3.9184339457363744e-05,5.0,0.7978205565731539,1.0,100.0,16.0,255.0,-1.0,,,,,
npboost-in_context-log_price-seed0,sejf72sc,npboost,in_context,0,rmse,0.1244855330081072,0.2672340566142883,0.1233325565316078,0.2676519813733213,12119.950148820875,11.38952898979187,11.779184103012083,0.260934136142507,,,,,9.586394155081148,9.587048683591147,0.2,0.0008392140711648,5.0,0.0107859712708854,0.0,10.0,8.0,255.0,-1.0,,,,,
npboost-in_context-log_price-seed0,snic26xn,npboost,in_context,0,rmse,0.1224516981495838,0.2681916422804116,0.123977738452278,0.2705251677411191,13441.574342012404,9.275396585464478,9.635341882705688,0.2673097477330307,,,,,9.43260648185827,9.449640037231124,0.2,0.0001496922341954,10.0,0.0831211929407696,1.0,1000.0,4.0,255.0,-1.0,,,,,
npboost-in_context-log_price-seed0,tbpbqouv,npboost,in_context,0,rmse,0.1242391251428389,0.2563280471842658,0.1263582231938842,0.2616481651553495,15802.97355914116,10.68783402442932,9.837037801742554,0.2555792354875673,,,,,7.552662183509178,7.523047290142223,0.0,1.2904721633073898e-05,20.0,0.2325748079967941,0.0,100.0,8.0,255.0,-1.0,,,,,
npboost-in_context-log_price-seed0,ut518szp,npboost,in_context,0,rmse,0.1371738589693174,0.2708208838898008,0.1391819867476348,0.2669020892494351,7961.617592334747,11.449307680130005,11.387752532958984,0.263362316248355,,,,,9.729160380824352,9.765611056710076,0.2,0.0001082971516786,10.0,0.2589103504433043,0.0,20.0,16.0,255.0,-1.0,,,,,
npboost-in_context-log_price-seed0,v7v0iz6f,npboost,in_context,0,rmse,0.1275164847484515,0.2726364363794935,0.1290794345744781,0.2781673156944813,4975.591774940491,10.756300926208496,11.681545734405518,0.2717283743901381,,,,,9.59372366859387,9.596426167676777,0.0,0.0002780425090632,10.0,0.0105542692281163,1.0,20.0,8.0,255.0,-1.0,,,,,
npboost-in_context-log_price-seed0,vwkn48b5,npboost,in_context,0,rmse,0.1383516838217962,0.2892418458796156,0.159578843881981,0.2871618391466566,1961.1919524669647,9.27744746208191,8.827643156051636,0.2823240703055694,,,,,9.610722257718336,9.604663191705264,0.0,0.0002507518284371,10.0,0.0302023368339538,1.0,10.0,8.0,255.0,-1.0,,,,,
npboost-in_context-log_price-seed0,w7pdtvjb,npboost,in_context,0,rmse,0.1196764739393194,0.2555322408831709,0.1220386037615163,0.2612163808219394,11372.970295667648,10.677800416946411,10.938986778259276,0.2502934184092021,,,,,8.594089905132007,8.646236007361143,0.2,0.0004385170256085,10.0,0.8972612866432508,1.0,20.0,8.0,255.0,-1.0,,,,,
npboost-in_context-log_price-seed0,wjy5ivvu,npboost,in_context,0,rmse,0.1287528418553983,0.2736764669503396,0.1234588638724305,0.2720111332792252,10258.195556640623,10.579619646072388,10.724542617797852,0.2604210003606354,,,,,9.585347764502863,9.594595326170923,0.0,0.0004548624208721,10.0,0.2953847324956156,0.0,20.0,4.0,255.0,-1.0,,,,,
npboost-in_context-log_price-seed0,wrf4ne3m,npboost,in_context,0,rmse,0.1386623502311492,0.2813241964674101,0.1333356568429632,0.2751095117507388,14889.939491987228,11.343483686447144,11.825119495391846,0.2692057411734289,,,,,9.416494677732285,9.415255623111715,0.0,1.5865500409725956e-05,20.0,0.019901994840577,0.0,100.0,4.0,255.0,-1.0,,,,,
npboost-in_context-log_price-seed0,x008bjro,npboost,in_context,0,rmse,0.1242833290637455,0.2633103874513892,0.1258574803192716,0.2686288755775744,9797.61039018631,11.305789947509766,10.603241682052612,0.2603247096820535,,,,,9.55177375070208,9.552871636173638,0.2,0.0003013710908533,5.0,0.0130634630331783,0.0,10.0,8.0,255.0,-1.0,,,,,
npboost-in_context-log_price-seed0,xmlladpz,npboost,in_context,0,rmse,0.2513722635492649,0.3639046215744494,0.2622826904215569,0.361376004361139,2693.44872546196,11.393216133117676,11.429538011550903,0.3574753671716946,,,,,9.009242977486894,7.34811989042743,0.2,1.090384328196852e-05,5.0,0.7717846862118062,0.0,20.0,4.0,255.0,-1.0,,,,,
npboost-in_context-log_price-seed0,yxm95t02,npboost,in_context,0,rmse,0.2225750197994486,0.3705937067011893,0.2181690006419365,0.3348701090912354,5489.063225746155,10.37890887260437,10.18562364578247,0.331578375833798,,,,,8.393387515241107,8.067630337340868,0.2,1.343677338411072e-05,5.0,0.1113002415673063,1.0,10.0,4.0,255.0,-1.0,,,,,
npboost-in_context-log_price-seed0,z3f5hlwh,npboost,in_context,0,rmse,0.1166864715393665,0.254272528433516,0.1200710223055056,0.2590981573324742,11312.577426195145,10.82216739654541,11.113192558288574,0.2520355687429657,,,,,9.448572871786869,9.445995026738832,0.2,0.0003600091192911,10.0,0.083744968684368,0.0,100.0,16.0,255.0,-1.0,,,,,
npboost-in_context-log_price-seed1,0w98a9qz,npboost,in_context,1,rmse,0.1198773085006706,0.2578307247852938,0.1179675444758713,0.2578272843100563,9427.053444623947,11.060893535614014,11.450451612472534,0.2539076033748899,,,,,9.46442610294081,9.477047852940222,0.2,0.0003600091192911,10.0,0.083744968684368,0.0,100.0,16.0,255.0,-1.0,,,,,
npboost-in_context-log_price-seed1,33rl5wn0,npboost,in_context,1,rmse,0.1754450132149321,0.3167993927152529,0.1645551218980294,0.2870710390962619,5793.571855306625,11.894859552383425,11.328254222869871,0.2848453433247359,,,,,9.026343257439072,8.57543488151258,0.2,2.9067203620664195e-05,5.0,0.1823458458254781,0.0,10.0,8.0,255.0,-1.0,,,,,
npboost-in_context-log_price-seed1,4rxqkc0r,npboost,in_context,1,rmse,0.119272420563251,0.2578062266332537,0.1203154337716328,0.2633946848634123,19522.891461372372,11.638019561767578,10.983184576034546,0.257803328748655,,,,,9.420434676752397,9.44098054909585,0.2,0.0001605191133358,20.0,0.0750195444362012,1.0,20.0,4.0,255.0,-1.0,,,,,
npboost-in_context-log_price-seed1,4xuu3lgp,npboost,in_context,1,rmse,0.1781727875328464,0.3322494143071349,0.1630651116553607,0.2921142620075779,4394.78145813942,11.934590101242064,10.833189249038696,0.2895905054168587,,,,,9.550785848646834,9.479346752382757,0.2,5.4597054376998136e-05,10.0,0.1053508308667582,0.0,20.0,4.0,255.0,-1.0,,,,,
npboost-in_context-log_price-seed1,7h4get5l,npboost,in_context,1,rmse,0.1403692139768862,0.2815450662902523,0.135427422104803,0.2733413028512978,5442.486935377121,11.148637533187866,11.73443078994751,0.2712885798965875,,,,,9.550442441439158,9.559434943209537,0.2,0.0003013710908533,5.0,0.0130634630331783,0.0,10.0,8.0,255.0,-1.0,,,,,
npboost-in_context-log_price-seed1,81r50gcz,npboost,in_context,1,rmse,0.1953063022251755,0.3100648433100628,0.204335081476614,0.3110372796276877,5952.1602647304535,11.0512273311615,11.47968077659607,0.309552934140715,,,,,8.417870548432427,8.171654673622593,0.2,1.343677338411072e-05,5.0,0.1113002415673063,1.0,10.0,4.0,255.0,-1.0,,,,,
npboost-in_context-log_price-seed1,8m4lyfar,npboost,in_context,1,rmse,0.1235806010800771,0.2708111241321791,0.1231953782036788,0.2702819876445895,10339.11641073227,11.79938006401062,11.434004545211792,0.2663279606763253,,,,,9.381549545263011,9.388502433328265,0.2,0.0002563473332261,20.0,0.1427109105814198,1.0,1000.0,8.0,255.0,-1.0,,,,,
npboost-in_context-log_price-seed1,8wdruh29,npboost,in_context,1,rmse,0.1725796648491186,0.3248293582809521,0.1688374901877449,0.3123069311152139,13225.739052534103,12.339646100997925,14.005877017974854,0.3119575676348139,,,,,9.570670813969652,9.45490500746006,0.2,2.017016316297149e-05,20.0,0.0582929613195039,1.0,1000.0,8.0,255.0,-1.0,,,,,
npboost-in_context-log_price-seed1,9rckjvl2,npboost,in_context,1,rmse,0.121407466412915,0.2598256837933979,0.120000597584728,0.2582324965183599,9814.000783443453,10.851648330688477,10.991919994354248,0.2558444864998256,,,,,8.619583059738805,8.542862329685391,0.2,0.0004385170256085,10.0,0.8972612866432508,1.0,20.0,8.0,255.0,-1.0,,,,,
npboost-in_context-log_price-seed1,celndoh4,npboost,in_context,1,rmse,0.1219412570272428,0.2691233747131042,0.1226774433641556,0.2697672737312561,17999.90515756607,11.577767848968506,11.790440559387209,0.2672280384484241,,,,,9.302925049934863,9.306791783997031,0.2,0.0001496922341954,10.0,0.0831211929407696,1.0,1000.0,4.0,255.0,-1.0,,,,,
npboost-in_context-log_price-seed1,dvglag59,npboost,in_context,1,rmse,0.1245032801297535,0.2655065522519562,0.1236291822747344,0.2670708361505978,7753.887703180313,11.02001142501831,10.92780327796936,0.2616553113120475,,,,,9.74115269185623,9.632646715472584,0.0,0.0004242243954166,10.0,0.5800570688908553,1.0,20.0,4.0,255.0,-1.0,,,,,
npboost-in_context-log_price-seed1,esy8wxzz,npboost,in_context,1,rmse,0.1229934720358917,0.2609509198577832,0.1219585115937552,0.2615771016127183,9128.633915662766,10.174674034118652,10.468204259872437,0.2589540736366844,,,,,9.510384078107371,9.517505825781369,0.2,0.0002371245680478,10.0,0.0322020325894309,1.0,100.0,16.0,255.0,-1.0,,,,,
npboost-in_context-log_price-seed1,gsrqgio1,npboost,in_context,1,rmse,0.1250673521471215,0.2698676156530082,0.1222795037940532,0.2656162592681007,7378.191253662109,10.870306491851808,10.402226448059082,0.2627145692216334,,,,,9.741024265652522,9.715498618302728,0.0,0.0004548624208721,10.0,0.2953847324956156,0.0,20.0,4.0,255.0,-1.0,,,,,
npboost-in_context-log_price-seed1,j4vhbmlq,npboost,in_context,1,rmse,0.134103707719583,0.271969188071668,0.1426641191932648,0.2722145123329987,10570.857223272324,10.805184602737429,11.04965043067932,0.2706773386139965,,,,,9.42077753718368,9.418760960235836,0.0,1.5865500409725956e-05,20.0,0.019901994840577,0.0,100.0,4.0,255.0,-1.0,,,,,
npboost-in_context-log_price-seed1,j66nm4j6,npboost,in_context,1,rmse,0.1221038500648136,0.2612104229255754,0.1231393138876199,0.264841931541323,9348.90006494522,11.327852964401243,10.302762031555176,0.2597587873448327,,,,,9.602967444949432,9.617189710938929,0.0,0.0001083323625032,10.0,0.1351582698334605,0.0,100.0,8.0,255.0,-1.0,,,,,
npboost-in_context-log_price-seed1,jhpy8ufj,npboost,in_context,1,rmse,0.1298729493689506,0.2790336522089445,0.1285466386660866,0.2769580058613311,5387.163998365402,11.126069068908691,11.700406312942505,0.2773692492890807,,,,,9.586329717659533,9.587482348764338,0.2,0.000956484407922,10.0,0.0109977032995056,0.0,100.0,4.0,255.0,-1.0,,,,,
npboost-in_context-log_price-seed1,mzlzxy9z,npboost,in_context,1,rmse,0.1249674204613412,0.258531218357524,0.1240552313696344,0.2599530558704221,18666.271138191223,11.306783437728882,11.486393690109251,0.2566533020352954,,,,,7.70248685590712,7.745251845280596,0.0,1.2904721633073898e-05,20.0,0.2325748079967941,0.0,100.0,8.0,255.0,-1.0,,,,,
npboost-in_context-log_price-seed1,nzwselek,npboost,in_context,1,rmse,0.2227946565735198,0.400433178660888,0.1815670233560483,0.3020591123185934,6702.31956410408,9.47510266304016,9.928365468978882,0.2991659440136178,,,,,8.809851566168106,8.699611952376522,0.2,1.5820851730418417e-05,5.0,0.0450196136386975,1.0,100.0,16.0,255.0,-1.0,,,,,
npboost-in_context-log_price-seed1,o21fcy56,npboost,in_context,1,rmse,0.1189677957355634,0.2564529631965696,0.1196390287479192,0.2605963249511776,17727.30558681488,11.00301957130432,10.859807014465332,0.2553315268557614,,,,,9.486372881212848,9.485466831359378,0.2,0.0001381635682257,10.0,0.0261669745608544,1.0,20.0,8.0,255.0,-1.0,,,,,
npboost-in_context-log_price-seed1,o4zc25ao,npboost,in_context,1,rmse,0.1608632346493243,0.2954632763455925,0.1529575345954227,0.274383191762251,3312.210030794144,8.916862726211548,8.92600679397583,0.273960426622535,,,,,9.733457160463884,9.815888285152788,0.2,0.0001082971516786,10.0,0.2589103504433043,0.0,20.0,16.0,255.0,-1.0,,,,,
npboost-in_context-log_price-seed1,owxdjcmn,npboost,in_context,1,rmse,0.1243432043739527,0.2534065042021383,0.1258649606565777,0.2550474231933153,11456.694553613665,11.069897890090942,10.28253436088562,0.2507182589425593,,,,,6.544270123944374,6.582526828782713,0.0,1.8406671834517417e-05,10.0,0.3476654204795515,0.0,20.0,8.0,255.0,-1.0,,,,,
npboost-in_context-log_price-seed1,p0zmdv6t,npboost,in_context,1,rmse,0.1271008836743945,0.27147250226117,0.1290632304093254,0.2749733547831926,4369.95920085907,10.749272108078005,10.292094707489014,0.2709135232372758,,,,,9.607269301124932,9.60508134587781,0.0,0.0002507518284371,10.0,0.0302023368339538,1.0,10.0,8.0,255.0,-1.0,,,,,
npboost-in_context-log_price-seed1,q88rn4w4,npboost,in_context,1,rmse,0.1366963163808011,0.2878389202409877,0.1285153796941635,0.2757645678113374,5055.584576606751,7.415032625198364,9.135901927947998,0.2745782875885843,,,,,9.59608487976232,9.592517912671193,0.0,0.0002780425090632,10.0,0.0105542692281163,1.0,20.0,8.0,255.0,-1.0,,,,,
npboost-in_context-log_price-seed1,qbtnxueq,npboost,in_context,1,rmse,0.1300124385095928,0.2775538427432957,0.1219911176894407,0.2695684282665834,11206.832149982452,9.021819829940796,9.22117567062378,0.2649110054064445,,,,,9.57116725527176,9.569397288543229,0.2,0.0004276097878757,10.0,0.0133482983182945,0.0,100.0,4.0,255.0,-1.0,,,,,
npboost-in_context-log_price-seed1,rt1rh51b,npboost,in_context,1,rmse,0.2550527850392656,0.3721856254108745,0.2606616117240525,0.3527206839605087,2526.139089345932,10.1479012966156,10.762587785720823,0.3524034055329289,,,,,9.233506521792256,7.3535908300728385,0.2,1.090384328196852e-05,5.0,0.7717846862118062,0.0,20.0,4.0,255.0,-1.0,,,,,
npboost-in_context-log_price-seed1,texkrj76,npboost,in_context,1,rmse,0.1253210142162758,0.269555496550673,0.1246015191395789,0.2684084984547148,7044.604281663895,11.40278697013855,10.530035734176636,0.2676181353393805,,,,,9.58722508736255,9.586721899930746,0.2,0.0008392140711648,5.0,0.0107859712708854,0.0,10.0,8.0,255.0,-1.0,,,,,
npboost-in_context-log_price-seed1,tuh4m633,npboost,in_context,1,rmse,0.1282682133926487,0.2628364283710095,0.127562394198103,0.2648889078794234,12233.202449798584,10.460731029510498,10.522600889205933,0.2585908362662454,,,,,7.9536952794193505,7.94025697319556,0.0,3.1392574253118284e-05,5.0,0.1121865737283773,0.0,10.0,4.0,255.0,-1.0,,,,,
npboost-in_context-log_price-seed1,vp3stqz2,npboost,in_context,1,rmse,0.190527451118775,0.3484716629452726,0.1339887267006179,0.2777151418814914,3231.916803359986,10.262258529663086,10.288663625717165,0.2754992870277825,,,,,9.347741830168443,9.372249569563255,0.0,0.0001721990923545,5.0,0.1380161223304589,0.0,1000.0,16.0,255.0,-1.0,,,,,
npboost-in_context-log_price-seed1,vpodh8r8,npboost,in_context,1,rmse,0.1570839256962156,0.2922288301872465,0.149723743109819,0.2753437183542441,4070.097713947296,11.799376010894775,10.76450538635254,0.2747288134515809,,,,,9.437759214282009,9.471633996935877,0.2,0.0001181285816262,5.0,0.0610030224551816,0.0,10.0,8.0,255.0,-1.0,,,,,
npboost-in_context-log_price-seed1,w0isz3tu,npboost,in_context,1,rmse,0.128459414727063,0.2572548530482565,0.1287257084263458,0.2610921415181279,6654.1355748176575,8.039543628692627,7.46492075920105,0.2564428891845615,,,,,5.238220873564509,5.262481184973061,0.0,3.9184339457363744e-05,5.0,0.7978205565731539,1.0,100.0,16.0,255.0,-1.0,,,,,
npboost-in_context-log_price-seed1,xhsqmyh4,npboost,in_context,1,rmse,0.1246937939412644,0.2590219805585821,0.1228468070514861,0.256937731010421,14684.408076763151,8.8201904296875,8.487825393676758,0.2523700558200039,,,,,9.093912910768571,9.09328007206316,0.0,1.702035422361917e-05,20.0,0.0657821692431908,1.0,20.0,16.0,255.0,-1.0,,,,,
npboost-in_context-log_price-seed1,zfauiesg,npboost,in_context,1,rmse,0.1313783744586905,0.2745433377944769,0.1287241224650386,0.2650089127464476,3963.210656642914,7.004679203033447,7.259403705596924,0.2618018414528607,,,,,9.52047132038328,9.499980111196612,0.0,7.917412954846521e-05,10.0,0.1011064623519062,0.0,20.0,8.0,255.0,-1.0,,,,,
npboost-in_context-log_price-seed2,4ir8f6t2,npboost,in_context,2,rmse,0.1224717519483452,0.2500866756912877,0.1248841805898929,0.2655025788113194,7685.579806089401,5.13591742515564,4.925071477890015,0.2493262898061087,,,,,6.5396486428342095,6.514128280601042,0.0,1.8406671834517417e-05,10.0,0.3476654204795515,0.0,20.0,8.0,255.0,-1.0,,,,,
npboost-in_context-log_price-seed2,54jsz4mz,npboost,in_context,2,rmse,0.160702054607754,0.2980629045702222,0.1481700650378356,0.2819596250272023,2856.421515226364,4.17563009262085,4.628544569015503,0.2681138086969227,,,,,9.616622872761486,9.737259298140607,0.2,0.0001082971516786,10.0,0.2589103504433043,0.0,20.0,16.0,255.0,-1.0,,,,,
npboost-in_context-log_price-seed2,5x190uh4,npboost,in_context,2,rmse,0.1173467083749273,0.2535732738760352,0.1201134571500135,0.2723029407772109,9901.477984428406,7.381048679351807,7.419803619384766,0.2528561677514825,,,,,9.54742957086386,9.539730385293751,0.2,0.0002371245680478,10.0,0.0322020325894309,1.0,100.0,16.0,255.0,-1.0,,,,,
npboost-in_context-log_price-seed2,5xq5r7ip,npboost,in_context,2,rmse,0.2514529194422883,0.3670350960024739,0.259612504887639,0.3585001074163029,2587.3967871665955,9.957497835159302,9.859889268875122,0.3456172343531565,,,,,9.083878461600436,7.334573289948174,0.2,1.090384328196852e-05,5.0,0.7717846862118062,0.0,20.0,4.0,255.0,-1.0,,,,,
npboost-in_context-log_price-seed2,64mekarn,npboost,in_context,2,rmse,0.1215437569928259,0.2589516793923463,0.1227785822391158,0.2714852214280256,13286.144785881042,7.903987169265747,8.089962482452393,0.2563575551227268,,,,,9.525570996841312,9.525314416961416,0.2,0.0001381635682257,10.0,0.0261669745608544,1.0,20.0,8.0,255.0,-1.0,,,,,
npboost-in_context-log_price-seed2,68ivspnk,npboost,in_context,2,rmse,0.1270180871093241,0.262396238935161,0.1314861713356661,0.2751312703260849,11648.379663944244,12.722012042999268,12.699503421783447,0.2599272516059249,,,,,7.985876803219759,7.999183081820323,0.0,3.1392574253118284e-05,5.0,0.1121865737283773,0.0,10.0,4.0,255.0,-1.0,,,,,
npboost-in_context-log_price-seed2,6uuzdi2k,npboost,in_context,2,rmse,0.1792974903175237,0.3104873985387131,0.1861857210763369,0.3073159261850768,2474.008594751358,5.763343572616577,5.685927867889404,0.2940205686044839,,,,,8.737037296743072,8.321778607913032,0.2,2.9067203620664195e-05,5.0,0.1823458458254781,0.0,10.0,8.0,255.0,-1.0,,,,,
npboost-in_context-log_price-seed2,761zkbam,npboost,in_context,2,rmse,0.1300940571995753,0.263050171166116,0.1307029949146281,0.2719588264912556,3978.9620575904846,4.247502565383911,4.015161514282227,0.2579596349230115,,,,,5.604179551073068,5.57317624119917,0.0,3.9184339457363744e-05,5.0,0.7978205565731539,1.0,100.0,16.0,255.0,-1.0,,,,,
npboost-in_context-log_price-seed2,a2shvtxw,npboost,in_context,2,rmse,0.1196074169932643,0.2558955926346347,0.1216970372717637,0.2684131326320037,9659.783229112623,7.086240530014038,6.7282891273498535,0.2537992486089163,,,,,8.415918635015956,8.369250423769401,0.2,0.0004385170256085,10.0,0.8972612866432508,1.0,20.0,8.0,255.0,-1.0,,,,,
npboost-in_context-log_price-seed2,a3weph2g,npboost,in_context,2,rmse,0.1548868977464682,0.3059849563481694,0.1291897732089364,0.2824297634951975,3010.5565707683563,5.038161754608154,4.774165868759155,0.268232033346177,,,,,9.593686406795824,9.587323284169385,0.0,0.0002507518284371,10.0,0.0302023368339538,1.0,10.0,8.0,255.0,-1.0,,,,,
npboost-in_context-log_price-seed2,b51qrao2,npboost,in_context,2,rmse,0.1171528473373957,0.2533008688478911,0.1202462034683353,0.2689223630552998,15954.38809490204,10.317444086074827,10.033282279968262,0.2525617920358268,,,,,9.476683527364097,9.462724754583329,0.2,0.0003600091192911,10.0,0.083744968684368,0.0,100.0,16.0,255.0,-1.0,,,,,
npboost-in_context-log_price-seed2,bcokcmvf,npboost,in_context,2,rmse,0.1269007190258674,0.2689686110854732,0.1265271766055611,0.2739485703153045,4913.47841668129,6.660965442657471,6.278069257736206,0.2599264149625599,,,,,9.763101844254852,9.69425783524923,0.0,0.0001083323625032,10.0,0.1351582698334605,0.0,100.0,8.0,255.0,-1.0,,,,,
npboost-in_context-log_price-seed2,bpq25pyv,npboost,in_context,2,rmse,0.1340832175341372,0.2806955368893976,0.124920875210792,0.2753577444725086,5109.355094432831,7.408488988876343,7.660386800765991,0.263802061199392,,,,,9.768317889032703,9.692426521400424,0.0,0.0004548624208721,10.0,0.2953847324956156,0.0,20.0,4.0,255.0,-1.0,,,,,
npboost-in_context-log_price-seed2,e1gx9z0z,npboost,in_context,2,rmse,0.1190876598281388,0.2574664526322394,0.1224935565917347,0.2770383301275014,28570.43269944191,10.331571340560911,10.700929880142212,0.2567453883964609,,,,,9.505192128251164,9.499838696887078,0.2,0.0001605191133358,20.0,0.0750195444362012,1.0,20.0,4.0,255.0,-1.0,,,,,
npboost-in_context-log_price-seed2,f26n9pvj,npboost,in_context,2,rmse,0.123476064541018,0.265289433293448,0.1274144789250987,0.2834806418086523,7529.572175741196,4.850707769393921,4.657607316970825,0.2645361021388396,,,,,9.4412230469623,9.443032115393276,0.2,0.0001496922341954,10.0,0.0831211929407696,1.0,1000.0,4.0,255.0,-1.0,,,,,
npboost-in_context-log_price-seed2,fdszdpob,npboost,in_context,2,rmse,0.132915825173736,0.2808302121153138,0.1322543982590186,0.2866127912425779,4497.79151391983,7.093258857727051,7.164491176605225,0.2703217097409919,,,,,9.605360779895756,9.595773078949072,0.0,0.0002780425090632,10.0,0.0105542692281163,1.0,20.0,8.0,255.0,-1.0,,,,,
npboost-in_context-log_price-seed2,gpf7ahrk,npboost,in_context,2,rmse,0.1907643911810285,0.3260214262622748,0.1909291922495374,0.3132733767301319,3869.066712379456,4.979744911193848,4.872998476028442,0.3010716513276284,,,,,8.714505134089393,8.608927126585161,0.2,1.5820851730418417e-05,5.0,0.0450196136386975,1.0,100.0,16.0,255.0,-1.0,,,,,
npboost-in_context-log_price-seed2,h44gvpxb,npboost,in_context,2,rmse,0.1290593447581716,0.2682376958992378,0.1275170082259655,0.2753184309155547,5372.495708465576,7.360581874847412,7.010558605194092,0.2614976791270817,,,,,9.699125295813728,9.68687597642176,0.0,0.0004242243954166,10.0,0.5800570688908553,1.0,20.0,4.0,255.0,-1.0,,,,,
npboost-in_context-log_price-seed2,h9jltdk1,npboost,in_context,2,rmse,0.184319779659492,0.344129298615928,0.1737065310651473,0.3215444712695224,5895.077951669693,14.006907939910889,14.706371307373049,0.3060925080396109,,,,,9.636455863591111,9.48261949915944,0.2,2.017016316297149e-05,20.0,0.0582929613195039,1.0,1000.0,8.0,255.0,-1.0,,,,,
npboost-in_context-log_price-seed2,k7ie0x1l,npboost,in_context,2,rmse,0.1255601495918277,0.2725858839419386,0.126610589942372,0.2845790139612453,13355.25420165062,7.24734616279602,7.5283050537109375,0.2659493753210328,,,,,9.593712028476736,9.585149799365636,0.2,0.000956484407922,10.0,0.0109977032995056,0.0,100.0,4.0,255.0,-1.0,,,,,
npboost-in_context-log_price-seed2,on558a4l,npboost,in_context,2,rmse,0.1259527758509723,0.2680287959059063,0.1239632831991046,0.2773509600467241,6922.172067880631,5.729094505310059,5.257670879364014,0.2603644995109342,,,,,9.587584874609604,9.577490631451926,0.2,0.0008392140711648,5.0,0.0107859712708854,0.0,10.0,8.0,255.0,-1.0,,,,,
npboost-in_context-log_price-seed2,pqgasfyh,npboost,in_context,2,rmse,0.1672340380848822,0.3093691837041283,0.166981314634305,0.3048694634528418,2669.462267637253,5.424177169799805,5.482165813446045,0.291976304817965,,,,,9.584737928335388,9.460219005045223,0.2,5.4597054376998136e-05,10.0,0.1053508308667582,0.0,20.0,4.0,255.0,-1.0,,,,,
npboost-in_context-log_price-seed2,q3u0riis,npboost,in_context,2,rmse,0.1583728505656749,0.2963207359916611,0.1504077782443602,0.2891952661103188,2922.970273256302,5.935836791992188,4.97406530380249,0.2744357519730336,,,,,9.452892099290766,9.481065716804222,0.2,0.0001181285816262,5.0,0.0610030224551816,0.0,10.0,8.0,255.0,-1.0,,,,,
npboost-in_context-log_price-seed2,qso54x43,npboost,in_context,2,rmse,0.2162610889460979,0.358321222428995,0.2090795369762106,0.318424830877439,4158.542803764343,7.256664991378784,7.176436185836792,0.3044958246839051,,,,,8.067701531128064,7.809122382706036,0.2,1.343677338411072e-05,5.0,0.1113002415673063,1.0,10.0,4.0,255.0,-1.0,,,,,
npboost-in_context-log_price-seed2,rckzu1a4,npboost,in_context,2,rmse,0.1241711273558805,0.2562668784139499,0.1265090159916849,0.2715189603819073,11337.583052873611,5.096339225769043,4.474366188049316,0.254061027783296,,,,,7.499334418873462,7.522673292080986,0.0,1.2904721633073898e-05,20.0,0.2325748079967941,0.0,100.0,8.0,255.0,-1.0,,,,,
npboost-in_context-log_price-seed2,szr9brhw,npboost,in_context,2,rmse,0.1304129054436749,0.2691026102241149,0.131066467640223,0.2816145570606542,11544.545491456984,7.623057126998901,7.698519229888916,0.2661595624602574,,,,,9.434072064257233,9.424642438562389,0.0,1.5865500409725956e-05,20.0,0.019901994840577,0.0,100.0,4.0,255.0,-1.0,,,,,
npboost-in_context-log_price-seed2,tjio2hqe,npboost,in_context,2,rmse,0.1283876261238905,0.2752222769666027,0.1317029041900946,0.2791872712563539,2777.8944153785706,4.290119171142578,3.889201402664185,0.2635427608188917,,,,,9.344113852979255,9.35206852251626,0.0,7.917412954846521e-05,10.0,0.1011064623519062,0.0,20.0,8.0,255.0,-1.0,,,,,
npboost-in_context-log_price-seed2,ts3sty9i,npboost,in_context,2,rmse,0.127488472842689,0.2613140077004148,0.1315386645492935,0.2682657229648947,7396.406885147095,4.926000118255615,5.165636301040649,0.25497546141102,,,,,9.042764801887133,9.060150874745515,0.0,1.702035422361917e-05,20.0,0.0657821692431908,1.0,20.0,16.0,255.0,-1.0,,,,,
npboost-in_context-log_price-seed2,turx9zo6,npboost,in_context,2,rmse,0.1338505493284292,0.2807313970937014,0.1459128482968458,0.2902983491669802,1805.3102855682373,7.188708543777466,7.505057096481323,0.2741624685875523,,,,,9.421219947106712,9.374096548232266,0.0,0.0001721990923545,5.0,0.1380161223304589,0.0,1000.0,16.0,255.0,-1.0,,,,,
npboost-in_context-log_price-seed2,wbbxx9as,npboost,in_context,2,rmse,0.1245883510575111,0.2649641686742198,0.124472641592143,0.2758020414049253,10918.770048618317,18.476729154586792,18.546772718429565,0.2599042720139076,,,,,9.561551034126458,9.554341921038786,0.2,0.0003013710908533,5.0,0.0130634630331783,0.0,10.0,8.0,255.0,-1.0,,,,,
npboost-in_context-log_price-seed2,xcyhytcd,npboost,in_context,2,rmse,0.1213018431846506,0.2646766241613145,0.1222679705030827,0.2779925125456616,15720.04900431633,7.198813676834106,7.193939447402954,0.257750467204859,,,,,9.39434328372317,9.40183466887863,0.2,0.0002563473332261,20.0,0.1427109105814198,1.0,1000.0,8.0,255.0,-1.0,,,,,
npboost-in_context-log_price-seed2,zvubi2ts,npboost,in_context,2,rmse,0.1235142285831525,0.2672352786806655,0.1260154580429334,0.2819013246689907,5314.224637269974,4.947310209274292,4.367968320846558,0.2648791520122294,,,,,9.576948876885933,9.569592072114387,0.2,0.0004276097878757,10.0,0.0133482983182945,0.0,100.0,4.0,255.0,-1.0,,,,,
npboost-in_context-log_price-seed3,05bylptj,npboost,in_context,3,rmse,0.1248280228444571,0.2593686621263464,0.1224000233654045,0.2602512015817765,21528.91257071495,9.24722409248352,9.927990674972534,0.2561306831859295,,,,,9.126985088844918,9.127764525358373,0.0,1.702035422361917e-05,20.0,0.0657821692431908,1.0,20.0,16.0,255.0,-1.0,,,,,
npboost-in_context-log_price-seed3,0lo8rr19,npboost,in_context,3,rmse,0.1281279164588841,0.2669839372854901,0.1280619067322957,0.2654788977310972,9425.557299613953,9.007948398590088,8.406723499298096,0.2641078318827671,,,,,8.029301856079243,8.017135896500564,0.0,3.1392574253118284e-05,5.0,0.1121865737283773,0.0,10.0,4.0,255.0,-1.0,,,,,
npboost-in_context-log_price-seed3,1tsjyzhn,npboost,in_context,3,rmse,0.1183634348841699,0.2598238769277809,0.1184420714025074,0.2609188891863818,13534.905507564545,10.431057929992676,10.94837522506714,0.2582322843309384,,,,,9.542897578964403,9.549250960068,0.2,0.0002371245680478,10.0,0.0322020325894309,1.0,100.0,16.0,255.0,-1.0,,,,,
npboost-in_context-log_price-seed3,42cpwfuk,npboost,in_context,3,rmse,0.1229857537800624,0.2669066785488843,0.1227876337252603,0.2669479201244293,3931.44415807724,6.029515981674194,6.562903165817261,0.2654092418259227,,,,,9.72310811303363,9.687910500388757,0.0,0.0004548624208721,10.0,0.2953847324956156,0.0,20.0,4.0,255.0,-1.0,,,,,
npboost-in_context-log_price-seed3,5h5dapmy,npboost,in_context,3,rmse,0.121288910966822,0.2679918974087834,0.1195930963767831,0.2656581496765292,19628.17307400703,11.434743642807009,11.363938331604004,0.2657134217664363,,,,,9.400604802288852,9.394069499154163,0.2,0.0002563473332261,20.0,0.1427109105814198,1.0,1000.0,8.0,255.0,-1.0,,,,,
npboost-in_context-log_price-seed3,6beiobj1,npboost,in_context,3,rmse,0.1249190112318786,0.2712227379342565,0.1237042170655909,0.2681775195793573,12466.878700733185,10.802084922790527,11.221664667129517,0.269959524998915,,,,,9.326063852113398,9.328304441924349,0.2,0.0001496922341954,10.0,0.0831211929407696,1.0,1000.0,4.0,255.0,-1.0,,,,,
npboost-in_context-log_price-seed3,7psezn63,npboost,in_context,3,rmse,0.122468236960303,0.2668024515539653,0.1203913323753957,0.2634077135051941,13514.443036794662,10.93692684173584,11.722172021865845,0.2624275118782267,,,,,9.53993708815264,9.541807287907812,0.2,0.0003013710908533,5.0,0.0130634630331783,0.0,10.0,8.0,255.0,-1.0,,,,,
npboost-in_context-log_price-seed3,b77agul6,npboost,in_context,3,rmse,0.1219603980887024,0.2657036453099251,0.121025135927842,0.2639905657609592,10290.666528463364,6.876168251037598,6.963922500610352,0.2636442059164471,,,,,9.440072504581188,9.448725419048287,0.2,0.0001605191133358,20.0,0.0750195444362012,1.0,20.0,4.0,255.0,-1.0,,,,,
npboost-in_context-log_price-seed3,blzpry4u,npboost,in_context,3,rmse,0.1804427764602383,0.3351854819724188,0.1619538361439257,0.3009467451490667,11025.52299952507,9.110508441925049,9.76745319366455,0.3021361330948076,,,,,9.488694773356574,9.459554287736236,0.2,2.017016316297149e-05,20.0,0.0582929613195039,1.0,1000.0,8.0,255.0,-1.0,,,,,
npboost-in_context-log_price-seed3,bzsdyv71,npboost,in_context,3,rmse,0.1231556488106522,0.2522453313589842,0.124874581299187,0.2557572680266417,11697.978942632675,10.818321466445925,11.10341215133667,0.2511243963405239,,,,,6.645742383471375,6.636343647825528,0.0,1.8406671834517417e-05,10.0,0.3476654204795515,0.0,20.0,8.0,255.0,-1.0,,,,,
npboost-in_context-log_price-seed3,ca8ox5yz,npboost,in_context,3,rmse,0.1447859731338697,0.2934829708349347,0.1261010972640322,0.2711054076107819,3065.957171678543,5.525212287902832,6.272245407104492,0.2695979621108899,,,,,9.776930659319062,9.678166567046242,0.0,0.0004242243954166,10.0,0.5800570688908553,1.0,20.0,4.0,255.0,-1.0,,,,,
npboost-in_context-log_price-seed3,dp3ngau1,npboost,in_context,3,rmse,0.1270168710137419,0.2779131873228146,0.1269701240108799,0.2737667587250803,5383.288552045822,11.523280620574951,11.320336103439333,0.2748173921773113,,,,,9.58070798841728,9.581367239418284,0.2,0.0008392140711648,5.0,0.0107859712708854,0.0,10.0,8.0,255.0,-1.0,,,,,
npboost-in_context-log_price-seed3,ebu9e42o,npboost,in_context,3,rmse,0.1373349036714143,0.2908982848167713,0.1256755838372,0.274389469653954,7153.1765604019165,11.652266025543211,11.377344369888306,0.2747780692654396,,,,,9.58592330435939,9.588391329131426,0.2,0.000956484407922,10.0,0.0109977032995056,0.0,100.0,4.0,255.0,-1.0,,,,,
npboost-in_context-log_price-seed3,f7hi3ws1,npboost,in_context,3,rmse,0.2502542553788092,0.3715190112157548,0.2593745326287662,0.3513195517968487,1622.025806427002,6.100938558578491,6.140278100967407,0.350468169123579,,,,,7.595335601095544,7.235599925770556,0.2,1.343677338411072e-05,5.0,0.1113002415673063,1.0,10.0,4.0,255.0,-1.0,,,,,
npboost-in_context-log_price-seed3,gt9dszzb,npboost,in_context,3,rmse,0.1250913638753973,0.2593928007761067,0.126231911487708,0.261162249783882,15023.95047068596,11.23953652381897,11.142815113067629,0.2590311699683317,,,,,7.40701381331531,7.407018188572946,0.0,1.2904721633073898e-05,20.0,0.2325748079967941,0.0,100.0,8.0,255.0,-1.0,,,,,
npboost-in_context-log_price-seed3,h99ff5bx,npboost,in_context,3,rmse,0.1312087218065825,0.2791956611853113,0.1269041118921319,0.2749569121851029,7104.381559610367,12.125246524810793,12.453602075576782,0.2737982321401719,,,,,9.589130621660184,9.589639353382177,0.0,0.0002780425090632,10.0,0.0105542692281163,1.0,20.0,8.0,255.0,-1.0,,,,,
npboost-in_context-log_price-seed3,hpr39v11,npboost,in_context,3,rmse,0.1640230058224913,0.2940753518553822,0.1588392068615211,0.2844896297749229,7895.273273229599,11.848290920257568,11.21726107597351,0.2827591277722566,,,,,10.058135178341558,9.611101170667377,0.2,2.9067203620664195e-05,5.0,0.1823458458254781,0.0,10.0,8.0,255.0,-1.0,,,,,
npboost-in_context-log_price-seed3,i6tnx0iq,npboost,in_context,3,rmse,0.1660521275453452,0.3079067853224496,0.1492609661876003,0.2774914369845844,4204.378250360489,10.987732410430908,10.783883810043337,0.2774486873563099,,,,,9.481798022556164,9.52357778505606,0.2,0.0001181285816262,5.0,0.0610030224551816,0.0,10.0,8.0,255.0,-1.0,,,,,
npboost-in_context-log_price-seed3,lkqzoarh,npboost,in_context,3,rmse,0.122096448560656,0.2587518659919408,0.1211700697454977,0.2621023311646165,5656.602244615555,6.032839059829712,6.494753122329712,0.2580902337931917,,,,,8.632050350452799,8.68641270809879,0.2,0.0004385170256085,10.0,0.8972612866432508,1.0,20.0,8.0,255.0,-1.0,,,,,
npboost-in_context-log_price-seed3,lvvbrcwe,npboost,in_context,3,rmse,0.1629525010233448,0.3042648967999319,0.1512590663164531,0.2779584790892234,3858.883703231811,10.022900342941284,10.025774478912354,0.2781600242032775,,,,,9.62070910775909,9.665862050132567,0.2,0.0001082971516786,10.0,0.2589103504433043,0.0,20.0,16.0,255.0,-1.0,,,,,
npboost-in_context-log_price-seed3,nrwq894z,npboost,in_context,3,rmse,0.1272975114810818,0.27648830059955,0.125115969899925,0.27309865298357,7879.781709909439,11.156242370605469,11.209527015686035,0.2706680267425991,,,,,9.602776209719377,9.60708675902325,0.0,0.0002507518284371,10.0,0.0302023368339538,1.0,10.0,8.0,255.0,-1.0,,,,,
npboost-in_context-log_price-seed3,ol77ydr9,npboost,in_context,3,rmse,0.1206965523913268,0.2622962793537768,0.1180430327228904,0.2592438309343522,6889.097552537918,7.554731369018555,7.308846712112427,0.2584421624745138,,,,,9.459472072362871,9.46884643748106,0.2,0.0003600091192911,10.0,0.083744968684368,0.0,100.0,16.0,255.0,-1.0,,,,,
npboost-in_context-log_price-seed3,ril4kw9f,npboost,in_context,3,rmse,0.1190705666175255,0.2603878779625563,0.11961849313847,0.2606107779607667,14147.93164396286,6.874661207199097,6.6826465129852295,0.259074459888017,,,,,9.475030221897688,9.47979489601283,0.2,0.0001381635682257,10.0,0.0261669745608544,1.0,20.0,8.0,255.0,-1.0,,,,,
npboost-in_context-log_price-seed3,ryayuw4j,npboost,in_context,3,rmse,0.1319106048983813,0.2720778733895859,0.1290462919592783,0.2686066573919984,4452.381912946701,11.331579208374023,11.268622875213625,0.2687794531012121,,,,,9.429638927883431,9.444659895015896,0.0,0.0001083323625032,10.0,0.1351582698334605,0.0,100.0,8.0,255.0,-1.0,,,,,
npboost-in_context-log_price-seed3,sq7r2jcz,npboost,in_context,3,rmse,0.1408193142098787,0.2834727556796396,0.1517975246154169,0.2731879536907972,6409.756228685379,12.081072330474854,12.022179126739502,0.2719000232364325,,,,,9.43031730334478,9.423877790148143,0.0,1.5865500409725956e-05,20.0,0.019901994840577,0.0,100.0,4.0,255.0,-1.0,,,,,
npboost-in_context-log_price-seed3,toqul4w5,npboost,in_context,3,rmse,0.2529691051554297,0.3695952297676302,0.26102101968385,0.3579784684944936,1832.671926736832,6.034663438796997,6.695855379104614,0.3533957218334666,,,,,9.32511055122753,7.447811575799549,0.2,1.090384328196852e-05,5.0,0.7717846862118062,0.0,20.0,4.0,255.0,-1.0,,,,,
npboost-in_context-log_price-seed3,vd2wvbyu,npboost,in_context,3,rmse,0.1400856725902394,0.2810192407634527,0.1359583346537334,0.2717679552185381,4141.68597650528,9.620269775390623,9.514979124069214,0.2702630276584576,,,,,9.35457871824806,9.349620003873955,0.0,7.917412954846521e-05,10.0,0.1011064623519062,0.0,20.0,8.0,255.0,-1.0,,,,,
npboost-in_context-log_price-seed3,vt86jsa1,npboost,in_context,3,rmse,0.1315883057815243,0.2620396221722026,0.1351681088625482,0.2629820548707858,5821.394312143326,9.128594160079956,9.812361001968384,0.2601510425384334,,,,,5.145289378026492,4.984690185271676,0.0,3.9184339457363744e-05,5.0,0.7978205565731539,1.0,100.0,16.0,255.0,-1.0,,,,,
npboost-in_context-log_price-seed3,vxwg8t9p,npboost,in_context,3,rmse,0.2135064497967641,0.3459018631579527,0.2173985926230933,0.324536568902033,4752.595134973526,11.639019012451172,11.467918634414673,0.3213351493681367,,,,,8.570777476917119,8.456555098343111,0.2,1.5820851730418417e-05,5.0,0.0450196136386975,1.0,100.0,16.0,255.0,-1.0,,,,,
npboost-in_context-log_price-seed3,wcx40fpk,npboost,in_context,3,rmse,0.1524183593513433,0.3054633042012064,0.1381547578465985,0.2801804180136931,1803.434321641922,5.606727361679077,5.571520805358887,0.2807259825294235,,,,,9.381548786972962,9.389230062831054,0.0,0.0001721990923545,5.0,0.1380161223304589,0.0,1000.0,16.0,255.0,-1.0,,,,,
npboost-in_context-log_price-seed3,xqd3akox,npboost,in_context,3,rmse,0.1242092643814774,0.2717793625070736,0.1217279325002688,0.2679536330619783,13307.395436048508,10.73191738128662,11.440917253494264,0.2674964966373829,,,,,9.573556913553269,9.57459733185318,0.2,0.0004276097878757,10.0,0.0133482983182945,0.0,100.0,4.0,255.0,-1.0,,,,,
npboost-in_context-log_price-seed3,zvppdnpu,npboost,in_context,3,rmse,0.1756429441404561,0.3304401433639665,0.1623849569551731,0.2950417843444323,4715.382539987564,11.507596492767334,10.530920505523682,0.2952742475869058,,,,,9.468731457981455,9.432839827887884,0.2,5.4597054376998136e-05,10.0,0.1053508308667582,0.0,20.0,4.0,255.0,-1.0,,,,,
npboost-in_context-log_price-seed4,0cc7p7q7,npboost,in_context,4,rmse,0.1220571641363556,0.2730145790140956,0.1190133321029138,0.2644703615480954,19641.67958045005,11.40019416809082,11.286770343780518,0.2707783535077864,,,,,9.384543691774844,9.39404571823527,0.2,0.0002563473332261,20.0,0.1427109105814198,1.0,1000.0,8.0,255.0,-1.0,,,,,
npboost-in_context-log_price-seed4,3ehdsem2,npboost,in_context,4,rmse,0.1228386636534743,0.2705506633521402,0.1210898375890941,0.2608229224252806,12250.514048099518,10.15267539024353,10.569485425949097,0.2700431626605151,,,,,9.526836940017764,9.525356493820471,0.2,0.0003013710908533,5.0,0.0130634630331783,0.0,10.0,8.0,255.0,-1.0,,,,,
npboost-in_context-log_price-seed4,4nq0adx8,npboost,in_context,4,rmse,0.1555400797518112,0.3134888521823515,0.1320830005467137,0.2633224675781069,4231.024806499481,3.5590856075286865,3.606955766677856,0.2736654185756901,,,,,7.967308660627121,7.953494700659252,0.0,3.1392574253118284e-05,5.0,0.1121865737283773,0.0,10.0,4.0,255.0,-1.0,,,,,
npboost-in_context-log_price-seed4,6ps411td,npboost,in_context,4,rmse,0.1273782117033915,0.2778173571744198,0.1228685398219657,0.265884460400948,7966.632719278336,9.756961822509766,10.236737251281738,0.2755835317209655,,,,,9.58237310384876,9.577917382593212,0.2,0.0008392140711648,5.0,0.0107859712708854,0.0,10.0,8.0,255.0,-1.0,,,,,
npboost-in_context-log_price-seed4,6yebqcpf,npboost,in_context,4,rmse,0.1297390238510684,0.282360389909302,0.1230267893463216,0.2672256262013137,7675.907970666885,6.665828227996826,7.115427970886231,0.2757275900063528,,,,,9.571804440786083,9.570012830859582,0.2,0.0004276097878757,10.0,0.0133482983182945,0.0,100.0,4.0,255.0,-1.0,,,,,
npboost-in_context-log_price-seed4,72cnais9,npboost,in_context,4,rmse,0.1263349822545888,0.2792506243550308,0.123829290133121,0.2696120192809633,7867.499278783798,11.764227390289308,10.563700199127195,0.2788745260409211,,,,,9.587223716155425,9.58504315501635,0.2,0.000956484407922,10.0,0.0109977032995056,0.0,100.0,4.0,255.0,-1.0,,,,,
npboost-in_context-log_price-seed4,7txgwodj,npboost,in_context,4,rmse,0.1777732029137417,0.3348335731433687,0.1656454964077639,0.3030355067929265,5891.672492027283,3.675922393798828,3.577610969543457,0.3115961615898666,,,,,9.422002523622975,9.378498003449904,0.2,2.017016316297149e-05,20.0,0.0582929613195039,1.0,1000.0,8.0,255.0,-1.0,,,,,
npboost-in_context-log_price-seed4,9e1kc4h3,npboost,in_context,4,rmse,0.1333765507041715,0.2895021492147694,0.1240594161353504,0.2683229921394416,5307.24853682518,7.08842134475708,7.330162286758423,0.2798715808660303,,,,,9.618148473947905,9.610335047118792,0.0,0.0002507518284371,10.0,0.0302023368339538,1.0,10.0,8.0,255.0,-1.0,,,,,
npboost-in_context-log_price-seed4,aybytm3p,npboost,in_context,4,rmse,0.1218993002362454,0.266696983888677,0.1189312836621247,0.2558169880775838,10232.44088602066,11.059779167175291,10.445764303207396,0.2650237415402108,,,,,9.044368496809334,9.008661310846046,0.2,0.0004385170256085,10.0,0.8972612866432508,1.0,20.0,8.0,255.0,-1.0,,,,,
npboost-in_context-log_price-seed4,bo53404z,npboost,in_context,4,rmse,0.1835751251855152,0.3395411649803529,0.1607963545009815,0.2842389218910164,8536.59679055214,7.899864673614502,7.209662914276123,0.2930262079220347,,,,,9.001935145536434,8.903124168960618,0.2,1.5820851730418417e-05,5.0,0.0450196136386975,1.0,100.0,16.0,255.0,-1.0,,,,,
npboost-in_context-log_price-seed4,dcz9rnrl,npboost,in_context,4,rmse,0.1574429438826543,0.2981701179535564,0.149634538070664,0.2709920013949041,2940.1745002269745,5.957418918609619,6.024892568588257,0.2827748659014603,,,,,10.172763899226169,9.996129554684876,0.2,0.0001082971516786,10.0,0.2589103504433043,0.0,20.0,16.0,255.0,-1.0,,,,,
npboost-in_context-log_price-seed4,dw9h9whu,npboost,in_context,4,rmse,0.1257221331287421,0.2768251555369058,0.1213403095308936,0.2654581852483,13539.768750429152,7.049164295196533,7.572551965713501,0.2751742388955268,,,,,9.244938973606384,9.247407099358156,0.2,0.0001496922341954,10.0,0.0831211929407696,1.0,1000.0,4.0,255.0,-1.0,,,,,
npboost-in_context-log_price-seed4,g7v2p6yy,npboost,in_context,4,rmse,0.1340018143682791,0.2989285134104411,0.1279968783858276,0.2649590447172624,5540.283326625824,10.05140733718872,10.46724557876587,0.2757139461594491,,,,,9.652494622764568,9.646873433123943,0.0,0.0001083323625032,10.0,0.1351582698334605,0.0,100.0,8.0,255.0,-1.0,,,,,
npboost-in_context-log_price-seed4,gtmu927f,npboost,in_context,4,rmse,0.1222781001774809,0.2687196512778551,0.1195340515514274,0.2586575259517865,16610.00334572792,10.645664691925049,11.88301920890808,0.2684615655377508,,,,,9.494542957903548,9.492981990836576,0.2,0.0001381635682257,10.0,0.0261669745608544,1.0,20.0,8.0,255.0,-1.0,,,,,
npboost-in_context-log_price-seed4,hb4c8lka,npboost,in_context,4,rmse,0.1274834740128784,0.2694625624698882,0.1268132191640666,0.2583031454331244,14134.00773215294,8.708776950836182,9.219537019729614,0.2675098084312543,,,,,7.715941061387232,7.676262695622735,0.0,1.2904721633073898e-05,20.0,0.2325748079967941,0.0,100.0,8.0,255.0,-1.0,,,,,
npboost-in_context-log_price-seed4,ienwdgby,npboost,in_context,4,rmse,0.1690418538062806,0.3168567868810849,0.1510324247853365,0.278232395020003,2845.8751969337463,7.239096164703369,7.002302646636963,0.2891530626652122,,,,,9.41784123775824,9.461989414135584,0.2,0.0001181285816262,5.0,0.0610030224551816,0.0,10.0,8.0,255.0,-1.0,,,,,
npboost-in_context-log_price-seed4,iij0bwgt,npboost,in_context,4,rmse,0.1240828134975603,0.2647478699991581,0.1202499767150152,0.2519934691853503,15069.757363796234,6.262279987335205,6.108838796615601,0.2640995082391861,,,,,9.142236473078864,9.139499667547057,0.0,1.702035422361917e-05,20.0,0.0657821692431908,1.0,20.0,16.0,255.0,-1.0,,,,,
npboost-in_context-log_price-seed4,im6xm6c7,npboost,in_context,4,rmse,0.2550380677432472,0.3750159629726008,0.2638621831668706,0.3632649158506261,2562.6739757061005,10.931976318359377,10.749104738235474,0.3703035450424373,,,,,9.33791232415146,7.401787714503491,0.2,1.090384328196852e-05,5.0,0.7717846862118062,0.0,20.0,4.0,255.0,-1.0,,,,,
npboost-in_context-log_price-seed4,j6azfumk,npboost,in_context,4,rmse,0.1289449198690241,0.276094685629561,0.1257169310869959,0.2629385371414583,6834.700658798218,10.686065912246704,10.159527778625488,0.2739122013300976,,,,,9.693995118721295,9.706957142730966,0.0,0.0004242243954166,10.0,0.5800570688908553,1.0,20.0,4.0,255.0,-1.0,,,,,
npboost-in_context-log_price-seed4,lad3p3my,npboost,in_context,4,rmse,0.129219519984566,0.2801737248960643,0.1219913212527669,0.2624385742754688,6932.68847823143,11.152563571929932,11.442539691925049,0.2738730949107575,,,,,9.514429960388178,9.57632886685296,0.0,0.0004548624208721,10.0,0.2953847324956156,0.0,20.0,4.0,255.0,-1.0,,,,,
npboost-in_context-log_price-seed4,lbpfuo4w,npboost,in_context,4,rmse,0.1205596529729957,0.2671724886158122,0.1164671652887786,0.2551870645560704,14838.942368507383,11.151795625686646,11.739912271499634,0.2639394425918208,,,,,9.550205229271825,9.55016916353418,0.2,0.0002371245680478,10.0,0.0322020325894309,1.0,100.0,16.0,255.0,-1.0,,,,,
npboost-in_context-log_price-seed4,lcww22cp,npboost,in_context,4,rmse,0.1286156431468096,0.2629124464932374,0.1318229523167832,0.2526196790551657,9026.722200632095,9.81788730621338,9.528701305389404,0.2629108681854576,,,,,6.337759363791381,6.427154907288257,0.0,1.8406671834517417e-05,10.0,0.3476654204795515,0.0,20.0,8.0,255.0,-1.0,,,,,
npboost-in_context-log_price-seed4,od06yspu,npboost,in_context,4,rmse,0.1768178203655853,0.3305060252076779,0.1623421469740799,0.2916081091308134,4143.18878531456,9.75238561630249,10.23037338256836,0.3025083521143582,,,,,9.476378318656552,9.432111178024371,0.2,5.4597054376998136e-05,10.0,0.1053508308667582,0.0,20.0,4.0,255.0,-1.0,,,,,
npboost-in_context-log_price-seed4,oq88rt1o,npboost,in_context,4,rmse,0.1513291086971364,0.3115845165193062,0.1379000424838689,0.2824706033135445,3087.561399698257,11.142556428909302,10.767841577529907,0.2904366303258768,,,,,9.59219579262635,9.586043714900883,0.0,0.0002780425090632,10.0,0.0105542692281163,1.0,20.0,8.0,255.0,-1.0,,,,,
npboost-in_context-log_price-seed4,r6ej4ufy,npboost,in_context,4,rmse,0.1819832673263917,0.3140092720503019,0.1833683393093593,0.2961626387922488,7726.658226013184,10.076589822769163,10.596956968307495,0.3046831027469959,,,,,8.251815125941897,8.083427018222956,0.2,1.343677338411072e-05,5.0,0.1113002415673063,1.0,10.0,4.0,255.0,-1.0,,,,,
npboost-in_context-log_price-seed4,t2p4derw,npboost,in_context,4,rmse,0.1367122388928056,0.2865501649432394,0.1371964576475326,0.2753525740027208,2748.53466463089,11.316113471984863,11.411930322647097,0.2832131250608809,,,,,9.47035392753347,9.472396294824636,0.0,0.0001721990923545,5.0,0.1380161223304589,0.0,1000.0,16.0,255.0,-1.0,,,,,
npboost-in_context-log_price-seed4,tpet36jg,npboost,in_context,4,rmse,0.1588248338607979,0.2902523938697302,0.1565563693878284,0.2775358975871879,6374.476324081421,9.8309645652771,9.945890426635742,0.2884730056097167,,,,,8.974945907244784,8.706965028281777,0.2,2.9067203620664195e-05,5.0,0.1823458458254781,0.0,10.0,8.0,255.0,-1.0,,,,,
npboost-in_context-log_price-seed4,vbsotb7c,npboost,in_context,4,rmse,0.1280944490911171,0.274649391987989,0.12519229082123,0.2619285670478435,4679.432680130005,4.946886777877808,4.867297887802124,0.2724018225293006,,,,,9.417580804554678,9.433589249599317,0.0,7.917412954846521e-05,10.0,0.1011064623519062,0.0,20.0,8.0,255.0,-1.0,,,,,
npboost-in_context-log_price-seed4,w8c7czc8,npboost,in_context,4,rmse,0.1345948988628674,0.2821224365719084,0.1357801048253292,0.2695316576656089,11838.406476736069,10.839785814285278,11.473104000091553,0.2798518482663785,,,,,9.411828673434515,9.40405148974458,0.0,1.5865500409725956e-05,20.0,0.019901994840577,0.0,100.0,4.0,255.0,-1.0,,,,,
npboost-in_context-log_price-seed4,wbbbwtpa,npboost,in_context,4,rmse,0.1317527328081651,0.2692513691484866,0.1282621251030524,0.2583842511401802,4715.8363468647,5.41006064414978,5.38088321685791,0.2663757178161888,,,,,5.256516025301802,5.266132874320982,0.0,3.9184339457363744e-05,5.0,0.7978205565731539,1.0,100.0,16.0,255.0,-1.0,,,,,
npboost-in_context-log_price-seed4,xd3wy2iv,npboost,in_context,4,rmse,0.118594289738253,0.2644614007331127,0.1154565288396008,0.2539222392292504,13037.313817024233,11.896333456039429,11.685880422592165,0.2631556087340296,,,,,9.429087498221136,9.430850416986107,0.2,0.0003600091192911,10.0,0.083744968684368,0.0,100.0,16.0,255.0,-1.0,,,,,
npboost-in_context-log_price-seed4,y71kfmka,npboost,in_context,4,rmse,0.1242247426410521,0.2740601334621827,0.1187622309690646,0.2616325141019125,21354.903163194656,11.525147914886476,11.299750089645386,0.2697094025631735,,,,,9.402542603623465,9.405463537562362,0.2,0.0001605191133358,20.0,0.0750195444362012,1.0,20.0,4.0,255.0,-1.0,,,,,
npboost-few_shot-log_price-seed0,4bi1aonp,npboost,few_shot,0,rmse,0.1347040916287131,0.2878168671100989,0.1247746249013722,0.2499698333282541,8995.343591928482,2.2891221046447754,2.2719273567199707,0.2827177757843988,,,,,9.082107117815063,9.059346502470536,0.2,0.0004385170256085,10.0,0.8972612866432508,1.0,20.0,8.0,255.0,-1.0,,,,,
npboost-few_shot-log_price-seed0,55ohrjtn,npboost,few_shot,0,rmse,0.1415759135940453,0.2985684169591865,0.1358639065991514,0.2677673273960414,9724.01457476616,2.104363203048706,2.51881742477417,0.2887230594543779,,,,,9.535768412726185,9.59562931278192,0.2,0.0003013710908533,5.0,0.0130634630331783,0.0,10.0,8.0,255.0,-1.0,,,,,
npboost-few_shot-log_price-seed0,9e8543gz,npboost,few_shot,0,rmse,0.1368244785941779,0.2961789018334205,0.1359246127146658,0.2719698231546998,8728.41881608963,2.31520676612854,2.54812240600586,0.288994014429269,,,,,9.808977378663997,9.915660000172409,0.0,0.0004242243954166,10.0,0.5800570688908553,1.0,20.0,4.0,255.0,-1.0,,,,,
npboost-few_shot-log_price-seed0,9o2naune,npboost,few_shot,0,rmse,0.1483283641228405,0.3088852158565502,0.1391945625810778,0.2741256830524505,11801.2157869339,2.37473201751709,2.467115640640259,0.2980939068747515,,,,,9.486272367257955,9.547744408597838,0.2,0.0001496922341954,10.0,0.0831211929407696,1.0,1000.0,4.0,255.0,-1.0,,,,,
npboost-few_shot-log_price-seed0,9wyyc87t,npboost,few_shot,0,rmse,0.1358432666069936,0.2904206857918593,0.1358663275503261,0.263181403817764,8752.390481233597,2.0869269371032715,2.587000131607056,0.2862662666334371,,,,,9.52822145879381,9.586465452986374,0.2,0.0002371245680478,10.0,0.0322020325894309,1.0,100.0,16.0,255.0,-1.0,,,,,
npboost-few_shot-log_price-seed0,b82nbr6c,npboost,few_shot,0,rmse,0.2672492714441811,0.4210033441706741,0.2512979696417421,0.3400371586278139,4074.255163669586,2.491493225097656,2.225790500640869,0.3833318121383223,,,,,6.748888961163963,6.69084838927803,0.2,1.343677338411072e-05,5.0,0.1113002415673063,1.0,10.0,4.0,255.0,-1.0,,,,,
npboost-few_shot-log_price-seed0,bwcr4tto,npboost,few_shot,0,rmse,0.1378960329379326,0.3018701328892414,0.1245491798624284,0.2560941695072992,17442.088827371597,2.34177041053772,2.459886312484741,0.2894405455993414,,,,,9.521621473709327,9.581196950352007,0.2,0.0001605191133358,20.0,0.0750195444362012,1.0,20.0,4.0,255.0,-1.0,,,,,
npboost-few_shot-log_price-seed0,d2sw6bfp,npboost,few_shot,0,rmse,0.1471150691280782,0.2861583801623381,0.1569576768400594,0.2704243740610819,12771.191350460052,2.3233642578125,2.5051865577697754,0.2860850345073603,,,,,7.109693905015366,7.135580545695519,0.0,1.2904721633073898e-05,20.0,0.2325748079967941,0.0,100.0,8.0,255.0,-1.0,,,,,
npboost-few_shot-log_price-seed0,dmno9ovz,npboost,few_shot,0,rmse,0.197239493811701,0.3631447935196942,0.1499583786250945,0.278569142291837,4294.505475282669,1.9813446998596191,2.366318225860596,0.2957298263686546,,,,,9.241314959534687,9.267444707870572,0.0,7.917412954846521e-05,10.0,0.1011064623519062,0.0,20.0,8.0,255.0,-1.0,,,,,
npboost-few_shot-log_price-seed0,eanucr9m,npboost,few_shot,0,rmse,0.1339886257254179,0.2981796066763297,0.1228513064651119,0.256109662373343,17261.943588495255,2.3734018802642822,2.6390087604522705,0.2934874001351607,,,,,9.467868027947643,9.525912309453174,0.2,0.0002563473332261,20.0,0.1427109105814198,1.0,1000.0,8.0,255.0,-1.0,,,,,
npboost-few_shot-log_price-seed0,em9ipd0o,npboost,few_shot,0,rmse,0.2822282609042354,0.4196308290570063,0.2697693934791259,0.3453575785682354,2318.2797203063965,2.286861658096313,2.546426773071289,0.3922825933094402,,,,,6.716273837402201,5.70244680501347,0.2,1.090384328196852e-05,5.0,0.7717846862118062,0.0,20.0,4.0,255.0,-1.0,,,,,
npboost-few_shot-log_price-seed0,fzmgb8b1,npboost,few_shot,0,rmse,0.1474694594112202,0.3086854214363349,0.1342060174778241,0.2690885357879793,7014.955707788467,2.289254903793335,2.4686875343322754,0.2965050356601098,,,,,9.567905727883195,9.632617192184544,0.2,0.0004276097878757,10.0,0.0133482983182945,0.0,100.0,4.0,255.0,-1.0,,,,,
npboost-few_shot-log_price-seed0,i6bludxv,npboost,few_shot,0,rmse,0.2227978155603328,0.4170275279191325,0.1428792236450746,0.2778254173418273,3335.8183908462524,2.4927186965942383,2.6695215702056885,0.3043221285839753,,,,,9.086820821844013,9.137685080679509,0.0,0.0001721990923545,5.0,0.1380161223304589,0.0,1000.0,16.0,255.0,-1.0,,,,,
npboost-few_shot-log_price-seed0,iv5rav5s,npboost,few_shot,0,rmse,0.1451849231254205,0.3013656218372661,0.1293961073952275,0.2548905313795882,16976.7401406765,1.828913688659668,2.05014705657959,0.2801205638677242,,,,,8.77117792837899,8.82524369224455,0.0,1.702035422361917e-05,20.0,0.0657821692431908,1.0,20.0,16.0,255.0,-1.0,,,,,
npboost-few_shot-log_price-seed0,ll9f2alb,npboost,few_shot,0,rmse,0.1675767032917929,0.3200126033453482,0.1537912041854354,0.2761902559009215,10099.18135023117,2.22757339477539,2.358623504638672,0.3060420317552058,,,,,9.135722187024037,9.137420268517342,0.2,5.4597054376998136e-05,10.0,0.1053508308667582,0.0,20.0,4.0,255.0,-1.0,,,,,
npboost-few_shot-log_price-seed0,lnfa88o9,npboost,few_shot,0,rmse,0.1525748407101275,0.3174763654974084,0.1348489948643928,0.2706669692263569,6085.084926366806,2.3074305057525635,2.369464874267578,0.3020171962039978,,,,,9.574673302431048,9.639679265778383,0.2,0.000956484407922,10.0,0.0109977032995056,0.0,100.0,4.0,255.0,-1.0,,,,,
npboost-few_shot-log_price-seed0,lsfzabnb,npboost,few_shot,0,rmse,0.1435879165988757,0.2938504614934834,0.1445415734299895,0.2694553139815764,8389.16763830185,2.4864156246185303,2.473778486251831,0.2921164040863329,,,,,9.521304799249148,9.586599522683205,0.2,0.0001381635682257,10.0,0.0261669745608544,1.0,20.0,8.0,255.0,-1.0,,,,,
npboost-few_shot-log_price-seed0,mrg9qscq,npboost,few_shot,0,rmse,0.1655592468095998,0.3353635428236075,0.1565541178788555,0.2830445292672454,3507.008460521698,1.9413714408874512,2.1492207050323486,0.2994211576985248,,,,,9.258342100236137,9.309155443071532,0.0,0.0001083323625032,10.0,0.1351582698334605,0.0,100.0,8.0,255.0,-1.0,,,,,
npboost-few_shot-log_price-seed0,n237w467,npboost,few_shot,0,rmse,0.1840623740631115,0.354195272863379,0.1600154394622628,0.2858956332100798,6644.229434967041,2.3363325595855717,2.671241998672486,0.2941494435333756,,,,,9.215437085698332,9.261533775890769,0.2,0.0001181285816262,5.0,0.0610030224551816,0.0,10.0,8.0,255.0,-1.0,,,,,
npboost-few_shot-log_price-seed0,n4jbhgdu,npboost,few_shot,0,rmse,0.2022713444218125,0.3883268495324893,0.1655478349817528,0.2932101379860468,16876.766621351242,5.07926869392395,5.471425294876099,0.3214787764825356,,,,,9.1930276407372,9.181507918251633,0.2,2.017016316297149e-05,20.0,0.0582929613195039,1.0,1000.0,8.0,255.0,-1.0,,,,,
npboost-few_shot-log_price-seed0,nft73n7p,npboost,few_shot,0,rmse,0.1463585674704245,0.3155111308418663,0.1344445318022996,0.2725566919424808,5413.615921735764,2.4085371494293213,2.1759912967681885,0.2999304142798041,,,,,9.573592740312415,9.637322335204203,0.0,0.0002780425090632,10.0,0.0105542692281163,1.0,20.0,8.0,255.0,-1.0,,,,,
npboost-few_shot-log_price-seed0,o4rbvhgj,npboost,few_shot,0,rmse,0.2464319081962998,0.4057314288625824,0.2306416960027132,0.3328385983760373,6072.225786209106,2.0981266498565674,2.3209588527679443,0.3715633759605685,,,,,7.864584171567016,7.864931514043255,0.2,1.5820851730418417e-05,5.0,0.0450196136386975,1.0,100.0,16.0,255.0,-1.0,,,,,
npboost-few_shot-log_price-seed0,oj7ubf55,npboost,few_shot,0,rmse,0.1413292071297659,0.3035497368804855,0.1344213211289695,0.2708709791939967,5635.412562608719,2.3574607372283936,2.4609570503234863,0.2980136685546944,,,,,9.56832122492139,9.631244738558651,0.2,0.0008392140711648,5.0,0.0107859712708854,0.0,10.0,8.0,255.0,-1.0,,,,,
npboost-few_shot-log_price-seed0,oqtip26h,npboost,few_shot,0,rmse,0.1607801411022709,0.3044708577790787,0.1680582818350882,0.2718728095727935,10066.352601766586,2.462773084640503,2.570152282714844,0.3010528816198233,,,,,9.28151157881143,9.339798569662422,0.0,1.5865500409725956e-05,20.0,0.019901994840577,0.0,100.0,4.0,255.0,-1.0,,,,,
npboost-few_shot-log_price-seed0,qwskfkxd,npboost,few_shot,0,rmse,0.1291917536103529,0.2823160071722526,0.128068884917158,0.2581241353494365,9798.631590366364,2.192763090133667,2.076773166656494,0.2806819484015883,,,,,9.518676463200068,9.57395652064148,0.2,0.0003600091192911,10.0,0.083744968684368,0.0,100.0,16.0,255.0,-1.0,,,,,
npboost-few_shot-log_price-seed0,qyxnnx4a,npboost,few_shot,0,rmse,0.1456236217581535,0.3074605770359311,0.1325373242469361,0.2709512300834937,7602.050524711609,2.310560703277588,2.885643720626831,0.2923609596189138,,,,,9.58865973756746,9.652182274583886,0.0,0.0002507518284371,10.0,0.0302023368339538,1.0,10.0,8.0,255.0,-1.0,,,,,
npboost-few_shot-log_price-seed0,sxiys566,npboost,few_shot,0,rmse,0.1682594424178812,0.3607202346370872,0.1311836781873413,0.2643922666604985,5368.082642555237,2.454296827316284,2.616954803466797,0.2956954129819386,,,,,9.489025633685902,9.553248652406849,0.0,0.0004548624208721,10.0,0.2953847324956156,0.0,20.0,4.0,255.0,-1.0,,,,,
npboost-few_shot-log_price-seed0,tm9il202,npboost,few_shot,0,rmse,0.1363942516314012,0.2828121134936854,0.1342625532943947,0.2580794537364873,14227.274541139604,2.3860414028167725,2.591297149658203,0.2763650004098574,,,,,5.861421433438314,5.893361268339651,0.0,1.8406671834517417e-05,10.0,0.3476654204795515,0.0,20.0,8.0,255.0,-1.0,,,,,
npboost-few_shot-log_price-seed0,tq56xhsa,npboost,few_shot,0,rmse,0.1565412780028139,0.2928976399378274,0.157884399652586,0.2644545443356414,11655.704847812653,2.936147928237915,3.2007222175598145,0.2894769902764879,,,,,7.378500235433159,7.3941870991327265,0.0,3.1392574253118284e-05,5.0,0.1121865737283773,0.0,10.0,4.0,255.0,-1.0,,,,,
npboost-few_shot-log_price-seed0,tqpiobra,npboost,few_shot,0,rmse,0.1671269836023435,0.2863090023766438,0.1795465280389218,0.2613234773855974,3703.1140406131744,2.035993814468384,2.093578338623047,0.2847051981238305,,,,,4.271230292266294,4.384787306446268,0.0,3.9184339457363744e-05,5.0,0.7978205565731539,1.0,100.0,16.0,255.0,-1.0,,,,,
npboost-few_shot-log_price-seed0,w0bycpz1,npboost,few_shot,0,rmse,0.1685685004998771,0.3091295179777481,0.1714409708504317,0.2960555917371719,8057.854532718658,2.1063103675842285,2.3488478660583496,0.30779958338546,,,,,7.452659674506597,7.390544465159929,0.2,2.9067203620664195e-05,5.0,0.1823458458254781,0.0,10.0,8.0,255.0,-1.0,,,,,
npboost-few_shot-log_price-seed0,wmnp11zu,npboost,few_shot,0,rmse,0.1500841629202358,0.2933151462193475,0.1453161708902336,0.26707329706033,6728.593099355698,1.761876106262207,2.1184816360473637,0.2850653878041296,,,,,9.04433742619747,9.09129814835904,0.2,0.0001082971516786,10.0,0.2589103504433043,0.0,20.0,16.0,255.0,-1.0,,,,,
npboost-few_shot-log_price-seed1,09afp1fg,npboost,few_shot,1,rmse,0.1575128252376331,0.3123634009757184,0.1492098191598707,0.2914975134821422,3172.902514696121,2.356834650039673,2.6326823234558105,0.3013165846668561,,,,,9.09090892690701,9.106547860666398,0.0,0.0001721990923545,5.0,0.1380161223304589,0.0,1000.0,16.0,255.0,-1.0,,,,,
npboost-few_shot-log_price-seed1,1irxse91,npboost,few_shot,1,rmse,0.1481356751757953,0.3108713239759962,0.1401721975678194,0.2866735555629065,5254.102494001389,2.564958333969116,2.1363914012908936,0.302077498828764,,,,,9.53847448672654,9.61106943943498,0.2,0.000956484407922,10.0,0.0109977032995056,0.0,100.0,4.0,255.0,-1.0,,,,,
npboost-few_shot-log_price-seed1,215w9pkf,npboost,few_shot,1,rmse,0.1446607904236183,0.3018400965372437,0.13843739169124,0.2812104048361715,13554.7158973217,2.6194679737091064,2.7058656215667725,0.2985565800302985,,,,,9.41875155418022,9.490230604578825,0.2,0.0001496922341954,10.0,0.0831211929407696,1.0,1000.0,4.0,255.0,-1.0,,,,,
npboost-few_shot-log_price-seed1,2g7pycdx,npboost,few_shot,1,rmse,0.1479474139000501,0.3001827015265471,0.1437419988430304,0.2766674412952863,4027.993118524552,2.243711233139038,2.515528917312622,0.2970919687776927,,,,,9.225150753928062,9.263976883065546,0.0,0.0001083323625032,10.0,0.1351582698334605,0.0,100.0,8.0,255.0,-1.0,,,,,
npboost-few_shot-log_price-seed1,2jpnuvxn,npboost,few_shot,1,rmse,0.1424480328443736,0.2868632194196757,0.1406837726058528,0.2657560331457626,13141.491113185884,1.9209301471710205,2.0089995861053467,0.2835644460348698,,,,,8.793091528115454,8.85646992605787,0.0,1.702035422361917e-05,20.0,0.0657821692431908,1.0,20.0,16.0,255.0,-1.0,,,,,
npboost-few_shot-log_price-seed1,3k3m3mef,npboost,few_shot,1,rmse,0.1469954468436514,0.3064777889485528,0.1440576329568907,0.2882406569106495,6587.7894032001495,2.042959928512573,2.247281789779663,0.2979560182693251,,,,,9.533520116479426,9.605399379094433,0.2,0.0004276097878757,10.0,0.0133482983182945,0.0,100.0,4.0,255.0,-1.0,,,,,
npboost-few_shot-log_price-seed1,4jx6wqv8,npboost,few_shot,1,rmse,0.2562575833233889,0.4043357283885922,0.2563380851394179,0.3773196640628535,4398.916924476624,1.9481868743896484,2.0978407859802246,0.3579560880082139,,,,,7.81541619203919,7.854262407378906,0.2,1.5820851730418417e-05,5.0,0.0450196136386975,1.0,100.0,16.0,255.0,-1.0,,,,,
npboost-few_shot-log_price-seed1,527j9zek,npboost,few_shot,1,rmse,0.140119122335074,0.2993703461041681,0.1331152885018171,0.2788907147495001,15226.330582857132,2.388656616210937,2.7947049140930176,0.2962335330748522,,,,,9.448367527768507,9.530364392943786,0.2,0.0002563473332261,20.0,0.1427109105814198,1.0,1000.0,8.0,255.0,-1.0,,,,,
npboost-few_shot-log_price-seed1,5spceqra,npboost,few_shot,1,rmse,0.1825218287578748,0.3335267515586084,0.1779619196074546,0.305205842055278,7469.449340343475,2.179298162460327,2.6282193660736084,0.310542037591914,,,,,7.438632906755472,7.4368716253532,0.2,2.9067203620664195e-05,5.0,0.1823458458254781,0.0,10.0,8.0,255.0,-1.0,,,,,
npboost-few_shot-log_price-seed1,5vu1z314,npboost,few_shot,1,rmse,0.1515257862584695,0.3101879110460012,0.1467327781897289,0.289546499642537,15928.892213821411,2.442279100418091,2.4824368953704834,0.2971087092369804,,,,,9.243258910994877,9.314592759952918,0.0,1.5865500409725956e-05,20.0,0.019901994840577,0.0,100.0,4.0,255.0,-1.0,,,,,
npboost-few_shot-log_price-seed1,6d0wf6lv,npboost,few_shot,1,rmse,0.1403443662719633,0.2917908359825388,0.1331548639976909,0.2663042053433376,14172.452783346176,2.4354169368743896,2.705019474029541,0.2882148981718133,,,,,9.489088581920756,9.561627733380114,0.2,0.0001381635682257,10.0,0.0261669745608544,1.0,20.0,8.0,255.0,-1.0,,,,,
npboost-few_shot-log_price-seed1,6lzv78gi,npboost,few_shot,1,rmse,0.2101852077516215,0.3344943977513053,0.2219374797994231,0.3430938397269322,7750.081063985825,2.244593620300293,2.1805126667022705,0.3276182740616904,,,,,7.0701999950769805,7.08435300010883,0.2,1.343677338411072e-05,5.0,0.1113002415673063,1.0,10.0,4.0,255.0,-1.0,,,,,
npboost-few_shot-log_price-seed1,729p8v1m,npboost,few_shot,1,rmse,0.1440109558128028,0.2944702741247259,0.1348088443968337,0.2705811485689617,9914.862974643707,2.2121734619140625,2.30759596824646,0.2878346251381337,,,,,9.51804316856245,9.59434640332662,0.2,0.0002371245680478,10.0,0.0322020325894309,1.0,100.0,16.0,255.0,-1.0,,,,,
npboost-few_shot-log_price-seed1,74tt8rer,npboost,few_shot,1,rmse,0.1608618539416144,0.3029128913361156,0.1558808875422716,0.2720310533443445,4999.263923168182,1.8990683555603027,2.1406567096710205,0.294701759163081,,,,,9.085366413840786,9.10815323935688,0.2,0.0001082971516786,10.0,0.2589103504433043,0.0,20.0,16.0,255.0,-1.0,,,,,
npboost-few_shot-log_price-seed1,a6wxmy1d,npboost,few_shot,1,rmse,0.1621696273687739,0.3025587243188144,0.1551965543128162,0.2720886190965772,6462.615753412247,2.602539539337158,2.656287908554077,0.3009259597047584,,,,,9.21791627800828,9.284882613382992,0.2,0.0001181285816262,5.0,0.0610030224551816,0.0,10.0,8.0,255.0,-1.0,,,,,
npboost-few_shot-log_price-seed1,dmzt0j7p,npboost,few_shot,1,rmse,0.1474670099464297,0.2919377963824307,0.1451003485590736,0.2696310800327846,7063.040820598602,1.832646131515503,1.858928203582764,0.2896309351787881,,,,,4.974708389363756,4.983304253745773,0.0,3.9184339457363744e-05,5.0,0.7978205565731539,1.0,100.0,16.0,255.0,-1.0,,,,,
npboost-few_shot-log_price-seed1,dzd95a1h,npboost,few_shot,1,rmse,0.1414466993662946,0.2962366520309347,0.1382927854827144,0.2834868407224126,6252.214803934097,2.128961563110352,2.642850637435913,0.2886035145549825,,,,,9.597975731278058,9.65083987525819,0.0,0.0004548624208721,10.0,0.2953847324956156,0.0,20.0,4.0,255.0,-1.0,,,,,
npboost-few_shot-log_price-seed1,fma40jce,npboost,few_shot,1,rmse,0.140419554184004,0.2944313490533189,0.1344689311807785,0.2760334532998727,15512.61370062828,2.41741681098938,2.433157205581665,0.2901081656195428,,,,,9.474314366941146,9.55571180773294,0.2,0.0001605191133358,20.0,0.0750195444362012,1.0,20.0,4.0,255.0,-1.0,,,,,
npboost-few_shot-log_price-seed1,fq9ojfbm,npboost,few_shot,1,rmse,0.140465897124307,0.2933678620887252,0.1287251034956102,0.2568262179536172,7495.506270170212,2.462062120437622,2.5499391555786133,0.2832149322344034,,,,,9.27030119035105,9.326823099657082,0.2,0.0004385170256085,10.0,0.8972612866432508,1.0,20.0,8.0,255.0,-1.0,,,,,
npboost-few_shot-log_price-seed1,gme2vgbp,npboost,few_shot,1,rmse,0.2129856964032454,0.4013524502680889,0.1660992133651854,0.2931276199288509,18547.63974547386,5.328168869018555,5.195025682449341,0.325125406394413,,,,,9.225237043264304,9.233142744884551,0.2,2.017016316297149e-05,20.0,0.0582929613195039,1.0,1000.0,8.0,255.0,-1.0,,,,,
npboost-few_shot-log_price-seed1,hn75lgts,npboost,few_shot,1,rmse,0.1547605191969884,0.3135161712900527,0.1456738181684977,0.2844353897694313,4117.848928928375,2.381987810134888,2.4528605937957764,0.3041113975215206,,,,,9.535930505122884,9.606186555593233,0.2,0.0008392140711648,5.0,0.0107859712708854,0.0,10.0,8.0,255.0,-1.0,,,,,
npboost-few_shot-log_price-seed1,jklzxztd,npboost,few_shot,1,rmse,0.1638880292149836,0.2955821987222196,0.167382682736439,0.2772350542772585,9058.565343141556,2.6873934268951416,2.556283712387085,0.2944158530420746,,,,,7.434763654911688,7.490892887600963,0.0,3.1392574253118284e-05,5.0,0.1121865737283773,0.0,10.0,4.0,255.0,-1.0,,,,,
npboost-few_shot-log_price-seed1,mkla5ar8,npboost,few_shot,1,rmse,0.1346331254830602,0.2834382778491481,0.1306179232737462,0.2657694498721922,8039.538870811462,2.4103853702545166,2.013934135437012,0.2820077484754336,,,,,9.496338219865962,9.571771956001204,0.2,0.0003600091192911,10.0,0.083744968684368,0.0,100.0,16.0,255.0,-1.0,,,,,
npboost-few_shot-log_price-seed1,occd38b9,npboost,few_shot,1,rmse,0.1551280581263917,0.3055995444946401,0.1764401621786386,0.2843613107099917,2959.804134130478,1.8669464588165283,2.0911989212036133,0.3012208899615298,,,,,9.1093790933119,9.186325114519176,0.0,7.917412954846521e-05,10.0,0.1011064623519062,0.0,20.0,8.0,255.0,-1.0,,,,,
npboost-few_shot-log_price-seed1,omafccfl,npboost,few_shot,1,rmse,0.1401711859008738,0.286046957973509,0.1361243146864665,0.2658905145459597,18758.35211801529,2.377572536468506,2.478551149368286,0.2838391800969073,,,,,7.209885450232215,7.274976417962953,0.0,1.2904721633073898e-05,20.0,0.2325748079967941,0.0,100.0,8.0,255.0,-1.0,,,,,
npboost-few_shot-log_price-seed1,p5tehja2,npboost,few_shot,1,rmse,0.1663806706233515,0.2860853339547389,0.1734069704952038,0.2617497947177453,7082.598356723785,2.3718197345733643,2.501631021499634,0.2842348150279008,,,,,5.959684429451487,6.003251518510413,0.0,1.8406671834517417e-05,10.0,0.3476654204795515,0.0,20.0,8.0,255.0,-1.0,,,,,
npboost-few_shot-log_price-seed1,qlc6bnu6,npboost,few_shot,1,rmse,0.1722477947389346,0.3396761000470808,0.1405113592370626,0.2859629094450583,6229.61354970932,2.2169182300567627,2.4600822925567627,0.2932913736864612,,,,,9.554606118219036,9.619605859257751,0.0,0.0002507518284371,10.0,0.0302023368339538,1.0,10.0,8.0,255.0,-1.0,,,,,
npboost-few_shot-log_price-seed1,rsip80ig,npboost,few_shot,1,rmse,0.1708749437240245,0.3181260905957778,0.1635842326461465,0.2892676519697909,8342.365788459778,2.319232225418091,2.3962104320526123,0.3103331072765574,,,,,9.034982443751558,9.080410126045356,0.2,5.4597054376998136e-05,10.0,0.1053508308667582,0.0,20.0,4.0,255.0,-1.0,,,,,
npboost-few_shot-log_price-seed1,x0goa4g8,npboost,few_shot,1,rmse,0.1402530621914139,0.2931458314748803,0.1351305456663372,0.2754852758198793,12515.02675318718,2.1941492557525635,2.3663442134857178,0.2900522088706915,,,,,9.507963650316835,9.579916844438683,0.2,0.0003013710908533,5.0,0.0130634630331783,0.0,10.0,8.0,255.0,-1.0,,,,,
npboost-few_shot-log_price-seed1,xech3zi2,npboost,few_shot,1,rmse,0.2624034178493026,0.3814548399638621,0.2678963120502773,0.3729997289902859,3332.563978433609,2.149824619293213,2.246795654296875,0.3694196159611557,,,,,7.533158411945133,6.795772823908522,0.2,1.090384328196852e-05,5.0,0.7717846862118062,0.0,20.0,4.0,255.0,-1.0,,,,,
npboost-few_shot-log_price-seed1,y4ugxpkh,npboost,few_shot,1,rmse,0.1395972558364614,0.2964967401836272,0.1340981217277073,0.2745298675628212,5175.407752990723,2.2264559268951416,2.259392261505127,0.2961352502376089,,,,,9.444041201925597,9.523303226008794,0.0,0.0004242243954166,10.0,0.5800570688908553,1.0,20.0,4.0,255.0,-1.0,,,,,
npboost-few_shot-log_price-seed1,yrk25669,npboost,few_shot,1,rmse,0.1492263553793008,0.3054644984567042,0.1357331281969312,0.2805786093730525,8347.155119419098,2.208306074142456,2.4066781997680664,0.2961898365114326,,,,,9.5378771879793,9.608966113543028,0.0,0.0002780425090632,10.0,0.0105542692281163,1.0,20.0,8.0,255.0,-1.0,,,,,
npboost-few_shot-log_price-seed2,1qp2yxej,npboost,few_shot,2,rmse,0.1593433127076345,0.3096709640104434,0.1509540093245942,0.3204226305352583,6677.355807065964,1.608714580535889,1.6310889720916748,0.2648941689652406,,,,,9.50729637168729,9.524554616405265,0.0,0.0004548624208721,10.0,0.2953847324956156,0.0,20.0,4.0,255.0,-1.0,,,,,
npboost-few_shot-log_price-seed2,3evqs5oq,npboost,few_shot,2,rmse,0.1721308056033057,0.3237690403954082,0.1554979457088073,0.3257337677562951,9864.591366529465,1.751532793045044,1.6557254791259766,0.2644892542963158,,,,,9.278764170017691,9.340728626663363,0.0,0.0001083323625032,10.0,0.1351582698334605,0.0,100.0,8.0,255.0,-1.0,,,,,
npboost-few_shot-log_price-seed2,3tjm0mdv,npboost,few_shot,2,rmse,0.1226853796511262,0.2572974730299003,0.1500037152559097,0.3274672315626353,25614.355531930923,2.5348050594329834,2.700366258621216,0.2569363490619533,,,,,9.450736957448791,9.491243909416555,0.2,0.0001605191133358,20.0,0.0750195444362012,1.0,20.0,4.0,255.0,-1.0,,,,,
npboost-few_shot-log_price-seed2,5qygybfg,npboost,few_shot,2,rmse,0.1606164796300537,0.2913940004311682,0.175759263519985,0.3395975173801659,6974.862029790878,1.3362972736358645,1.4835467338562012,0.277527665826777,,,,,8.757584670497613,8.910403136766284,0.2,5.4597054376998136e-05,10.0,0.1053508308667582,0.0,20.0,4.0,255.0,-1.0,,,,,
npboost-few_shot-log_price-seed2,5qynto7w,npboost,few_shot,2,rmse,0.1334559284274182,0.2654892338582205,0.1584005063640582,0.3295013440609629,12071.596373558044,2.2617666721343994,2.2052509784698486,0.2610041965787598,,,,,9.464071011756708,9.517423578105776,0.2,0.0001381635682257,10.0,0.0261669745608544,1.0,20.0,8.0,255.0,-1.0,,,,,
npboost-few_shot-log_price-seed2,7eq6qx8n,npboost,few_shot,2,rmse,0.1241334629946426,0.2534744241786519,0.1466239178594354,0.3049562719913073,6587.7413692474365,1.7713589668273926,1.6558709144592283,0.251439430916457,,,,,9.174731256272551,9.232665448694746,0.2,0.0004385170256085,10.0,0.8972612866432508,1.0,20.0,8.0,255.0,-1.0,,,,,
npboost-few_shot-log_price-seed2,7q382wjt,npboost,few_shot,2,rmse,0.1371068920084703,0.2774705716423966,0.1518075456378587,0.329851924553263,8186.654084682465,1.0150065422058103,0.9930438995361328,0.2605824270535635,,,,,9.513319220357683,9.558265909886872,0.2,0.0004276097878757,10.0,0.0133482983182945,0.0,100.0,4.0,255.0,-1.0,,,,,
npboost-few_shot-log_price-seed2,96j3o7ft,npboost,few_shot,2,rmse,0.1413785109562141,0.2842229427030633,0.1553249487616161,0.327939240401724,4525.954685688019,1.7800133228302002,1.622208595275879,0.2660006135205094,,,,,9.52433658126377,9.56770769859463,0.2,0.0008392140711648,5.0,0.0107859712708854,0.0,10.0,8.0,255.0,-1.0,,,,,
npboost-few_shot-log_price-seed2,al32b2gr,npboost,few_shot,2,rmse,0.1398846371737169,0.2830351939479104,0.1593876902738705,0.3326501432149103,3061.7453470230103,1.6648101806640625,1.416224718093872,0.2702795868254348,,,,,9.02409320913772,9.069401287744954,0.0,0.0001721990923545,5.0,0.1380161223304589,0.0,1000.0,16.0,255.0,-1.0,,,,,
npboost-few_shot-log_price-seed2,c2x5aw0v,npboost,few_shot,2,rmse,0.160426930016009,0.2949341883111572,0.1794389084435913,0.3315418632941606,8797.327444791794,1.639878749847412,1.4809226989746094,0.2723416750100928,,,,,9.220279196702348,9.27573301190702,0.0,1.5865500409725956e-05,20.0,0.019901994840577,0.0,100.0,4.0,255.0,-1.0,,,,,
npboost-few_shot-log_price-seed2,gejq0lqb,npboost,few_shot,2,rmse,0.1878996833505289,0.309469799787862,0.2055781171900993,0.3427598200018978,4123.719634056091,1.6674892902374268,1.6141352653503418,0.2950759606932811,,,,,7.170811753626709,7.219583416601334,0.2,2.9067203620664195e-05,5.0,0.1823458458254781,0.0,10.0,8.0,255.0,-1.0,,,,,
npboost-few_shot-log_price-seed2,gw4i9ktf,npboost,few_shot,2,rmse,0.2573664501237992,0.3903162254803959,0.2615826321450443,0.3874687491451765,3671.187499523163,1.6747949123382568,1.7273192405700684,0.3371624537064175,,,,,6.715752705295273,6.714352121950333,0.2,1.343677338411072e-05,5.0,0.1113002415673063,1.0,10.0,4.0,255.0,-1.0,,,,,
npboost-few_shot-log_price-seed2,izzxu6ya,npboost,few_shot,2,rmse,0.1260001475064903,0.2659737696329391,0.1551174997155222,0.3353832451718012,9497.724051713943,1.905900001525879,1.6890783309936523,0.2642655964927476,,,,,9.429113399802644,9.473041973961514,0.2,0.0002563473332261,20.0,0.1427109105814198,1.0,1000.0,8.0,255.0,-1.0,,,,,
npboost-few_shot-log_price-seed2,lcbekudd,npboost,few_shot,2,rmse,0.1599542429163321,0.2879845468508032,0.1842930194080565,0.3533088207464282,10350.424362897871,0.9376962184906006,0.9908287525177002,0.2856438144546065,,,,,9.097405511815658,9.137256446152806,0.2,2.017016316297149e-05,20.0,0.0582929613195039,1.0,1000.0,8.0,255.0,-1.0,,,,,
npboost-few_shot-log_price-seed2,lnb9vfbd,npboost,few_shot,2,rmse,0.1522540378473888,0.2912344639187545,0.150785328649948,0.3169561742166155,10443.804381608965,4.658336639404297,4.6340391635894775,0.2564870901627825,,,,,9.468262558157669,9.526095494024068,0.2,0.0003600091192911,10.0,0.083744968684368,0.0,100.0,16.0,255.0,-1.0,,,,,
npboost-few_shot-log_price-seed2,mb1do85r,npboost,few_shot,2,rmse,0.148045234802329,0.2680458342424827,0.1694682606387213,0.3184694272926529,4461.387529850006,0.9078021049499512,0.8456149101257324,0.2622149167240294,,,,,7.395972740532514,7.450752972885137,0.0,3.1392574253118284e-05,5.0,0.1121865737283773,0.0,10.0,4.0,255.0,-1.0,,,,,
npboost-few_shot-log_price-seed2,mf4ani8q,npboost,few_shot,2,rmse,0.1295227973587698,0.2669315372354622,0.1604650789693577,0.3407372527899087,4117.971027851105,1.107879877090454,0.9711108207702636,0.2650545205849985,,,,,9.545596807026715,9.588184659980714,0.0,0.0002507518284371,10.0,0.0302023368339538,1.0,10.0,8.0,255.0,-1.0,,,,,
npboost-few_shot-log_price-seed2,o5sf8os4,npboost,few_shot,2,rmse,0.1275902592384459,0.2649925638814561,0.1446468727132374,0.3158264338380412,18560.31265807152,4.219123363494873,4.135952711105347,0.2525897898309759,,,,,9.4939697636689,9.533873116927884,0.2,0.0002371245680478,10.0,0.0322020325894309,1.0,100.0,16.0,255.0,-1.0,,,,,
npboost-few_shot-log_price-seed2,o7rcm6xk,npboost,few_shot,2,rmse,0.1486176863351168,0.2879241772859892,0.1572638329772668,0.3212538346296454,3132.2387747764587,0.904407262802124,0.9373118877410888,0.2683577476042223,,,,,9.184231164915689,9.232357370262182,0.0,7.917412954846521e-05,10.0,0.1011064623519062,0.0,20.0,8.0,255.0,-1.0,,,,,
npboost-few_shot-log_price-seed2,oz3n5x51,npboost,few_shot,2,rmse,0.1408084271756477,0.2754838164974252,0.1579770424639263,0.312603046637199,8312.345588445663,1.0377609729766846,1.1408929824829102,0.2553894450368563,,,,,8.676236215397335,8.72490855384346,0.0,1.702035422361917e-05,20.0,0.0657821692431908,1.0,20.0,16.0,255.0,-1.0,,,,,
npboost-few_shot-log_price-seed2,pyt73c9s,npboost,few_shot,2,rmse,0.1288288990114607,0.26408947425599,0.1532969794062786,0.3258942748394065,4945.464839220047,1.76611065864563,1.5852267742156982,0.2605319591238974,,,,,9.801721431292448,9.735024415154829,0.0,0.0004242243954166,10.0,0.5800570688908553,1.0,20.0,4.0,255.0,-1.0,,,,,
npboost-few_shot-log_price-seed2,r7q76bfr,npboost,few_shot,2,rmse,0.1413504137484912,0.2709299760177895,0.1670083284879457,0.3332384860594243,4107.766233205795,1.7093160152435305,1.6136837005615234,0.2685692112605654,,,,,9.509083590688668,9.557926212281384,0.2,0.0003013710908533,5.0,0.0130634630331783,0.0,10.0,8.0,255.0,-1.0,,,,,
npboost-few_shot-log_price-seed2,rvf5f1qn,npboost,few_shot,2,rmse,0.2585008168106276,0.3574387029697449,0.277328735546108,0.399742273659018,5366.408606529236,2.5396323204040527,2.41965389251709,0.3368699205960432,,,,,6.801787869141712,6.284623012439153,0.2,1.090384328196852e-05,5.0,0.7717846862118062,0.0,20.0,4.0,255.0,-1.0,,,,,
npboost-few_shot-log_price-seed2,s4wqnfqk,npboost,few_shot,2,rmse,0.1539941718997526,0.2822657092449442,0.1640016870669135,0.3077232215281388,3305.8720467090607,1.1334962844848633,1.1291491985321045,0.256556414245205,,,,,8.867578077946709,9.008288352369409,0.2,0.0001082971516786,10.0,0.2589103504433043,0.0,20.0,16.0,255.0,-1.0,,,,,
npboost-few_shot-log_price-seed2,sr7sbgsj,npboost,few_shot,2,rmse,0.1326935565036643,0.2524238193517094,0.1569970612771629,0.3077486921911612,8186.763761043549,1.2060954570770264,1.100294828414917,0.2515968701812995,,,,,6.070805018891731,6.14189336032987,0.0,1.8406671834517417e-05,10.0,0.3476654204795515,0.0,20.0,8.0,255.0,-1.0,,,,,
npboost-few_shot-log_price-seed2,vxxul3g6,npboost,few_shot,2,rmse,0.1340783431527362,0.2623107647344968,0.1597396214928411,0.3181605227607008,9769.85216140747,1.037304162979126,0.8976361751556396,0.2606688842146796,,,,,6.847957476680399,6.921882121750064,0.0,1.2904721633073898e-05,20.0,0.2325748079967941,0.0,100.0,8.0,255.0,-1.0,,,,,
npboost-few_shot-log_price-seed2,xa0onv5d,npboost,few_shot,2,rmse,0.1428459702472251,0.2850474213341807,0.1696904417718873,0.3503485240976686,4938.115682840347,1.0668480396270752,1.1525766849517822,0.2707022396186452,,,,,9.376724182894671,9.463526381338914,0.2,0.0001496922341954,10.0,0.0831211929407696,1.0,1000.0,4.0,255.0,-1.0,,,,,
npboost-few_shot-log_price-seed2,xgonzm0r,npboost,few_shot,2,rmse,0.1282183323625353,0.269735195974154,0.1524361308816855,0.3328433818230106,8895.008496522903,1.7641518115997314,1.5750443935394287,0.2670311145020057,,,,,9.526026537589484,9.570345697916016,0.2,0.000956484407922,10.0,0.0109977032995056,0.0,100.0,4.0,255.0,-1.0,,,,,
npboost-few_shot-log_price-seed2,xhj18cke,npboost,few_shot,2,rmse,0.1432528738667066,0.2873854941383886,0.1613789656059473,0.3442975546377597,4745.371193408966,1.443328619003296,1.5072627067565918,0.2678487899910368,,,,,9.532228167162192,9.5748302028439,0.0,0.0002780425090632,10.0,0.0105542692281163,1.0,20.0,8.0,255.0,-1.0,,,,,
npboost-few_shot-log_price-seed2,xn4w1xmf,npboost,few_shot,2,rmse,0.1568512991702385,0.2625849299959247,0.1826312630710541,0.3048882359423064,2585.7030234336853,1.0190041065216064,1.0519263744354248,0.2609384779955053,,,,,4.780270075378859,4.708319009366175,0.0,3.9184339457363744e-05,5.0,0.7978205565731539,1.0,100.0,16.0,255.0,-1.0,,,,,
npboost-few_shot-log_price-seed2,yr7dk24o,npboost,few_shot,2,rmse,0.1563652668256756,0.2886499182177195,0.1679444614143652,0.3202358797799096,3847.150344371796,0.933934450149536,0.9650568962097168,0.2642692621317132,,,,,9.142927668627454,9.209055613231664,0.2,0.0001181285816262,5.0,0.0610030224551816,0.0,10.0,8.0,255.0,-1.0,,,,,
npboost-few_shot-log_price-seed2,z3v2h2j9,npboost,few_shot,2,rmse,0.2457440589742383,0.3664306339054577,0.2655840762155415,0.4059316631306363,2563.177376747132,1.0504093170166016,1.0922205448150637,0.3490054531001793,,,,,7.814098753712976,7.844741549276108,0.2,1.5820851730418417e-05,5.0,0.0450196136386975,1.0,100.0,16.0,255.0,-1.0,,,,,
npboost-few_shot-log_price-seed3,27zquugt,npboost,few_shot,3,rmse,0.1593535937086421,0.2738069578856666,0.1760927579145808,0.2836868950106875,5424.429856777191,2.207425832748413,2.3137803077697754,0.2682755825403565,,,,,4.672679152931064,4.626223848903281,0.0,3.9184339457363744e-05,5.0,0.7978205565731539,1.0,100.0,16.0,255.0,-1.0,,,,,
npboost-few_shot-log_price-seed3,2rey6mah,npboost,few_shot,3,rmse,0.1335456718926665,0.2861340327829483,0.1393146632324068,0.2903161252291822,8857.87506222725,2.645987749099731,2.340195655822754,0.2816500901066581,,,,,9.508549057229114,9.47159652113994,0.2,0.0004276097878757,10.0,0.0133482983182945,0.0,100.0,4.0,255.0,-1.0,,,,,
npboost-few_shot-log_price-seed3,4hvwmtdq,npboost,few_shot,3,rmse,0.1341884240370844,0.2820411513990611,0.1420699220721011,0.2940050669324631,8330.263714313507,3.0078155994415283,2.706678867340088,0.2784198208397512,,,,,9.519799632038334,9.484687769595634,0.0,0.0002780425090632,10.0,0.0105542692281163,1.0,20.0,8.0,255.0,-1.0,,,,,
npboost-few_shot-log_price-seed3,6mhcryh3,npboost,few_shot,3,rmse,0.2153428091331885,0.3321619288134792,0.2227135070792267,0.3321771571990038,4566.453659296036,1.3366050720214844,1.29557466506958,0.3170688521011443,,,,,6.875996744694379,6.783064697318975,0.2,1.343677338411072e-05,5.0,0.1113002415673063,1.0,10.0,4.0,255.0,-1.0,,,,,
npboost-few_shot-log_price-seed3,9a4gpxc7,npboost,few_shot,3,rmse,0.1531830996715376,0.2650541008120424,0.1679152169623795,0.2741869903984775,8252.299909830093,2.4976608753204346,2.594938039779663,0.264446613710442,,,,,5.872703474964822,5.82938890459934,0.0,1.8406671834517417e-05,10.0,0.3476654204795515,0.0,20.0,8.0,255.0,-1.0,,,,,
npboost-few_shot-log_price-seed3,9ch4hibm,npboost,few_shot,3,rmse,0.1322713053361791,0.2735000221268264,0.140045189598674,0.2826395322851507,5287.631085157394,1.6545493602752686,1.4528484344482422,0.2720272028336779,,,,,9.478182517570914,9.451571597235676,0.2,0.0003600091192911,10.0,0.083744968684368,0.0,100.0,16.0,255.0,-1.0,,,,,
npboost-few_shot-log_price-seed3,9t20hhop,npboost,few_shot,3,rmse,0.1418340944789364,0.2925102805572254,0.1403320229318353,0.2903662281411744,8201.603332519531,2.615318298339844,2.4128565788269043,0.2807027009180925,,,,,9.51743836596362,9.483088053837212,0.2,0.000956484407922,10.0,0.0109977032995056,0.0,100.0,4.0,255.0,-1.0,,,,,
npboost-few_shot-log_price-seed3,a64wg2g0,npboost,few_shot,3,rmse,0.1417313343606941,0.2900777617653798,0.1482695746254918,0.2946707410601871,9865.773576259611,2.4832763671875,2.322244644165039,0.2849325320698032,,,,,9.397771328795804,9.374169373831949,0.2,0.0001496922341954,10.0,0.0831211929407696,1.0,1000.0,4.0,255.0,-1.0,,,,,
npboost-few_shot-log_price-seed3,c3i4ln1i,npboost,few_shot,3,rmse,0.1363659330010797,0.2870342191208073,0.1394049571036228,0.2878755153832411,5111.671974182129,1.5955259799957275,1.2531354427337646,0.2759897092753674,,,,,9.353400474272837,9.27815473200012,0.0,0.0004242243954166,10.0,0.5800570688908553,1.0,20.0,4.0,255.0,-1.0,,,,,
npboost-few_shot-log_price-seed3,cqgsvhk2,npboost,few_shot,3,rmse,0.1409972639302417,0.2745637944819735,0.1468328567938133,0.2787906498498213,15100.71559715271,2.536174058914185,2.3850722312927246,0.2648209470962598,,,,,8.739313762157646,8.71783606516354,0.0,1.702035422361917e-05,20.0,0.0657821692431908,1.0,20.0,16.0,255.0,-1.0,,,,,
npboost-few_shot-log_price-seed3,d4t4f32r,npboost,few_shot,3,rmse,0.1391153387784396,0.2872565169639163,0.1364603366839229,0.284221672938434,7858.454042434692,1.332819938659668,1.1597087383270264,0.2721951911006923,,,,,9.582092302969636,9.516599203620336,0.0,0.0004548624208721,10.0,0.2953847324956156,0.0,20.0,4.0,255.0,-1.0,,,,,
npboost-few_shot-log_price-seed3,dh9pvbvz,npboost,few_shot,3,rmse,0.1873852519821523,0.3433122584974323,0.1867229629145852,0.3293330130384178,15193.806441307068,2.160630464553833,2.158890962600708,0.3163328278418325,,,,,9.10186867725749,9.029965077593324,0.2,2.017016316297149e-05,20.0,0.0582929613195039,1.0,1000.0,8.0,255.0,-1.0,,,,,
npboost-few_shot-log_price-seed3,djjylwth,npboost,few_shot,3,rmse,0.1690453536813278,0.3253263280974216,0.1489346973598759,0.2953820598295191,2273.485937595367,1.2486929893493652,1.0393719673156738,0.2900415108482465,,,,,9.14999635715046,9.084137241279686,0.0,0.0001721990923545,5.0,0.1380161223304589,0.0,1000.0,16.0,255.0,-1.0,,,,,
npboost-few_shot-log_price-seed3,dtt42ir4,npboost,few_shot,3,rmse,0.2190708037642141,0.3637229956839568,0.2143587170187087,0.3306825383087813,7951.411016225815,2.6355113983154297,2.583085775375366,0.329074637521734,,,,,7.860358539138804,7.811935540996845,0.2,1.5820851730418417e-05,5.0,0.0450196136386975,1.0,100.0,16.0,255.0,-1.0,,,,,
npboost-few_shot-log_price-seed3,dv8130ke,npboost,few_shot,3,rmse,0.1689096945055702,0.3198824405433066,0.1494045769139116,0.2859289033175911,3947.559621810913,2.833933115005493,2.422866106033325,0.2813387950680189,,,,,9.183611592987347,9.157965088089584,0.0,0.0001083323625032,10.0,0.1351582698334605,0.0,100.0,8.0,255.0,-1.0,,,,,
npboost-few_shot-log_price-seed3,elk4oste,npboost,few_shot,3,rmse,0.1456876288876847,0.2824365122010846,0.1589223320711284,0.3061183075493716,5688.7792847156525,1.5517001152038574,1.3428211212158203,0.2824216483063703,,,,,9.482178868226791,9.458528662801507,0.2,0.0001381635682257,10.0,0.0261669745608544,1.0,20.0,8.0,255.0,-1.0,,,,,
npboost-few_shot-log_price-seed3,ep51tgux,npboost,few_shot,3,rmse,0.1331185702722009,0.27192683201164,0.1373358546713974,0.2732033202461572,19677.874215841293,2.659174680709839,2.3194637298583984,0.2653935942070859,,,,,7.061976503895588,7.037025337251077,0.0,1.2904721633073898e-05,20.0,0.2325748079967941,0.0,100.0,8.0,255.0,-1.0,,,,,
npboost-few_shot-log_price-seed3,f0bdpp42,npboost,few_shot,3,rmse,0.1579932676798578,0.2877203786431974,0.1632779602396375,0.2872703816721132,9165.168942213058,1.9335403442382808,1.883387804031372,0.2756510619036194,,,,,7.360996022139021,7.356475931197939,0.0,3.1392574253118284e-05,5.0,0.1121865737283773,0.0,10.0,4.0,255.0,-1.0,,,,,
npboost-few_shot-log_price-seed3,i0nvdrk4,npboost,few_shot,3,rmse,0.1322583554005005,0.2826447276014628,0.1340266135373366,0.2810070537181149,12026.822668790815,2.335048198699951,2.3923182487487797,0.2793813356948118,,,,,9.508132182769634,9.47447461977808,0.2,0.0002563473332261,20.0,0.1427109105814198,1.0,1000.0,8.0,255.0,-1.0,,,,,
npboost-few_shot-log_price-seed3,i7kl7nir,npboost,few_shot,3,rmse,0.1415687911156593,0.2922681569818977,0.1332233543991982,0.2777557405495932,12338.477722883224,1.633648157119751,1.50663161277771,0.271721949660749,,,,,9.418482475966265,9.395312457969858,0.2,0.0001605191133358,20.0,0.0750195444362012,1.0,20.0,4.0,255.0,-1.0,,,,,
npboost-few_shot-log_price-seed3,ilim50lx,npboost,few_shot,3,rmse,0.1391802778538148,0.2898634955579806,0.1512485309366499,0.3029215480337012,5321.392082929611,2.623684883117676,2.1825382709503174,0.2850128976078498,,,,,9.515118608712882,9.479626824589351,0.2,0.0008392140711648,5.0,0.0107859712708854,0.0,10.0,8.0,255.0,-1.0,,,,,
npboost-few_shot-log_price-seed3,ivg5oaug,npboost,few_shot,3,rmse,0.181145607365559,0.3355375083995913,0.1671292299284368,0.2996801707809243,9622.201976299286,2.3690502643585205,2.304962635040283,0.2854969871383521,,,,,7.335432312193019,7.259125235314072,0.2,2.9067203620664195e-05,5.0,0.1823458458254781,0.0,10.0,8.0,255.0,-1.0,,,,,
npboost-few_shot-log_price-seed3,pjs5f4jp,npboost,few_shot,3,rmse,0.165626431129351,0.3028729826845427,0.1642952259213104,0.2939041078925778,6364.241274595261,2.5763256549835205,2.380448818206787,0.2872875586361947,,,,,9.19188656906654,9.148710344880852,0.2,0.0001181285816262,5.0,0.0610030224551816,0.0,10.0,8.0,255.0,-1.0,,,,,
npboost-few_shot-log_price-seed3,rm2gogy5,npboost,few_shot,3,rmse,0.2422479151862416,0.3634368267545845,0.240083527248143,0.3368436928991261,4418.204392194748,1.428400993347168,1.595980882644653,0.3419482104876897,,,,,8.011144892366168,7.509422698656687,0.2,1.090384328196852e-05,5.0,0.7717846862118062,0.0,20.0,4.0,255.0,-1.0,,,,,
npboost-few_shot-log_price-seed3,rmr4g9g3,npboost,few_shot,3,rmse,0.1403606181406163,0.2869006888173288,0.1426035642285273,0.2872978565458464,8866.705064535141,2.579975843429565,2.5127627849578857,0.2782093652240536,,,,,9.491223289335013,9.459186426773092,0.2,0.0003013710908533,5.0,0.0130634630331783,0.0,10.0,8.0,255.0,-1.0,,,,,
npboost-few_shot-log_price-seed3,tj3ho7zm,npboost,few_shot,3,rmse,0.1363400455255481,0.2779425883021101,0.1382689493912113,0.2758179849740534,3973.658725500107,1.3678641319274902,1.4447779655456543,0.27073093384405,,,,,9.243165497886512,9.185897142375884,0.2,0.0004385170256085,10.0,0.8972612866432508,1.0,20.0,8.0,255.0,-1.0,,,,,
npboost-few_shot-log_price-seed3,ucwwfsed,npboost,few_shot,3,rmse,0.1511095569996232,0.2924098871911271,0.149150341353117,0.281396157747062,9788.69265127182,2.281461000442505,1.9378199577331543,0.2650858008534468,,,,,8.912814305122737,8.93230554801248,0.2,0.0001082971516786,10.0,0.2589103504433043,0.0,20.0,16.0,255.0,-1.0,,,,,
npboost-few_shot-log_price-seed3,wfgz1dsg,npboost,few_shot,3,rmse,0.1333339465432975,0.2739095362059059,0.1399106138120428,0.2804906868691372,8636.855259656906,2.746667623519897,2.3968331813812256,0.2737588610579786,,,,,9.487328258270455,9.463720143531631,0.2,0.0002371245680478,10.0,0.0322020325894309,1.0,100.0,16.0,255.0,-1.0,,,,,
npboost-few_shot-log_price-seed3,wumhkudd,npboost,few_shot,3,rmse,0.1436707620626855,0.2966513321700456,0.1396224972707596,0.2872980384807951,6237.694626331329,2.439058780670166,2.363711357116699,0.2776213924042811,,,,,9.52769781243513,9.49138308437996,0.0,0.0002507518284371,10.0,0.0302023368339538,1.0,10.0,8.0,255.0,-1.0,,,,,
npboost-few_shot-log_price-seed3,xd25zdup,npboost,few_shot,3,rmse,0.1433091312742611,0.2836698466511527,0.1439500678876017,0.285091617843412,6998.814249277115,2.181869983673096,1.84161376953125,0.2760208475485572,,,,,9.091508415200463,9.06217704147546,0.0,7.917412954846521e-05,10.0,0.1011064623519062,0.0,20.0,8.0,255.0,-1.0,,,,,
npboost-few_shot-log_price-seed3,xuyr6956,npboost,few_shot,3,rmse,0.1408230227023892,0.2811358598529455,0.1500560739914278,0.289630984833121,14103.361305475237,2.791938066482544,2.760097980499268,0.2790331927631662,,,,,9.241306721650853,9.20930887814855,0.0,1.5865500409725956e-05,20.0,0.019901994840577,0.0,100.0,4.0,255.0,-1.0,,,,,
npboost-few_shot-log_price-seed3,y26wbvtv,npboost,few_shot,3,rmse,0.1985410208057657,0.3663776432261695,0.1801008964825731,0.3146987990930867,6648.999675989151,2.821673393249512,2.465726613998413,0.3007002266349276,,,,,8.96002223444531,8.917498967437126,0.2,5.4597054376998136e-05,10.0,0.1053508308667582,0.0,20.0,4.0,255.0,-1.0,,,,,
npboost-few_shot-log_price-seed4,05j62nh7,npboost,few_shot,4,rmse,0.1311819448229972,0.2606267916717582,0.1331317581654463,0.2657385518585488,6544.632605552673,2.4846982955932617,2.792865514755249,0.2544950255822524,,,,,9.289156405053133,9.363310380203282,0.0,0.0004242243954166,10.0,0.5800570688908553,1.0,20.0,4.0,255.0,-1.0,,,,,
npboost-few_shot-log_price-seed4,0t5x61hx,npboost,few_shot,4,rmse,0.1350835739628652,0.2671731932601401,0.1258116380956429,0.2532532874341379,8234.490733146667,2.533149242401123,2.483978033065796,0.2492215650700991,,,,,9.161876659994624,9.227883033304328,0.2,0.0004385170256085,10.0,0.8972612866432508,1.0,20.0,8.0,255.0,-1.0,,,,,
npboost-few_shot-log_price-seed4,1x7fzqf4,npboost,few_shot,4,rmse,0.1556459832459353,0.2770308900729586,0.1686912309134801,0.3028107955721054,8503.50513100624,2.406977415084839,2.5732500553131104,0.2726741336604158,,,,,8.930157804125175,9.049096520414317,0.2,5.4597054376998136e-05,10.0,0.1053508308667582,0.0,20.0,4.0,255.0,-1.0,,,,,
npboost-few_shot-log_price-seed4,27px36zr,npboost,few_shot,4,rmse,0.1316747580753283,0.267080222890417,0.1332683148930314,0.2696455769215009,5150.9265241622925,2.5090255737304688,2.7347209453582764,0.2582871124918569,,,,,9.067270856877672,9.183116010320967,0.0,0.0001721990923545,5.0,0.1380161223304589,0.0,1000.0,16.0,255.0,-1.0,,,,,
npboost-few_shot-log_price-seed4,2f3n69ky,npboost,few_shot,4,rmse,0.1232427280806423,0.2438266446711141,0.1287612773057463,0.2543058151868463,17508.57565188408,1.9356825351715088,2.101233720779419,0.2399806584118666,,,,,5.843485195188256,5.930982786705075,0.0,1.8406671834517417e-05,10.0,0.3476654204795515,0.0,20.0,8.0,255.0,-1.0,,,,,
npboost-few_shot-log_price-seed4,2ht05fec,npboost,few_shot,4,rmse,0.1683850465731674,0.2942687202024399,0.1818693932309251,0.281473035060553,8716.305317640305,2.0855870246887207,2.681285858154297,0.2659984642294586,,,,,9.194218722341214,9.320598087500477,0.0,1.5865500409725956e-05,20.0,0.019901994840577,0.0,100.0,4.0,255.0,-1.0,,,,,
npboost-few_shot-log_price-seed4,3avqyv09,npboost,few_shot,4,rmse,0.1302152276307009,0.2653927635180073,0.1351765058250187,0.2753383330088896,7266.408694028854,2.6259586811065674,2.467773675918579,0.2614034387312381,,,,,9.485308606974291,9.612992955628847,0.2,0.000956484407922,10.0,0.0109977032995056,0.0,100.0,4.0,255.0,-1.0,,,,,
npboost-few_shot-log_price-seed4,3d2z266i,npboost,few_shot,4,rmse,0.2590845421726784,0.4269727110861238,0.2367248332494538,0.3471937887615751,4412.980828046799,1.5270771980285645,1.5793261528015137,0.386307371683804,,,,,7.808733219780705,7.880552218674938,0.2,1.5820851730418417e-05,5.0,0.0450196136386975,1.0,100.0,16.0,255.0,-1.0,,,,,
npboost-few_shot-log_price-seed4,3fbye7dh,npboost,few_shot,4,rmse,0.139263286938828,0.2598189026117232,0.137052904787965,0.2513437490830494,6306.426103591919,1.4917237758636477,1.5655858516693115,0.2492022794051345,,,,,8.842864691912514,9.044295301068654,0.2,0.0001082971516786,10.0,0.2589103504433043,0.0,20.0,16.0,255.0,-1.0,,,,,
npboost-few_shot-log_price-seed4,3p1ptoeu,npboost,few_shot,4,rmse,0.1397512296880229,0.2748876288244365,0.1299653575231334,0.2638307283968299,7105.975346803665,2.222236633300781,2.3000564575195312,0.2556658485399309,,,,,9.066801480710984,9.184407669116396,0.0,0.0001083323625032,10.0,0.1351582698334605,0.0,100.0,8.0,255.0,-1.0,,,,,
npboost-few_shot-log_price-seed4,7kinloua,npboost,few_shot,4,rmse,0.1869159042701292,0.320506573485617,0.1932957758869562,0.3212986148065354,5991.872854471207,2.3527824878692627,2.3095457553863525,0.3089083255279871,,,,,7.172602901178092,7.259698172276765,0.2,2.9067203620664195e-05,5.0,0.1823458458254781,0.0,10.0,8.0,255.0,-1.0,,,,,
npboost-few_shot-log_price-seed4,7t61odv4,npboost,few_shot,4,rmse,0.1258173402105824,0.2621892877520649,0.1329750482895145,0.2717750303655895,9360.94306230545,1.4872868061065674,1.502535104751587,0.2565411821884111,,,,,9.486783020538232,9.614010065231728,0.2,0.0004276097878757,10.0,0.0133482983182945,0.0,100.0,4.0,255.0,-1.0,,,,,
npboost-few_shot-log_price-seed4,91qltp5t,npboost,few_shot,4,rmse,0.1592294605394427,0.2832174390990121,0.1755169803112316,0.3161516396974214,13717.237584114077,1.1264252662658691,1.293379306793213,0.2800324179601453,,,,,9.028398364226032,9.154173125633095,0.2,2.017016316297149e-05,20.0,0.0582929613195039,1.0,1000.0,8.0,255.0,-1.0,,,,,
npboost-few_shot-log_price-seed4,95mduhwa,npboost,few_shot,4,rmse,0.2606171809957268,0.3907769313277264,0.2525160947672442,0.3473074214150241,4538.416701555252,2.580416440963745,2.7697689533233643,0.3693948982598317,,,,,7.759895147153077,7.38526713556151,0.2,1.090384328196852e-05,5.0,0.7717846862118062,0.0,20.0,4.0,255.0,-1.0,,,,,
npboost-few_shot-log_price-seed4,cqf5ao9o,npboost,few_shot,4,rmse,0.1234020883045839,0.2580765141332852,0.1311124589561212,0.269639060149136,19043.165642499924,2.302011489868164,2.7109193801879883,0.2547348682721161,,,,,9.426986690657628,9.549960472620072,0.2,0.0002563473332261,20.0,0.1427109105814198,1.0,1000.0,8.0,255.0,-1.0,,,,,
npboost-few_shot-log_price-seed4,cy42lf78,npboost,few_shot,4,rmse,0.1437122944767555,0.2748047465112918,0.1463557010335532,0.2775663673609612,8262.942074775696,2.0956156253814697,2.168567180633545,0.2665907223793602,,,,,9.407523672992166,9.53850196395776,0.2,0.0001496922341954,10.0,0.0831211929407696,1.0,1000.0,4.0,255.0,-1.0,,,,,
npboost-few_shot-log_price-seed4,duhbg81o,npboost,few_shot,4,rmse,0.1268782121947642,0.2603025285130581,0.1338380396198385,0.2621255328208763,6533.721520900726,2.630209922790528,2.46264386177063,0.2541507646428961,,,,,9.416277039945944,9.561162472301776,0.2,0.0003600091192911,10.0,0.083744968684368,0.0,100.0,16.0,255.0,-1.0,,,,,
npboost-few_shot-log_price-seed4,eiyze1e7,npboost,few_shot,4,rmse,0.1368322385830825,0.2649442343205865,0.1426178589697567,0.2692363974634074,6006.773779392242,2.415583610534668,2.650176763534546,0.258122433317663,,,,,9.468222172544802,9.599877496751434,0.2,0.0002371245680478,10.0,0.0322020325894309,1.0,100.0,16.0,255.0,-1.0,,,,,
npboost-few_shot-log_price-seed4,elxso7l7,npboost,few_shot,4,rmse,0.1444612821032491,0.2577916021803332,0.1536420399415297,0.268202611034439,4695.999398231506,0.9761860370635986,0.9428794384002686,0.2561400623222714,,,,,7.381539029683199,7.50087380468139,0.0,3.1392574253118284e-05,5.0,0.1121865737283773,0.0,10.0,4.0,255.0,-1.0,,,,,
npboost-few_shot-log_price-seed4,fhq2kreh,npboost,few_shot,4,rmse,0.133940120225542,0.2611129769733453,0.1405751803935195,0.2725621482449101,10204.25890994072,2.6631360054016118,2.3784632682800293,0.2587070996770619,,,,,9.429306482294468,9.562530492374618,0.2,0.0001381635682257,10.0,0.0261669745608544,1.0,20.0,8.0,255.0,-1.0,,,,,
npboost-few_shot-log_price-seed4,fqhp78wv,npboost,few_shot,4,rmse,0.1272681127505356,0.2628963736976185,0.134214278700888,0.2715861977304243,5370.349232435226,2.265071153640747,2.23610782623291,0.2575567960194014,,,,,9.46420857312513,9.633620057282494,0.0,0.0004548624208721,10.0,0.2953847324956156,0.0,20.0,4.0,255.0,-1.0,,,,,
npboost-few_shot-log_price-seed4,gwevz9yk,npboost,few_shot,4,rmse,0.1364014241802558,0.2723936034101485,0.1368778023256448,0.2759560446080221,5611.332058906555,2.2961597442626958,2.3708746433258057,0.2605634996872212,,,,,9.479825949513415,9.609240172471493,0.2,0.0008392140711648,5.0,0.0107859712708854,0.0,10.0,8.0,255.0,-1.0,,,,,
npboost-few_shot-log_price-seed4,h27hndrz,npboost,few_shot,4,rmse,0.1461001541641321,0.2831414308838716,0.1578989626062447,0.2754772701010118,2854.589846611023,1.317004919052124,1.349365234375,0.2622651073063505,,,,,8.95286521547404,9.128317361477928,0.0,7.917412954846521e-05,10.0,0.1011064623519062,0.0,20.0,8.0,255.0,-1.0,,,,,
npboost-few_shot-log_price-seed4,j89oqht6,npboost,few_shot,4,rmse,0.1262518709429194,0.2531588896942677,0.1291364055953857,0.2582658119932133,22287.69787287712,1.852312088012695,2.3425939083099365,0.2490901399195416,,,,,7.01318178478436,7.116327075960287,0.0,1.2904721633073898e-05,20.0,0.2325748079967941,0.0,100.0,8.0,255.0,-1.0,,,,,
npboost-few_shot-log_price-seed4,ks8f83wx,npboost,few_shot,4,rmse,0.142069340006689,0.2870522412703684,0.1340430461991368,0.2761144032998495,8997.205090999603,2.386089563369751,2.268438577651977,0.2608347338433516,,,,,9.491081411141163,9.6172811221043,0.0,0.0002780425090632,10.0,0.0105542692281163,1.0,20.0,8.0,255.0,-1.0,,,,,
npboost-few_shot-log_price-seed4,mcld39ep,npboost,few_shot,4,rmse,0.1295367582326524,0.2562407424237047,0.1329221226801601,0.2590239092925792,12980.672382831572,1.547010898590088,1.6377229690551758,0.2468898480083407,,,,,8.688256997607017,8.803638830476963,0.0,1.702035422361917e-05,20.0,0.0657821692431908,1.0,20.0,16.0,255.0,-1.0,,,,,
npboost-few_shot-log_price-seed4,nww3pbpm,npboost,few_shot,4,rmse,0.1426449210590191,0.2819207647291021,0.1319226892237986,0.271336056147327,5136.335361242294,1.7457597255706787,1.5931081771850586,0.2591852431115993,,,,,9.49311547422414,9.62338100730478,0.0,0.0002507518284371,10.0,0.0302023368339538,1.0,10.0,8.0,255.0,-1.0,,,,,
npboost-few_shot-log_price-seed4,pfazbae9,npboost,few_shot,4,rmse,0.143529636029447,0.2664811340612933,0.141815342091701,0.2632074564696923,10623.35460782051,1.7504379749298096,1.9750444889068604,0.256689792194695,,,,,9.037736033584382,9.194953635507735,0.2,0.0001181285816262,5.0,0.0610030224551816,0.0,10.0,8.0,255.0,-1.0,,,,,
npboost-few_shot-log_price-seed4,r5c3i33i,npboost,few_shot,4,rmse,0.2768592814649089,0.4362243643650222,0.2562378157726326,0.3581338836273189,3962.79332947731,2.510916948318481,2.602968454360962,0.3922293604461336,,,,,6.7274664180116375,6.743591307968687,0.2,1.343677338411072e-05,5.0,0.1113002415673063,1.0,10.0,4.0,255.0,-1.0,,,,,
npboost-few_shot-log_price-seed4,tqdhxn61,npboost,few_shot,4,rmse,0.1287677791413296,0.2618209756638998,0.133143155133955,0.2682928813934424,10324.521978616714,2.3411831855773926,2.34969711303711,0.2558499335818912,,,,,9.45210020139326,9.58240658770599,0.2,0.0003013710908533,5.0,0.0130634630331783,0.0,10.0,8.0,255.0,-1.0,,,,,
npboost-few_shot-log_price-seed4,vb4iv3bs,npboost,few_shot,4,rmse,0.14506852310695,0.2589308299372066,0.1533656585218495,0.2606151815543617,4259.8924036026,1.368194580078125,1.352992057800293,0.2550995068128405,,,,,4.609751036309332,4.883954333513516,0.0,3.9184339457363744e-05,5.0,0.7978205565731539,1.0,100.0,16.0,255.0,-1.0,,,,,
npboost-few_shot-log_price-seed4,wl7igrj9,npboost,few_shot,4,rmse,0.1255493155758032,0.2562727133568196,0.1305121071408509,0.2669510728748013,14765.33018898964,2.35579252243042,2.6339588165283203,0.253561280661254,,,,,9.388790846650569,9.520329852369583,0.2,0.0001605191133358,20.0,0.0750195444362012,1.0,20.0,4.0,255.0,-1.0,,,,,
anpboost-in_context-log_price-seed0,07dj59no,anpboost,in_context,0,rmse,0.1767904049725389,0.3289166230269628,0.1602586917910714,0.2972486552282955,13481.43381881714,21.24699330329895,21.360016107559204,0.2938184731261325,,,,,8.839143793104665,9.004124548263936,0.2,2.017016316297149e-05,20.0,0.0582929613195039,1.0,1000.0,8.0,255.0,-1.0,,,,,
anpboost-in_context-log_price-seed0,1uh01qln,anpboost,in_context,0,rmse,0.130853501153326,0.2736693557903659,0.1315049641148978,0.2730252674796848,15578.833086252213,10.674185276031494,10.854223489761353,0.2664383640304585,,,,,9.342598668870991,9.341624115262947,0.0,1.5865500409725956e-05,20.0,0.019901994840577,0.0,100.0,4.0,255.0,-1.0,,,,,
anpboost-in_context-log_price-seed0,1utfhvm5,anpboost,in_context,0,rmse,0.1234356455708042,0.2599825226237179,0.1230881039122255,0.2629736731895896,14820.45929288864,10.209006309509276,11.341529607772827,0.2571731176901495,,,,,9.352704592767878,9.356922184716405,0.2,0.0001381635682257,10.0,0.0261669745608544,1.0,20.0,8.0,255.0,-1.0,,,,,
anpboost-in_context-log_price-seed0,1wkcfeoi,anpboost,in_context,0,rmse,0.1572805189720107,0.318504183995001,0.1214572487420204,0.2630109058664511,6569.208384752274,11.257872819900513,11.743994951248167,0.2571026997148304,,,,,9.352800764491736,9.38946374224171,0.0,0.0004242243954166,10.0,0.5800570688908553,1.0,20.0,4.0,255.0,-1.0,,,,,
anpboost-in_context-log_price-seed0,42bmy4vl,anpboost,in_context,0,rmse,0.1279673651768827,0.2659899629155047,0.1252367603934937,0.2625625635302828,20868.163143396378,11.57986855506897,10.032027244567873,0.2580075428526505,,,,,7.226689554686531,7.224464057228213,0.0,1.2904721633073898e-05,20.0,0.2325748079967941,0.0,100.0,8.0,255.0,-1.0,,,,,
anpboost-in_context-log_price-seed0,4ea1w8wc,anpboost,in_context,0,rmse,0.1675687740938536,0.2963093478199101,0.1717847245437313,0.2762133590868083,4852.990713119507,11.639892578125,11.316394567489624,0.2718918262637519,,,,,5.930805564526093,6.227079085755837,0.2,2.9067203620664195e-05,5.0,0.1823458458254781,0.0,10.0,8.0,255.0,-1.0,,,,,
anpboost-in_context-log_price-seed0,6yzndq29,anpboost,in_context,0,rmse,0.1369925227526614,0.2802903159323668,0.127964638520325,0.2748345196848444,6301.740025758743,10.779664993286133,11.20525884628296,0.2673717097925841,,,,,9.56888431328249,9.572126749435576,0.2,0.0008392140711648,5.0,0.0107859712708854,0.0,10.0,8.0,255.0,-1.0,,,,,
anpboost-in_context-log_price-seed0,94ru8dss,anpboost,in_context,0,rmse,0.1177273582799939,0.2583207782951868,0.1194654654418588,0.2612053504113004,11590.254032611849,11.387428998947144,11.506057024002075,0.2544307776059212,,,,,9.414350681727054,9.421851939791267,0.2,0.0003600091192911,10.0,0.083744968684368,0.0,100.0,16.0,255.0,-1.0,,,,,
anpboost-in_context-log_price-seed0,adhsdhdm,anpboost,in_context,0,rmse,0.1283753084072781,0.2659520929066252,0.1376482124035607,0.2701976456934729,5542.668128490448,11.782974004745483,11.441235303878784,0.2649289649122719,,,,,9.248196766161024,9.22950667300708,0.0,7.917412954846521e-05,10.0,0.1011064623519062,0.0,20.0,8.0,255.0,-1.0,,,,,
anpboost-in_context-log_price-seed0,c7i0b0la,anpboost,in_context,0,rmse,0.122199044233817,0.2604305764983541,0.1230170466747016,0.2653834290766065,12264.79848575592,11.233689546585085,11.05055856704712,0.2583822547632353,,,,,9.531615397272498,9.53535286843649,0.2,0.0003013710908533,5.0,0.0130634630331783,0.0,10.0,8.0,255.0,-1.0,,,,,
anpboost-in_context-log_price-seed0,cb9j1g6k,anpboost,in_context,0,rmse,0.2271712633036383,0.2956389112543129,0.2421650564067116,0.296585994063327,2996.61149263382,10.214452028274536,11.320693731307983,0.2915700420103655,,,,,2.883585947327556,4.707153006117267,0.2,1.090384328196852e-05,5.0,0.7717846862118062,0.0,20.0,4.0,255.0,-1.0,,,,,
anpboost-in_context-log_price-seed0,irbriofu,anpboost,in_context,0,rmse,0.127766554496583,0.2641585006592828,0.1322192367286437,0.2631170204650533,13913.654702425005,10.599210500717165,10.2300066947937,0.2620839321732356,,,,,7.618344398295352,7.608100871088572,0.0,3.1392574253118284e-05,5.0,0.1121865737283773,0.0,10.0,4.0,255.0,-1.0,,,,,
anpboost-in_context-log_price-seed0,iu7g7d1i,anpboost,in_context,0,rmse,0.169326382289904,0.311491384380409,0.1552676780174786,0.2821441942944254,3446.88365650177,10.345749378204346,10.41288709640503,0.2787952395033463,,,,,9.190574123010888,9.267093459329953,0.2,0.0001181285816262,5.0,0.0610030224551816,0.0,10.0,8.0,255.0,-1.0,,,,,
anpboost-in_context-log_price-seed0,k1jhjizi,anpboost,in_context,0,rmse,0.126763905238743,0.2806846631135852,0.1237832050692176,0.2654030474781664,5126.2929491996765,11.065455198287964,11.275195598602297,0.2595989632129175,,,,,9.71649532148318,9.70575371414306,0.0,0.0004548624208721,10.0,0.2953847324956156,0.0,20.0,4.0,255.0,-1.0,,,,,
anpboost-in_context-log_price-seed0,kr627d4h,anpboost,in_context,0,rmse,0.1211771175749319,0.2677040143169644,0.1241921729413325,0.2758884078364962,15904.567062139511,10.830585241317747,11.163471937179564,0.2659763890557083,,,,,9.382652153993046,9.392103296984272,0.2,0.0002563473332261,20.0,0.1427109105814198,1.0,1000.0,8.0,255.0,-1.0,,,,,
anpboost-in_context-log_price-seed0,kt04iem5,anpboost,in_context,0,rmse,0.1166994569658537,0.2566106727618403,0.1199771391751443,0.2625148968652684,16092.869244098663,11.33763313293457,11.706524133682253,0.2550134675177459,,,,,9.51207313416606,9.515937476275417,0.2,0.0002371245680478,10.0,0.0322020325894309,1.0,100.0,16.0,255.0,-1.0,,,,,
anpboost-in_context-log_price-seed0,lzvxvks2,anpboost,in_context,0,rmse,0.1243571849794021,0.2583858750560849,0.1296774391738487,0.2606431824120463,12935.219323158264,8.21163558959961,8.066251039505005,0.2546080668168838,,,,,8.931131968946573,8.936087880594895,0.0,1.702035422361917e-05,20.0,0.0657821692431908,1.0,20.0,16.0,255.0,-1.0,,,,,
anpboost-in_context-log_price-seed0,n2ms1hyx,anpboost,in_context,0,rmse,0.1244242143066053,0.265909883686304,0.1256270992614658,0.2698677021121451,13878.298331737518,11.230928659439089,11.272879123687744,0.2619651407858087,,,,,9.330783130689824,9.341302902201685,0.2,0.0001605191133358,20.0,0.0750195444362012,1.0,20.0,4.0,255.0,-1.0,,,,,
anpboost-in_context-log_price-seed0,njcefjuz,anpboost,in_context,0,rmse,0.1573253318800028,0.2956967377876011,0.1600756007833996,0.290871121125871,5121.780699729919,10.960699081420898,11.448652267456056,0.288504689520316,,,,,8.797987219281033,9.005919839471842,0.2,5.4597054376998136e-05,10.0,0.1053508308667582,0.0,20.0,4.0,255.0,-1.0,,,,,
anpboost-in_context-log_price-seed0,nn2t8rhi,anpboost,in_context,0,rmse,0.136037309290999,0.2776978739497515,0.1323018592742354,0.2730655234077072,4689.621739625931,11.802223443984984,11.294244527816772,0.2651550905034045,,,,,9.356681935097466,9.344175509716552,0.0,0.0001083323625032,10.0,0.1351582698334605,0.0,100.0,8.0,255.0,-1.0,,,,,
anpboost-in_context-log_price-seed0,nzgxln8y,anpboost,in_context,0,rmse,0.1239761419087052,0.2681851513418292,0.1275238769948161,0.2746082519009341,9040.182188034058,8.916212797164917,9.800702810287476,0.2676005775353428,,,,,9.573857400257356,9.576600939170874,0.2,0.0004276097878757,10.0,0.0133482983182945,0.0,100.0,4.0,255.0,-1.0,,,,,
anpboost-in_context-log_price-seed0,q7fbk3ru,anpboost,in_context,0,rmse,0.137129093174707,0.270494359233328,0.1382308811782189,0.2707261400088377,6737.099308729172,13.568641662597656,13.886384963989258,0.2649248390422737,,,,,8.084991923720628,8.428308617256457,0.2,0.0001082971516786,10.0,0.2589103504433043,0.0,20.0,16.0,255.0,-1.0,,,,,
anpboost-in_context-log_price-seed0,rk017619,anpboost,in_context,0,rmse,0.1258851372258381,0.2755528667034936,0.1251121332137116,0.2718089596887567,6784.5656361579895,11.452793598175049,11.040600061416626,0.2676263630819096,,,,,9.590005089277122,9.592492227054906,0.0,0.0002780425090632,10.0,0.0105542692281163,1.0,20.0,8.0,255.0,-1.0,,,,,
anpboost-in_context-log_price-seed0,s0nj95mf,anpboost,in_context,0,rmse,0.1787428686147265,0.2888969361490342,0.1874087974129266,0.2885921386838249,7304.0532302856445,10.917949676513672,10.208980321884155,0.2831367368653213,,,,,6.094504327971214,6.2552528757339,0.2,1.343677338411072e-05,5.0,0.1113002415673063,1.0,10.0,4.0,255.0,-1.0,,,,,
anpboost-in_context-log_price-seed0,s2cau9we,anpboost,in_context,0,rmse,0.1194408599173872,0.2547871565518089,0.121287577858142,0.2592780138494522,10621.031455039978,10.461966276168823,11.649653911590576,0.2537005336388672,,,,,8.96818218073118,8.940636899764401,0.2,0.0004385170256085,10.0,0.8972612866432508,1.0,20.0,8.0,255.0,-1.0,,,,,
anpboost-in_context-log_price-seed0,t4ugkpsw,anpboost,in_context,0,rmse,0.180853052113874,0.315854023927766,0.1744582531275267,0.288476642690944,7915.716678857803,8.887335777282715,8.960084199905396,0.2858325711975864,,,,,7.82294241984365,7.87861771991076,0.2,1.5820851730418417e-05,5.0,0.0450196136386975,1.0,100.0,16.0,255.0,-1.0,,,,,
anpboost-in_context-log_price-seed0,vvglavq3,anpboost,in_context,0,rmse,0.1323069057985739,0.2839955701634542,0.1306926028865392,0.2822126666755381,7903.667195558548,11.160687923431396,11.289516925811768,0.276832404272107,,,,,9.58997665602046,9.593194463055026,0.2,0.000956484407922,10.0,0.0109977032995056,0.0,100.0,4.0,255.0,-1.0,,,,,
anpboost-in_context-log_price-seed0,xbmvds5u,anpboost,in_context,0,rmse,0.1232769172496113,0.2713999569952668,0.1270934915902102,0.273233094707834,15128.129513978958,10.888951063156128,10.723937749862673,0.2688699268258676,,,,,9.027156346870768,9.055355054930953,0.2,0.0001496922341954,10.0,0.0831211929407696,1.0,1000.0,4.0,255.0,-1.0,,,,,
anpboost-in_context-log_price-seed0,ya383scm,anpboost,in_context,0,rmse,0.1335619469563657,0.2578581318647358,0.1425191433844224,0.2611516538161181,8536.867422819138,12.541056156158447,13.848414182662964,0.2557368486636302,,,,,4.7505821907746455,4.532782241677128,0.0,3.9184339457363744e-05,5.0,0.7978205565731539,1.0,100.0,16.0,255.0,-1.0,,,,,
anpboost-in_context-log_price-seed0,ymunxuhg,anpboost,in_context,0,rmse,0.1389729134667914,0.2534909920472002,0.1546752972232802,0.2580867206232762,7418.042779684067,11.683600187301636,11.5447518825531,0.2530739163149733,,,,,5.948513857991475,5.905495526769559,0.0,1.8406671834517417e-05,10.0,0.3476654204795515,0.0,20.0,8.0,255.0,-1.0,,,,,
anpboost-in_context-log_price-seed0,youq4axb,anpboost,in_context,0,rmse,0.131326048169153,0.2788029411265345,0.125667186045848,0.2700055156125885,5759.684871673584,7.609010696411133,8.521367311477661,0.2639772759210393,,,,,9.597552149413309,9.600738631609644,0.0,0.0002507518284371,10.0,0.0302023368339538,1.0,10.0,8.0,255.0,-1.0,,,,,
anpboost-in_context-log_price-seed0,yt6g8e0n,anpboost,in_context,0,rmse,0.1216813515430202,0.2683848901164721,0.123722593433347,0.268833553125369,5685.344201564789,11.288851499557495,11.129597425460815,0.2631946292605657,,,,,9.41211773999428,9.401853153226844,0.0,0.0001721990923545,5.0,0.1380161223304589,0.0,1000.0,16.0,255.0,-1.0,,,,,
anpboost-in_context-log_price-seed1,1nio6jr7,anpboost,in_context,1,rmse,0.1640766911560442,0.3094246102231214,0.1616743073821047,0.2995549633559848,10625.660785198212,9.230831384658812,8.891309261322021,0.2996611426098868,,,,,8.946798059079459,9.10100100177828,0.2,2.017016316297149e-05,20.0,0.0582929613195039,1.0,1000.0,8.0,255.0,-1.0,,,,,
anpboost-in_context-log_price-seed1,2gqooqhm,anpboost,in_context,1,rmse,0.1264180050611996,0.2692305750809351,0.1253081535740265,0.2700280656882079,7211.938788890839,11.340706825256348,11.38329815864563,0.2658246265303943,,,,,9.582986960077978,9.582636733052174,0.2,0.0008392140711648,5.0,0.0107859712708854,0.0,10.0,8.0,255.0,-1.0,,,,,
anpboost-in_context-log_price-seed1,2h5j1qbk,anpboost,in_context,1,rmse,0.1221814318029229,0.2691705625717875,0.1213507123574885,0.2675372338020439,14431.877276182177,10.760744094848633,11.266232967376707,0.2656109887978557,,,,,9.351410773390729,9.37043262314789,0.2,0.0002563473332261,20.0,0.1427109105814198,1.0,1000.0,8.0,255.0,-1.0,,,,,
anpboost-in_context-log_price-seed1,4bsm9deb,anpboost,in_context,1,rmse,0.1211872123670472,0.2592672586189732,0.1215131932473711,0.2603857709055274,7782.854911804199,11.164244651794434,11.37408185005188,0.2547833883122589,,,,,9.360956321858584,9.377855868207346,0.2,0.0003600091192911,10.0,0.083744968684368,0.0,100.0,16.0,255.0,-1.0,,,,,
anpboost-in_context-log_price-seed1,5yrhz4az,anpboost,in_context,1,rmse,0.1263413641851618,0.2724408881585289,0.1233009857950577,0.2688813203904083,9341.716294765472,11.435896635055542,11.383615970611572,0.2676368671818764,,,,,9.574532010974336,9.575814013528712,0.2,0.0004276097878757,10.0,0.0133482983182945,0.0,100.0,4.0,255.0,-1.0,,,,,
anpboost-in_context-log_price-seed1,8pofd48m,anpboost,in_context,1,rmse,0.1656226452012822,0.3027890208105641,0.1575109585769105,0.2842081998261148,3079.2880413532257,10.709454774856567,11.37550950050354,0.2828936492363325,,,,,9.184272976047458,9.299511097220812,0.2,0.0001181285816262,5.0,0.0610030224551816,0.0,10.0,8.0,255.0,-1.0,,,,,
anpboost-in_context-log_price-seed1,9xvohag3,anpboost,in_context,1,rmse,0.1358224467134862,0.2776568480830996,0.1333149834072756,0.2772461773948113,3110.7744677066803,11.287979125976562,11.38733720779419,0.2721465083564942,,,,,9.195576764006663,9.18359185752492,0.0,0.0001721990923545,5.0,0.1380161223304589,0.0,1000.0,16.0,255.0,-1.0,,,,,
anpboost-in_context-log_price-seed1,ak2dowxd,anpboost,in_context,1,rmse,0.1209213588251412,0.2635798871382386,0.1211303134575688,0.2659275559751334,16631.753479719162,11.977957487106323,11.4595148563385,0.2616086937877631,,,,,9.324053923395605,9.332249764228564,0.2,0.0001605191133358,20.0,0.0750195444362012,1.0,20.0,4.0,255.0,-1.0,,,,,
anpboost-in_context-log_price-seed1,c9r8cnrn,anpboost,in_context,1,rmse,0.1494597778333287,0.2898019963321515,0.1411340632383788,0.2721282646228637,5516.665676832199,11.147883415222168,10.957077503204346,0.2717556875089105,,,,,9.41996010150615,9.463938719793717,0.2,0.0001381635682257,10.0,0.0261669745608544,1.0,20.0,8.0,255.0,-1.0,,,,,
anpboost-in_context-log_price-seed1,cibrnnos,anpboost,in_context,1,rmse,0.1307857329326046,0.2697608188951588,0.1230827431364953,0.2647261872569129,9817.078370332718,10.832734107971191,9.48023533821106,0.258737339187486,,,,,9.453514150195826,9.463113557339575,0.2,0.0002371245680478,10.0,0.0322020325894309,1.0,100.0,16.0,255.0,-1.0,,,,,
anpboost-in_context-log_price-seed1,f4to4bwb,anpboost,in_context,1,rmse,0.1763015896492443,0.2869303280457845,0.1837562644341778,0.2848954751172208,7479.447787046432,10.208461999893188,10.805439472198486,0.2845234605289199,,,,,6.373772340068909,6.52013606718756,0.2,1.343677338411072e-05,5.0,0.1113002415673063,1.0,10.0,4.0,255.0,-1.0,,,,,
anpboost-in_context-log_price-seed1,hdndop2d,anpboost,in_context,1,rmse,0.1241000253025295,0.2618969990146455,0.1250255671726536,0.2657861235676065,9367.783679246902,11.828035593032835,10.91999578475952,0.2613514331971456,,,,,9.527758383391628,9.529075203657827,0.2,0.0003013710908533,5.0,0.0130634630331783,0.0,10.0,8.0,255.0,-1.0,,,,,
anpboost-in_context-log_price-seed1,hgoq7sro,anpboost,in_context,1,rmse,0.1235109603794907,0.2591850701368471,0.1208893373759788,0.2613274325921139,5483.380843639374,10.53839111328125,11.46449089050293,0.258194049798662,,,,,9.66387396570252,9.632901878981272,0.0,0.0004242243954166,10.0,0.5800570688908553,1.0,20.0,4.0,255.0,-1.0,,,,,
anpboost-in_context-log_price-seed1,i5e0ox32,anpboost,in_context,1,rmse,0.1378163033808638,0.2769741786213508,0.1317214660786168,0.2673906299889635,4664.505534648895,9.032516956329346,9.338000535964966,0.2630242982245216,,,,,9.306169489696028,9.28393661009658,0.0,7.917412954846521e-05,10.0,0.1011064623519062,0.0,20.0,8.0,255.0,-1.0,,,,,
anpboost-in_context-log_price-seed1,jh5zjcuz,anpboost,in_context,1,rmse,0.1356580919111459,0.2877233998070067,0.1252618968017138,0.2752523630747591,9661.52181172371,10.900888204574583,10.984791994094849,0.2724270928414618,,,,,9.58954354345454,9.590268975762385,0.2,0.000956484407922,10.0,0.0109977032995056,0.0,100.0,4.0,255.0,-1.0,,,,,
anpboost-in_context-log_price-seed1,krqc9sbv,anpboost,in_context,1,rmse,0.1246461505272526,0.2677628827551137,0.1206202432551248,0.2636456578520566,7027.846833705902,10.71941614151001,11.286099910736084,0.2605473263185063,,,,,9.678669221670583,9.662025064844524,0.0,0.0004548624208721,10.0,0.2953847324956156,0.0,20.0,4.0,255.0,-1.0,,,,,
anpboost-in_context-log_price-seed1,m75lnvtr,anpboost,in_context,1,rmse,0.1282859203206067,0.2618541737356405,0.1343182288129261,0.2632412818841984,13416.66446185112,11.4736430644989,11.73379111289978,0.2582965752326671,,,,,7.285045024028454,7.306953852712925,0.0,1.2904721633073898e-05,20.0,0.2325748079967941,0.0,100.0,8.0,255.0,-1.0,,,,,
anpboost-in_context-log_price-seed1,owwt6aqo,anpboost,in_context,1,rmse,0.1308293780071733,0.2541471098321432,0.1387547817260498,0.2602293231274943,5058.758900642395,9.85447907447815,9.289289474487305,0.2534159595400283,,,,,4.122956016180789,4.2363476484712805,0.0,3.9184339457363744e-05,5.0,0.7978205565731539,1.0,100.0,16.0,255.0,-1.0,,,,,
anpboost-in_context-log_price-seed1,pp1d17m4,anpboost,in_context,1,rmse,0.1255216388622383,0.2695388591603438,0.1241924273887328,0.2676632052820449,9118.835042238235,11.426973581314089,11.597116470336914,0.2621931288757045,,,,,9.581675631972614,9.580891571079947,0.0,0.0002507518284371,10.0,0.0302023368339538,1.0,10.0,8.0,255.0,-1.0,,,,,
anpboost-in_context-log_price-seed1,pw6vrlm5,anpboost,in_context,1,rmse,0.1401385857157342,0.2776654941795328,0.1510927029919931,0.2739526825591327,9997.16382741928,10.949162244796751,10.957809448242188,0.269712034396823,,,,,9.358564848317036,9.358238142322367,0.0,1.5865500409725956e-05,20.0,0.019901994840577,0.0,100.0,4.0,255.0,-1.0,,,,,
anpboost-in_context-log_price-seed1,qx26z6vi,anpboost,in_context,1,rmse,0.1270878781105181,0.2715950814945316,0.1245664741627909,0.268846542922404,7161.468327045441,11.223373174667358,10.822611570358276,0.2664132482553169,,,,,9.597061989400698,9.595769231429085,0.0,0.0002780425090632,10.0,0.0105542692281163,1.0,20.0,8.0,255.0,-1.0,,,,,
anpboost-in_context-log_price-seed1,rhsd9689,anpboost,in_context,1,rmse,0.1685912496520172,0.3039377236084224,0.1619067009624781,0.2848526972571739,10250.676011800766,11.758264064788818,11.380819320678713,0.2839721971496451,,,,,7.777283706677016,7.842448941819703,0.2,1.5820851730418417e-05,5.0,0.0450196136386975,1.0,100.0,16.0,255.0,-1.0,,,,,
anpboost-in_context-log_price-seed1,rwr7lj5u,anpboost,in_context,1,rmse,0.1414524020335617,0.2761978290456839,0.1337893245833901,0.2647191128303602,7733.360155105591,5.203443765640259,5.129132986068726,0.2595853180281584,,,,,7.603537951914955,7.613869848533886,0.0,3.1392574253118284e-05,5.0,0.1121865737283773,0.0,10.0,4.0,255.0,-1.0,,,,,
anpboost-in_context-log_price-seed1,rzw7jew3,anpboost,in_context,1,rmse,0.1320310576244125,0.273030903194019,0.1288686885793736,0.2693128226076074,5543.703418970108,11.38772988319397,11.417736291885376,0.263259117785127,,,,,9.40117992183951,9.36944752542239,0.0,0.0001083323625032,10.0,0.1351582698334605,0.0,100.0,8.0,255.0,-1.0,,,,,
anpboost-in_context-log_price-seed1,s4tejr0d,anpboost,in_context,1,rmse,0.134536730608603,0.2638514915008301,0.1476365964865848,0.2619702420768167,9527.730674743652,8.889230012893677,9.016618490219116,0.2569818023426423,,,,,8.954361789923865,8.966987344348373,0.0,1.702035422361917e-05,20.0,0.0657821692431908,1.0,20.0,16.0,255.0,-1.0,,,,,
anpboost-in_context-log_price-seed1,sy8xymzr,anpboost,in_context,1,rmse,0.1295112744121552,0.2516557118586147,0.1385468976729162,0.254698563006167,8888.324637889862,10.524195909500122,11.324350118637083,0.2494560436122703,,,,,5.8901908321258345,5.929427104842945,0.0,1.8406671834517417e-05,10.0,0.3476654204795515,0.0,20.0,8.0,255.0,-1.0,,,,,
anpboost-in_context-log_price-seed1,tevp1be7,anpboost,in_context,1,rmse,0.2285897882743849,0.3065251440595922,0.2384733493943974,0.2931863656782817,3080.051546573639,11.32699489593506,11.006617784500122,0.291523457066506,,,,,2.993828313632745,4.80399875290093,0.2,1.090384328196852e-05,5.0,0.7717846862118062,0.0,20.0,4.0,255.0,-1.0,,,,,
anpboost-in_context-log_price-seed1,ubf3sffk,anpboost,in_context,1,rmse,0.1822524779467725,0.3193713197669271,0.1791939339422326,0.2820403430384758,4417.43280673027,11.618494510650637,11.478101015090942,0.2800879190191355,,,,,6.227799116941963,6.5486234525263605,0.2,2.9067203620664195e-05,5.0,0.1823458458254781,0.0,10.0,8.0,255.0,-1.0,,,,,
anpboost-in_context-log_price-seed1,v4fxgms3,anpboost,in_context,1,rmse,0.176112777595786,0.3282419056273988,0.1518012863337794,0.2866130371432506,6684.188166379929,11.726330280303957,10.977847814559937,0.2852124416377246,,,,,8.312039191971882,8.644077612708385,0.2,5.4597054376998136e-05,10.0,0.1053508308667582,0.0,20.0,4.0,255.0,-1.0,,,,,
anpboost-in_context-log_price-seed1,z5tjxh73,anpboost,in_context,1,rmse,0.1181250874751968,0.2525191301457598,0.1191166576010104,0.2577905821256983,12080.047872304916,10.812999963760376,10.246683359146118,0.2511539464275924,,,,,8.778397469197477,8.73867205547636,0.2,0.0004385170256085,10.0,0.8972612866432508,1.0,20.0,8.0,255.0,-1.0,,,,,
anpboost-in_context-log_price-seed1,z84jtkwg,anpboost,in_context,1,rmse,0.1329164433915844,0.2742989963276345,0.1330646606713666,0.2749180135689071,8583.866475343704,11.64973497390747,12.079153537750244,0.270278977172874,,,,,9.10314114591941,9.146543388166291,0.2,0.0001496922341954,10.0,0.0831211929407696,1.0,1000.0,4.0,255.0,-1.0,,,,,
anpboost-in_context-log_price-seed1,zh6vrdla,anpboost,in_context,1,rmse,0.1638066625522111,0.3063160106188271,0.149992005502439,0.2758765979861827,3712.43682718277,9.257933616638184,9.734655857086182,0.272856947767597,,,,,8.564862255828444,9.11103693472454,0.2,0.0001082971516786,10.0,0.2589103504433043,0.0,20.0,16.0,255.0,-1.0,,,,,
anpboost-in_context-log_price-seed2,08u2t92z,anpboost,in_context,2,rmse,0.123687246382206,0.2532193919150294,0.125803600977516,0.2642875229539838,8552.027693986893,5.3419928550720215,5.092434406280518,0.2491344744953309,,,,,6.028009029170077,6.056270249949501,0.0,1.8406671834517417e-05,10.0,0.3476654204795515,0.0,20.0,8.0,255.0,-1.0,,,,,
anpboost-in_context-log_price-seed2,0oqscjwn,anpboost,in_context,2,rmse,0.1340553985013151,0.2773761323484841,0.124690561376727,0.2786667300540176,4375.304692268372,4.800866365432739,5.034837245941162,0.2603713165460004,,,,,9.593581831936108,9.587226811568527,0.0,0.0002507518284371,10.0,0.0302023368339538,1.0,10.0,8.0,255.0,-1.0,,,,,
anpboost-in_context-log_price-seed2,43nnku5j,anpboost,in_context,2,rmse,0.1776330095185936,0.3236604098640965,0.1667662612381357,0.3017058664239407,2885.730872154236,5.590888261795044,5.89665412902832,0.2877999083358551,,,,,8.877214326965658,9.032001644971288,0.2,5.4597054376998136e-05,10.0,0.1053508308667582,0.0,20.0,4.0,255.0,-1.0,,,,,
anpboost-in_context-log_price-seed2,49aaiavd,anpboost,in_context,2,rmse,0.1208305954493928,0.2579357694478867,0.1219457643155466,0.2730518683210974,12040.250367879868,7.6133317947387695,7.671818494796753,0.2537146154507411,,,,,9.458162957221662,9.450487090963373,0.2,0.0002371245680478,10.0,0.0322020325894309,1.0,100.0,16.0,255.0,-1.0,,,,,
anpboost-in_context-log_price-seed2,9fa6jzcd,anpboost,in_context,2,rmse,0.1343386386109955,0.2848410333773377,0.125806052954679,0.2841079998450062,7200.036209106445,7.87135124206543,7.85789155960083,0.2626198357447876,,,,,9.596487179359254,9.58765553003386,0.0,0.0002780425090632,10.0,0.0105542692281163,1.0,20.0,8.0,255.0,-1.0,,,,,
anpboost-in_context-log_price-seed2,9rd3v42h,anpboost,in_context,2,rmse,0.1280736417350338,0.2751637906393733,0.1287289775760595,0.2765637788259883,4144.484445095062,7.621954441070557,6.490253448486328,0.2617608450445809,,,,,9.345242520244122,9.344244034055375,0.0,0.0001083323625032,10.0,0.1351582698334605,0.0,100.0,8.0,255.0,-1.0,,,,,
anpboost-in_context-log_price-seed2,a659hc6l,anpboost,in_context,2,rmse,0.1263696560546942,0.2623637510503395,0.1289764353831766,0.2791652458371604,8154.1685082912445,17.86747097969055,17.8388192653656,0.2597393308038625,,,,,9.532191242305888,9.528745133448895,0.2,0.0003013710908533,5.0,0.0130634630331783,0.0,10.0,8.0,255.0,-1.0,,,,,
anpboost-in_context-log_price-seed2,ayo45foi,anpboost,in_context,2,rmse,0.1228779992051192,0.2806805371510721,0.1247949383573854,0.2795260933995059,5618.72082901001,8.228490591049194,7.934941530227661,0.2589463609425845,,,,,9.22495107671491,9.17012572974147,0.0,0.0001721990923545,5.0,0.1380161223304589,0.0,1000.0,16.0,255.0,-1.0,,,,,
anpboost-in_context-log_price-seed2,c7tvy07r,anpboost,in_context,2,rmse,0.1372456252186363,0.2778744655276963,0.146596054284523,0.2820218501407576,9330.61133170128,7.756990432739258,7.85092306137085,0.2652656899248687,,,,,9.365742816547376,9.348757976418703,0.0,1.5865500409725956e-05,20.0,0.019901994840577,0.0,100.0,4.0,255.0,-1.0,,,,,
anpboost-in_context-log_price-seed2,gkmor068,anpboost,in_context,2,rmse,0.1268964239099616,0.2677666852438999,0.1222204928914136,0.2737404277902996,7025.779458284378,7.581230401992798,7.903069972991943,0.2558246587418475,,,,,9.726915820015288,9.54653370278321,0.0,0.0004242243954166,10.0,0.5800570688908553,1.0,20.0,4.0,255.0,-1.0,,,,,
anpboost-in_context-log_price-seed2,iirbrquj,anpboost,in_context,2,rmse,0.1400412401032079,0.294367322517158,0.1491424508541053,0.2775572823869303,2271.45152592659,4.258744716644287,4.039235353469849,0.2631776035905187,,,,,9.324867121991934,9.289418668685547,0.0,7.917412954846521e-05,10.0,0.1011064623519062,0.0,20.0,8.0,255.0,-1.0,,,,,
anpboost-in_context-log_price-seed2,itzl2f1b,anpboost,in_context,2,rmse,0.1226273167803,0.2547094152834634,0.1257607110415272,0.2680349289174908,9861.124105930328,4.24288272857666,4.308616399765015,0.2520222937479656,,,,,8.914163269981954,8.905425702632433,0.0,1.702035422361917e-05,20.0,0.0657821692431908,1.0,20.0,16.0,255.0,-1.0,,,,,
anpboost-in_context-log_price-seed2,iuzy01gd,anpboost,in_context,2,rmse,0.2355422667652617,0.3084645120767286,0.2476591223539472,0.3028278705584531,4568.332352399826,21.21758270263672,21.94316673278809,0.2899708460615051,,,,,3.153514488425433,4.966435042627927,0.2,1.090384328196852e-05,5.0,0.7717846862118062,0.0,20.0,4.0,255.0,-1.0,,,,,
anpboost-in_context-log_price-seed2,jh9dzqkh,anpboost,in_context,2,rmse,0.1564080665849597,0.2899511528366757,0.1548575563540528,0.2868100304550394,2013.191722869873,4.280176639556885,4.40687108039856,0.273604410857647,,,,,8.720305977031963,9.168406207881713,0.2,0.0001082971516786,10.0,0.2589103504433043,0.0,20.0,16.0,255.0,-1.0,,,,,
anpboost-in_context-log_price-seed2,mot1h8i3,anpboost,in_context,2,rmse,0.1158852267445069,0.2518290121421676,0.1198165945965959,0.2709488454143756,13557.9452791214,21.374785661697388,20.97573685646057,0.2516727587071131,,,,,9.44564261539848,9.44551543159796,0.2,0.0003600091192911,10.0,0.083744968684368,0.0,100.0,16.0,255.0,-1.0,,,,,
anpboost-in_context-log_price-seed2,nif5mdm9,anpboost,in_context,2,rmse,0.1257057906372951,0.2700759006872998,0.1268977027287809,0.2837614099584917,5916.725609064102,5.08568000793457,5.107455492019653,0.2637311913180739,,,,,9.58270083525596,9.573846898831944,0.2,0.0004276097878757,10.0,0.0133482983182945,0.0,100.0,4.0,255.0,-1.0,,,,,
anpboost-in_context-log_price-seed2,nsjxu8u6,anpboost,in_context,2,rmse,0.1587308159045341,0.2879859481017141,0.1580700824052715,0.2905780333607441,6466.91243314743,5.463699817657471,5.254515886306763,0.2764765245958479,,,,,7.828279359893115,7.873760336109504,0.2,1.5820851730418417e-05,5.0,0.0450196136386975,1.0,100.0,16.0,255.0,-1.0,,,,,
anpboost-in_context-log_price-seed2,ppt59ys4,anpboost,in_context,2,rmse,0.1225193318552484,0.2620927988123023,0.1229774171171744,0.2758932607023296,21046.42074584961,11.800091743469238,11.678680419921877,0.257142465570601,,,,,9.29927808167648,9.29913430859289,0.2,0.0001605191133358,20.0,0.0750195444362012,1.0,20.0,4.0,255.0,-1.0,,,,,
anpboost-in_context-log_price-seed2,pslypyv8,anpboost,in_context,2,rmse,0.1247782398396004,0.2563793965023516,0.1326562525510963,0.2714308188011147,9410.553553581238,5.02972674369812,4.974215269088745,0.2548948320574622,,,,,7.000153415130643,7.055610466239019,0.0,1.2904721633073898e-05,20.0,0.2325748079967941,0.0,100.0,8.0,255.0,-1.0,,,,,
anpboost-in_context-log_price-seed2,qx1h86v4,anpboost,in_context,2,rmse,0.1210688348192455,0.2631473407067305,0.1236313593022022,0.2808186829086334,13635.806565523148,7.9618871212005615,8.10790491104126,0.2606826142615053,,,,,9.370264271594548,9.365688272241046,0.2,0.0002563473332261,20.0,0.1427109105814198,1.0,1000.0,8.0,255.0,-1.0,,,,,
anpboost-in_context-log_price-seed2,srvndg0b,anpboost,in_context,2,rmse,0.1387851440300375,0.2620571046699727,0.1495418759148094,0.2760411913989852,8240.18303322792,13.51027250289917,13.427188634872437,0.2603257947942582,,,,,7.564418392519218,7.5807590660282145,0.0,3.1392574253118284e-05,5.0,0.1121865737283773,0.0,10.0,4.0,255.0,-1.0,,,,,
anpboost-in_context-log_price-seed2,uzuxjxdz,anpboost,in_context,2,rmse,0.1853114721638688,0.3181469332195916,0.1801860317217034,0.2999189906583643,7341.466566085815,8.460132598876953,8.449633121490479,0.2845674353437556,,,,,6.051974651553796,6.225478446813034,0.2,1.343677338411072e-05,5.0,0.1113002415673063,1.0,10.0,4.0,255.0,-1.0,,,,,
anpboost-in_context-log_price-seed2,v753gi1a,anpboost,in_context,2,rmse,0.1227242687947152,0.2636917962594439,0.1230260534801691,0.2707568012343555,8880.734804391861,8.609237909317017,8.43187403678894,0.2555798589717793,,,,,8.54795198015891,8.45543915497442,0.2,0.0004385170256085,10.0,0.8972612866432508,1.0,20.0,8.0,255.0,-1.0,,,,,
anpboost-in_context-log_price-seed2,vdo4ec0o,anpboost,in_context,2,rmse,0.1275148865290154,0.2751981632732453,0.1298594934708825,0.2908962646392274,10151.60262942314,17.83721423149109,18.389668226242065,0.2719849011645999,,,,,9.598354812286347,9.588497581972527,0.2,0.000956484407922,10.0,0.0109977032995056,0.0,100.0,4.0,255.0,-1.0,,,,,
anpboost-in_context-log_price-seed2,vtuvj0kv,anpboost,in_context,2,rmse,0.1301575866485357,0.2739354237825094,0.1244555936163227,0.2761731941762016,5823.5790383815765,7.56864857673645,7.457676410675049,0.2572641776359747,,,,,9.57725422990828,9.549474307026909,0.0,0.0004548624208721,10.0,0.2953847324956156,0.0,20.0,4.0,255.0,-1.0,,,,,
anpboost-in_context-log_price-seed2,vv7k8vzs,anpboost,in_context,2,rmse,0.1779181452188339,0.3262284800852273,0.1653712651713501,0.3083684760924937,7166.211139202118,14.190902471542358,14.274783372879028,0.2931021106901561,,,,,8.892906864661514,9.0317031191347,0.2,2.017016316297149e-05,20.0,0.0582929613195039,1.0,1000.0,8.0,255.0,-1.0,,,,,
anpboost-in_context-log_price-seed2,x175nrqq,anpboost,in_context,2,rmse,0.1250818120629789,0.2602344649464815,0.1269455210677783,0.2762405592296086,13438.96030497551,9.37571144104004,10.263776063919067,0.2578273132453711,,,,,9.435027802724434,9.43451325656162,0.2,0.0001381635682257,10.0,0.0261669745608544,1.0,20.0,8.0,255.0,-1.0,,,,,
anpboost-in_context-log_price-seed2,x1mzr0sh,anpboost,in_context,2,rmse,0.1709886339203948,0.3088721528736239,0.1678153221234599,0.2876983764455092,3752.5498344898224,6.3379387855529785,6.324537754058838,0.2751256189971311,,,,,5.779600954394474,6.12403304126138,0.2,2.9067203620664195e-05,5.0,0.1823458458254781,0.0,10.0,8.0,255.0,-1.0,,,,,
anpboost-in_context-log_price-seed2,xuacr62r,anpboost,in_context,2,rmse,0.1581444864903952,0.2579009962101141,0.1852625253607198,0.2705232480700266,1634.81800198555,4.501943111419678,4.339453220367432,0.2555595311071661,,,,,4.571397852921206,4.617073827630019,0.0,3.9184339457363744e-05,5.0,0.7978205565731539,1.0,100.0,16.0,255.0,-1.0,,,,,
anpboost-in_context-log_price-seed2,ymofbmep,anpboost,in_context,2,rmse,0.1453877763881697,0.2732138764794104,0.1502356772506313,0.2853436481947641,2401.178809642792,5.426649570465088,5.098630905151367,0.2710586167175424,,,,,9.07173051389179,9.194763535641046,0.2,0.0001181285816262,5.0,0.0610030224551816,0.0,10.0,8.0,255.0,-1.0,,,,,
anpboost-in_context-log_price-seed2,zpk9udj5,anpboost,in_context,2,rmse,0.1260780385072914,0.270836532271872,0.1271962689864149,0.2825046691061119,6227.270996809006,7.070138692855835,7.096715927124023,0.2667940693258058,,,,,9.589479532605024,9.579439664250408,0.2,0.0008392140711648,5.0,0.0107859712708854,0.0,10.0,8.0,255.0,-1.0,,,,,
anpboost-in_context-log_price-seed2,zt8fmyul,anpboost,in_context,2,rmse,0.1237358889485978,0.2691396780238652,0.1254557718408127,0.2832470527436358,9231.159671068192,4.748192310333252,4.535484075546265,0.2626713202924716,,,,,8.973779738558546,8.974221339362893,0.2,0.0001496922341954,10.0,0.0831211929407696,1.0,1000.0,4.0,255.0,-1.0,,,,,
anpboost-in_context-log_price-seed3,092ea6a5,anpboost,in_context,3,rmse,0.1283871852772474,0.2690086554209675,0.1268088932339008,0.2688344878975595,7394.208717107773,9.671578407287598,8.700911283493042,0.2671101988031035,,,,,9.225229451441365,9.2512242843548,0.0,7.917412954846521e-05,10.0,0.1011064623519062,0.0,20.0,8.0,255.0,-1.0,,,,,
anpboost-in_context-log_price-seed3,0ykfhzym,anpboost,in_context,3,rmse,0.1671753836005164,0.2935983137369066,0.1752224101223417,0.2810839413624587,4604.362442493439,11.702410459518433,11.602755546569824,0.2811380486379256,,,,,6.240412041941216,6.568581466843947,0.2,2.9067203620664195e-05,5.0,0.1823458458254781,0.0,10.0,8.0,255.0,-1.0,,,,,
anpboost-in_context-log_price-seed3,10zkg5jn,anpboost,in_context,3,rmse,0.1232969416126454,0.2675913483788271,0.1215857965498444,0.2685959164949887,13535.660157442093,7.331828594207764,7.229931831359863,0.2648952956700487,,,,,9.30003527347476,9.302176567616565,0.2,0.0001605191133358,20.0,0.0750195444362012,1.0,20.0,4.0,255.0,-1.0,,,,,
anpboost-in_context-log_price-seed3,193meve6,anpboost,in_context,3,rmse,0.1271651867775208,0.274230844079049,0.127187792105129,0.2712624904797888,11041.203980207443,11.47457218170166,10.937800645828249,0.2734064925465754,,,,,9.07451128497912,9.105871108523814,0.2,0.0001496922341954,10.0,0.0831211929407696,1.0,1000.0,4.0,255.0,-1.0,,,,,
anpboost-in_context-log_price-seed3,1eaxj87w,anpboost,in_context,3,rmse,0.1296873870576281,0.2794147742466681,0.1259721891320918,0.2755830184210501,7458.565683364868,11.66301655769348,10.601565837860107,0.2754703993625505,,,,,9.585706088597234,9.588781355222103,0.2,0.000956484407922,10.0,0.0109977032995056,0.0,100.0,4.0,255.0,-1.0,,,,,
anpboost-in_context-log_price-seed3,1ls52rl6,anpboost,in_context,3,rmse,0.1258827117921868,0.260974257083451,0.1270735064207524,0.2622178617249585,14317.826758623123,10.617724657058716,10.250755310058594,0.2588960601517619,,,,,8.88948422708568,8.902169491835945,0.0,1.702035422361917e-05,20.0,0.0657821692431908,1.0,20.0,16.0,255.0,-1.0,,,,,
anpboost-in_context-log_price-seed3,2b8hy5fh,anpboost,in_context,3,rmse,0.1251037507483994,0.2658197748420027,0.1254819225382422,0.2649526863256373,8969.533848285675,6.664880275726318,6.47526216506958,0.263862594308083,,,,,9.365396840973837,9.376037379107675,0.2,0.0001381635682257,10.0,0.0261669745608544,1.0,20.0,8.0,255.0,-1.0,,,,,
anpboost-in_context-log_price-seed3,3mh8fopv,anpboost,in_context,3,rmse,0.1548294901313995,0.2853399207262303,0.1549441552636548,0.2823600993478224,11121.153432369232,11.15330457687378,10.989616632461548,0.2813685944507732,,,,,7.820239763198919,7.866206734255034,0.2,1.5820851730418417e-05,5.0,0.0450196136386975,1.0,100.0,16.0,255.0,-1.0,,,,,
anpboost-in_context-log_price-seed3,3zxjs6b4,anpboost,in_context,3,rmse,0.140083675569407,0.2896351325789004,0.1214885139984309,0.2649145133370329,6200.508594751358,5.863092422485352,5.917153358459473,0.2606983504730037,,,,,9.51740781087247,9.489410163691346,0.0,0.0004548624208721,10.0,0.2953847324956156,0.0,20.0,4.0,255.0,-1.0,,,,,
anpboost-in_context-log_price-seed3,4pysl5dd,anpboost,in_context,3,rmse,0.1261647955967613,0.2645441000089462,0.1284109263265763,0.2637951254479572,14975.196021318436,11.345961332321169,11.20256781578064,0.2617874811920654,,,,,7.360889043924441,7.38193936910201,0.0,1.2904721633073898e-05,20.0,0.2325748079967941,0.0,100.0,8.0,255.0,-1.0,,,,,
anpboost-in_context-log_price-seed3,aomqli03,anpboost,in_context,3,rmse,0.1275300157089756,0.2757919350837717,0.1257469872891528,0.2710156280168138,6211.410492897034,12.43231749534607,11.941559553146362,0.2708181538088506,,,,,9.58907460354017,9.591053785974388,0.0,0.0002780425090632,10.0,0.0105542692281163,1.0,20.0,8.0,255.0,-1.0,,,,,
anpboost-in_context-log_price-seed3,ba2l2p3q,anpboost,in_context,3,rmse,0.1342045761318367,0.2819543170604074,0.1334517449047633,0.2775208083222739,4054.298670768738,10.560842752456663,11.279351472854614,0.2781872924563829,,,,,9.579629089233116,9.583867892222903,0.2,0.0008392140711648,5.0,0.0107859712708854,0.0,10.0,8.0,255.0,-1.0,,,,,
anpboost-in_context-log_price-seed3,bgrf18h3,anpboost,in_context,3,rmse,0.1897418981344208,0.3482483061776255,0.1617042418409046,0.2976215589951767,10768.893691539764,9.745542764663696,10.413495779037476,0.3006622309108126,,,,,8.873837735843809,9.031885484911085,0.2,2.017016316297149e-05,20.0,0.0582929613195039,1.0,1000.0,8.0,255.0,-1.0,,,,,
anpboost-in_context-log_price-seed3,bzpesg65,anpboost,in_context,3,rmse,0.1756148468332424,0.3251652093865744,0.1464561345551426,0.2765863870759723,4856.867769241333,10.728453636169434,10.993966579437256,0.2770497236043151,,,,,9.0242468071109,9.125296578464509,0.2,0.0001181285816262,5.0,0.0610030224551816,0.0,10.0,8.0,255.0,-1.0,,,,,
anpboost-in_context-log_price-seed3,c2s2c7nv,anpboost,in_context,3,rmse,0.1405359450181821,0.2626604058404307,0.1527945274033856,0.2630398117348136,4484.39269733429,10.010116815567017,10.47567367553711,0.2622482136131923,,,,,4.5188479406255295,4.480893263917162,0.0,3.9184339457363744e-05,5.0,0.7978205565731539,1.0,100.0,16.0,255.0,-1.0,,,,,
anpboost-in_context-log_price-seed3,dzn1oedy,anpboost,in_context,3,rmse,0.1229596652382389,0.2650114051435836,0.122134809151818,0.263978561036032,5282.668781995773,12.412761211395264,12.11467671394348,0.2627518024021897,,,,,9.10957298709876,9.133359643197632,0.0,0.0004242243954166,10.0,0.5800570688908553,1.0,20.0,4.0,255.0,-1.0,,,,,
anpboost-in_context-log_price-seed3,el7cebuo,anpboost,in_context,3,rmse,0.1253537885740388,0.2547251105758001,0.129350930775018,0.2566016057275604,10672.860398054125,11.56502652168274,12.269694328308104,0.2527605093208889,,,,,6.193206521101056,6.1300243611071,0.0,1.8406671834517417e-05,10.0,0.3476654204795515,0.0,20.0,8.0,255.0,-1.0,,,,,
anpboost-in_context-log_price-seed3,f33tlqz7,anpboost,in_context,3,rmse,0.1482876089788146,0.2847522486382261,0.1486191957974459,0.2679736321652596,6867.730421066284,10.09982943534851,9.6480233669281,0.2668378257934751,,,,,7.516122646398688,7.524666650116634,0.0,3.1392574253118284e-05,5.0,0.1121865737283773,0.0,10.0,4.0,255.0,-1.0,,,,,
anpboost-in_context-log_price-seed3,fca594hn,anpboost,in_context,3,rmse,0.1324621426343553,0.2766598906521009,0.1441576408289787,0.2709131472220611,3339.669519901276,10.979844808578491,11.736478328704834,0.2707518418164757,,,,,9.29763222625674,9.335840363649533,0.0,0.0001083323625032,10.0,0.1351582698334605,0.0,100.0,8.0,255.0,-1.0,,,,,
anpboost-in_context-log_price-seed3,go12snbd,anpboost,in_context,3,rmse,0.1252201238691344,0.26885943709956,0.1223013886220938,0.2673569069082145,10669.055263757706,11.826534271240234,11.589589595794678,0.2643687052881863,,,,,9.529976637941395,9.531570930731077,0.2,0.0003013710908533,5.0,0.0130634630331783,0.0,10.0,8.0,255.0,-1.0,,,,,
anpboost-in_context-log_price-seed3,h02su14b,anpboost,in_context,3,rmse,0.1256267726032799,0.2730286626647561,0.1235689481135486,0.2694944566136707,8836.373665809631,11.627642393112184,10.931272745132446,0.2698129557904338,,,,,9.571317173598247,9.57277182371615,0.2,0.0004276097878757,10.0,0.0133482983182945,0.0,100.0,4.0,255.0,-1.0,,,,,
anpboost-in_context-log_price-seed3,h2j5h8af,anpboost,in_context,3,rmse,0.1390873606016722,0.2890690252634635,0.1250560263253199,0.2702229456067715,4725.133986234665,12.301687955856323,12.494908571243286,0.2718210880908468,,,,,9.315327383911509,9.287059230662509,0.0,0.0001721990923545,5.0,0.1380161223304589,0.0,1000.0,16.0,255.0,-1.0,,,,,
anpboost-in_context-log_price-seed3,hxrxib62,anpboost,in_context,3,rmse,0.1348667924457258,0.2806768049259221,0.1321763546043401,0.2720404991394735,14567.64920949936,11.777932167053224,12.591911554336548,0.2700202033473984,,,,,9.353971810339615,9.36101047706574,0.0,1.5865500409725956e-05,20.0,0.019901994840577,0.0,100.0,4.0,255.0,-1.0,,,,,
anpboost-in_context-log_price-seed3,j7mxhk1c,anpboost,in_context,3,rmse,0.1409903782496991,0.2855417255123789,0.1233110758704289,0.2700994464582891,6991.972018241882,10.936882257461548,10.9866943359375,0.266692719893378,,,,,9.57987759137411,9.577635344320225,0.0,0.0002507518284371,10.0,0.0302023368339538,1.0,10.0,8.0,255.0,-1.0,,,,,
anpboost-in_context-log_price-seed3,jfuc3lql,anpboost,in_context,3,rmse,0.2350876722589357,0.3145267114195981,0.2450832863539486,0.3014489042598475,2080.351258277893,7.83283257484436,7.473067998886108,0.2999978890902522,,,,,2.659085662732631,4.691616167227536,0.2,1.090384328196852e-05,5.0,0.7717846862118062,0.0,20.0,4.0,255.0,-1.0,,,,,
anpboost-in_context-log_price-seed3,mjwginpw,anpboost,in_context,3,rmse,0.1756923769439512,0.3085105350227142,0.1719013084853616,0.2892561130701402,6329.12491941452,6.498143672943115,6.769347667694092,0.2896483292994051,,,,,6.05985326367571,6.214486735861584,0.2,1.343677338411072e-05,5.0,0.1113002415673063,1.0,10.0,4.0,255.0,-1.0,,,,,
anpboost-in_context-log_price-seed3,nbbfs6po,anpboost,in_context,3,rmse,0.1719921658175729,0.3187517597019109,0.1558870745924255,0.2882609675417058,5119.433898448944,11.446243047714232,11.232767581939695,0.2878727836824114,,,,,8.688847833548612,8.876596679271884,0.2,5.4597054376998136e-05,10.0,0.1053508308667582,0.0,20.0,4.0,255.0,-1.0,,,,,
anpboost-in_context-log_price-seed3,sdimv68r,anpboost,in_context,3,rmse,0.1249610185690744,0.280033914362511,0.1226655659941303,0.2705290635249771,13877.630051612854,11.682733535766602,10.954589366912842,0.2686519749358144,,,,,9.271829618352012,9.298366832585328,0.2,0.0002563473332261,20.0,0.1427109105814198,1.0,1000.0,8.0,255.0,-1.0,,,,,
anpboost-in_context-log_price-seed3,u3rzsbgn,anpboost,in_context,3,rmse,0.1308004209145309,0.2756620072700489,0.1249548586633536,0.2629203537956638,7868.286012172699,10.24824595451355,10.327431678771973,0.2625241257293834,,,,,9.46546845312936,9.481652239787485,0.2,0.0002371245680478,10.0,0.0322020325894309,1.0,100.0,16.0,255.0,-1.0,,,,,
anpboost-in_context-log_price-seed3,vw9ezhii,anpboost,in_context,3,rmse,0.1547774930003278,0.2943623018892706,0.1432047001757756,0.268482572670617,4591.145693540573,9.822931289672852,10.214287757873535,0.2674210348089187,,,,,8.678234878178156,9.060703755684814,0.2,0.0001082971516786,10.0,0.2589103504433043,0.0,20.0,16.0,255.0,-1.0,,,,,
anpboost-in_context-log_price-seed3,xk2stgvo,anpboost,in_context,3,rmse,0.1235193974184791,0.2638873862285377,0.1216972063312278,0.2627418634345336,6830.852798700333,6.686426877975464,6.729154825210571,0.2590425786555183,,,,,8.861587455680917,8.75188537119958,0.2,0.0004385170256085,10.0,0.8972612866432508,1.0,20.0,8.0,255.0,-1.0,,,,,
anpboost-in_context-log_price-seed3,yxuqshsk,anpboost,in_context,3,rmse,0.1209801081985068,0.2621800425808624,0.1188469526685424,0.2591569212732598,6812.59469127655,7.6819167137146,7.229409694671631,0.2584103606021506,,,,,9.419276227142642,9.424645666939432,0.2,0.0003600091192911,10.0,0.083744968684368,0.0,100.0,16.0,255.0,-1.0,,,,,
anpboost-in_context-log_price-seed4,0wzgygmm,anpboost,in_context,4,rmse,0.1252070829904942,0.2751589597376162,0.1236423059734558,0.2678474493681428,6862.398317813873,7.684523582458496,7.501698017120361,0.2750842110099553,,,,,9.572887255657005,9.57187167162378,0.2,0.0004276097878757,10.0,0.0133482983182945,0.0,100.0,4.0,255.0,-1.0,,,,,
anpboost-in_context-log_price-seed4,16g9ew8j,anpboost,in_context,4,rmse,0.1639315611002065,0.3143038878124086,0.1415622945099716,0.2720058510795027,5630.329484939575,11.04055881500244,11.726513862609863,0.2801917306630874,,,,,9.484700425230054,9.520257661189152,0.2,0.0001381635682257,10.0,0.0261669745608544,1.0,20.0,8.0,255.0,-1.0,,,,,
anpboost-in_context-log_price-seed4,1ge0ll9h,anpboost,in_context,4,rmse,0.136489886922919,0.2831486360879123,0.1362514407191036,0.2725059808190802,2829.149975299835,11.494385480880736,10.701332569122314,0.2796608587266054,,,,,9.16767658061967,9.149969365190769,0.0,0.0001721990923545,5.0,0.1380161223304589,0.0,1000.0,16.0,255.0,-1.0,,,,,
anpboost-in_context-log_price-seed4,3cd8a35k,anpboost,in_context,4,rmse,0.1372681138575073,0.2896199236165359,0.1302919312944137,0.2763207462241101,4581.571552991867,11.12338638305664,11.585293292999268,0.2837908364139114,,,,,9.58465367313125,9.583079255424556,0.2,0.0008392140711648,5.0,0.0107859712708854,0.0,10.0,8.0,255.0,-1.0,,,,,
anpboost-in_context-log_price-seed4,4rxrqayf,anpboost,in_context,4,rmse,0.1200195809798908,0.2658463732088594,0.116886421136795,0.2584689393876532,11317.73396897316,11.940819025039673,11.89360785484314,0.2630258321738535,,,,,9.4519142663779,9.4546947617589,0.2,0.0003600091192911,10.0,0.083744968684368,0.0,100.0,16.0,255.0,-1.0,,,,,
anpboost-in_context-log_price-seed4,4wme8v9r,anpboost,in_context,4,rmse,0.1255161235827274,0.2683829233440993,0.1261623947739729,0.256996674908653,12311.240152835846,7.594150543212891,7.505381107330322,0.2658463620266203,,,,,8.99724430890866,8.99520108430271,0.0,1.702035422361917e-05,20.0,0.0657821692431908,1.0,20.0,16.0,255.0,-1.0,,,,,
anpboost-in_context-log_price-seed4,5cfqbzud,anpboost,in_context,4,rmse,0.1311610563630778,0.2771327409900151,0.1329230410760374,0.2691091722389924,6334.1259598732,10.882392644882202,10.516692399978638,0.2763389012841352,,,,,9.540416501014953,9.541921440211857,0.2,0.0003013710908533,5.0,0.0130634630331783,0.0,10.0,8.0,255.0,-1.0,,,,,
anpboost-in_context-log_price-seed4,7lgj4172,anpboost,in_context,4,rmse,0.1284046964670794,0.2785073601194662,0.1206796953422832,0.2621788861020137,6317.838951349258,10.970480680465698,11.359128713607788,0.2707583293994729,,,,,9.582542109137565,9.567562370998848,0.0,0.0004548624208721,10.0,0.2953847324956156,0.0,20.0,4.0,255.0,-1.0,,,,,
anpboost-in_context-log_price-seed4,87ekpv7f,anpboost,in_context,4,rmse,0.1274050270698149,0.2806924674916855,0.1231583684664262,0.2712512245560072,14048.311425447464,10.65004849433899,9.975035190582275,0.2765084683573416,,,,,9.589121976179904,9.58382405950452,0.2,0.000956484407922,10.0,0.0109977032995056,0.0,100.0,4.0,255.0,-1.0,,,,,
anpboost-in_context-log_price-seed4,8bv56rhh,anpboost,in_context,4,rmse,0.1240995395454539,0.2779934512258007,0.120763203135613,0.2650290412069199,14154.785597085953,10.642948389053345,11.220149517059326,0.2737843337336862,,,,,9.312323511918144,9.321702585025172,0.2,0.0002563473332261,20.0,0.1427109105814198,1.0,1000.0,8.0,255.0,-1.0,,,,,
anpboost-in_context-log_price-seed4,94qx3ajv,anpboost,in_context,4,rmse,0.1352062524834779,0.2932953604696174,0.1254821752827492,0.2707389687364517,5456.223233938217,11.68085527420044,12.071854591369627,0.2792548471170985,,,,,9.592966156342255,9.58945332697875,0.0,0.0002780425090632,10.0,0.0105542692281163,1.0,20.0,8.0,255.0,-1.0,,,,,
anpboost-in_context-log_price-seed4,95kmvz5s,anpboost,in_context,4,rmse,0.1550306159010226,0.2971031808375797,0.1510875105053705,0.2740314263985485,3225.1615042686462,7.247364044189453,7.38206672668457,0.2849155309045377,,,,,8.762421159922742,9.148822201838122,0.2,0.0001082971516786,10.0,0.2589103504433043,0.0,20.0,16.0,255.0,-1.0,,,,,
anpboost-in_context-log_price-seed4,agk6blx5,anpboost,in_context,4,rmse,0.1305131872767568,0.2747368933515106,0.1261751491746004,0.2600715234890413,16998.0842397213,9.425212860107422,9.813885927200316,0.2696466941349782,,,,,7.36696567737532,7.308700351356471,0.0,1.2904721633073898e-05,20.0,0.2325748079967941,0.0,100.0,8.0,255.0,-1.0,,,,,
anpboost-in_context-log_price-seed4,aifzyij1,anpboost,in_context,4,rmse,0.1258596440074084,0.2634327304562576,0.126074881491751,0.2503072300936526,11161.77018046379,9.78456425666809,9.864277601242064,0.2610233028536127,,,,,6.275703566024684,6.235122758558379,0.0,1.8406671834517417e-05,10.0,0.3476654204795515,0.0,20.0,8.0,255.0,-1.0,,,,,
anpboost-in_context-log_price-seed4,as2qv0oi,anpboost,in_context,4,rmse,0.1845351002477314,0.3419376370172797,0.1606538816209512,0.293267185656222,8389.30000257492,5.912014484405518,5.948875188827515,0.2999146104213002,,,,,8.874284511472952,9.036859787374194,0.2,2.017016316297149e-05,20.0,0.0582929613195039,1.0,1000.0,8.0,255.0,-1.0,,,,,
anpboost-in_context-log_price-seed4,bi94wql2,anpboost,in_context,4,rmse,0.1226066878225641,0.2728008218827296,0.1185915237394538,0.2555293569331146,14165.345912694933,11.47132420539856,11.277687072753906,0.2644306636931531,,,,,9.111985477165709,9.08261066049255,0.2,0.0004385170256085,10.0,0.8972612866432508,1.0,20.0,8.0,255.0,-1.0,,,,,
anpboost-in_context-log_price-seed4,cx6m9pzz,anpboost,in_context,4,rmse,0.127367983761237,0.2820379097624547,0.1220735404153684,0.2644760543895768,5101.220461130142,7.15787672996521,7.3152782917022705,0.2739148980810153,,,,,9.599582511699367,9.598914070302747,0.0,0.0002507518284371,10.0,0.0302023368339538,1.0,10.0,8.0,255.0,-1.0,,,,,
anpboost-in_context-log_price-seed4,d6elhcr3,anpboost,in_context,4,rmse,0.1468926449696714,0.3038188305226896,0.1260719427709156,0.2633688239324263,6284.936152458191,11.029308795928957,10.595552444458008,0.2755203526085932,,,,,9.74041114009591,9.714620395574062,0.0,0.0004242243954166,10.0,0.5800570688908553,1.0,20.0,4.0,255.0,-1.0,,,,,
anpboost-in_context-log_price-seed4,dllds0mp,anpboost,in_context,4,rmse,0.1937129688495398,0.3122728001536636,0.1958379317057064,0.2893148116041931,6454.511778593063,11.101417779922484,10.796137809753418,0.297810161384665,,,,,6.495850260956828,6.579068553675184,0.2,1.343677338411072e-05,5.0,0.1113002415673063,1.0,10.0,4.0,255.0,-1.0,,,,,
anpboost-in_context-log_price-seed4,g4d68cm3,anpboost,in_context,4,rmse,0.1235167202134027,0.2752212826634791,0.1208886029018741,0.2642038408303593,16186.502621412275,12.161540269851685,12.128408193588257,0.2703012244509996,,,,,9.252939722303292,9.264234469960783,0.2,0.0001605191133358,20.0,0.0750195444362012,1.0,20.0,4.0,255.0,-1.0,,,,,
anpboost-in_context-log_price-seed4,jjt2fdct,anpboost,in_context,4,rmse,0.1429101740865911,0.2741957046747326,0.1492264788272828,0.2650666839032781,4851.896266937256,5.06427264213562,4.972253799438477,0.2733787346237858,,,,,7.579152194302971,7.5513247759728035,0.0,3.1392574253118284e-05,5.0,0.1121865737283773,0.0,10.0,4.0,255.0,-1.0,,,,,
anpboost-in_context-log_price-seed4,mcbfufni,anpboost,in_context,4,rmse,0.1249383451392486,0.2786263404369449,0.1232546623531203,0.2720209072759726,16479.70955824852,8.556006908416748,8.93308401107788,0.273707305977562,,,,,8.996050465772441,9.006729203494993,0.2,0.0001496922341954,10.0,0.0831211929407696,1.0,1000.0,4.0,255.0,-1.0,,,,,
anpboost-in_context-log_price-seed4,muy4pl9i,anpboost,in_context,4,rmse,0.1208328399709019,0.2675289853244509,0.1186451754611363,0.2586186107702598,11547.329885482788,10.705076694488524,10.92609977722168,0.2658599078983359,,,,,9.479741496867025,9.481082846256772,0.2,0.0002371245680478,10.0,0.0322020325894309,1.0,100.0,16.0,255.0,-1.0,,,,,
anpboost-in_context-log_price-seed4,nxw94je3,anpboost,in_context,4,rmse,0.1443292125742773,0.2763345562693041,0.1489320984300819,0.2609405110980473,3819.6504685878754,6.481426000595093,6.52679443359375,0.2686613664589207,,,,,4.599983928557903,4.517767913781184,0.0,3.9184339457363744e-05,5.0,0.7978205565731539,1.0,100.0,16.0,255.0,-1.0,,,,,
anpboost-in_context-log_price-seed4,p2gd0gnq,anpboost,in_context,4,rmse,0.1741662405494199,0.3200704055449158,0.1677783138728602,0.2790617334985499,5050.22373175621,10.932236909866331,10.85433292388916,0.2881385576793868,,,,,5.962998481919019,6.295418187548103,0.2,2.9067203620664195e-05,5.0,0.1823458458254781,0.0,10.0,8.0,255.0,-1.0,,,,,
anpboost-in_context-log_price-seed4,p4bdbpeq,anpboost,in_context,4,rmse,0.1312604688285774,0.2810993112947977,0.1315127775300272,0.2703740942096542,13541.43899989128,10.561922073364258,10.20959496498108,0.275784019944242,,,,,9.363804731037042,9.362938042535712,0.0,1.5865500409725956e-05,20.0,0.019901994840577,0.0,100.0,4.0,255.0,-1.0,,,,,
anpboost-in_context-log_price-seed4,r2i7w2bo,anpboost,in_context,4,rmse,0.1292467454239176,0.2758766595637054,0.1232746462386506,0.2625393273746189,8163.5336124897,10.255512237548828,10.51271629333496,0.2703874087907595,,,,,9.453562671158751,9.453824498870096,0.0,0.0001083323625032,10.0,0.1351582698334605,0.0,100.0,8.0,255.0,-1.0,,,,,
anpboost-in_context-log_price-seed4,rlv5akyx,anpboost,in_context,4,rmse,0.1901306422157735,0.3514030298651829,0.1522207276214717,0.2817735680947989,5655.726353168488,10.634633779525757,11.14142656326294,0.2909954942907156,,,,,8.581554225595543,8.867588640824405,0.2,5.4597054376998136e-05,10.0,0.1053508308667582,0.0,20.0,4.0,255.0,-1.0,,,,,
anpboost-in_context-log_price-seed4,tar6a27f,anpboost,in_context,4,rmse,0.1323557772824813,0.282413952859355,0.1281834008451641,0.2661691434625957,4586.392075777054,6.135872840881348,6.849750995635986,0.2737643396926665,,,,,9.320383560569228,9.31912514715794,0.0,7.917412954846521e-05,10.0,0.1011064623519062,0.0,20.0,8.0,255.0,-1.0,,,,,
anpboost-in_context-log_price-seed4,w29vrckx,anpboost,in_context,4,rmse,0.2338699050301307,0.3121915792520379,0.2430687230714938,0.2912142512849748,2914.6775250434875,11.81106662750244,12.139826774597168,0.301092882175395,,,,,3.839646278499458,5.288694190084862,0.2,1.090384328196852e-05,5.0,0.7717846862118062,0.0,20.0,4.0,255.0,-1.0,,,,,
anpboost-in_context-log_price-seed4,x6cur691,anpboost,in_context,4,rmse,0.1581914248254846,0.303226254917453,0.1437222357408765,0.2723381879225335,5575.922800540924,7.99983024597168,9.030476331710815,0.2827595957395682,,,,,8.879230124570988,9.010088914323129,0.2,0.0001181285816262,5.0,0.0610030224551816,0.0,10.0,8.0,255.0,-1.0,,,,,
anpboost-in_context-log_price-seed4,y67uw0si,anpboost,in_context,4,rmse,0.1603055447652546,0.300266153739064,0.1534186785916177,0.2803621914925313,9644.631685256958,7.550506114959717,7.301895380020142,0.2860771873044966,,,,,7.649299895423827,7.719078621546922,0.2,1.5820851730418417e-05,5.0,0.0450196136386975,1.0,100.0,16.0,255.0,-1.0,,,,,
anpboost-few_shot-log_price-seed0,0er2b1pp,anpboost,few_shot,0,rmse,0.1604173402548174,0.3225674611471884,0.1393202303370312,0.2749190333155727,10917.126741170883,2.186211585998535,2.603731632232666,0.2959875567184479,,,,,9.579788473079295,9.643393127129896,0.0,0.0002780425090632,10.0,0.0105542692281163,1.0,20.0,8.0,255.0,-1.0,,,,,
anpboost-few_shot-log_price-seed0,188253hz,anpboost,few_shot,0,rmse,0.1370184592302422,0.2916899255317489,0.1322092716623538,0.2618481180209783,9482.380434036257,2.496403694152832,2.247389554977417,0.2893828449167892,,,,,9.506791109505318,9.566113798708695,0.2,0.0002371245680478,10.0,0.0322020325894309,1.0,100.0,16.0,255.0,-1.0,,,,,
anpboost-few_shot-log_price-seed0,1b7jdw32,anpboost,few_shot,0,rmse,0.1994236749923308,0.3133594921087127,0.2073807657998545,0.3024951495344242,7989.97222661972,2.4308807849884038,2.65835189819336,0.3122775396905093,,,,,5.9286222721936905,6.042246733463538,0.2,1.343677338411072e-05,5.0,0.1113002415673063,1.0,10.0,4.0,255.0,-1.0,,,,,
anpboost-few_shot-log_price-seed0,1c1mqz2l,anpboost,few_shot,0,rmse,0.1336453185533211,0.2910412117969719,0.1274970269213684,0.2588734379854531,19417.51255083084,2.3855795860290527,2.332631826400757,0.2887786368068338,,,,,9.46818703795536,9.527652663458753,0.2,0.0001605191133358,20.0,0.0750195444362012,1.0,20.0,4.0,255.0,-1.0,,,,,
anpboost-few_shot-log_price-seed0,2ddu0h2e,anpboost,few_shot,0,rmse,0.1323404522533701,0.2855738474416578,0.1252781136452705,0.2528397720237869,14113.193204402924,2.2632203102111816,2.2303738594055176,0.2807769481165916,,,,,9.520213291497695,9.561374694698454,0.2,0.0003600091192911,10.0,0.083744968684368,0.0,100.0,16.0,255.0,-1.0,,,,,
anpboost-few_shot-log_price-seed0,2n81opb6,anpboost,few_shot,0,rmse,0.1539604748710608,0.2948953111041039,0.1557514338491247,0.2655020425700188,8477.833571434021,2.0198333263397217,2.101516008377075,0.2898913088935511,,,,,6.936045457009557,6.985533936203311,0.0,3.1392574253118284e-05,5.0,0.1121865737283773,0.0,10.0,4.0,255.0,-1.0,,,,,
anpboost-few_shot-log_price-seed0,4hih7dyt,anpboost,few_shot,0,rmse,0.1391813484595488,0.2847754759297487,0.1387350997857614,0.2609360478551299,12545.848108291626,2.886538028717041,3.0477871894836426,0.281024937936014,,,,,4.250549077939112,4.270860251841759,0.0,3.9184339457363744e-05,5.0,0.7978205565731539,1.0,100.0,16.0,255.0,-1.0,,,,,
anpboost-few_shot-log_price-seed0,5x7qerlg,anpboost,few_shot,0,rmse,0.2417349765465276,0.3691942240951355,0.2328926380380876,0.3061838534196863,5475.999518871307,2.199338436126709,2.593993663787842,0.3209897900007917,,,,,4.05432535707871,5.046950023037786,0.2,1.090384328196852e-05,5.0,0.7717846862118062,0.0,20.0,4.0,255.0,-1.0,,,,,
anpboost-few_shot-log_price-seed0,6e37tx2g,anpboost,few_shot,0,rmse,0.1448016475464153,0.3091089427098837,0.1370921303343006,0.2710163194838277,13578.81496477127,2.4549994468688965,2.413330554962158,0.2994433755736631,,,,,9.19621954179536,9.27656938244914,0.2,0.0001496922341954,10.0,0.0831211929407696,1.0,1000.0,4.0,255.0,-1.0,,,,,
anpboost-few_shot-log_price-seed0,7ppimw4b,anpboost,few_shot,0,rmse,0.1534420401166572,0.311303856352321,0.1574583769999428,0.2726460766344742,2459.5058495998383,2.353062629699707,2.676399707794189,0.306891173544709,,,,,8.873109903637346,8.947180015793714,0.0,0.0001721990923545,5.0,0.1380161223304589,0.0,1000.0,16.0,255.0,-1.0,,,,,
anpboost-few_shot-log_price-seed0,a7t7hqaj,anpboost,few_shot,0,rmse,0.1355058776374525,0.300159813554859,0.1299277069809047,0.2631729685244554,10563.379312753676,2.0617117881774902,2.048854351043701,0.2943762609309742,,,,,9.566905559141857,9.631420095846108,0.2,0.0004276097878757,10.0,0.0133482983182945,0.0,100.0,4.0,255.0,-1.0,,,,,
anpboost-few_shot-log_price-seed0,c1sfq4kb,anpboost,few_shot,0,rmse,0.1387009704618538,0.2771501486487895,0.1418767634702117,0.2570187192472855,12134.35759305954,2.4494426250457764,2.7438161373138428,0.2753057836006251,,,,,5.1857995669816495,5.195585518867277,0.0,1.8406671834517417e-05,10.0,0.3476654204795515,0.0,20.0,8.0,255.0,-1.0,,,,,
anpboost-few_shot-log_price-seed0,eoju53uq,anpboost,few_shot,0,rmse,0.183868168277048,0.3443686894651941,0.1580827019068702,0.2851844673517478,9419.253272771835,2.161344051361084,2.403050661087036,0.304210249766097,,,,,8.463231737318425,8.62588199744559,0.2,5.4597054376998136e-05,10.0,0.1053508308667582,0.0,20.0,4.0,255.0,-1.0,,,,,
anpboost-few_shot-log_price-seed0,ftxflzgj,anpboost,few_shot,0,rmse,0.1614388124667011,0.3069617241210802,0.1517740605949358,0.2734280865019612,6713.940330028534,2.866349697113037,3.108433723449707,0.2855305917354631,,,,,8.51516847464836,8.698470286161461,0.2,0.0001082971516786,10.0,0.2589103504433043,0.0,20.0,16.0,255.0,-1.0,,,,,
anpboost-few_shot-log_price-seed0,g5284kp6,anpboost,few_shot,0,rmse,0.1459939235249353,0.3085402561423345,0.137491547405221,0.2782623878344925,8599.503913402557,2.172555446624756,2.4288547039031982,0.3028383266445212,,,,,9.57886143412743,9.643772892976948,0.2,0.000956484407922,10.0,0.0109977032995056,0.0,100.0,4.0,255.0,-1.0,,,,,
anpboost-few_shot-log_price-seed0,h34b4xuj,anpboost,few_shot,0,rmse,0.1487776030244477,0.2868974519373791,0.1578216569111873,0.2602101477088224,10568.330469846724,1.5418634414672852,1.967743158340454,0.2847715771634431,,,,,8.57370749233707,8.616673724846828,0.0,1.702035422361917e-05,20.0,0.0657821692431908,1.0,20.0,16.0,255.0,-1.0,,,,,
anpboost-few_shot-log_price-seed0,h9ige93r,anpboost,few_shot,0,rmse,0.1403881622143118,0.2913780350112423,0.1344544835260711,0.2607738865739427,12285.051759243011,2.2776575088500977,2.3572311401367188,0.2883541735813111,,,,,9.440800854469945,9.506513497827756,0.2,0.0001381635682257,10.0,0.0261669745608544,1.0,20.0,8.0,255.0,-1.0,,,,,
anpboost-few_shot-log_price-seed0,hc2wnwbb,anpboost,few_shot,0,rmse,0.1369216926976637,0.2944560753675406,0.1274906460381142,0.2590897049763433,6558.131023645401,2.3248279094696045,2.6348769664764404,0.289446409479409,,,,,9.546321644833942,9.58048150350978,0.0,0.0004242243954166,10.0,0.5800570688908553,1.0,20.0,4.0,255.0,-1.0,,,,,
anpboost-few_shot-log_price-seed0,k8gd0mxt,anpboost,few_shot,0,rmse,0.200865262638297,0.3333680245536032,0.1993699431996784,0.2986500876542891,8289.079587936401,1.9426586627960205,2.117130994796753,0.3242209531263749,,,,,7.427898114995875,7.458841158408779,0.2,1.5820851730418417e-05,5.0,0.0450196136386975,1.0,100.0,16.0,255.0,-1.0,,,,,
anpboost-few_shot-log_price-seed0,lsatl0s7,anpboost,few_shot,0,rmse,0.1321928269806207,0.2939475550518261,0.1314368746449694,0.2661791427445986,16270.56846022606,2.3481597900390625,2.42757797241211,0.2913581066035823,,,,,9.443441620995914,9.495923098321024,0.2,0.0002563473332261,20.0,0.1427109105814198,1.0,1000.0,8.0,255.0,-1.0,,,,,
anpboost-few_shot-log_price-seed0,ly63mc2z,anpboost,few_shot,0,rmse,0.1512463863577198,0.3064195962008386,0.1381382821888085,0.2704295581918596,9127.106839418411,2.36301589012146,2.619631290435791,0.2903226486444078,,,,,9.044833892968583,9.091312557611609,0.0,7.917412954846521e-05,10.0,0.1011064623519062,0.0,20.0,8.0,255.0,-1.0,,,,,
anpboost-few_shot-log_price-seed0,mdqfe338,anpboost,few_shot,0,rmse,0.1734617991547775,0.314298468411924,0.1706801875159374,0.2793290925000898,6870.640801906586,2.3245651721954346,2.3583109378814697,0.3033484450426057,,,,,6.02362417337496,6.157415556226507,0.2,2.9067203620664195e-05,5.0,0.1823458458254781,0.0,10.0,8.0,255.0,-1.0,,,,,
anpboost-few_shot-log_price-seed0,mf0auhjv,anpboost,few_shot,0,rmse,0.1484876592741737,0.3054936541851576,0.1599053971413629,0.2718262080215181,3295.9966859817505,2.325664758682251,2.454571485519409,0.2987849767157601,,,,,9.057050143672672,9.120922130857195,0.0,0.0001083323625032,10.0,0.1351582698334605,0.0,100.0,8.0,255.0,-1.0,,,,,
anpboost-few_shot-log_price-seed0,nietpyj4,anpboost,few_shot,0,rmse,0.1543608303224976,0.2967688836489741,0.1510166757802824,0.2708588164360597,7521.568733453751,2.0393879413604736,2.091148853302002,0.2944048382150804,,,,,9.058789899796013,9.13941199792482,0.2,0.0001181285816262,5.0,0.0610030224551816,0.0,10.0,8.0,255.0,-1.0,,,,,
anpboost-few_shot-log_price-seed0,o8gn53wg,anpboost,few_shot,0,rmse,0.160833411189185,0.31098209468285,0.1658748236588579,0.2699129369703434,11335.296404600143,2.3532919883728027,2.433485746383667,0.2996326444799441,,,,,9.201164556980247,9.263040956655258,0.0,1.5865500409725956e-05,20.0,0.019901994840577,0.0,100.0,4.0,255.0,-1.0,,,,,
anpboost-few_shot-log_price-seed0,pl4n54bh,anpboost,few_shot,0,rmse,0.1758458014209281,0.3320616999661738,0.1602553998148425,0.2886670098153838,24056.79294037819,2.204723596572876,2.143390655517578,0.3146442000395205,,,,,8.735725165512807,8.856433297364514,0.2,2.017016316297149e-05,20.0,0.0582929613195039,1.0,1000.0,8.0,255.0,-1.0,,,,,
anpboost-few_shot-log_price-seed0,ry5q4grc,anpboost,few_shot,0,rmse,0.1447561655311746,0.3105493677692992,0.1288007142416762,0.263033433880057,6995.693001031876,2.118973970413208,2.226825714111328,0.2971494449701476,,,,,9.558209661418054,9.627648860351409,0.0,0.0002507518284371,10.0,0.0302023368339538,1.0,10.0,8.0,255.0,-1.0,,,,,
anpboost-few_shot-log_price-seed0,t97wnxyt,anpboost,few_shot,0,rmse,0.139157575777595,0.2947435176868995,0.1339396626242768,0.2624217018638122,8770.514848709106,2.1247363090515137,2.504309892654419,0.289907123699042,,,,,9.516459548066909,9.577550815061285,0.2,0.0003013710908533,5.0,0.0130634630331783,0.0,10.0,8.0,255.0,-1.0,,,,,
anpboost-few_shot-log_price-seed0,tvx6jrfw,anpboost,few_shot,0,rmse,0.13763618037782,0.2921100099960289,0.1294705648770788,0.25758055864032,8812.355214595795,2.4603185653686523,2.2574539184570312,0.2844577504552609,,,,,8.900142110342939,8.944537842437617,0.2,0.0004385170256085,10.0,0.8972612866432508,1.0,20.0,8.0,255.0,-1.0,,,,,
anpboost-few_shot-log_price-seed0,ty32dain,anpboost,few_shot,0,rmse,0.1589064592105487,0.3257122837043961,0.1339612081259791,0.2686150271664451,7451.284291505814,2.3002638816833496,2.538359880447388,0.2962947870769785,,,,,9.571618527290724,9.632426854687523,0.2,0.0008392140711648,5.0,0.0107859712708854,0.0,10.0,8.0,255.0,-1.0,,,,,
anpboost-few_shot-log_price-seed0,wo9rh52i,anpboost,few_shot,0,rmse,0.1512774773438338,0.2895857804825374,0.1572757830550522,0.2573715891654781,12831.085955619812,2.364003896713257,2.585475444793701,0.2885612870052311,,,,,6.565251965355887,6.595019979192892,0.0,1.2904721633073898e-05,20.0,0.2325748079967941,0.0,100.0,8.0,255.0,-1.0,,,,,
anpboost-few_shot-log_price-seed0,z87qq28r,anpboost,few_shot,0,rmse,0.1390919876400132,0.2978158379548187,0.1328454543188877,0.2681551488859909,6938.089357376099,2.497011423110962,2.5861220359802246,0.2909769309792999,,,,,9.550919129170332,9.57798863848631,0.0,0.0004548624208721,10.0,0.2953847324956156,0.0,20.0,4.0,255.0,-1.0,,,,,
anpboost-few_shot-log_price-seed1,10gjm7ke,anpboost,few_shot,1,rmse,0.1386708998003335,0.2920408961920032,0.1340561485158455,0.2724775761901846,14024.602014064789,2.062002897262573,2.440221786499023,0.2906528825361975,,,,,9.44700077635173,9.519553822279628,0.2,0.0001605191133358,20.0,0.0750195444362012,1.0,20.0,4.0,255.0,-1.0,,,,,
anpboost-few_shot-log_price-seed1,1hptbx0i,anpboost,few_shot,1,rmse,0.1489667393853331,0.2814768989367113,0.1472511613644616,0.2508572197516087,10356.00099158287,2.288297653198242,2.161557674407959,0.2786416990221362,,,,,5.347469807649104,5.41236651637429,0.0,1.8406671834517417e-05,10.0,0.3476654204795515,0.0,20.0,8.0,255.0,-1.0,,,,,
anpboost-few_shot-log_price-seed1,1jzidyqi,anpboost,few_shot,1,rmse,0.1393977995091778,0.2972144690739483,0.1298436617231093,0.2753852971931423,16632.67476606369,2.329298257827759,2.5582730770111084,0.2939735549858779,,,,,9.470892675984674,9.542096056721704,0.2,0.0002563473332261,20.0,0.1427109105814198,1.0,1000.0,8.0,255.0,-1.0,,,,,
anpboost-few_shot-log_price-seed1,255kxi93,anpboost,few_shot,1,rmse,0.16504184544264,0.3250436507926765,0.1435783626457859,0.2877445520794093,4305.075576782227,2.17080307006836,2.369884490966797,0.3023843696548879,,,,,8.953490664077298,9.04143012421039,0.0,0.0001721990923545,5.0,0.1380161223304589,0.0,1000.0,16.0,255.0,-1.0,,,,,
anpboost-few_shot-log_price-seed1,25hsavt5,anpboost,few_shot,1,rmse,0.1369566797311948,0.2801614825393309,0.1295466417579522,0.2515631400855421,17531.37667489052,2.299564838409424,2.412239551544189,0.2767468480676689,,,,,8.152992633336678,8.281169505081325,0.2,0.0001082971516786,10.0,0.2589103504433043,0.0,20.0,16.0,255.0,-1.0,,,,,
anpboost-few_shot-log_price-seed1,3t4zrev3,anpboost,few_shot,1,rmse,0.1739593622081643,0.3346503935800162,0.1367152751296012,0.2794195725934946,4830.38431930542,1.9240739345550537,2.1733169555664062,0.2976732798120472,,,,,9.532486411703584,9.599996590546272,0.0,0.0002507518284371,10.0,0.0302023368339538,1.0,10.0,8.0,255.0,-1.0,,,,,
anpboost-few_shot-log_price-seed1,4fruy7ld,anpboost,few_shot,1,rmse,0.1464855793751913,0.2984855495377388,0.1466682311685788,0.2855233758038713,17568.480289936066,2.356576681137085,2.461214065551758,0.2962685206707045,,,,,9.169053206323795,9.244482651112811,0.0,1.5865500409725956e-05,20.0,0.019901994840577,0.0,100.0,4.0,255.0,-1.0,,,,,
anpboost-few_shot-log_price-seed1,4yj2euel,anpboost,few_shot,1,rmse,0.1612801315572647,0.3240820927614873,0.1375128234627159,0.2793769560705704,6456.460917234421,2.401040315628052,2.6296985149383545,0.2977567654055472,,,,,9.537729184034731,9.609435380497198,0.2,0.0008392140711648,5.0,0.0107859712708854,0.0,10.0,8.0,255.0,-1.0,,,,,
anpboost-few_shot-log_price-seed1,56zf3b7v,anpboost,few_shot,1,rmse,0.1397717243133252,0.289038867656576,0.1309635865435664,0.2603272980709304,7677.408779382706,2.338827610015869,2.312591552734375,0.2866771241803487,,,,,9.162010004887051,9.134610152553218,0.2,0.0004385170256085,10.0,0.8972612866432508,1.0,20.0,8.0,255.0,-1.0,,,,,
anpboost-few_shot-log_price-seed1,5c6vb30s,anpboost,few_shot,1,rmse,0.1393115195142673,0.2846495708196582,0.1332011357351764,0.2649712172167959,20985.73890447617,2.273120641708374,2.639323234558105,0.2803984795858077,,,,,6.528013941204523,6.584830135148629,0.0,1.2904721633073898e-05,20.0,0.2325748079967941,0.0,100.0,8.0,255.0,-1.0,,,,,
anpboost-few_shot-log_price-seed1,5ovyjhne,anpboost,few_shot,1,rmse,0.1433020005799309,0.3010252874182814,0.1338093267800376,0.2783596415167041,10397.706280231476,2.518754243850708,2.5406622886657715,0.2973258365479784,,,,,9.539003387585163,9.611215801704018,0.0,0.0002780425090632,10.0,0.0105542692281163,1.0,20.0,8.0,255.0,-1.0,,,,,
anpboost-few_shot-log_price-seed1,63r421fa,anpboost,few_shot,1,rmse,0.1709798093391045,0.3198099845890811,0.1613527949547721,0.2872913640728121,6115.372271060944,1.953995704650879,2.129833459854126,0.3017369207096727,,,,,9.04880512495628,9.154523936090344,0.2,0.0001181285816262,5.0,0.0610030224551816,0.0,10.0,8.0,255.0,-1.0,,,,,
anpboost-few_shot-log_price-seed1,6g2xa966,anpboost,few_shot,1,rmse,0.1362701047630303,0.2869033103761684,0.1244669620787477,0.2566511540912584,10007.155358076096,2.336076498031616,2.230384349822998,0.2812164849036316,,,,,9.452126098011773,9.52903634142424,0.2,0.0003600091192911,10.0,0.083744968684368,0.0,100.0,16.0,255.0,-1.0,,,,,
anpboost-few_shot-log_price-seed1,71fps8ii,anpboost,few_shot,1,rmse,0.1526721274140463,0.3059206638919646,0.1460423755507937,0.276693479066962,5822.650811910629,2.275899887084961,2.206077814102173,0.2948082578548591,,,,,9.48880120254121,9.578399877201417,0.2,0.0002371245680478,10.0,0.0322020325894309,1.0,100.0,16.0,255.0,-1.0,,,,,
anpboost-few_shot-log_price-seed1,8kj467ur,anpboost,few_shot,1,rmse,0.1492549145892223,0.2915914645787268,0.1439747934827225,0.2656577047735266,9184.064138889313,1.83316969871521,1.942183494567871,0.2880050330490245,,,,,6.917871495606625,6.993453462921768,0.0,3.1392574253118284e-05,5.0,0.1121865737283773,0.0,10.0,4.0,255.0,-1.0,,,,,
anpboost-few_shot-log_price-seed1,b0dbpxun,anpboost,few_shot,1,rmse,0.1692278006249349,0.3147936218934474,0.1618581271384033,0.2870115477011939,6987.693964719772,2.1856086254119877,2.212528705596924,0.3086047945710328,,,,,8.647485822744102,8.77396328986647,0.2,5.4597054376998136e-05,10.0,0.1053508308667582,0.0,20.0,4.0,255.0,-1.0,,,,,
anpboost-few_shot-log_price-seed1,cncvglju,anpboost,few_shot,1,rmse,0.1398319816326163,0.2900921683674395,0.1335773203801902,0.270801551283265,13986.073191404344,2.081202268600464,2.298959255218506,0.28706381960964,,,,,8.862536115672922,8.950032501746815,0.0,7.917412954846521e-05,10.0,0.1011064623519062,0.0,20.0,8.0,255.0,-1.0,,,,,
anpboost-few_shot-log_price-seed1,d2xjx6fc,anpboost,few_shot,1,rmse,0.1416758389111176,0.2921001423669555,0.1378911617633694,0.2713915510031291,12116.530778884888,2.159766674041748,2.253742933273315,0.2901428081818891,,,,,9.419359463025003,9.49644339618471,0.2,0.0001381635682257,10.0,0.0261669745608544,1.0,20.0,8.0,255.0,-1.0,,,,,
anpboost-few_shot-log_price-seed1,dc8w5ui7,anpboost,few_shot,1,rmse,0.1498463009187923,0.3015345176598942,0.1410004062316091,0.2765004714273797,7787.209436655045,2.3191447257995605,2.5271570682525635,0.2954532629671753,,,,,9.501947628278884,9.575464841612645,0.2,0.0003013710908533,5.0,0.0130634630331783,0.0,10.0,8.0,255.0,-1.0,,,,,
anpboost-few_shot-log_price-seed1,emds3so3,anpboost,few_shot,1,rmse,0.14191234752011,0.2948865333693409,0.1335011611985103,0.2703602080879955,7447.314863681793,2.633617877960205,2.84761905670166,0.2912765791513252,,,,,9.212602571588675,9.266697956421558,0.0,0.0001083323625032,10.0,0.1351582698334605,0.0,100.0,8.0,255.0,-1.0,,,,,
anpboost-few_shot-log_price-seed1,h230w3gx,anpboost,few_shot,1,rmse,0.2016229177076929,0.3321212411707236,0.2024551670503065,0.3142210741669962,8603.129257678986,2.05169415473938,1.9956679344177248,0.3169263689501304,,,,,7.313668709869403,7.406533803895535,0.2,1.5820851730418417e-05,5.0,0.0450196136386975,1.0,100.0,16.0,255.0,-1.0,,,,,
anpboost-few_shot-log_price-seed1,jo0slpxr,anpboost,few_shot,1,rmse,0.1537953346983363,0.3003859543759128,0.1452455171931226,0.2690137893963098,8847.571877241135,4.77381157875061,4.797277450561523,0.2876122753210066,,,,,3.980801334913955,4.105166090615309,0.0,3.9184339457363744e-05,5.0,0.7978205565731539,1.0,100.0,16.0,255.0,-1.0,,,,,
anpboost-few_shot-log_price-seed1,m4z0dg17,anpboost,few_shot,1,rmse,0.1729112208484872,0.3215319768194254,0.1627420934925649,0.2874364538655993,15795.34383392334,1.79250168800354,1.8993637561798096,0.31948901312779,,,,,8.813620602579606,8.908069684783035,0.2,2.017016316297149e-05,20.0,0.0582929613195039,1.0,1000.0,8.0,255.0,-1.0,,,,,
anpboost-few_shot-log_price-seed1,ma5my8kk,anpboost,few_shot,1,rmse,0.1363428997579881,0.2889792617362098,0.1318950387927378,0.2755806698963927,12967.293214559557,2.2543838024139404,2.43759822845459,0.2866433167889245,,,,,9.53218375593856,9.614197357761752,0.0,0.0004548624208721,10.0,0.2953847324956156,0.0,20.0,4.0,255.0,-1.0,,,,,
anpboost-few_shot-log_price-seed1,oonshieo,anpboost,few_shot,1,rmse,0.1385117345000809,0.2905696071289682,0.1359415106862955,0.2773458741489229,8808.399591445923,2.328857660293579,2.261497974395752,0.2876357844625231,,,,,9.713187718659356,9.675043626632194,0.0,0.0004242243954166,10.0,0.5800570688908553,1.0,20.0,4.0,255.0,-1.0,,,,,
anpboost-few_shot-log_price-seed1,qvr42cl2,anpboost,few_shot,1,rmse,0.1468311559303809,0.304621017613177,0.1374205216507002,0.2859806998736952,7164.148540019989,2.4112234115600586,2.365385055541992,0.3034843519287516,,,,,9.53834055154976,9.609984821586773,0.2,0.000956484407922,10.0,0.0109977032995056,0.0,100.0,4.0,255.0,-1.0,,,,,
anpboost-few_shot-log_price-seed1,sq46fx38,anpboost,few_shot,1,rmse,0.1825029570938973,0.3164721174772744,0.1862004041556908,0.2885232145054514,5810.38872051239,2.173130989074707,2.321580648422241,0.3062673074713918,,,,,6.440930067795483,6.590406674642703,0.2,2.9067203620664195e-05,5.0,0.1823458458254781,0.0,10.0,8.0,255.0,-1.0,,,,,
anpboost-few_shot-log_price-seed1,t9b8r3ow,anpboost,few_shot,1,rmse,0.1441150977124009,0.3037067602299568,0.1348077035248854,0.2831610886325345,11817.516665697098,2.0506958961486816,1.997286558151245,0.2955602904608147,,,,,9.531988094499612,9.602496240505085,0.2,0.0004276097878757,10.0,0.0133482983182945,0.0,100.0,4.0,255.0,-1.0,,,,,
anpboost-few_shot-log_price-seed1,vsqbym26,anpboost,few_shot,1,rmse,0.1507665496250992,0.2957262201655327,0.1447254863059819,0.2667092826627776,14087.525533437729,2.991877317428589,2.988722801208496,0.2840536228327311,,,,,8.553938073646181,8.629250111598925,0.0,1.702035422361917e-05,20.0,0.0657821692431908,1.0,20.0,16.0,255.0,-1.0,,,,,
anpboost-few_shot-log_price-seed1,vzqy458n,anpboost,few_shot,1,rmse,0.1430085746423572,0.3008229636987002,0.1345371920220654,0.2768437436846654,15081.99020075798,2.2128348350524902,2.2852559089660645,0.2984378078652269,,,,,9.180450739790784,9.266118174776627,0.2,0.0001496922341954,10.0,0.0831211929407696,1.0,1000.0,4.0,255.0,-1.0,,,,,
anpboost-few_shot-log_price-seed1,xjevehpu,anpboost,few_shot,1,rmse,0.250741893655681,0.3677043121181453,0.2500394564086072,0.3341604681083336,4265.0267696380615,2.3644907474517822,2.2990732192993164,0.3229741647177795,,,,,5.642959508606092,5.889806333167653,0.2,1.090384328196852e-05,5.0,0.7717846862118062,0.0,20.0,4.0,255.0,-1.0,,,,,
anpboost-few_shot-log_price-seed1,ye96axgg,anpboost,few_shot,1,rmse,0.2156898977043375,0.335940913193025,0.2184411124514706,0.3182642808195729,7073.357057332993,2.371011018753052,2.5180015563964844,0.319004456886148,,,,,5.910111775949363,6.055107122252864,0.2,1.343677338411072e-05,5.0,0.1113002415673063,1.0,10.0,4.0,255.0,-1.0,,,,,
anpboost-few_shot-log_price-seed2,0419wshe,anpboost,few_shot,2,rmse,0.1430349155321272,0.2846033466237658,0.1559265517285945,0.3300161823738953,5980.142842054367,1.1979169845581057,1.1451354026794434,0.2669990739383716,,,,,9.521337677784071,9.565494391804474,0.2,0.0004276097878757,10.0,0.0133482983182945,0.0,100.0,4.0,255.0,-1.0,,,,,
anpboost-few_shot-log_price-seed2,0nxljjy1,anpboost,few_shot,2,rmse,0.1312013903404134,0.2706060939000307,0.1521357630705608,0.3242022086447811,7054.529573202133,1.9638702869415283,1.6701536178588867,0.2610434093973164,,,,,9.700263987528704,9.705965174686744,0.0,0.0004548624208721,10.0,0.2953847324956156,0.0,20.0,4.0,255.0,-1.0,,,,,
anpboost-few_shot-log_price-seed2,3i9wknr8,anpboost,few_shot,2,rmse,0.128873096393827,0.2660673292890527,0.1498906277582347,0.3228304328309634,20675.375581264496,2.64024019241333,2.488804817199707,0.2600191535178418,,,,,9.402533963268194,9.463584355935536,0.2,0.0001605191133358,20.0,0.0750195444362012,1.0,20.0,4.0,255.0,-1.0,,,,,
anpboost-few_shot-log_price-seed2,3inf8ugq,anpboost,few_shot,2,rmse,0.1717969087758189,0.2828807528587306,0.1954896066717795,0.32917555350123,4792.099195241928,1.544776439666748,1.406515121459961,0.2726232601197421,,,,,6.031731979566303,6.253305026218247,0.2,2.9067203620664195e-05,5.0,0.1823458458254781,0.0,10.0,8.0,255.0,-1.0,,,,,
anpboost-few_shot-log_price-seed2,3zaqy2su,anpboost,few_shot,2,rmse,0.1660579244368989,0.2640379501742609,0.1955347703959788,0.3093213521175047,3199.790372133255,1.501981258392334,1.6429991722106934,0.2596533685530129,,,,,3.905609631711005,4.000418833270927,0.0,3.9184339457363744e-05,5.0,0.7978205565731539,1.0,100.0,16.0,255.0,-1.0,,,,,
anpboost-few_shot-log_price-seed2,42igh7x8,anpboost,few_shot,2,rmse,0.132475504126445,0.2757038075481067,0.1503110943407165,0.3227584904439041,16103.413692474363,4.238346576690674,3.878507137298584,0.2645066209526667,,,,,9.534269045119832,9.578412124540291,0.2,0.000956484407922,10.0,0.0109977032995056,0.0,100.0,4.0,255.0,-1.0,,,,,
anpboost-few_shot-log_price-seed2,549bw7e3,anpboost,few_shot,2,rmse,0.1291274936534011,0.26244092841259,0.1540045061698095,0.3168333905002551,7777.190688848496,2.7046029567718506,2.6654179096221924,0.2572946916775965,,,,,9.498563378606024,9.548043852893082,0.2,0.0003600091192911,10.0,0.083744968684368,0.0,100.0,16.0,255.0,-1.0,,,,,
anpboost-few_shot-log_price-seed2,8h8ew3rn,anpboost,few_shot,2,rmse,0.1695740580163316,0.3060224689419967,0.1824592509354953,0.3470664825219791,13217.58199596405,1.626868724822998,1.6498894691467283,0.285208333687508,,,,,8.671061703834283,8.794462869247072,0.2,2.017016316297149e-05,20.0,0.0582929613195039,1.0,1000.0,8.0,255.0,-1.0,,,,,
anpboost-few_shot-log_price-seed2,908mzdb3,anpboost,few_shot,2,rmse,0.1670301877349406,0.2704751625548253,0.1947542362032628,0.3292006609594142,4410.7220668792725,1.7185847759246826,1.5291485786437988,0.2638087232270802,,,,,6.870387103183383,6.926995821577653,0.0,3.1392574253118284e-05,5.0,0.1121865737283773,0.0,10.0,4.0,255.0,-1.0,,,,,
anpboost-few_shot-log_price-seed2,9uec7e6l,anpboost,few_shot,2,rmse,0.1348500049426201,0.2716906250119927,0.1633983211186406,0.3484528823367891,19956.00259494781,1.9496145248413088,1.897599458694458,0.2674280927487864,,,,,9.15856045751203,9.208724228190324,0.0,1.5865500409725956e-05,20.0,0.019901994840577,0.0,100.0,4.0,255.0,-1.0,,,,,
anpboost-few_shot-log_price-seed2,bxz4d99z,anpboost,few_shot,2,rmse,0.1277437706056047,0.2657395459144525,0.1523745923388267,0.3279511494723765,10354.731212854384,1.12685227394104,1.091670274734497,0.2634480486945896,,,,,9.159481401630025,9.23108275957876,0.2,0.0001496922341954,10.0,0.0831211929407696,1.0,1000.0,4.0,255.0,-1.0,,,,,
anpboost-few_shot-log_price-seed2,d5nwnncz,anpboost,few_shot,2,rmse,0.1404457217733929,0.2820328890864563,0.1539773774322526,0.3282422966536698,3456.952785253525,1.1832921504974363,1.274058818817139,0.2697667347563734,,,,,9.530049365064754,9.572657363937834,0.0,0.0002507518284371,10.0,0.0302023368339538,1.0,10.0,8.0,255.0,-1.0,,,,,
anpboost-few_shot-log_price-seed2,dm43iela,anpboost,few_shot,2,rmse,0.2392117355830371,0.3256480235566005,0.2536485362629534,0.3575732452151747,7277.389167308807,4.989420413970947,4.654837846755981,0.3032013108993369,,,,,6.111612865436049,5.980957204813332,0.2,1.090384328196852e-05,5.0,0.7717846862118062,0.0,20.0,4.0,255.0,-1.0,,,,,
anpboost-few_shot-log_price-seed2,dmjov8i5,anpboost,few_shot,2,rmse,0.132406383972523,0.2769418796284474,0.155001007219469,0.3368117406347506,11362.854066371918,1.7839996814727783,1.757878065109253,0.2666056772107386,,,,,9.534874956454576,9.579359830773218,0.0,0.0002780425090632,10.0,0.0105542692281163,1.0,20.0,8.0,255.0,-1.0,,,,,
anpboost-few_shot-log_price-seed2,i94yfzxe,anpboost,few_shot,2,rmse,0.1195029680947733,0.2468821678041012,0.1396222846365125,0.2953727974911126,18287.695171117783,1.5811810493469238,1.5513839721679688,0.2411523193027204,,,,,7.673208058487341,7.770730753932961,0.2,0.0001082971516786,10.0,0.2589103504433043,0.0,20.0,16.0,255.0,-1.0,,,,,
anpboost-few_shot-log_price-seed2,j16srz91,anpboost,few_shot,2,rmse,0.1322231423665885,0.2556112541989677,0.1539973508296328,0.3034195069040595,9107.160367250444,1.2149980068206787,1.0913114547729492,0.2502444138659579,,,,,5.37335826453574,5.440110093564536,0.0,1.8406671834517417e-05,10.0,0.3476654204795515,0.0,20.0,8.0,255.0,-1.0,,,,,
anpboost-few_shot-log_price-seed2,kfycawwd,anpboost,few_shot,2,rmse,0.162614667718805,0.3009942336322612,0.1711379632338113,0.334044400622524,9183.748116493223,2.3044886589050293,2.237205982208252,0.2755292087387666,,,,,9.44478209139611,9.514330867094188,0.2,0.0001381635682257,10.0,0.0261669745608544,1.0,20.0,8.0,255.0,-1.0,,,,,
anpboost-few_shot-log_price-seed2,ncdubjv5,anpboost,few_shot,2,rmse,0.1277670015543534,0.268190946101749,0.1538838930310511,0.3318044232636564,9992.840935468674,1.636674404144287,1.6611106395721436,0.2640736262185998,,,,,9.40426979902226,9.473080078275313,0.2,0.0002563473332261,20.0,0.1427109105814198,1.0,1000.0,8.0,255.0,-1.0,,,,,
anpboost-few_shot-log_price-seed2,qjft1c32,anpboost,few_shot,2,rmse,0.212807366384864,0.3028222112474935,0.2343305501526713,0.3545545201642142,6480.599720001221,2.0396687984466557,2.084476947784424,0.2947679430622779,,,,,5.946027058613065,6.079043746501297,0.2,1.343677338411072e-05,5.0,0.1113002415673063,1.0,10.0,4.0,255.0,-1.0,,,,,
anpboost-few_shot-log_price-seed2,qjsdkdru,anpboost,few_shot,2,rmse,0.1815939362401502,0.3315997417635505,0.1565929339761864,0.3224896932206084,5137.42548418045,1.6749403476715088,1.5357131958007812,0.2638759375869783,,,,,9.068820574143537,9.110667404564412,0.0,7.917412954846521e-05,10.0,0.1011064623519062,0.0,20.0,8.0,255.0,-1.0,,,,,
anpboost-few_shot-log_price-seed2,r5i16jlq,anpboost,few_shot,2,rmse,0.1278963853985104,0.267404412802739,0.14809083389559,0.3160054323760964,6319.779673337936,1.963040113449097,1.75677752494812,0.2607025794915088,,,,,9.970116415593116,9.882706238208923,0.0,0.0004242243954166,10.0,0.5800570688908553,1.0,20.0,4.0,255.0,-1.0,,,,,
anpboost-few_shot-log_price-seed2,rf6ddtre,anpboost,few_shot,2,rmse,0.1619961366546228,0.2988337064498466,0.1700013385084776,0.3303389113165367,7692.383881807327,1.2180917263031006,1.179396629333496,0.2747667308758532,,,,,8.404364324946284,8.608217480258233,0.2,5.4597054376998136e-05,10.0,0.1053508308667582,0.0,20.0,4.0,255.0,-1.0,,,,,
anpboost-few_shot-log_price-seed2,rfh9gimo,anpboost,few_shot,2,rmse,0.145037941307851,0.2907457748606034,0.1552090824903875,0.3273363949350283,5949.731597185135,1.5444104671478271,1.5123343467712402,0.2662925488437495,,,,,9.52407431317376,9.569713077344716,0.2,0.0008392140711648,5.0,0.0107859712708854,0.0,10.0,8.0,255.0,-1.0,,,,,
anpboost-few_shot-log_price-seed2,sv2qgnor,anpboost,few_shot,2,rmse,0.1297846850964841,0.2657447648192607,0.1531729527828445,0.3220162050277331,9931.952828884125,4.154240608215332,3.941608905792236,0.2616698865194859,,,,,9.48294277707983,9.532138236214148,0.2,0.0003013710908533,5.0,0.0130634630331783,0.0,10.0,8.0,255.0,-1.0,,,,,
anpboost-few_shot-log_price-seed2,t73yhlza,anpboost,few_shot,2,rmse,0.1517573832323135,0.2891250115546847,0.1935231785668936,0.3414344754406699,1747.4833607673645,1.9184749126434328,1.6877110004425049,0.2751965024127396,,,,,8.91369908896024,9.000365060249242,0.0,0.0001721990923545,5.0,0.1380161223304589,0.0,1000.0,16.0,255.0,-1.0,,,,,
anpboost-few_shot-log_price-seed2,trqafs6f,anpboost,few_shot,2,rmse,0.1743937016104667,0.3106301576580772,0.1791533202653678,0.3333130735314119,9134.753188848495,1.046153545379639,0.9449362754821776,0.2730360235695864,,,,,7.095760513550394,7.187166289306497,0.2,1.5820851730418417e-05,5.0,0.0450196136386975,1.0,100.0,16.0,255.0,-1.0,,,,,
anpboost-few_shot-log_price-seed2,uknj7uys,anpboost,few_shot,2,rmse,0.1353405841021708,0.2649387684127116,0.1615426329032103,0.317658116496625,12384.586782693865,2.979192018508911,2.9147191047668457,0.2581616818712344,,,,,8.578581719908854,8.607493815478213,0.0,1.702035422361917e-05,20.0,0.0657821692431908,1.0,20.0,16.0,255.0,-1.0,,,,,
anpboost-few_shot-log_price-seed2,ysh62qiu,anpboost,few_shot,2,rmse,0.1325474180201521,0.2637038470831329,0.1569270076561174,0.324309390515835,7322.758804559708,1.9081482887268064,1.5148320198059082,0.2629344799036639,,,,,9.49996609400701,9.55345621616523,0.2,0.0002371245680478,10.0,0.0322020325894309,1.0,100.0,16.0,255.0,-1.0,,,,,
anpboost-few_shot-log_price-seed2,yys7dckq,anpboost,few_shot,2,rmse,0.158702641406975,0.2846906481612214,0.1742104800968391,0.3291418552698585,4073.0242416858673,1.1225881576538086,1.0542316436767578,0.2695492479333966,,,,,9.059524952605967,9.13433255989546,0.2,0.0001181285816262,5.0,0.0610030224551816,0.0,10.0,8.0,255.0,-1.0,,,,,
anpboost-few_shot-log_price-seed2,zhqgmplj,anpboost,few_shot,2,rmse,0.132512310368084,0.2646394529963259,0.1471319006068473,0.3037812061947519,6544.359589099884,2.255459308624268,2.1373250484466557,0.2543265607150065,,,,,9.214321434631906,9.383569849243283,0.2,0.0004385170256085,10.0,0.8972612866432508,1.0,20.0,8.0,255.0,-1.0,,,,,
anpboost-few_shot-log_price-seed2,zksw3di9,anpboost,few_shot,2,rmse,0.1274561060340563,0.2578087896045667,0.1522667840326872,0.3173889843844412,13947.986212015152,1.182511568069458,1.1855318546295166,0.2541655413257203,,,,,6.431071844902049,6.484814001570452,0.0,1.2904721633073898e-05,20.0,0.2325748079967941,0.0,100.0,8.0,255.0,-1.0,,,,,
anpboost-few_shot-log_price-seed2,znwb1yss,anpboost,few_shot,2,rmse,0.1354026063601117,0.2719445539055085,0.1661844290769438,0.3493074294885856,4405.311841726303,1.808093547821045,1.725665807723999,0.2696775136074753,,,,,9.184434643113253,9.21749490868898,0.0,0.0001083323625032,10.0,0.1351582698334605,0.0,100.0,8.0,255.0,-1.0,,,,,
anpboost-few_shot-log_price-seed3,0vb1rd7o,anpboost,few_shot,3,rmse,0.153906167102437,0.2786285415275256,0.1671788636116924,0.2909814125517319,6599.10081911087,1.6606810092926023,1.543794870376587,0.2764409855734772,,,,,6.740201066645546,6.702233956436858,0.0,3.1392574253118284e-05,5.0,0.1121865737283773,0.0,10.0,4.0,255.0,-1.0,,,,,
anpboost-few_shot-log_price-seed3,1r351v8j,anpboost,few_shot,3,rmse,0.1532176329865397,0.273229491380648,0.1661542924093622,0.2753974634157344,4954.540558338165,1.5876877307891846,1.5541753768920898,0.2698402575198437,,,,,3.944870667458957,3.8732724213696974,0.0,3.9184339457363744e-05,5.0,0.7978205565731539,1.0,100.0,16.0,255.0,-1.0,,,,,
anpboost-few_shot-log_price-seed3,2eue5rip,anpboost,few_shot,3,rmse,0.1399441325682392,0.2862405957124851,0.1507125599964572,0.3038602733409949,11038.84757256508,2.3732175827026367,2.498964071273804,0.2844407383529605,,,,,9.234657742355177,9.232313692340812,0.2,0.0001496922341954,10.0,0.0831211929407696,1.0,1000.0,4.0,255.0,-1.0,,,,,
anpboost-few_shot-log_price-seed3,2lhe4mex,anpboost,few_shot,3,rmse,0.1383566285869911,0.2820446677918192,0.1395491974414501,0.2860667693631669,8337.541711568832,1.6522266864776611,1.6375277042388916,0.2728147868239837,,,,,8.990657799469988,8.984719240621711,0.0,7.917412954846521e-05,10.0,0.1011064623519062,0.0,20.0,8.0,255.0,-1.0,,,,,
anpboost-few_shot-log_price-seed3,3o1vh1e1,anpboost,few_shot,3,rmse,0.1449069313738478,0.2808156358244293,0.1463782550041243,0.2825184004662983,12827.204206228256,2.533909320831299,2.3303027153015137,0.2734577606032822,,,,,8.830178906166633,8.844134387743932,0.2,0.0001181285816262,5.0,0.0610030224551816,0.0,10.0,8.0,255.0,-1.0,,,,,
anpboost-few_shot-log_price-seed3,3yk2y6a7,anpboost,few_shot,3,rmse,0.1403982914165603,0.2959614107462414,0.1451635977626149,0.2958855425951268,7177.009663581848,2.1129279136657715,1.9593369960784912,0.2803714302511306,,,,,9.530840179793929,9.48540665447326,0.0,0.0002507518284371,10.0,0.0302023368339538,1.0,10.0,8.0,255.0,-1.0,,,,,
anpboost-few_shot-log_price-seed3,5s5bw4u5,anpboost,few_shot,3,rmse,0.1483522331875482,0.2953691445895461,0.147254170226896,0.300420905792655,6875.102830648422,2.44822096824646,2.239091157913208,0.2865918615133417,,,,,9.513285222892875,9.479818145557475,0.2,0.0008392140711648,5.0,0.0107859712708854,0.0,10.0,8.0,255.0,-1.0,,,,,
anpboost-few_shot-log_price-seed3,6a0hfkbf,anpboost,few_shot,3,rmse,0.1688961704938001,0.2992915833005208,0.1728975927417341,0.3011333635113296,16851.21433353424,2.4037773609161377,2.291423320770264,0.2888890037164285,,,,,7.175517170083226,7.172759157305782,0.2,1.5820851730418417e-05,5.0,0.0450196136386975,1.0,100.0,16.0,255.0,-1.0,,,,,
anpboost-few_shot-log_price-seed3,6idzwx4i,anpboost,few_shot,3,rmse,0.1551104893033829,0.3015736994677403,0.1431602386912117,0.2929857614716862,6442.465734243393,2.572559356689453,2.400510787963867,0.2731918051849694,,,,,9.411535586488354,9.517503522286828,0.0,0.0004242243954166,10.0,0.5800570688908553,1.0,20.0,4.0,255.0,-1.0,,,,,
anpboost-few_shot-log_price-seed3,6nsdjz33,anpboost,few_shot,3,rmse,0.1388638400628087,0.283127138840943,0.1472498287326897,0.2900697082848242,18414.51483201981,2.489497423171997,2.505293369293213,0.2803318669526083,,,,,9.15487489851197,9.121565492505802,0.0,1.5865500409725956e-05,20.0,0.019901994840577,0.0,100.0,4.0,255.0,-1.0,,,,,
anpboost-few_shot-log_price-seed3,85s1e23a,anpboost,few_shot,3,rmse,0.1412009795336581,0.2818826837505084,0.1479815165459825,0.2937692519285305,8092.884611129761,1.4812138080596924,1.3740906715393066,0.2781988588222602,,,,,9.409853096383648,9.38239286459394,0.2,0.0001381635682257,10.0,0.0261669745608544,1.0,20.0,8.0,255.0,-1.0,,,,,
anpboost-few_shot-log_price-seed3,b3m2dzya,anpboost,few_shot,3,rmse,0.1803854192495601,0.300265988862248,0.1948132170036403,0.3070986607681617,5627.512346982956,2.568605422973633,2.499425411224365,0.2889920115938816,,,,,6.227549876173528,6.283008596852367,0.2,2.9067203620664195e-05,5.0,0.1823458458254781,0.0,10.0,8.0,255.0,-1.0,,,,,
anpboost-few_shot-log_price-seed3,b6f4jztn,anpboost,few_shot,3,rmse,0.1307913806663639,0.2649368878815249,0.1326249650541299,0.2650755788138599,17389.52854013443,2.0783631801605225,2.3339664936065674,0.2574568527998765,,,,,5.209130259325455,5.165618912883194,0.0,1.8406671834517417e-05,10.0,0.3476654204795515,0.0,20.0,8.0,255.0,-1.0,,,,,
anpboost-few_shot-log_price-seed3,bpbktu5z,anpboost,few_shot,3,rmse,0.1353735218826313,0.2869248858327586,0.1382898231833172,0.2881758878488448,7633.16889834404,2.897664785385132,2.336437225341797,0.2807245082786805,,,,,9.516978404440213,9.482168363453289,0.0,0.0002780425090632,10.0,0.0105542692281163,1.0,20.0,8.0,255.0,-1.0,,,,,
anpboost-few_shot-log_price-seed3,dm3ircjg,anpboost,few_shot,3,rmse,0.1360176701723418,0.2846230836243685,0.1340952565852147,0.2786375611505565,6101.932100772858,1.2529146671295166,1.2323260307312012,0.2740591729142284,,,,,9.544282259570148,9.49984988017223,0.0,0.0004548624208721,10.0,0.2953847324956156,0.0,20.0,4.0,255.0,-1.0,,,,,
anpboost-few_shot-log_price-seed3,ekksw16j,anpboost,few_shot,3,rmse,0.1669975013645079,0.3272817286296383,0.1396020332673893,0.2848004661056568,6357.342824697495,3.0520923137664795,2.6465630531311035,0.2825118946643938,,,,,8.907301456191055,8.821605466833532,0.0,0.0001721990923545,5.0,0.1380161223304589,0.0,1000.0,16.0,255.0,-1.0,,,,,
anpboost-few_shot-log_price-seed3,ekt0aop0,anpboost,few_shot,3,rmse,0.1350661782744508,0.2796749822560683,0.141767600855673,0.2921449132997545,12896.94227385521,2.4764604568481445,2.35273814201355,0.2770245241078222,,,,,9.471200019923227,9.439287155253623,0.2,0.0003013710908533,5.0,0.0130634630331783,0.0,10.0,8.0,255.0,-1.0,,,,,
anpboost-few_shot-log_price-seed3,emp7vi25,anpboost,few_shot,3,rmse,0.1494731200943924,0.2964655286098082,0.1503113198621381,0.2956624542313485,4546.692216396332,2.7661728858947754,2.3065290451049805,0.2814555829901553,,,,,9.047285502417068,8.99518724171357,0.0,0.0001083323625032,10.0,0.1351582698334605,0.0,100.0,8.0,255.0,-1.0,,,,,
anpboost-few_shot-log_price-seed3,eoldbz9m,anpboost,few_shot,3,rmse,0.1666821323592087,0.3044510451682863,0.1701440209849944,0.3075600298472504,7877.341250896454,2.4080169200897217,2.3217251300811768,0.2896751440199873,,,,,8.597648541094982,8.640401003191876,0.2,5.4597054376998136e-05,10.0,0.1053508308667582,0.0,20.0,4.0,255.0,-1.0,,,,,
anpboost-few_shot-log_price-seed3,g65o02cm,anpboost,few_shot,3,rmse,0.2555845411361527,0.3763662045281063,0.2492708539677353,0.3281929830488764,3163.302437067032,1.5826094150543213,1.5222282409667969,0.3145844180403326,,,,,5.403425728302206,5.372727656560912,0.2,1.090384328196852e-05,5.0,0.7717846862118062,0.0,20.0,4.0,255.0,-1.0,,,,,
anpboost-few_shot-log_price-seed3,iavhvh62,anpboost,few_shot,3,rmse,0.1354764284401283,0.27387894059895,0.1415238886681582,0.2789058426563058,3654.53852725029,1.325704574584961,1.3306138515472412,0.272996781932495,,,,,9.109311584873115,9.24323113157747,0.2,0.0004385170256085,10.0,0.8972612866432508,1.0,20.0,8.0,255.0,-1.0,,,,,
anpboost-few_shot-log_price-seed3,jl6wvy9e,anpboost,few_shot,3,rmse,0.1355868880384661,0.2896910118719307,0.1388956162149964,0.2909368359557463,11961.11798620224,2.635740280151367,2.539102077484131,0.2804711472621183,,,,,9.418497011037871,9.397901546517131,0.2,0.0002563473332261,20.0,0.1427109105814198,1.0,1000.0,8.0,255.0,-1.0,,,,,
anpboost-few_shot-log_price-seed3,lwsui3t2,anpboost,few_shot,3,rmse,0.1347512992553318,0.2699668429669071,0.1484075090374075,0.2826301535041221,16624.042408704758,1.956681966781616,1.8152499198913576,0.2675614507051863,,,,,8.507047120381467,8.479431757831318,0.0,1.702035422361917e-05,20.0,0.0657821692431908,1.0,20.0,16.0,255.0,-1.0,,,,,
anpboost-few_shot-log_price-seed3,p31twkif,anpboost,few_shot,3,rmse,0.1388153168649075,0.2761707420448481,0.1406983761537313,0.2781772160055695,19619.686477184296,2.3169777393341064,2.3192484378814697,0.2671336744319589,,,,,6.599098184101913,6.589042085831797,0.0,1.2904721633073898e-05,20.0,0.2325748079967941,0.0,100.0,8.0,255.0,-1.0,,,,,
anpboost-few_shot-log_price-seed3,ryjbb4jg,anpboost,few_shot,3,rmse,0.1302492167664228,0.2732334162085189,0.1312234548643417,0.2734332651566635,12625.66666984558,1.68035888671875,1.481769561767578,0.265835024594579,,,,,9.486714291441212,9.45325283748187,0.2,0.0003600091192911,10.0,0.083744968684368,0.0,100.0,16.0,255.0,-1.0,,,,,
anpboost-few_shot-log_price-seed3,u28kxnt9,anpboost,few_shot,3,rmse,0.140617239791848,0.2933600530819544,0.1418243352740631,0.2944363111572576,8798.691764354706,2.7055444717407227,2.6711130142211914,0.2862012831892288,,,,,9.520282582242404,9.48420551347166,0.2,0.000956484407922,10.0,0.0109977032995056,0.0,100.0,4.0,255.0,-1.0,,,,,
anpboost-few_shot-log_price-seed3,wrch1yd8,anpboost,few_shot,3,rmse,0.1401547633062008,0.2920097519292581,0.1486106876235131,0.3012947573649479,7572.004469394684,2.477059125900269,2.173826217651367,0.288984441243418,,,,,9.514737305787492,9.480610727627411,0.2,0.0004276097878757,10.0,0.0133482983182945,0.0,100.0,4.0,255.0,-1.0,,,,,
anpboost-few_shot-log_price-seed3,xf7uccie,anpboost,few_shot,3,rmse,0.1325281858188893,0.2776191907964453,0.1415834196370695,0.2909957754213609,12897.460171699524,1.485281467437744,1.5035178661346436,0.2762197318924376,,,,,9.397139479148542,9.36431712359534,0.2,0.0001605191133358,20.0,0.0750195444362012,1.0,20.0,4.0,255.0,-1.0,,,,,
anpboost-few_shot-log_price-seed3,y220gkzi,anpboost,few_shot,3,rmse,0.2021184398827192,0.3058710245584249,0.2177996509176995,0.3274770644759823,5468.417307853699,1.516577959060669,1.3426048755645752,0.2983373589160147,,,,,5.865811375662764,5.8907057402139005,0.2,1.343677338411072e-05,5.0,0.1113002415673063,1.0,10.0,4.0,255.0,-1.0,,,,,
anpboost-few_shot-log_price-seed3,y8c4lzh2,anpboost,few_shot,3,rmse,0.1315850394265915,0.2656206754198373,0.1324306678805835,0.2628316862746331,13026.719013929369,1.7870814800262451,1.623457908630371,0.2597760824727603,,,,,7.982553157650759,8.023158344465628,0.2,0.0001082971516786,10.0,0.2589103504433043,0.0,20.0,16.0,255.0,-1.0,,,,,
anpboost-few_shot-log_price-seed3,ze6btgjd,anpboost,few_shot,3,rmse,0.1296745065091432,0.2739153288666219,0.1380243570238361,0.2834363550402192,11769.836430549622,2.3913354873657227,2.250791311264038,0.2702008579376027,,,,,9.491221334411978,9.464166068323076,0.2,0.0002371245680478,10.0,0.0322020325894309,1.0,100.0,16.0,255.0,-1.0,,,,,
anpboost-few_shot-log_price-seed3,zwjkhrgj,anpboost,few_shot,3,rmse,0.1746191646537527,0.3162154829642484,0.1763150490985942,0.3137350906417311,13895.109345674517,1.5589356422424316,1.465726375579834,0.3018369651876557,,,,,8.72011826157961,8.73028742033319,0.2,2.017016316297149e-05,20.0,0.0582929613195039,1.0,1000.0,8.0,255.0,-1.0,,,,,
anpboost-few_shot-log_price-seed4,0gcseumf,anpboost,few_shot,4,rmse,0.1340793189038051,0.2675460219212505,0.141025426825473,0.277727294267096,10265.384783029556,1.4459669589996338,1.949601650238037,0.2646477431815608,,,,,9.078779406502928,9.244256232130589,0.2,0.0001496922341954,10.0,0.0831211929407696,1.0,1000.0,4.0,255.0,-1.0,,,,,
anpboost-few_shot-log_price-seed4,101nutqq,anpboost,few_shot,4,rmse,0.1317869914515634,0.2634706088407545,0.1349010084109913,0.2680125463977185,5089.05277633667,2.459014177322388,2.3622376918792725,0.2594888844889623,,,,,9.46540259500879,9.616904681501095,0.0,0.0004548624208721,10.0,0.2953847324956156,0.0,20.0,4.0,255.0,-1.0,,,,,
anpboost-few_shot-log_price-seed4,2b42q8d4,anpboost,few_shot,4,rmse,0.1307091755277655,0.2666664428229841,0.1369747298084689,0.2792523272657395,7860.3732035160065,2.051242589950561,2.2932887077331543,0.2636843480761774,,,,,9.48097423104216,9.606746169365046,0.2,0.0008392140711648,5.0,0.0107859712708854,0.0,10.0,8.0,255.0,-1.0,,,,,
anpboost-few_shot-log_price-seed4,4yd8bmmw,anpboost,few_shot,4,rmse,0.1351312235901864,0.2629789239708606,0.1422241239175952,0.272665416736269,10794.427836894987,2.2586026191711426,2.2366883754730225,0.2567197032664676,,,,,9.365590375791069,9.510226957705376,0.2,0.0001381635682257,10.0,0.0261669745608544,1.0,20.0,8.0,255.0,-1.0,,,,,
anpboost-few_shot-log_price-seed4,7snjimll,anpboost,few_shot,4,rmse,0.1198048689927947,0.2507316210686402,0.123664054121132,0.2555757272441764,16626.27730154991,2.392966985702514,2.5913164615631104,0.2454586201866618,,,,,9.435659367090974,9.550974940199438,0.2,0.0003600091192911,10.0,0.083744968684368,0.0,100.0,16.0,255.0,-1.0,,,,,
anpboost-few_shot-log_price-seed4,8fw1g8hn,anpboost,few_shot,4,rmse,0.1283802309732758,0.2570056916101849,0.1392296682503657,0.2743484440115591,9279.70840358734,2.349853277206421,2.384344577789306,0.2553868895613411,,,,,9.4492147723951,9.57750303516112,0.2,0.0003013710908533,5.0,0.0130634630331783,0.0,10.0,8.0,255.0,-1.0,,,,,
anpboost-few_shot-log_price-seed4,9s251tg7,anpboost,few_shot,4,rmse,0.127918699269884,0.2642822969125656,0.1382206011797256,0.2814846410799996,8263.321400403976,1.5053284168243408,1.6301219463348389,0.2598077940297036,,,,,9.481862890346871,9.609783970807836,0.2,0.0004276097878757,10.0,0.0133482983182945,0.0,100.0,4.0,255.0,-1.0,,,,,
anpboost-few_shot-log_price-seed4,bvazi646,anpboost,few_shot,4,rmse,0.1309766286410642,0.2528396494854173,0.1390382516090097,0.2599447113836463,15014.351621866226,1.5237748622894287,1.8157389163970947,0.2478947681249282,,,,,6.494189105153823,6.60087687320832,0.0,1.2904721633073898e-05,20.0,0.2325748079967941,0.0,100.0,8.0,255.0,-1.0,,,,,
anpboost-few_shot-log_price-seed4,cp8otd1q,anpboost,few_shot,4,rmse,0.1587884388345011,0.2872435050949715,0.1730725020885546,0.3154241374940448,11824.992478847504,0.4657824039459229,0.5018084049224854,0.2855090565541492,,,,,8.545875372048172,8.764222565784424,0.2,2.017016316297149e-05,20.0,0.0582929613195039,1.0,1000.0,8.0,255.0,-1.0,,,,,
anpboost-few_shot-log_price-seed4,fl51prx4,anpboost,few_shot,4,rmse,0.1749275242880489,0.2713552406195718,0.1873280801158968,0.2725783017461389,2511.242625951767,0.5657970905303955,0.5876560211181641,0.2620466335797553,,,,,6.832303174866017,6.963182294810185,0.0,3.1392574253118284e-05,5.0,0.1121865737283773,0.0,10.0,4.0,255.0,-1.0,,,,,
anpboost-few_shot-log_price-seed4,g0syco10,anpboost,few_shot,4,rmse,0.1432230681783697,0.262168835611258,0.1515990945010602,0.2781738453726871,7391.70519566536,1.586918830871582,1.7709846496582031,0.2596220060087544,,,,,8.963303771048107,9.133979689532993,0.2,0.0001181285816262,5.0,0.0610030224551816,0.0,10.0,8.0,255.0,-1.0,,,,,
anpboost-few_shot-log_price-seed4,g2vh451g,anpboost,few_shot,4,rmse,0.1211991999256476,0.2515133273643778,0.1277472233657824,0.2601726916175936,14917.25816130638,2.396127223968506,2.465449810028076,0.2495515966670141,,,,,9.450198829488174,9.579445949244116,0.2,0.0002371245680478,10.0,0.0322020325894309,1.0,100.0,16.0,255.0,-1.0,,,,,
anpboost-few_shot-log_price-seed4,g5iafgjc,anpboost,few_shot,4,rmse,0.1922340244657538,0.3142818782419468,0.199946782897194,0.3205611672531307,10069.233451604843,2.4819116592407227,2.396332263946533,0.2894127922956006,,,,,5.522799326944664,5.756329448847799,0.2,1.343677338411072e-05,5.0,0.1113002415673063,1.0,10.0,4.0,255.0,-1.0,,,,,
anpboost-few_shot-log_price-seed4,j0ln6lwj,anpboost,few_shot,4,rmse,0.2562188317266742,0.3829864010590442,0.2469494142707581,0.3307695839461093,4554.089379072189,2.1669998168945312,2.1810173988342285,0.3231683295573349,,,,,5.365789608207091,5.846793958243564,0.2,1.090384328196852e-05,5.0,0.7717846862118062,0.0,20.0,4.0,255.0,-1.0,,,,,
anpboost-few_shot-log_price-seed4,j415ijbx,anpboost,few_shot,4,rmse,0.132319966701979,0.2537151443162477,0.135229573662639,0.2526259355152122,4523.496798276901,0.7337584495544434,0.7145485877990723,0.2515080786122025,,,,,3.955307261449396,4.032464135139616,0.0,3.9184339457363744e-05,5.0,0.7978205565731539,1.0,100.0,16.0,255.0,-1.0,,,,,
anpboost-few_shot-log_price-seed4,j62yehd8,anpboost,few_shot,4,rmse,0.1476044255695986,0.2732116804753245,0.1496300194125719,0.2761166719866715,4386.851898431778,0.7425260543823242,0.8092455863952637,0.2513914530667142,,,,,8.318352955087574,8.646649593723666,0.2,0.0001082971516786,10.0,0.2589103504433043,0.0,20.0,16.0,255.0,-1.0,,,,,
anpboost-few_shot-log_price-seed4,m162x1q4,anpboost,few_shot,4,rmse,0.1370019020391314,0.2791953439170828,0.1367757122675683,0.2806363113748879,10251.241985082626,2.324411153793335,2.6880269050598145,0.2604688889362739,,,,,9.483067244249536,9.610664630939654,0.2,0.000956484407922,10.0,0.0109977032995056,0.0,100.0,4.0,255.0,-1.0,,,,,
anpboost-few_shot-log_price-seed4,n7ehtgy5,anpboost,few_shot,4,rmse,0.1489238232173276,0.2722527841357136,0.164072595276475,0.2782863206247015,11775.720547437668,2.388524293899536,2.474228858947754,0.2646655949971761,,,,,9.102126751674431,9.228321233310558,0.0,1.5865500409725956e-05,20.0,0.019901994840577,0.0,100.0,4.0,255.0,-1.0,,,,,
anpboost-few_shot-log_price-seed4,nsu12kqq,anpboost,few_shot,4,rmse,0.1386670960469192,0.2763421865758587,0.1387692849143927,0.2789262155028685,4819.175577163696,1.5159718990325928,1.5226812362670898,0.2606008641154412,,,,,9.481979110135024,9.615642424343935,0.0,0.0002507518284371,10.0,0.0302023368339538,1.0,10.0,8.0,255.0,-1.0,,,,,
anpboost-few_shot-log_price-seed4,o3simw6m,anpboost,few_shot,4,rmse,0.1784735405311155,0.3058575922380564,0.1831367092206766,0.3117608573579037,9874.336971759796,1.186631441116333,1.2201097011566162,0.2943950143409315,,,,,7.385239491313237,7.5283757978687165,0.2,1.5820851730418417e-05,5.0,0.0450196136386975,1.0,100.0,16.0,255.0,-1.0,,,,,
anpboost-few_shot-log_price-seed4,o8mbdvw2,anpboost,few_shot,4,rmse,0.1270705565843689,0.2618914088176736,0.1340608016443339,0.2596460644184957,11724.593064546583,0.759249210357666,0.8015494346618652,0.2507718616206932,,,,,8.524373300410483,8.628494162575747,0.0,1.702035422361917e-05,20.0,0.0657821692431908,1.0,20.0,16.0,255.0,-1.0,,,,,
anpboost-few_shot-log_price-seed4,pacmjxce,anpboost,few_shot,4,rmse,0.150818745634529,0.2763670201079258,0.1594238446615642,0.2927243162290658,11113.105759620668,2.1367459297180176,2.177506685256958,0.2625472251212265,,,,,5.712920975419673,5.996236581827767,0.2,2.9067203620664195e-05,5.0,0.1823458458254781,0.0,10.0,8.0,255.0,-1.0,,,,,
anpboost-few_shot-log_price-seed4,pg8mz5b2,anpboost,few_shot,4,rmse,0.1218365584330612,0.254387567173627,0.1297034634953401,0.2673349477701083,21226.302975416183,2.4317800998687744,2.532127618789673,0.2524629531993807,,,,,9.36829427464023,9.496987824040142,0.2,0.0001605191133358,20.0,0.0750195444362012,1.0,20.0,4.0,255.0,-1.0,,,,,
anpboost-few_shot-log_price-seed4,qbm74tll,anpboost,few_shot,4,rmse,0.1508418613873171,0.2908552938403638,0.139652189642482,0.2798231520799066,5497.466206550598,2.3214497566223145,2.362428903579712,0.259282042742758,,,,,8.924994380805495,9.046530224074637,0.0,0.0001721990923545,5.0,0.1380161223304589,0.0,1000.0,16.0,255.0,-1.0,,,,,
anpboost-few_shot-log_price-seed4,tj5oag4f,anpboost,few_shot,4,rmse,0.1683176803053095,0.3028421434487311,0.1724952350999124,0.3167084590003371,9832.740228652954,2.029994487762451,2.126506805419922,0.2714552970970872,,,,,8.534230282874942,8.752083380763885,0.2,5.4597054376998136e-05,10.0,0.1053508308667582,0.0,20.0,4.0,255.0,-1.0,,,,,
anpboost-few_shot-log_price-seed4,u9o9xy9h,anpboost,few_shot,4,rmse,0.1535149138429191,0.2894010338964466,0.1442341059569668,0.2720437674637878,2532.7890498638158,0.7337474822998047,0.6881289482116699,0.2593195719526506,,,,,8.966302881321596,9.109902396477423,0.0,7.917412954846521e-05,10.0,0.1011064623519062,0.0,20.0,8.0,255.0,-1.0,,,,,
anpboost-few_shot-log_price-seed4,vls006ly,anpboost,few_shot,4,rmse,0.1317984368560019,0.2683479863864858,0.1264678622255102,0.2638512039755593,9462.762526512146,2.3003029823303223,2.613610982894897,0.252682251553846,,,,,9.203847299285927,9.281631269182595,0.0,0.0004242243954166,10.0,0.5800570688908553,1.0,20.0,4.0,255.0,-1.0,,,,,
anpboost-few_shot-log_price-seed4,weh2ek6u,anpboost,few_shot,4,rmse,0.1237203928058067,0.2557023720204281,0.1319806484113641,0.2668627603855635,10277.029275894163,2.18355941772461,2.111900329589844,0.2519923374174662,,,,,8.999742274972544,9.144830493484577,0.0,0.0001083323625032,10.0,0.1351582698334605,0.0,100.0,8.0,255.0,-1.0,,,,,
anpboost-few_shot-log_price-seed4,xb44n7mw,anpboost,few_shot,4,rmse,0.1239297538259056,0.2514209908900043,0.125770663735567,0.2557827392698915,9748.375344276428,2.38358473777771,2.4968678951263428,0.2465017391085417,,,,,9.008205030617622,9.13621837528486,0.2,0.0004385170256085,10.0,0.8972612866432508,1.0,20.0,8.0,255.0,-1.0,,,,,
anpboost-few_shot-log_price-seed4,y1epb3h9,anpboost,few_shot,4,rmse,0.1259196838502133,0.260567929152318,0.1318914537259313,0.272325777658421,14700.610298395157,2.365410804748535,2.310762405395508,0.2574076782915368,,,,,9.402244034399835,9.526418563277916,0.2,0.0002563473332261,20.0,0.1427109105814198,1.0,1000.0,8.0,255.0,-1.0,,,,,
anpboost-few_shot-log_price-seed4,yy5dnnjv,anpboost,few_shot,4,rmse,0.1287750906622811,0.2446777001241692,0.1357321080694213,0.2540277819360884,12593.664746522903,1.835103273391724,1.7525231838226318,0.244185914462855,,,,,5.149909344864437,5.314869406528927,0.0,1.8406671834517417e-05,10.0,0.3476654204795515,0.0,20.0,8.0,255.0,-1.0,,,,,
anpboost-few_shot-log_price-seed4,zxt3zyqk,anpboost,few_shot,4,rmse,0.1427301993530788,0.2891230550064113,0.1335148893431152,0.2741867752630817,9505.82901096344,2.325030565261841,2.584085702896118,0.2590250622408601,,,,,9.489363039423534,9.61608288280303,0.0,0.0002780425090632,10.0,0.0105542692281163,1.0,20.0,8.0,255.0,-1.0,,,,,
np-in_context-log_price-seed0,0sjo3r6s,np,in_context,0,rmse,0.1235886066890169,0.2619294204220021,0.1241370293499559,0.2657702943112592,8506.740089178085,10.364329814910889,9.800405740737917,0.2574894417744333,513.0,True,0.0529111224209254,0.0003535634629148,,,,,,,,,,,,,,,,
np-in_context-log_price-seed0,3hwjqhex,np,in_context,0,rmse,0.1442643272100301,0.276772083759566,0.1366732852893191,0.2658706427608051,13934.064430236816,6.638142824172974,6.676801919937134,0.263003281647828,1516.0,True,0.1306216650930796,3.210577849550394e-05,,,,,,,,,,,,,,,,
np-in_context-log_price-seed0,5gbljgsk,np,in_context,0,rmse,0.1281455164086514,0.265757188903322,0.1267193665506347,0.2678326277958621,11409.98095703125,9.686548709869385,10.609110593795776,0.2566794429761396,787.0,True,0.0847309598677809,0.0001957889720121,,,,,,,,,,,,,,,,
np-in_context-log_price-seed0,5jt9kssl,np,in_context,0,rmse,0.1257018352654993,0.2613541349890976,0.1267464704493547,0.2640784513010827,15203.61322593689,10.700160503387451,10.124939441680908,0.2556499928044341,1080.0,True,0.1205526752143287,0.0001229607110732,,,,,,,,,,,,,,,,
np-in_context-log_price-seed0,6yi0ep8t,np,in_context,0,rmse,0.1354267627810021,0.2638332354111923,0.1423026049031022,0.2667378475305317,18095.85695528984,10.47572922706604,9.800220012664797,0.2624633526055401,1331.0,True,0.0142072116395773,1.4936835544198446e-05,,,,,,,,,,,,,,,,
np-in_context-log_price-seed0,76h4k7k6,np,in_context,0,rmse,0.1215265198674549,0.2606804527745197,0.1234536853603451,0.2678940382498512,12463.043147087095,10.43772840499878,10.6919105052948,0.2580719057275974,853.0,True,0.0922958724505863,0.0003639639356786,,,,,,,,,,,,,,,,
np-in_context-log_price-seed0,7uhuf4nm,np,in_context,0,rmse,0.168588138715959,0.3001618298593089,0.1693830105744956,0.295321792994759,10362.072512865068,6.6160523891448975,7.008163213729858,0.2924750639400506,1057.0,True,0.1976747676118452,1.5998881492631487e-05,,,,,,,,,,,,,,,,
np-in_context-log_price-seed0,92s1xk6o,np,in_context,0,rmse,0.12773907276503,0.2633872285313484,0.1293603350574092,0.2661925720891845,18011.479751348495,4.937780380249023,5.397852182388306,0.2606209377630009,2252.0,True,0.0317939167291039,1.6624564693643617e-05,,,,,,,,,,,,,,,,
np-in_context-log_price-seed0,9zuwzd1t,np,in_context,0,rmse,0.1222660570794455,0.2625942587732988,0.1261566376700962,0.2669722589153345,14829.885895490646,5.143801212310791,6.0699121952056885,0.2559666833377394,1104.0,True,0.0912300664433097,0.0001370464839284,,,,,,,,,,,,,,,,
np-in_context-log_price-seed0,cst556qw,np,in_context,0,rmse,0.1340823359354561,0.285153561936723,0.1310652922248699,0.2720225302957084,5331.168380975723,10.465588808059692,10.408941268920898,0.2627791880199557,246.0,True,0.0040436794880651,0.0004626362841475,,,,,,,,,,,,,,,,
np-in_context-log_price-seed0,e6bg1bu4,np,in_context,0,rmse,0.1236614185621338,0.2601418700025188,0.1260312269026038,0.2667433339951605,15031.529149532318,7.103272199630737,6.891895771026611,0.256765428154208,1523.0,True,0.0630856701848367,5.338528208876637e-05,,,,,,,,,,,,,,,,
np-in_context-log_price-seed0,fgaodhxp,np,in_context,0,rmse,0.1291423559080722,0.2701055877466301,0.1292330064401085,0.2703288640063404,5834.79790353775,9.087759256362917,8.26522183418274,0.2623982485742391,373.0,True,0.003757960087271,0.0001718980674331,,,,,,,,,,,,,,,,
np-in_context-log_price-seed0,fm9xchkx,np,in_context,0,rmse,0.1218714234739885,0.2650581844158668,0.1238171162569335,0.2709953501810973,11166.242495298386,9.573702335357666,8.461211919784546,0.2621667983138197,781.0,True,0.1136089122187864,0.0007098936257405,,,,,,,,,,,,,,,,
np-in_context-log_price-seed0,gfokvloq,np,in_context,0,rmse,0.1286819795011751,0.2642490986910326,0.1295950578039016,0.2644496592985576,25329.58288049698,10.66346836090088,10.332270860671995,0.2597642619143622,2023.0,True,0.1927325521002058,5.846326121643416e-05,,,,,,,,,,,,,,,,
np-in_context-log_price-seed0,ibf4jhd6,np,in_context,0,rmse,0.1259156886016651,0.267213593551229,0.1249965942133703,0.2660173425022359,11960.043430566788,8.412346839904785,8.022938013076782,0.2573246785825875,1016.0,True,0.1887496157029248,0.0002310152225018,,,,,,,,,,,,,,,,
np-in_context-log_price-seed0,ip7be3t8,np,in_context,0,rmse,0.1258510216909243,0.2727664873342446,0.1241718603298173,0.2703305356327693,8318.743493318558,11.252984523773192,10.5899555683136,0.2626242820024769,494.0,True,0.0286706574818092,0.0007750644796341,,,,,,,,,,,,,,,,
np-in_context-log_price-seed0,khdo16tl,np,in_context,0,rmse,0.1264772226018339,0.2702281157822589,0.1275897131208916,0.2687924794369373,6982.025799512863,10.65711784362793,10.413989543914797,0.2614772165131954,388.0,True,0.0236548851737866,0.0001904767808428,,,,,,,,,,,,,,,,
np-in_context-log_price-seed0,la9ba913,np,in_context,0,rmse,0.126704244790424,0.2654261976593689,0.1239941028515826,0.2700403598740498,11869.36502456665,10.224605321884155,10.007767915725708,0.2594058336073838,827.0,True,0.1556313501899701,0.0005495716186411,,,,,,,,,,,,,,,,
np-in_context-log_price-seed0,m12cft85,np,in_context,0,rmse,0.1243904972216972,0.2828414789253445,0.1246283407904894,0.2701608480231521,9930.829305171968,10.33221197128296,10.582734823226929,0.2590596451687747,651.0,True,0.0875174422525385,0.0006074996073425,,,,,,,,,,,,,,,,
np-in_context-log_price-seed0,nnt4v38c,np,in_context,0,rmse,0.1328967235288506,0.266813836522887,0.1316279480972363,0.2667798121463047,23635.93377804756,7.045730352401733,7.73399019241333,0.2618735682399156,1831.0,True,0.0420765122147681,1.810725406663106e-05,,,,,,,,,,,,,,,,
np-in_context-log_price-seed0,ns47b1a0,np,in_context,0,rmse,0.1230946807159628,0.2624849727807806,0.1245727933160667,0.2631649974324693,12608.574454784391,8.550294876098633,8.701534748077393,0.2560320404685954,1073.0,True,0.1224191445444842,0.0001713436419711,,,,,,,,,,,,,,,,
np-in_context-log_price-seed0,orgzp9i8,np,in_context,0,rmse,0.1303649900194861,0.2676681667122632,0.1286559457931921,0.2666251984563004,17302.249754428864,10.581952810287476,10.966264247894289,0.2578948473797985,1243.0,True,0.1043696643500143,6.75031252159592e-05,,,,,,,,,,,,,,,,
np-in_context-log_price-seed0,oukg6rgj,np,in_context,0,rmse,0.1231121553544061,0.2618590728744203,0.1276559070437736,0.2637665056972264,16435.121292591095,10.545374870300291,10.49410080909729,0.2582994506771594,1231.0,True,0.1583450076165329,0.000114232541556,,,,,,,,,,,,,,,,
np-in_context-log_price-seed0,q3pghput,np,in_context,0,rmse,0.13693005490226,0.2780137234779046,0.1283099987455374,0.2658616946438125,10713.329852104189,12.027661085128784,12.942159414291382,0.258414993817313,986.0,True,0.0719015801147572,7.4827960376208e-05,,,,,,,,,,,,,,,,
np-in_context-log_price-seed0,qhoq5whw,np,in_context,0,rmse,0.1500216153573371,0.2808154384899261,0.151404795466377,0.2805790028376914,8090.118838310242,5.081818103790283,4.807831525802612,0.2765474702107814,1109.0,True,0.1312659178930547,1.889582693802601e-05,,,,,,,,,,,,,,,,
np-in_context-log_price-seed0,spuajv0p,np,in_context,0,rmse,0.1387967634319982,0.2738713841194312,0.1349664761983485,0.2671283731480237,24971.36588287353,6.603914499282837,6.7333691120147705,0.2625424035185709,1516.0,True,0.0932621545712612,3.082131641442947e-05,,,,,,,,,,,,,,,,
np-in_context-log_price-seed0,ugn5evn6,np,in_context,0,rmse,0.1207463040548376,0.2586461815462102,0.1234777390798077,0.2692894202407184,17695.2199947834,10.31755256652832,10.17271089553833,0.257414865189053,1310.0,True,0.1957236684465528,0.0003965675081771,,,,,,,,,,,,,,,,
np-in_context-log_price-seed0,vbbxqzlr,np,in_context,0,rmse,0.1838461615508,0.3255211034515288,0.1741764718027559,0.2882087745336669,18252.782461166385,10.837093353271484,11.43933606147766,0.284639222841495,972.0,True,0.1395262391854529,1.3196262418422204e-05,,,,,,,,,,,,,,,,
np-in_context-log_price-seed0,vudde1x9,np,in_context,0,rmse,0.1228310404893702,0.2601148676868554,0.1263206810727153,0.2673615111828389,16886.189170598984,20.428040504455566,19.8955671787262,0.2558200119038485,998.0,True,0.1333533430891335,0.00021941976179,,,,,,,,,,,,,,,,
np-in_context-log_price-seed0,wxw0tim5,np,in_context,0,rmse,0.1348865224379719,0.2681105839135274,0.1352094931705462,0.2667637731285897,11081.899438381197,6.354421615600586,6.885565519332886,0.2628752645389229,1164.0,True,0.0417753512189669,2.1019338091154404e-05,,,,,,,,,,,,,,,,
np-in_context-log_price-seed0,wya8ihim,np,in_context,0,rmse,0.1260603986341364,0.2674406084576414,0.1272642991283462,0.2663993052954189,9966.7024204731,10.884810447692873,10.02351689338684,0.2590825192141695,634.0,True,0.1097627007854649,0.0002693883019285,,,,,,,,,,,,,,,,
np-in_context-log_price-seed0,zxqi5592,np,in_context,0,rmse,0.1302575537774725,0.2679773330853103,0.1272764413658571,0.2627512629103371,12223.79879117012,6.440783739089966,6.833345890045166,0.257429500118167,1276.0,True,0.1140393540835759,7.537078298264379e-05,,,,,,,,,,,,,,,,
np-in_context-log_price-seed1,2hc7805p,np,in_context,1,rmse,0.1459981151181522,0.2868611831986018,0.1299454818932312,0.2660353767107978,13704.413111925123,7.019732475280762,6.917995691299439,0.263204521341488,1519.0,True,0.0417753512189669,2.1019338091154404e-05,,,,,,,,,,,,,,,,
np-in_context-log_price-seed1,2o6an1hf,np,in_context,1,rmse,0.127455272501433,0.2650347432081397,0.1285723972385428,0.2674893648499474,8005.898765325546,7.856777667999268,8.11504077911377,0.2607389729553729,605.0,True,0.1887496157029248,0.0002310152225018,,,,,,,,,,,,,,,,
np-in_context-log_price-seed1,3ruc7tx9,np,in_context,1,rmse,0.1279524208419373,0.262265335246426,0.1297076968715328,0.2640383077528828,9284.396440029144,6.835437059402466,7.115576267242432,0.2598947617023092,964.0,True,0.1140393540835759,7.537078298264379e-05,,,,,,,,,,,,,,,,
np-in_context-log_price-seed1,7ti1jc5n,np,in_context,1,rmse,0.1225225389912639,0.2580437942822034,0.1248999370697992,0.2628161263147437,33074.60430049896,10.281665802001951,9.671355962753296,0.2556803273760383,2738.0,True,0.1927325521002058,5.846326121643416e-05,,,,,,,,,,,,,,,,
np-in_context-log_price-seed1,bfiqlqkt,np,in_context,1,rmse,0.1293611081304291,0.2664150621552937,0.1256895900265942,0.2652969622914129,12010.541130065918,6.827229261398315,6.445369958877564,0.2591434336611504,1194.0,True,0.0630856701848367,5.338528208876637e-05,,,,,,,,,,,,,,,,
np-in_context-log_price-seed1,bj56k2h3,np,in_context,1,rmse,0.124948888664025,0.2617151250108483,0.1276315726307296,0.2717933334176208,8634.966188192368,11.370043516159058,10.62547254562378,0.256440280807388,535.0,True,0.1097627007854649,0.0002693883019285,,,,,,,,,,,,,,,,
np-in_context-log_price-seed1,c1is2egn,np,in_context,1,rmse,0.1317335107883191,0.2731187047561443,0.1270755008466997,0.2682066042424925,5641.976321935654,8.386517524719238,8.596202611923218,0.2621341308527928,382.0,True,0.003757960087271,0.0001718980674331,,,,,,,,,,,,,,,,
np-in_context-log_price-seed1,c6f76365,np,in_context,1,rmse,0.122539643017277,0.2620780161080121,0.1220951126813956,0.2674208467151993,10538.515811443329,10.288707971572876,10.573616981506348,0.2580949766926407,721.0,True,0.0529111224209254,0.0003535634629148,,,,,,,,,,,,,,,,
np-in_context-log_price-seed1,dygzy1jh,np,in_context,1,rmse,0.1306772449343499,0.2699727853405924,0.125284354166814,0.2636033785702847,11186.705976963043,7.688554286956787,7.490274906158447,0.2575673083927583,954.0,True,0.1224191445444842,0.0001713436419711,,,,,,,,,,,,,,,,
np-in_context-log_price-seed1,fm5eigw8,np,in_context,1,rmse,0.1278607688464516,0.2617287997807142,0.1245134579311604,0.2636774756789741,20482.092873096462,9.866898775100708,8.687150478363037,0.2565628924708593,1537.0,True,0.1043696643500143,6.75031252159592e-05,,,,,,,,,,,,,,,,
np-in_context-log_price-seed1,fthwjyod,np,in_context,1,rmse,0.121703718746001,0.263290046072501,0.1224448654658534,0.2658217438241131,11496.500288009644,10.251039505004885,10.383440017700195,0.2593176994381118,804.0,True,0.1556313501899701,0.0005495716186411,,,,,,,,,,,,,,,,
np-in_context-log_price-seed1,h24rzj42,np,in_context,1,rmse,0.1450320337845972,0.2821165809189288,0.1329048236044455,0.2659279523405035,24908.22780752182,6.696637392044067,7.603260517120361,0.2627094874536902,1506.0,True,0.0932621545712612,3.082131641442947e-05,,,,,,,,,,,,,,,,
np-in_context-log_price-seed1,i2lcf9gf,np,in_context,1,rmse,0.1625627716492717,0.3184114111511015,0.1234444034835472,0.2701108732943748,6554.249650716782,9.245376825332642,9.872958421707152,0.2635697171448387,384.0,True,0.0040436794880651,0.0004626362841475,,,,,,,,,,,,,,,,
np-in_context-log_price-seed1,i802u3jq,np,in_context,1,rmse,0.1681066226759206,0.3063947004507754,0.1596222469294586,0.2821399148157016,20959.68687057495,10.557675123214722,10.193396091461182,0.2832685927626226,1235.0,True,0.1395262391854529,1.3196262418422204e-05,,,,,,,,,,,,,,,,
np-in_context-log_price-seed1,itou88y9,np,in_context,1,rmse,0.1294572739892789,0.2634013779802195,0.130725817901735,0.2672555761254956,21600.005321264267,7.724714517593384,7.93994665145874,0.2632177476030291,1849.0,True,0.0420765122147681,1.810725406663106e-05,,,,,,,,,,,,,,,,
np-in_context-log_price-seed1,jvsg9bd7,np,in_context,1,rmse,0.1357815758210651,0.2678157778354724,0.1393847847179479,0.2661246737427959,11675.733056545258,5.8265016078948975,6.196998834609985,0.264105492296676,1236.0,True,0.0317939167291039,1.6624564693643617e-05,,,,,,,,,,,,,,,,
np-in_context-log_price-seed1,luqt5ux7,np,in_context,1,rmse,0.1210504327661819,0.2631887386554913,0.1220324530865585,0.2679935978915334,12482.08392906189,11.375686645507812,10.952391862869264,0.2582936750799763,876.0,True,0.1957236684465528,0.0003965675081771,,,,,,,,,,,,,,,,
np-in_context-log_price-seed1,m6a036uy,np,in_context,1,rmse,0.1421572040872274,0.2753278565306274,0.1361393880684639,0.2662407337452028,13961.8474214077,6.880087852478027,6.565856218338013,0.2644797706399211,1537.0,True,0.1306216650930796,3.210577849550394e-05,,,,,,,,,,,,,,,,
np-in_context-log_price-seed1,md5o2yow,np,in_context,1,rmse,0.1293692971821998,0.2622681078467079,0.1289209571597487,0.2645066789079331,11975.53095126152,9.98274064064026,10.854771375656128,0.2593853933767842,848.0,True,0.1583450076165329,0.000114232541556,,,,,,,,,,,,,,,,
np-in_context-log_price-seed1,mg6v4aho,np,in_context,1,rmse,0.1248966352475094,0.264252258760102,0.125738444751869,0.2638815908256929,12110.92639517784,8.143706798553467,8.417138814926147,0.2579031941782834,936.0,True,0.0912300664433097,0.0001370464839284,,,,,,,,,,,,,,,,
np-in_context-log_price-seed1,n3y44bb2,np,in_context,1,rmse,0.1244537898502303,0.2663487297007068,0.1218666355799509,0.26651082910269,9922.418972730637,10.568080425262451,10.734333515167236,0.2598419988722245,683.0,True,0.1136089122187864,0.0007098936257405,,,,,,,,,,,,,,,,
np-in_context-log_price-seed1,ny1eci8c,np,in_context,1,rmse,0.1682239989765133,0.3111366194876797,0.1543197247468589,0.2785350174898694,7963.548544406891,4.990347385406494,5.129369258880615,0.279504028933402,941.0,True,0.1312659178930547,1.889582693802601e-05,,,,,,,,,,,,,,,,
np-in_context-log_price-seed1,ouz64tpp,np,in_context,1,rmse,0.1231282550957081,0.2605667337152082,0.1249339296179735,0.2644633979716915,16427.01381134987,10.157362699508669,9.598539113998411,0.2564317351963224,1205.0,True,0.1205526752143287,0.0001229607110732,,,,,,,,,,,,,,,,
np-in_context-log_price-seed1,qxespzys,np,in_context,1,rmse,0.1240640168800611,0.2602614863554724,0.1250787000795062,0.2638361611178501,14554.756842374802,11.599176168441772,12.242062091827393,0.2584972272293807,1321.0,True,0.0719015801147572,7.4827960376208e-05,,,,,,,,,,,,,,,,
np-in_context-log_price-seed1,tzz916ie,np,in_context,1,rmse,0.1219294164451191,0.263285697125016,0.1220584055726121,0.2618454144508654,15412.917448043823,10.670552968978882,9.98243498802185,0.2560167423917693,1159.0,True,0.0847309598677809,0.0001957889720121,,,,,,,,,,,,,,,,
np-in_context-log_price-seed1,upm0y0r8,np,in_context,1,rmse,0.1261271749600471,0.2653229731679885,0.1268263199683335,0.2658493762929417,15593.39939212799,19.860817193984985,19.77305030822754,0.2584125384524698,798.0,True,0.1333533430891335,0.00021941976179,,,,,,,,,,,,,,,,
np-in_context-log_price-seed1,vgkpffsv,np,in_context,1,rmse,0.1282004182972974,0.2688652665662095,0.1249553713153315,0.2652096597552456,7414.15022611618,9.8058762550354,10.659322261810305,0.2593578143962877,448.0,True,0.0236548851737866,0.0001904767808428,,,,,,,,,,,,,,,,
np-in_context-log_price-seed1,vobbhnvv,np,in_context,1,rmse,0.1761569619874795,0.3144936395537893,0.1699439802040596,0.2940294796129979,9606.269826173782,6.840048551559448,6.848665475845337,0.2940647888998173,1004.0,True,0.1976747676118452,1.5998881492631487e-05,,,,,,,,,,,,,,,,
np-in_context-log_price-seed1,wewxtq5m,np,in_context,1,rmse,0.13582841169874,0.2857867724472774,0.1228431731717574,0.2670210328306804,7672.402623176575,10.602982997894289,10.69177794456482,0.2616099965343438,457.0,True,0.0286706574818092,0.0007750644796341,,,,,,,,,,,,,,,,
np-in_context-log_price-seed1,xy00mf8w,np,in_context,1,rmse,0.1274644183799,0.2680939465923098,0.1253084236853423,0.26987931276856,7373.559393405914,9.816553354263306,10.149683475494385,0.2603019784707933,451.0,True,0.0875174422525385,0.0006074996073425,,,,,,,,,,,,,,,,
np-in_context-log_price-seed1,y7mpv478,np,in_context,1,rmse,0.1283661155809885,0.261549164167571,0.1311011208299133,0.2649557308611656,21761.67821907997,10.717092752456663,10.17073678970337,0.2608937122145676,1673.0,True,0.0142072116395773,1.4936835544198446e-05,,,,,,,,,,,,,,,,
np-in_context-log_price-seed1,z76evqui,np,in_context,1,rmse,0.12583098882356,0.2677885547307487,0.1243031753392779,0.2671358817844568,10579.266986846924,10.685906648635864,10.702062129974363,0.2592355879020549,713.0,True,0.0922958724505863,0.0003639639356786,,,,,,,,,,,,,,,,
np-in_context-log_price-seed2,1ijulb78,np,in_context,2,rmse,0.1445584983743512,0.2698194174177367,0.1480502064323609,0.284881817600828,7902.597257137299,7.092911958694458,6.940341949462891,0.267788396522937,729.0,True,0.1927325521002058,5.846326121643416e-05,,,,,,,,,,,,,,,,
np-in_context-log_price-seed2,1nfw4dlm,np,in_context,2,rmse,0.1452128915693219,0.2679464894935011,0.1522918466767258,0.278491144166506,10985.882410526276,6.950607299804688,7.087008237838745,0.2581953835249022,1141.0,True,0.0142072116395773,1.4936835544198446e-05,,,,,,,,,,,,,,,,
np-in_context-log_price-seed2,2ysheht5,np,in_context,2,rmse,0.1205079306936353,0.2658982490604609,0.1242914179286261,0.2811712462137773,14784.27025771141,17.070088624954224,17.238024950027466,0.2548052601941709,955.0,True,0.1957236684465528,0.0003965675081771,,,,,,,,,,,,,,,,
np-in_context-log_price-seed2,5r9rag6z,np,in_context,2,rmse,0.1246788857319844,0.2582031438292075,0.1270760719511664,0.2790619323844933,11229.032337665558,6.843766450881958,6.158638954162598,0.2552688188589121,477.0,True,0.0922958724505863,0.0003639639356786,,,,,,,,,,,,,,,,
np-in_context-log_price-seed2,b30hoe8l,np,in_context,2,rmse,0.1256863405412438,0.2603417985615529,0.1254239812688447,0.2778941158908704,7700.322840929031,7.382076025009155,6.96432375907898,0.2548126140127556,711.0,True,0.0236548851737866,0.0001904767808428,,,,,,,,,,,,,,,,
np-in_context-log_price-seed2,bf4nad0q,np,in_context,2,rmse,0.1347530676754861,0.270452186390697,0.1273551506761263,0.2771485620122127,5778.790578126907,3.002549409866333,2.327109336853028,0.2550777190595155,822.0,True,0.1333533430891335,0.00021941976179,,,,,,,,,,,,,,,,
np-in_context-log_price-seed2,cfvwzmda,np,in_context,2,rmse,0.133640762670437,0.2942318373317918,0.1292963610316585,0.2818819822467379,5090.36251950264,6.812044143676758,6.639111042022705,0.2601779126429666,406.0,True,0.0040436794880651,0.0004626362841475,,,,,,,,,,,,,,,,
np-in_context-log_price-seed2,cmlyr6uj,np,in_context,2,rmse,0.1233568269645172,0.257546957792453,0.1269083225931833,0.2787742206619454,9692.438617944716,4.421157836914063,4.756453514099121,0.2535207442256383,1464.0,True,0.0719015801147572,7.4827960376208e-05,,,,,,,,,,,,,,,,
np-in_context-log_price-seed2,d80v1bsp,np,in_context,2,rmse,0.1317321801022076,0.2620803685203819,0.1311517354819139,0.2757157128367424,13312.634262800217,5.819233417510986,5.828213453292847,0.2559633178934437,1742.0,True,0.0932621545712612,3.082131641442947e-05,,,,,,,,,,,,,,,,
np-in_context-log_price-seed2,dtonxn6r,np,in_context,2,rmse,0.1223743055407527,0.255827068074242,0.124910804245668,0.2778308719398454,25769.32452583313,9.996390342712402,10.578410625457764,0.2509860754813099,1598.0,True,0.1205526752143287,0.0001229607110732,,,,,,,,,,,,,,,,
np-in_context-log_price-seed2,ev7k2ee6,np,in_context,2,rmse,0.1231047011213733,0.2563790056486174,0.1284445113426473,0.2774182415255243,12429.483305692673,6.761317729949951,6.677894592285156,0.2543132189292018,1322.0,True,0.1583450076165329,0.000114232541556,,,,,,,,,,,,,,,,
np-in_context-log_price-seed2,f5xk44e5,np,in_context,2,rmse,0.1319858375965255,0.2616608863680545,0.1352105747510716,0.2769259266842099,15522.492519378662,10.686091423034668,11.192293882369995,0.258542597543436,1451.0,True,0.0317939167291039,1.6624564693643617e-05,,,,,,,,,,,,,,,,
np-in_context-log_price-seed2,fv6md5z0,np,in_context,2,rmse,0.1597489921976788,0.2911330468559736,0.1567145803267841,0.2908396307503204,9415.58932709694,4.373554468154907,4.612404584884644,0.2747334659767628,1417.0,True,0.1395262391854529,1.3196262418422204e-05,,,,,,,,,,,,,,,,
np-in_context-log_price-seed2,g070qcqe,np,in_context,2,rmse,0.1211071746513272,0.256872540958133,0.124537335941766,0.2843425448352676,8549.685910463333,7.136482238769531,7.067652225494385,0.2525742390535097,822.0,True,0.1556313501899701,0.0005495716186411,,,,,,,,,,,,,,,,
np-in_context-log_price-seed2,h4pwwoc6,np,in_context,2,rmse,0.1236252840343337,0.2530336298912159,0.1278502064546985,0.2769549208287908,12609.717581272123,5.093327283859253,4.92668604850769,0.2529279579547755,1537.0,True,0.1043696643500143,6.75031252159592e-05,,,,,,,,,,,,,,,,
np-in_context-log_price-seed2,hcw4ccld,np,in_context,2,rmse,0.1566761695678444,0.2927208546756105,0.1440397345771744,0.2827096866773312,8344.214614868164,5.481464624404907,5.582995176315308,0.2646284266304989,968.0,True,0.1306216650930796,3.210577849550394e-05,,,,,,,,,,,,,,,,
np-in_context-log_price-seed2,hipmu1gl,np,in_context,2,rmse,0.1359749318088211,0.2633020951622959,0.142784597057245,0.2781441873868254,6808.229790210724,3.9133808612823486,4.39376425743103,0.2602186409242799,1122.0,True,0.0420765122147681,1.810725406663106e-05,,,,,,,,,,,,,,,,
np-in_context-log_price-seed2,hmelg43d,np,in_context,2,rmse,0.1307660540136429,0.2699756802320366,0.1259571122687985,0.2808923001683875,4927.402736186981,6.200208902359009,6.077264070510864,0.2584837011789898,400.0,True,0.0286706574818092,0.0007750644796341,,,,,,,,,,,,,,,,
np-in_context-log_price-seed2,k9f1jx9g,np,in_context,2,rmse,0.1710825684078561,0.3056942117839189,0.1654139609504709,0.2996098671551115,11230.677520513536,6.599022626876831,6.395702123641968,0.2853040732202761,1225.0,True,0.1976747676118452,1.5998881492631487e-05,,,,,,,,,,,,,,,,
np-in_context-log_price-seed2,kzz5s7sd,np,in_context,2,rmse,0.1325064385115009,0.2627971462961997,0.1324336927065901,0.2774388331188288,12814.289709806442,7.267053604125977,6.301347017288208,0.2568270627312633,1463.0,True,0.0417753512189669,2.1019338091154404e-05,,,,,,,,,,,,,,,,
np-in_context-log_price-seed2,m1cba1a5,np,in_context,2,rmse,0.1569491037131234,0.2930179339762184,0.145635075015307,0.2848713639346893,22333.18958377838,11.445568561553957,11.188249349594116,0.2669171960889562,1607.0,True,0.1312659178930547,1.889582693802601e-05,,,,,,,,,,,,,,,,
np-in_context-log_price-seed2,mj3mgtze,np,in_context,2,rmse,0.1217867641869021,0.2545700636540094,0.1270916156099534,0.2778796230355794,7263.711209535599,4.441099405288696,4.784401178359985,0.251129697493903,1046.0,True,0.1224191445444842,0.0001713436419711,,,,,,,,,,,,,,,,
np-in_context-log_price-seed2,mk27geq6,np,in_context,2,rmse,0.1292185864408813,0.2646289360958532,0.1273836068343186,0.277268319399705,6947.153455257416,4.4275548458099365,4.379401683807373,0.2542792793668548,930.0,True,0.0912300664433097,0.0001370464839284,,,,,,,,,,,,,,,,
np-in_context-log_price-seed2,o3yafi45,np,in_context,2,rmse,0.1230138449582117,0.2591230029795108,0.1256006637078268,0.2797673312932497,6781.374822854996,4.435511827468872,4.050267696380615,0.2532237759546676,976.0,True,0.1887496157029248,0.0002310152225018,,,,,,,,,,,,,,,,
np-in_context-log_price-seed2,oocrvwm1,np,in_context,2,rmse,0.1270593237656597,0.2680174949257898,0.1226645065917631,0.275209206630932,7519.7709584236145,6.769780158996582,6.860688924789429,0.2564243491975547,727.0,True,0.1136089122187864,0.0007098936257405,,,,,,,,,,,,,,,,
np-in_context-log_price-seed2,ouqhhrq9,np,in_context,2,rmse,0.1239107527650948,0.2619552973702142,0.1252182601199764,0.2784684573777447,17586.171939373016,11.441444158554075,12.87621569633484,0.252025330599534,942.0,True,0.1097627007854649,0.0002693883019285,,,,,,,,,,,,,,,,
np-in_context-log_price-seed2,p49qwwsm,np,in_context,2,rmse,0.1253254491856738,0.265412860722271,0.1276217095807704,0.2799894413341264,5322.458348035812,7.567467451095581,8.04292345046997,0.2565167332310047,395.0,True,0.0875174422525385,0.0006074996073425,,,,,,,,,,,,,,,,
np-in_context-log_price-seed2,px4o49xl,np,in_context,2,rmse,0.1214387326221348,0.2560801151144312,0.1247622705656049,0.2775006318454279,15737.474915981293,7.387645721435547,7.715786218643188,0.2521384361708605,1337.0,True,0.0847309598677809,0.0001957889720121,,,,,,,,,,,,,,,,
np-in_context-log_price-seed2,qi90d4tj,np,in_context,2,rmse,0.1262168629586673,0.2592210174744829,0.1275553896708132,0.2770137711452607,7641.588982105255,6.683196067810059,6.646327972412109,0.2510042608074422,1692.0,True,0.1140393540835759,7.537078298264379e-05,,,,,,,,,,,,,,,,
np-in_context-log_price-seed2,u36j3lju,np,in_context,2,rmse,0.1233217278262613,0.2611979055919373,0.1248787262226055,0.2764469660359184,5464.604257583618,4.48616623878479,4.4558634757995605,0.2554492282469312,621.0,True,0.0529111224209254,0.0003535634629148,,,,,,,,,,,,,,,,
np-in_context-log_price-seed2,u3gkxrhj,np,in_context,2,rmse,0.1247410229913272,0.2586894845908279,0.1260576550364933,0.2774043650115865,19090.50478863716,1.48008131980896,1.5014407634735107,0.251591533076647,1537.0,True,0.0630856701848367,5.338528208876637e-05,,,,,,,,,,,,,,,,
np-in_context-log_price-seed2,zrjviatw,np,in_context,2,rmse,0.1289387382987161,0.2647215199334082,0.1301287910469427,0.2816916354860266,3431.060257911682,4.275291681289673,4.400949239730835,0.2570834417114487,370.0,True,0.003757960087271,0.0001718980674331,,,,,,,,,,,,,,,,
np-in_context-log_price-seed3,0iv4one2,np,in_context,3,rmse,0.1274772106090861,0.2647020289011475,0.1225347293355109,0.2601338755192907,12840.325350046158,5.631313800811768,5.913476705551148,0.258808373658233,1452.0,True,0.1205526752143287,0.0001229607110732,,,,,,,,,,,,,,,,
np-in_context-log_price-seed3,2dyu2qyg,np,in_context,3,rmse,0.1569904301227487,0.2952959136733382,0.1433552472433679,0.2731022377068937,7281.016676187515,2.5902702808380127,2.571942090988159,0.2735845430364932,1485.0,True,0.1312659178930547,1.889582693802601e-05,,,,,,,,,,,,,,,,
np-in_context-log_price-seed3,2mwyhs35,np,in_context,3,rmse,0.1387495514852012,0.2725106216673533,0.134356252271757,0.2669963672166069,7286.426780223846,2.6650586128234863,3.177046537399292,0.2651707393716335,1255.0,True,0.0932621545712612,3.082131641442947e-05,,,,,,,,,,,,,,,,
np-in_context-log_price-seed3,4lkg5gt9,np,in_context,3,rmse,0.137716098164466,0.2740607230998677,0.1297245742742061,0.2656955729609511,12002.425736904144,5.203052997589111,5.785804748535156,0.2645153226870905,1478.0,True,0.0417753512189669,2.1019338091154404e-05,,,,,,,,,,,,,,,,
np-in_context-log_price-seed3,6ibk3wjk,np,in_context,3,rmse,0.1224527466047797,0.2618491257211007,0.1227379433659089,0.2615054732881095,15412.706066846848,10.86700963973999,11.12946367263794,0.2608258506426762,1137.0,True,0.1224191445444842,0.0001713436419711,,,,,,,,,,,,,,,,
np-in_context-log_price-seed3,7d6bzglo,np,in_context,3,rmse,0.1333265077986013,0.2696462057541286,0.1311169495070901,0.2664445845716319,11603.681724071505,9.925313472747805,9.924515008926392,0.26524235767138,815.0,True,0.1043696643500143,6.75031252159592e-05,,,,,,,,,,,,,,,,
np-in_context-log_price-seed3,8l4x6be1,np,in_context,3,rmse,0.124943801908832,0.2658310050859278,0.1248492267719574,0.2620112645082761,6882.206986188889,6.35059118270874,6.343364715576172,0.2623390808023083,679.0,True,0.1097627007854649,0.0002693883019285,,,,,,,,,,,,,,,,
np-in_context-log_price-seed3,9ef8o9u2,np,in_context,3,rmse,0.124809862896196,0.2623677445490701,0.1254817365985102,0.2615113266664914,12454.325970172882,11.309592723846436,11.830561637878418,0.2606225888627378,1278.0,True,0.1583450076165329,0.000114232541556,,,,,,,,,,,,,,,,
np-in_context-log_price-seed3,9jyhueb1,np,in_context,3,rmse,0.1541131605644371,0.2902880224972717,0.1460157679387024,0.276050345199105,5935.801057815552,3.720970869064331,3.672825574874878,0.2769917558086582,776.0,True,0.1306216650930796,3.210577849550394e-05,,,,,,,,,,,,,,,,
np-in_context-log_price-seed3,bjl2v8q8,np,in_context,3,rmse,0.1252727978800262,0.2654759337429593,0.1217846636747558,0.262458757984608,14655.30587053299,8.739240646362305,8.501875400543213,0.2610721507240049,1140.0,True,0.1887496157029248,0.0002310152225018,,,,,,,,,,,,,,,,
np-in_context-log_price-seed3,c8o8k41f,np,in_context,3,rmse,0.12485318122811,0.2617449311774661,0.1238947270388344,0.2608702894828265,13871.646543979645,9.273146629333496,8.833006381988525,0.2596823649250449,1152.0,True,0.0719015801147572,7.4827960376208e-05,,,,,,,,,,,,,,,,
np-in_context-log_price-seed3,gp3uc3co,np,in_context,3,rmse,0.1335668109400014,0.2704249718089868,0.1300832738438996,0.2652431047867433,8766.398938655853,6.846903085708618,6.857068300247192,0.2644900495603307,875.0,True,0.1140393540835759,7.537078298264379e-05,,,,,,,,,,,,,,,,
np-in_context-log_price-seed3,idk2p7w2,np,in_context,3,rmse,0.1433953440085971,0.2887967761265051,0.1222152329242646,0.2667204329570603,6880.43102478981,10.067253112792969,10.280858039855955,0.264732083273216,393.0,True,0.0040436794880651,0.0004626362841475,,,,,,,,,,,,,,,,
np-in_context-log_price-seed3,j7lyfdx2,np,in_context,3,rmse,0.1310138973706731,0.271224026112575,0.1278298506356442,0.2651342247502278,8827.818859815598,6.11478590965271,5.72707462310791,0.2636423415422837,901.0,True,0.0630856701848367,5.338528208876637e-05,,,,,,,,,,,,,,,,
np-in_context-log_price-seed3,jibrw1yi,np,in_context,3,rmse,0.1245918922174018,0.2641165928069997,0.1237638542275196,0.2621256341802094,15586.649092912674,10.414379835128784,10.70556926727295,0.2607609390524936,1184.0,True,0.0912300664433097,0.0001370464839284,,,,,,,,,,,,,,,,
np-in_context-log_price-seed3,lnl28cks,np,in_context,3,rmse,0.1324764664606553,0.2674301410955524,0.1319186545967157,0.2654110376770952,12528.921531915665,5.995467662811279,5.987274408340454,0.262944363877016,1618.0,True,0.1927325521002058,5.846326121643416e-05,,,,,,,,,,,,,,,,
np-in_context-log_price-seed3,nw6pwd8y,np,in_context,3,rmse,0.1297525621029492,0.2789958027647317,0.1211661051125302,0.2659149117548966,12950.653947591782,11.378174304962158,11.452883243560793,0.2629918013799878,838.0,True,0.1136089122187864,0.0007098936257405,,,,,,,,,,,,,,,,
np-in_context-log_price-seed3,ohp8z70q,np,in_context,3,rmse,0.123140614945415,0.2637769920935069,0.1219895110366282,0.2623396889146372,12548.695157289503,7.718562364578247,7.251872777938843,0.2602549232092674,1125.0,True,0.1333533430891335,0.00021941976179,,,,,,,,,,,,,,,,
np-in_context-log_price-seed3,pzt6z8be,np,in_context,3,rmse,0.1256673135398487,0.2770625719168958,0.1239590806881591,0.2641465242207193,7564.480962991715,10.150162935256958,10.064163208007812,0.2607417709574452,465.0,True,0.0529111224209254,0.0003535634629148,,,,,,,,,,,,,,,,
np-in_context-log_price-seed3,qvhvbvcs,np,in_context,3,rmse,0.1230010397816304,0.2650037801762745,0.1203653077731617,0.26420997803153,12950.525124073029,10.937593698501589,10.30853819847107,0.2622294857343791,920.0,True,0.1556313501899701,0.0005495716186411,,,,,,,,,,,,,,,,
np-in_context-log_price-seed3,r0dzs66c,np,in_context,3,rmse,0.1206314681771188,0.2625078448751862,0.1201161658856463,0.2629610612978472,16090.299129486084,9.39016056060791,9.95272731781006,0.2614489796870151,1201.0,True,0.1957236684465528,0.0003965675081771,,,,,,,,,,,,,,,,
np-in_context-log_price-seed3,r1ag6u5w,np,in_context,3,rmse,0.1616085172476638,0.2987817440490082,0.1516017883950151,0.2789849418252487,18332.986836910248,8.300889015197754,7.905128479003906,0.2798989143557154,1544.0,True,0.1395262391854529,1.3196262418422204e-05,,,,,,,,,,,,,,,,
np-in_context-log_price-seed3,r51vsm7v,np,in_context,3,rmse,0.1284767168191655,0.2691279761388974,0.1230511321251668,0.2633661172879691,10892.836863994598,10.604313135147097,10.143549919128418,0.260661017895394,744.0,True,0.0922958724505863,0.0003639639356786,,,,,,,,,,,,,,,,
np-in_context-log_price-seed3,rc3ps29t,np,in_context,3,rmse,0.1266431953825787,0.2823963136432322,0.1218633357511275,0.2660190184184732,6887.600284337997,10.097628355026243,9.848686456680298,0.2638714348134913,392.0,True,0.0286706574818092,0.0007750644796341,,,,,,,,,,,,,,,,
np-in_context-log_price-seed3,rvhzxl60,np,in_context,3,rmse,0.1315887231728393,0.2755065891304153,0.1267580908716998,0.2691403643787759,6584.199244499207,10.807607650756836,10.22135329246521,0.2673785280391505,379.0,True,0.003757960087271,0.0001718980674331,,,,,,,,,,,,,,,,
np-in_context-log_price-seed3,sspzlcgc,np,in_context,3,rmse,0.1344061562428567,0.2691203777566381,0.133994628388246,0.2662219570794502,7087.997872591019,2.7340495586395264,2.722270965576172,0.2651868069828427,1405.0,True,0.0317939167291039,1.6624564693643617e-05,,,,,,,,,,,,,,,,
np-in_context-log_price-seed3,v2jndwc4,np,in_context,3,rmse,0.1409360181784577,0.2782382533971957,0.1311021309835247,0.2659893235662,14261.240391016006,6.534402847290039,6.040189027786255,0.26503499544216,1539.0,True,0.0420765122147681,1.810725406663106e-05,,,,,,,,,,,,,,,,
np-in_context-log_price-seed3,vsz08p8a,np,in_context,3,rmse,0.124021912538764,0.2706597620396648,0.1229598802352774,0.2655025182420816,7301.706079959869,5.911462783813477,6.088935375213623,0.2629526729377222,825.0,True,0.0875174422525385,0.0006074996073425,,,,,,,,,,,,,,,,
np-in_context-log_price-seed3,w527yuhj,np,in_context,3,rmse,0.1401404822523459,0.2674330692747173,0.148222776059627,0.2671770145717678,16754.394682645798,10.653801679611206,10.027488708496094,0.2653061666300398,1176.0,True,0.0142072116395773,1.4936835544198446e-05,,,,,,,,,,,,,,,,
np-in_context-log_price-seed3,whdpf4ba,np,in_context,3,rmse,0.1287998683017017,0.268513494094706,0.1227432336337468,0.2622238974816696,7962.084712505341,6.797205686569214,7.00878381729126,0.2608663957704534,825.0,True,0.0847309598677809,0.0001957889720121,,,,,,,,,,,,,,,,
np-in_context-log_price-seed3,x994kxxr,np,in_context,3,rmse,0.1814132598067997,0.3251203336217759,0.1698430697735891,0.2958670160605555,9592.199125289915,5.7536396980285645,5.538811206817627,0.2976052412950589,1040.0,True,0.1976747676118452,1.5998881492631487e-05,,,,,,,,,,,,,,,,
np-in_context-log_price-seed3,zbb0jirn,np,in_context,3,rmse,0.1270427093620196,0.2741440776013037,0.1230978079308701,0.2651277273474421,9866.096286773682,10.682234048843384,10.709499835968018,0.2614593260939922,651.0,True,0.0236548851737866,0.0001904767808428,,,,,,,,,,,,,,,,
np-in_context-log_price-seed4,1rdlm58j,np,in_context,4,rmse,0.145716658721644,0.2840609745140188,0.135592332617995,0.2651715289103373,6311.337008237839,1.6701595783233645,1.681128740310669,0.2715204930488812,1384.0,True,0.1306216650930796,3.210577849550394e-05,,,,,,,,,,,,,,,,
np-in_context-log_price-seed4,2hlaymhd,np,in_context,4,rmse,0.1721390809042979,0.3086844295737745,0.1709707304028641,0.2873864126195047,9378.298134803772,5.033543586730957,4.858774423599243,0.2952308093593572,1017.0,True,0.1395262391854529,1.3196262418422204e-05,,,,,,,,,,,,,,,,
np-in_context-log_price-seed4,2ur34gds,np,in_context,4,rmse,0.1326598550219038,0.2882949924559411,0.1226128572834084,0.2649050583579906,5968.287333250046,10.294610023498535,10.244828462600708,0.2713580694191747,312.0,True,0.0286706574818092,0.0007750644796341,,,,,,,,,,,,,,,,
np-in_context-log_price-seed4,330ke94e,np,in_context,4,rmse,0.1355039254384181,0.2879855600450434,0.1250292497605371,0.2667797054995048,6249.79740858078,10.144026041030884,10.194592237472534,0.2704845050190128,353.0,True,0.0040436794880651,0.0004626362841475,,,,,,,,,,,,,,,,
np-in_context-log_price-seed4,36spype2,np,in_context,4,rmse,0.1256656593817187,0.2735358005912841,0.1220208245551976,0.2636488855079477,9499.410212755203,9.189560174942017,9.39287042617798,0.2686229947857653,700.0,True,0.0529111224209254,0.0003535634629148,,,,,,,,,,,,,,,,
np-in_context-log_price-seed4,3wgc7ufl,np,in_context,4,rmse,0.1258475512011063,0.2768402483849852,0.1218124372700594,0.2628218495628305,8407.133891820908,10.289736032485962,10.418936252593994,0.2692660255987033,539.0,True,0.1556313501899701,0.0005495716186411,,,,,,,,,,,,,,,,
np-in_context-log_price-seed4,4usnzsl2,np,in_context,4,rmse,0.1288114099145496,0.2766284205895157,0.1239556722120392,0.2644130342939347,7014.509164810181,10.595110177993774,10.02012586593628,0.2693300818725571,409.0,True,0.0236548851737866,0.0001904767808428,,,,,,,,,,,,,,,,
np-in_context-log_price-seed4,5lju2deh,np,in_context,4,rmse,0.145600939802515,0.2898692343960638,0.1299444500885476,0.2634975291766464,12057.628047704697,3.7845747470855713,3.7021243572235103,0.270081507679566,1652.0,True,0.0420765122147681,1.810725406663106e-05,,,,,,,,,,,,,,,,
np-in_context-log_price-seed4,8tpz3bm7,np,in_context,4,rmse,0.127108395430758,0.269281281209516,0.1226705605802227,0.2625383245953766,10676.68780851364,11.469692468643188,11.977121353149414,0.266687740580799,660.0,True,0.1097627007854649,0.0002693883019285,,,,,,,,,,,,,,,,
np-in_context-log_price-seed4,94xrdc0j,np,in_context,4,rmse,0.1276169702293286,0.2800693221819555,0.121333349887006,0.2618619836090701,14795.7296833992,6.660366535186768,6.303237438201904,0.2654342904027614,1403.0,True,0.1224191445444842,0.0001713436419711,,,,,,,,,,,,,,,,
np-in_context-log_price-seed4,9xeiu137,np,in_context,4,rmse,0.1272666637578942,0.2710359483285469,0.1236898441729878,0.2602147853427173,19254.771448612213,8.367492198944092,6.466186761856079,0.2661901178811651,1569.0,True,0.1043696643500143,6.75031252159592e-05,,,,,,,,,,,,,,,,
np-in_context-log_price-seed4,ag4vlq5r,np,in_context,4,rmse,0.1378755322470902,0.2732758834933669,0.1403405884754143,0.2640914525980288,17550.05755853653,10.11960506439209,10.539544582366943,0.2694129927000698,1319.0,True,0.0142072116395773,1.4936835544198446e-05,,,,,,,,,,,,,,,,
np-in_context-log_price-seed4,brjbnibh,np,in_context,4,rmse,0.1287415334409505,0.2718041738178028,0.1271956003710334,0.262937034084804,5815.051919460297,2.9893481731414795,2.760389566421509,0.2686419639774575,927.0,True,0.0630856701848367,5.338528208876637e-05,,,,,,,,,,,,,,,,
np-in_context-log_price-seed4,bumb8yis,np,in_context,4,rmse,0.12827590699707,0.2775250310008045,0.1208572800714516,0.262466103734199,15931.919458150864,10.779658794403076,10.65541124343872,0.2660752970177638,1122.0,True,0.0847309598677809,0.0001957889720121,,,,,,,,,,,,,,,,
np-in_context-log_price-seed4,c8xi89t9,np,in_context,4,rmse,0.1349803169300331,0.2717234719889454,0.1364725549693659,0.2641607574661293,4553.649067878723,1.4823267459869385,1.2031211853027344,0.2697640633828373,1287.0,True,0.0317939167291039,1.6624564693643617e-05,,,,,,,,,,,,,,,,
np-in_context-log_price-seed4,gm1tovw9,np,in_context,4,rmse,0.1280625493650391,0.2686291490350301,0.1258491964055313,0.2601715515898478,6706.226015329361,2.478663921356201,2.976857662200928,0.2680457715916066,1262.0,True,0.1140393540835759,7.537078298264379e-05,,,,,,,,,,,,,,,,
np-in_context-log_price-seed4,guvuog5d,np,in_context,4,rmse,0.1260304477241708,0.2716905554519354,0.1235012589692461,0.2604867484406373,11018.98528122902,9.49210524559021,9.348999977111816,0.2664791216159438,826.0,True,0.0912300664433097,0.0001370464839284,,,,,,,,,,,,,,,,
np-in_context-log_price-seed4,htnfkwqw,np,in_context,4,rmse,0.1247282132061219,0.2682668165609689,0.1234024116886316,0.2615212725364103,7824.434233427048,5.617659091949463,4.750800609588623,0.2663755725512343,879.0,True,0.1333533430891335,0.00021941976179,,,,,,,,,,,,,,,,
np-in_context-log_price-seed4,hu1kuot2,np,in_context,4,rmse,0.1384234191521138,0.2793196684081908,0.1316022748316262,0.2640582827376566,6717.755252838135,2.1168696880340576,2.1432361602783203,0.2704170929200146,1287.0,True,0.0417753512189669,2.1019338091154404e-05,,,,,,,,,,,,,,,,
np-in_context-log_price-seed4,jnxc1k06,np,in_context,4,rmse,0.1237004494141318,0.2714913634737626,0.1212416941275855,0.262126123289443,12590.545586586,10.6609148979187,10.065775156021118,0.2669364711821291,909.0,True,0.0922958724505863,0.0003639639356786,,,,,,,,,,,,,,,,
np-in_context-log_price-seed4,n65wbqmc,np,in_context,4,rmse,0.1234551199533577,0.2697957786092964,0.119979067012557,0.2616990485639543,12261.020097970964,10.344738245010376,10.203183889389038,0.267106587964613,893.0,True,0.1957236684465528,0.0003965675081771,,,,,,,,,,,,,,,,
np-in_context-log_price-seed4,n8kxx0q1,np,in_context,4,rmse,0.1357396421677928,0.2880404254589471,0.1250448660625905,0.2658136169885444,6192.366399526596,7.610463619232178,8.068259000778198,0.2713862058000958,393.0,True,0.003757960087271,0.0001718980674331,,,,,,,,,,,,,,,,
np-in_context-log_price-seed4,njydfea8,np,in_context,4,rmse,0.123871206899368,0.271211672350229,0.1214554604337394,0.2632677848909489,9969.840945720673,10.88752818107605,10.906090021133425,0.2691616677071025,660.0,True,0.0875174422525385,0.0006074996073425,,,,,,,,,,,,,,,,
np-in_context-log_price-seed4,o2qewow0,np,in_context,4,rmse,0.1286559332985502,0.2701195410557416,0.1249383758453884,0.2603364089156163,16249.015449285507,10.34086275100708,10.635982513427734,0.2661682201860587,1218.0,True,0.1583450076165329,0.000114232541556,,,,,,,,,,,,,,,,
np-in_context-log_price-seed4,p24s4mwb,np,in_context,4,rmse,0.123223414875727,0.2740059823230055,0.1193187064604453,0.2611584121926808,10373.95747590065,10.604144811630247,9.903900146484377,0.2667791161570876,698.0,True,0.1136089122187864,0.0007098936257405,,,,,,,,,,,,,,,,
np-in_context-log_price-seed4,ph2p117r,np,in_context,4,rmse,0.1270300672476094,0.2697746972207259,0.1225565211531405,0.2599728154875329,11400.966072559357,5.7964255809783936,6.537180423736572,0.2665015398373835,1241.0,True,0.0719015801147572,7.4827960376208e-05,,,,,,,,,,,,,,,,
np-in_context-log_price-seed4,q6wmcalx,np,in_context,4,rmse,0.1386658837482925,0.2780739790768535,0.1323320768458064,0.2649417939818811,5385.391343355179,1.2122623920440674,1.2126731872558594,0.2692774496766638,1384.0,True,0.0932621545712612,3.082131641442947e-05,,,,,,,,,,,,,,,,
np-in_context-log_price-seed4,vr29vgbx,np,in_context,4,rmse,0.1290785165190136,0.2722914425710711,0.1285355222461026,0.2617426404296126,11030.580566644669,11.503260135650637,10.591859817504885,0.2678177994302529,683.0,True,0.1205526752143287,0.0001229607110732,,,,,,,,,,,,,,,,
np-in_context-log_price-seed4,vtpgobzw,np,in_context,4,rmse,0.1223529565767476,0.2694191014156102,0.1194673483823542,0.2615627362664208,12846.788572072985,6.202214956283569,6.001413345336914,0.2656003010744489,1387.0,True,0.1887496157029248,0.0002310152225018,,,,,,,,,,,,,,,,
np-in_context-log_price-seed4,x93lrup7,np,in_context,4,rmse,0.1556683359459126,0.292980850904263,0.1488732369360581,0.2749003143737278,3467.8519217967987,3.137124538421631,0.7146384716033936,0.2816948874816141,1064.0,True,0.1312659178930547,1.889582693802601e-05,,,,,,,,,,,,,,,,
np-in_context-log_price-seed4,xgas871r,np,in_context,4,rmse,0.1418035731254254,0.2756679132232567,0.1396483771824375,0.2679160436682627,13750.80528306961,10.82684326171875,10.596864461898804,0.2733296300269656,993.0,True,0.1927325521002058,5.846326121643416e-05,,,,,,,,,,,,,,,,
np-in_context-log_price-seed4,xi2w1lns,np,in_context,4,rmse,0.1790881228956476,0.3245337612167659,0.1672110504306948,0.2911394903729729,5506.561859369278,3.021803379058838,2.661773204803467,0.3003981826141568,1079.0,True,0.1976747676118452,1.5998881492631487e-05,,,,,,,,,,,,,,,,
np-few_shot-log_price-seed0,18oy2kip,np,few_shot,0,rmse,0.1404647121873375,0.3048416916026066,0.1346532275948636,0.2716773911938538,4940.077983379364,2.078249216079712,2.249089241027832,0.2944848643901389,592.0,True,0.0529111224209254,0.0003535634629148,,,,,,,,,,,,,,,,
np-few_shot-log_price-seed0,4tww08lr,np,few_shot,0,rmse,0.1871362283239444,0.3418070353285109,0.1945639102168148,0.3282138296442523,4246.106198787689,1.4217607975006104,1.6123671531677246,0.329552295661247,588.0,True,0.1306216650930796,3.210577849550394e-05,,,,,,,,,,,,,,,,
np-few_shot-log_price-seed0,7zn93zfd,np,few_shot,0,rmse,0.1580291261047102,0.3260991584518086,0.1350777438956176,0.2646108463991019,5898.240612983704,2.132755994796753,2.380722522735596,0.2941831430949554,767.0,True,0.1887496157029248,0.0002310152225018,,,,,,,,,,,,,,,,
np-few_shot-log_price-seed0,85prpwbp,np,few_shot,0,rmse,0.1507948674566156,0.3101260331892639,0.1384774307383676,0.2731271983028764,10330.805987119677,2.1182358264923096,2.194758176803589,0.30097144708173,1461.0,True,0.0630856701848367,5.338528208876637e-05,,,,,,,,,,,,,,,,
np-few_shot-log_price-seed0,8tjrmqni,np,few_shot,0,rmse,0.1529117008598267,0.3042135175335776,0.143661297475226,0.2681981366932932,12201.805260658264,2.1717803478240967,2.271299362182617,0.2976345169004552,1829.0,True,0.1927325521002058,5.846326121643416e-05,,,,,,,,,,,,,,,,
np-few_shot-log_price-seed0,9z37xa7j,np,few_shot,0,rmse,0.1847348841406534,0.361049348371445,0.1308704100112881,0.2682324382048573,4176.17319393158,2.0256059169769287,2.3342905044555664,0.2979128616120389,498.0,True,0.0040436794880651,0.0004626362841475,,,,,,,,,,,,,,,,
np-few_shot-log_price-seed0,ar9bgq2k,np,few_shot,0,rmse,0.1503134585513318,0.3110166301130148,0.1444443859543794,0.2808725473448352,2829.1637246608734,2.0035877227783203,2.3133506774902344,0.3042472449908354,259.0,True,0.003757960087271,0.0001718980674331,,,,,,,,,,,,,,,,
np-few_shot-log_price-seed0,d3sif37o,np,few_shot,0,rmse,0.1428792197896911,0.2964896738465707,0.1396445516236077,0.2687319684124304,8329.579469203949,2.1489052772521973,2.5465352535247803,0.2935841615013154,1190.0,True,0.1583450076165329,0.000114232541556,,,,,,,,,,,,,,,,
np-few_shot-log_price-seed0,dqxtfxn2,np,few_shot,0,rmse,0.1576196135006618,0.3136685687656029,0.1557579357158975,0.2972130895563236,14068.327557086945,2.2328052520751958,2.23191237449646,0.3035493721873156,2073.0,True,0.0420765122147681,1.810725406663106e-05,,,,,,,,,,,,,,,,
np-few_shot-log_price-seed0,ei0105wh,np,few_shot,0,rmse,0.1909218690497501,0.3217349588210804,0.1961578041170725,0.2963960088820027,7037.184408664703,2.385905265808105,2.298231363296509,0.3093081726725902,981.0,True,0.0142072116395773,1.4936835544198446e-05,,,,,,,,,,,,,,,,
np-few_shot-log_price-seed0,fe0n5lhf,np,few_shot,0,rmse,0.1373909894686858,0.2969991905810469,0.1311443286023965,0.2666965216522033,9889.591898679731,1.8762485980987549,2.160674333572388,0.2931995180656068,1416.0,True,0.0912300664433097,0.0001370464839284,,,,,,,,,,,,,,,,
np-few_shot-log_price-seed0,g6b639ta,np,few_shot,0,rmse,0.1465138838801378,0.3077500430423672,0.1295202712559164,0.2659280241153403,7954.443436384201,2.252312183380127,2.10782527923584,0.2908960104481851,1072.0,True,0.1097627007854649,0.0002693883019285,,,,,,,,,,,,,,,,
np-few_shot-log_price-seed0,gbt429mr,np,few_shot,0,rmse,0.138051970657678,0.2946918560223663,0.1266428472921219,0.2603378389683951,9447.72661113739,2.219178438186645,2.282177448272705,0.2880064231288562,1356.0,True,0.1333533430891335,0.00021941976179,,,,,,,,,,,,,,,,
np-few_shot-log_price-seed0,h25rnmd1,np,few_shot,0,rmse,0.1428092456391577,0.3008472622767718,0.1293355291711764,0.2629093899700588,12739.877908468246,2.2393240928649902,2.1090691089630127,0.2928848611264352,1892.0,True,0.0719015801147572,7.4827960376208e-05,,,,,,,,,,,,,,,,
np-few_shot-log_price-seed0,hqn3n5v4,np,few_shot,0,rmse,0.1776462207765287,0.3308250529540987,0.1806144354680413,0.3248358409395799,14902.774885892868,2.342792272567749,2.1014273166656494,0.3272634568479745,2227.0,True,0.1395262391854529,1.3196262418422204e-05,,,,,,,,,,,,,,,,
np-few_shot-log_price-seed0,hwhe3b8i,np,few_shot,0,rmse,0.1438553625425153,0.3014489536896578,0.1426022190713819,0.2783401349034719,5861.066753149033,1.9732441902160645,2.428840398788452,0.2952075241703079,781.0,True,0.1224191445444842,0.0001713436419711,,,,,,,,,,,,,,,,
np-few_shot-log_price-seed0,j097o12u,np,few_shot,0,rmse,0.1511924767538387,0.3173967713753375,0.1251428384709494,0.2596705667688414,7398.005869150162,2.034286975860596,2.2197883129119877,0.2890552918507027,1045.0,True,0.1556313501899701,0.0005495716186411,,,,,,,,,,,,,,,,
np-few_shot-log_price-seed0,kowpedwq,np,few_shot,0,rmse,0.1454508790114213,0.3028925852504899,0.1441603341432249,0.2786304422030742,7440.466051578522,2.2035107612609863,2.3331069946289062,0.295712258768631,980.0,True,0.1205526752143287,0.0001229607110732,,,,,,,,,,,,,,,,
np-few_shot-log_price-seed0,l7o851np,np,few_shot,0,rmse,0.1807317947933305,0.3321544364467417,0.1871027211164493,0.3253633760585307,7228.327687740326,1.7974205017089844,1.841174602508545,0.3283737892765043,1159.0,True,0.1312659178930547,1.889582693802601e-05,,,,,,,,,,,,,,,,
np-few_shot-log_price-seed0,lrtzg12l,np,few_shot,0,rmse,0.146778791431355,0.3030104584877495,0.1379897540700115,0.2686148396535713,10602.659814596176,2.026414394378662,2.231426477432251,0.297019655810777,1533.0,True,0.1043696643500143,6.75031252159592e-05,,,,,,,,,,,,,,,,
np-few_shot-log_price-seed0,oal832rt,np,few_shot,0,rmse,0.1395092302770686,0.3037783219404282,0.1333476689564189,0.2705810818966093,6006.970024585724,2.2116940021514893,2.3769984245300293,0.2934431511514604,804.0,True,0.0875174422525385,0.0006074996073425,,,,,,,,,,,,,,,,
np-few_shot-log_price-seed0,osi89l1g,np,few_shot,0,rmse,0.145179395351807,0.3117465509389315,0.1315800667438985,0.2671913246555202,6498.584606170654,2.267664670944214,2.2075793743133545,0.2927501263495104,878.0,True,0.0922958724505863,0.0003639639356786,,,,,,,,,,,,,,,,
np-few_shot-log_price-seed0,qq3fdr5v,np,few_shot,0,rmse,0.1992087179918163,0.3600197647999567,0.1893050672933426,0.3275010840855845,11198.004648923874,1.8134846687316897,1.7669649124145508,0.3377831546991644,1627.0,True,0.1976747676118452,1.5998881492631487e-05,,,,,,,,,,,,,,,,
np-few_shot-log_price-seed0,sfmo807g,np,few_shot,0,rmse,0.134765273428114,0.2959760470667266,0.1263597875164238,0.2598338875292051,7055.125901699066,2.102169752120972,2.3409008979797363,0.2924330315688622,983.0,True,0.1957236684465528,0.0003965675081771,,,,,,,,,,,,,,,,
np-few_shot-log_price-seed0,t11iz5t0,np,few_shot,0,rmse,0.1577219112507067,0.3099748361258565,0.1566241299197937,0.2938697906199234,9529.375630140305,1.7814218997955322,1.8820948600769043,0.305393377401459,1577.0,True,0.0932621545712612,3.082131641442947e-05,,,,,,,,,,,,,,,,
np-few_shot-log_price-seed0,tn6zdetl,np,few_shot,0,rmse,0.1739076550233251,0.3483944463134081,0.1320766468921562,0.2719797535827801,5305.857941389084,1.998427391052246,2.3299570083618164,0.293153160401908,682.0,True,0.1136089122187864,0.0007098936257405,,,,,,,,,,,,,,,,
np-few_shot-log_price-seed0,to6nx5ol,np,few_shot,0,rmse,0.1407207666196649,0.307744861105,0.1294365578000107,0.2661045762004843,4547.173061132431,2.157748222351074,2.226714611053467,0.2982607128000743,561.0,True,0.0286706574818092,0.0007750644796341,,,,,,,,,,,,,,,,
np-few_shot-log_price-seed0,ydkn1pzd,np,few_shot,0,rmse,0.1753325443237672,0.3178698285882934,0.186844276006607,0.3155260016523294,7235.38076710701,1.6675496101379397,1.7782716751098633,0.3114951941938272,1159.0,True,0.0317939167291039,1.6624564693643617e-05,,,,,,,,,,,,,,,,
np-few_shot-log_price-seed0,yi3y8t9n,np,few_shot,0,rmse,0.1449301454657805,0.3052908443563194,0.1343689356853866,0.2708460890681418,4954.953823804855,2.240039110183716,2.326427936553955,0.294050238716594,616.0,True,0.0236548851737866,0.0001904767808428,,,,,,,,,,,,,,,,
np-few_shot-log_price-seed0,z9npodl0,np,few_shot,0,rmse,0.1506285973207571,0.3095986442836658,0.129472529462968,0.2656810807246221,8243.033211231232,2.0879220962524414,2.5978097915649414,0.2921329755348528,1152.0,True,0.0847309598677809,0.0001957889720121,,,,,,,,,,,,,,,,
np-few_shot-log_price-seed0,zlmty2if,np,few_shot,0,rmse,0.1670796673781061,0.3154906974023794,0.1700511380577339,0.2946330093492951,7091.55349946022,1.6568243503570557,1.9971411228179927,0.3113044113062114,1082.0,True,0.0417753512189669,2.1019338091154404e-05,,,,,,,,,,,,,,,,
np-few_shot-log_price-seed0,zoutpyre,np,few_shot,0,rmse,0.1570679045134174,0.3149097848619662,0.1393524008036604,0.2707457461343779,10064.602352380753,1.986544132232666,2.2265963554382324,0.2955851256321818,1427.0,True,0.1140393540835759,7.537078298264379e-05,,,,,,,,,,,,,,,,
np-few_shot-log_price-seed1,0dsgpnmu,np,few_shot,1,rmse,0.1783777477654764,0.3304000122889173,0.1646772384471287,0.2969199386324819,11120.176776885986,2.101224660873413,2.1772994995117188,0.31860139615064,1607.0,True,0.1312659178930547,1.889582693802601e-05,,,,,,,,,,,,,,,,
np-few_shot-log_price-seed1,1qg8s05d,np,few_shot,1,rmse,0.1514788770374868,0.3076641303928459,0.1327518069818759,0.2758711122716297,8664.70337343216,2.118348836898804,2.120274782180786,0.2958666588544613,1214.0,True,0.1224191445444842,0.0001713436419711,,,,,,,,,,,,,,,,
np-few_shot-log_price-seed1,1wl7jhia,np,few_shot,1,rmse,0.1510576054451239,0.3172329185891051,0.139954606821197,0.2858131121031681,3902.455708503723,2.105825662612915,2.115083694458008,0.3035606687269533,459.0,True,0.0286706574818092,0.0007750644796341,,,,,,,,,,,,,,,,
np-few_shot-log_price-seed1,1zpj462p,np,few_shot,1,rmse,0.1643119214691087,0.3162661465139539,0.145961992069361,0.2777729774261726,10885.74925494194,2.151340246200561,2.3898184299468994,0.3019384314915976,1633.0,True,0.1927325521002058,5.846326121643416e-05,,,,,,,,,,,,,,,,
np-few_shot-log_price-seed1,258jhdtq,np,few_shot,1,rmse,0.1824307548659307,0.3207922348039375,0.179168821701884,0.2863111272438944,7920.80303144455,2.0937511920928955,2.3801190853118896,0.3130413769266484,1080.0,True,0.0317939167291039,1.6624564693643617e-05,,,,,,,,,,,,,,,,
np-few_shot-log_price-seed1,2fhdy76y,np,few_shot,1,rmse,0.1652180512899355,0.320164167450006,0.1512245475556809,0.2868389030056766,6009.393549442291,2.0822129249572754,2.1352193355560303,0.3051492432486503,789.0,True,0.1140393540835759,7.537078298264379e-05,,,,,,,,,,,,,,,,
np-few_shot-log_price-seed1,30b7ltsa,np,few_shot,1,rmse,0.1532341176351858,0.3058400414613076,0.1396024891378103,0.2777918356333662,8923.38656783104,2.0720601081848145,2.28731107711792,0.2954127556200935,1293.0,True,0.1583450076165329,0.000114232541556,,,,,,,,,,,,,,,,
np-few_shot-log_price-seed1,3fdziuk9,np,few_shot,1,rmse,0.1862453672416744,0.3383998122406768,0.1723293688342061,0.3030169887283186,12748.11068725586,2.015895128250122,2.2327749729156494,0.3231114228481175,1938.0,True,0.1395262391854529,1.3196262418422204e-05,,,,,,,,,,,,,,,,
np-few_shot-log_price-seed1,613qlkm1,np,few_shot,1,rmse,0.163083915422609,0.3286403440162447,0.1426800986418145,0.2851152872350737,3039.947906970978,2.3511593341827397,2.3898510932922363,0.3066079319569735,295.0,True,0.003757960087271,0.0001718980674331,,,,,,,,,,,,,,,,
np-few_shot-log_price-seed1,akc2a1fh,np,few_shot,1,rmse,0.1474565568353784,0.3072440416566064,0.1383512724040216,0.2835834811134878,4366.315416812897,2.130438804626465,2.2753281593322754,0.2996437402389906,535.0,True,0.1136089122187864,0.0007098936257405,,,,,,,,,,,,,,,,
np-few_shot-log_price-seed1,b1cv7rbk,np,few_shot,1,rmse,0.1617055279748628,0.3177172061356251,0.1466221275644265,0.2837155274785602,6690.5270709991455,2.249343156814575,2.496329545974731,0.3039811385015103,903.0,True,0.0630856701848367,5.338528208876637e-05,,,,,,,,,,,,,,,,
np-few_shot-log_price-seed1,bajdek4z,np,few_shot,1,rmse,0.1465267121990278,0.3038038912035462,0.1412327863807163,0.2856547615030978,3674.2871413230896,2.2208340167999268,2.1591150760650635,0.3001852875017421,412.0,True,0.0529111224209254,0.0003535634629148,,,,,,,,,,,,,,,,
np-few_shot-log_price-seed1,cu9j0w9g,np,few_shot,1,rmse,0.1531963365099278,0.3110167819016455,0.1306629103961937,0.272864295892756,8910.241476774216,2.3788180351257324,2.2978148460388184,0.2919817656855476,1263.0,True,0.1887496157029248,0.0002310152225018,,,,,,,,,,,,,,,,
np-few_shot-log_price-seed1,d24jead6,np,few_shot,1,rmse,0.1445221292360538,0.3009966388574375,0.1347251069051911,0.2761774715034966,8171.918043851852,2.407771110534668,2.3815624713897705,0.294326659123434,1115.0,True,0.0912300664433097,0.0001370464839284,,,,,,,,,,,,,,,,
np-few_shot-log_price-seed1,dv6o6ofo,np,few_shot,1,rmse,0.1478835789756681,0.3064562338737919,0.1352289475443161,0.2749884979915118,4506.221182107925,2.3110947608947754,2.05727219581604,0.2981609348625231,565.0,True,0.0922958724505863,0.0003639639356786,,,,,,,,,,,,,,,,
np-few_shot-log_price-seed1,gvmi41w9,np,few_shot,1,rmse,0.1766012750470703,0.3180700162930313,0.1763267994845763,0.2862557806317551,6725.457669496536,2.340286493301392,2.7158775329589844,0.3105098357516904,895.0,True,0.0417753512189669,2.1019338091154404e-05,,,,,,,,,,,,,,,,
np-few_shot-log_price-seed1,h337rqoo,np,few_shot,1,rmse,0.1767866246145077,0.3300512812715592,0.1618580439617868,0.2862624665901238,9248.4655482769,2.032278537750244,2.0708019733428955,0.3079504741222732,1324.0,True,0.0420765122147681,1.810725406663106e-05,,,,,,,,,,,,,,,,
np-few_shot-log_price-seed1,i3gh84ex,np,few_shot,1,rmse,0.1524411493787336,0.3064188984613557,0.1365856452340794,0.2783753529417463,7955.722967863083,2.540202617645264,2.444671392440796,0.2955950922564822,1083.0,True,0.1205526752143287,0.0001229607110732,,,,,,,,,,,,,,,,
np-few_shot-log_price-seed1,i6xccl01,np,few_shot,1,rmse,0.1444374466184686,0.3041686964733895,0.1296987780630014,0.2742974299445964,5267.860728502274,2.194552183151245,2.26224136352539,0.2963009805518339,693.0,True,0.1556313501899701,0.0005495716186411,,,,,,,,,,,,,,,,
np-few_shot-log_price-seed1,iigy0rbz,np,few_shot,1,rmse,0.1460104393775229,0.3063244356486992,0.1398557195142055,0.2900905917974329,4905.771995306015,2.358851671218872,2.138102769851685,0.2978557799072708,618.0,True,0.0875174422525385,0.0006074996073425,,,,,,,,,,,,,,,,
np-few_shot-log_price-seed1,ip0kenyh,np,few_shot,1,rmse,0.1817113291429767,0.3390768014351267,0.1625394118745202,0.2899071263776474,6377.618906736374,2.322406768798828,2.115044355392456,0.3126529763343296,834.0,True,0.0932621545712612,3.082131641442947e-05,,,,,,,,,,,,,,,,
np-few_shot-log_price-seed1,itaelogm,np,few_shot,1,rmse,0.1460448699530566,0.3042417384118423,0.1335482563543526,0.2761338696086454,5843.509007453919,1.8701307773590088,2.1945178508758545,0.2983133900578554,729.0,True,0.1097627007854649,0.0002693883019285,,,,,,,,,,,,,,,,
np-few_shot-log_price-seed1,j7bh5w8k,np,few_shot,1,rmse,0.1479526625031323,0.3084775186649465,0.1375527002764345,0.2836915331626588,4534.57248044014,2.2299301624298096,2.3565542697906494,0.2995659951532518,567.0,True,0.0236548851737866,0.0001904767808428,,,,,,,,,,,,,,,,
np-few_shot-log_price-seed1,kni18hd5,np,few_shot,1,rmse,0.1765912987836213,0.326855864047442,0.1618566976748909,0.2918539826294827,7257.219134807587,2.081589937210083,2.144170999526977,0.3118994209139619,976.0,True,0.1306216650930796,3.210577849550394e-05,,,,,,,,,,,,,,,,
np-few_shot-log_price-seed1,mtg273mr,np,few_shot,1,rmse,0.1924247480595991,0.3409569172176487,0.1840252756268532,0.319144106458909,11376.608545303345,2.5952882766723637,2.415717601776123,0.3253987116153229,1689.0,True,0.1976747676118452,1.5998881492631487e-05,,,,,,,,,,,,,,,,
np-few_shot-log_price-seed1,o1rb4slr,np,few_shot,1,rmse,0.1806833292027164,0.3264536064888946,0.1683126844336532,0.2815212844091305,9453.55692267418,2.0499398708343506,2.1515467166900635,0.3048493480803015,1399.0,True,0.0142072116395773,1.4936835544198446e-05,,,,,,,,,,,,,,,,
np-few_shot-log_price-seed1,q335tbny,np,few_shot,1,rmse,0.1677331867935738,0.3258126617247118,0.1527844757731709,0.2869253969176005,4000.1518816947937,2.1563925743103027,2.1682701110839844,0.30838245445967,471.0,True,0.0719015801147572,7.4827960376208e-05,,,,,,,,,,,,,,,,
np-few_shot-log_price-seed1,uir2amge,np,few_shot,1,rmse,0.1542346094731213,0.3093728946694279,0.1428317954200311,0.2801471487919176,4321.497250795364,2.2266387939453125,2.2032623291015625,0.2994508452241699,519.0,True,0.1333533430891335,0.00021941976179,,,,,,,,,,,,,,,,
np-few_shot-log_price-seed1,vcibiv9g,np,few_shot,1,rmse,0.1534701487177074,0.3144646604356545,0.135981992518741,0.2796810702181813,3996.1924912929535,1.8715591430664065,2.303828477859497,0.3038083573624304,479.0,True,0.0040436794880651,0.0004626362841475,,,,,,,,,,,,,,,,
np-few_shot-log_price-seed1,w9siy7bo,np,few_shot,1,rmse,0.1485085995368162,0.3053321604865786,0.137112808537621,0.27604247319074,4873.46077132225,2.245572805404663,2.432713508605957,0.2976129197568918,592.0,True,0.0847309598677809,0.0001957889720121,,,,,,,,,,,,,,,,
np-few_shot-log_price-seed1,ybg0kl9f,np,few_shot,1,rmse,0.1634001737303505,0.3195830073928203,0.1494435842269188,0.2891135056273564,7269.297405958176,2.019885778427124,2.2930281162261963,0.3044472976388144,1006.0,True,0.1043696643500143,6.75031252159592e-05,,,,,,,,,,,,,,,,
np-few_shot-log_price-seed1,yq4wpbad,np,few_shot,1,rmse,0.1514942084550231,0.3094644033623708,0.1384647568698563,0.2767087351727366,4112.462325334549,2.0050594806671143,2.4341299533843994,0.2969516703326088,500.0,True,0.1957236684465528,0.0003965675081771,,,,,,,,,,,,,,,,
np-few_shot-log_price-seed2,0sbowcjx,np,few_shot,2,rmse,0.1427964047558668,0.2867896769441246,0.1599763627433375,0.329475379729932,2898.280398368835,3.653276205062866,3.5450098514556885,0.2749679111745688,278.0,True,0.003757960087271,0.0001718980674331,,,,,,,,,,,,,,,,
np-few_shot-log_price-seed2,0vhddgm6,np,few_shot,2,rmse,0.1256149570044669,0.2622592884590291,0.1491834726243365,0.315435218070905,16966.113075971603,3.669640064239502,3.816483736038208,0.2605689375537854,1578.0,True,0.1224191445444842,0.0001713436419711,,,,,,,,,,,,,,,,
np-few_shot-log_price-seed2,12l6u7sf,np,few_shot,2,rmse,0.1712810340904899,0.2971156862259731,0.1962392001498008,0.347613611816133,4278.108820676804,0.8596901893615723,0.8995296955108643,0.2900674998716525,1044.0,True,0.0420765122147681,1.810725406663106e-05,,,,,,,,,,,,,,,,
np-few_shot-log_price-seed2,6rz4zpux,np,few_shot,2,rmse,0.1314773339870184,0.2703756756294664,0.1531849652309397,0.3255328306638977,9064.971953630447,4.957711458206177,4.940342664718628,0.2630797872126482,810.0,True,0.1097627007854649,0.0002693883019285,,,,,,,,,,,,,,,,
np-few_shot-log_price-seed2,7557kjp2,np,few_shot,2,rmse,0.1347902392686358,0.2722965072178635,0.1544927755991617,0.3264243149110148,7383.137486457825,1.008331060409546,0.9657914638519288,0.26577137278832,2053.0,True,0.1140393540835759,7.537078298264379e-05,,,,,,,,,,,,,,,,
np-few_shot-log_price-seed2,7qhpty9f,np,few_shot,2,rmse,0.1694979913727717,0.3070070171949616,0.1872153032966718,0.358573905652484,10598.525919675829,0.9715113639831544,0.8553814888000488,0.2974173037861966,2505.0,True,0.1395262391854529,1.3196262418422204e-05,,,,,,,,,,,,,,,,
np-few_shot-log_price-seed2,b537whrt,np,few_shot,2,rmse,0.1542230833512674,0.2902065727171199,0.1757187702929058,0.337430600909405,6048.143867015839,0.9935810565948486,0.9513938426971436,0.2860147898472567,1615.0,True,0.0317939167291039,1.6624564693643617e-05,,,,,,,,,,,,,,,,
np-few_shot-log_price-seed2,bt0tr8k1,np,few_shot,2,rmse,0.1281819639832517,0.2656531710412931,0.1530027791528671,0.3233079595289667,6887.463360548019,1.6086647510528564,1.3537116050720217,0.2613066968335754,1147.0,True,0.1887496157029248,0.0002310152225018,,,,,,,,,,,,,,,,
np-few_shot-log_price-seed2,btopp5m6,np,few_shot,2,rmse,0.1372015728222853,0.27952988563885,0.156597385396466,0.3254803681183788,2640.963917016983,1.4912095069885254,1.360595464706421,0.2704260358897031,385.0,True,0.0040436794880651,0.0004626362841475,,,,,,,,,,,,,,,,
np-few_shot-log_price-seed2,cb7004b6,np,few_shot,2,rmse,0.1490630469021654,0.2949498069347366,0.1562303832276762,0.3319196690632282,4239.466778993607,1.4866256713867188,1.5327012538909912,0.2688489959574032,733.0,True,0.0286706574818092,0.0007750644796341,,,,,,,,,,,,,,,,
np-few_shot-log_price-seed2,cmxrq7no,np,few_shot,2,rmse,0.1434851560564529,0.2844678048139141,0.1574883078927121,0.3355827176445294,8614.358185529709,4.525893449783325,4.232566356658936,0.263297195020035,564.0,True,0.0875174422525385,0.0006074996073425,,,,,,,,,,,,,,,,
np-few_shot-log_price-seed2,cywgrywv,np,few_shot,2,rmse,0.1272114192015827,0.2666879914652614,0.1538918657821811,0.3261875400071042,3872.3512165546417,1.686811923980713,1.59617280960083,0.2631591172316758,663.0,True,0.1556313501899701,0.0005495716186411,,,,,,,,,,,,,,,,
np-few_shot-log_price-seed2,ddk8s8ah,np,few_shot,2,rmse,0.1279191804951598,0.2665525247637348,0.147447322620829,0.3154002235035056,8097.3351283073425,1.3456151485443115,1.4554789066314695,0.2623977694515631,1608.0,True,0.0912300664433097,0.0001370464839284,,,,,,,,,,,,,,,,
np-few_shot-log_price-seed2,f8od9914,np,few_shot,2,rmse,0.1563701410158244,0.2879811707576983,0.1796374595754404,0.3459489669756742,5002.180352210999,0.9403023719787598,0.8407595157623291,0.2860927093972101,1317.0,True,0.1306216650930796,3.210577849550394e-05,,,,,,,,,,,,,,,,
np-few_shot-log_price-seed2,ggxeh3o9,np,few_shot,2,rmse,0.1333514429131777,0.2745038811784366,0.1512132240143985,0.3255151202766642,5907.120887279511,1.424889087677002,1.4551355838775637,0.2598839477743097,1104.0,True,0.0529111224209254,0.0003535634629148,,,,,,,,,,,,,,,,
np-few_shot-log_price-seed2,iid5qc1g,np,few_shot,2,rmse,0.1284962560785155,0.2699752039979123,0.1506753949462176,0.3218292202138138,4955.670148849487,1.133448362350464,1.079498052597046,0.2636059765055378,1206.0,True,0.1333533430891335,0.00021941976179,,,,,,,,,,,,,,,,
np-few_shot-log_price-seed2,iq139kjm,np,few_shot,2,rmse,0.1317074285237234,0.2664279372399408,0.1571471212790215,0.3307803750040359,10100.213381052015,1.5853276252746582,1.5139329433441162,0.2646057019562698,2050.0,True,0.1043696643500143,6.75031252159592e-05,,,,,,,,,,,,,,,,
np-few_shot-log_price-seed2,iwa447ch,np,few_shot,2,rmse,0.1260210855328812,0.2654914080410017,0.1472648236653782,0.3167696453003083,6596.903480291367,1.7022531032562256,1.4927737712860107,0.259244253945869,1131.0,True,0.1136089122187864,0.0007098936257405,,,,,,,,,,,,,,,,
np-few_shot-log_price-seed2,jvlbeqsw,np,few_shot,2,rmse,0.1301364234088753,0.2696995531342638,0.1536963184047823,0.3273687354210517,3645.5910971164703,1.474042892456055,1.3614249229431152,0.2663733362703264,614.0,True,0.0922958724505863,0.0003639639356786,,,,,,,,,,,,,,,,
np-few_shot-log_price-seed2,jwxjrd61,np,few_shot,2,rmse,0.1275131021572398,0.26938646099969,0.1486654147364739,0.3194450196931165,5743.768957614899,1.3419702053070068,1.1756982803344729,0.2598219205220834,1081.0,True,0.1957236684465528,0.0003965675081771,,,,,,,,,,,,,,,,
np-few_shot-log_price-seed2,mfz4g5pz,np,few_shot,2,rmse,0.1433811518612533,0.2796493140733791,0.1655466666983756,0.3340343440984984,4008.721695184707,1.000784158706665,0.933769464492798,0.2736834128079058,1023.0,True,0.0630856701848367,5.338528208876637e-05,,,,,,,,,,,,,,,,
np-few_shot-log_price-seed2,o4j0ucx2,np,few_shot,2,rmse,0.1968142723096853,0.3352575891827926,0.2120710036982748,0.3649489718687241,3429.3520815372467,0.9630534648895264,0.8926723003387451,0.3022694813799806,848.0,True,0.1312659178930547,1.889582693802601e-05,,,,,,,,,,,,,,,,
np-few_shot-log_price-seed2,ojczyxya,np,few_shot,2,rmse,0.1357132066034365,0.2722429038931879,0.1529004006731773,0.3209727357026647,10663.206916809082,1.3839459419250488,1.1967666149139404,0.2605308114946549,1743.0,True,0.1583450076165329,0.000114232541556,,,,,,,,,,,,,,,,
np-few_shot-log_price-seed2,sdsfx2lh,np,few_shot,2,rmse,0.1748143773302133,0.3029146085507841,0.1961342198364867,0.3612999054039379,6774.326091527939,0.8826694488525391,0.8567190170288086,0.3019713927434698,1847.0,True,0.1976747676118452,1.5998881492631487e-05,,,,,,,,,,,,,,,,
np-few_shot-log_price-seed2,uclnisx7,np,few_shot,2,rmse,0.1294159252310519,0.2658678143711426,0.1531205576175645,0.322740774637764,13035.964285612106,2.827606678009033,2.274400472640991,0.2630087543977022,1560.0,True,0.1205526752143287,0.0001229607110732,,,,,,,,,,,,,,,,
np-few_shot-log_price-seed2,w4nogrhf,np,few_shot,2,rmse,0.1311863156820283,0.2718605126186654,0.1515111133001831,0.325981889313129,10008.900396347046,4.629230499267578,4.2557220458984375,0.2615356738459826,1218.0,True,0.0847309598677809,0.0001957889720121,,,,,,,,,,,,,,,,
np-few_shot-log_price-seed2,wv4znqu0,np,few_shot,2,rmse,0.1573020239575868,0.2967727981763481,0.1694139576610079,0.3364849166393725,6271.170171260834,0.8729686737060547,0.8356385231018066,0.2794363360437985,1744.0,True,0.0932621545712612,3.082131641442947e-05,,,,,,,,,,,,,,,,
np-few_shot-log_price-seed2,xyke70ii,np,few_shot,2,rmse,0.1355533896448688,0.2731459797519117,0.1591162970765532,0.3348648692562824,7262.430143356323,1.4368860721588137,1.23803973197937,0.2702379087975369,1434.0,True,0.0719015801147572,7.4827960376208e-05,,,,,,,,,,,,,,,,
np-few_shot-log_price-seed2,y5fxfr8r,np,few_shot,2,rmse,0.1639597808967601,0.3112211286853101,0.1686155175184978,0.3400789619580903,7229.16615819931,0.9683017730712892,0.934795379638672,0.2813459950343512,1980.0,True,0.0417753512189669,2.1019338091154404e-05,,,,,,,,,,,,,,,,
np-few_shot-log_price-seed2,z4hqmsv5,np,few_shot,2,rmse,0.1360972189415525,0.2796267865609457,0.1587306327749627,0.3339054856812001,3907.672928571701,1.4797327518463137,1.376791000366211,0.2690374413512378,654.0,True,0.0236548851737866,0.0001904767808428,,,,,,,,,,,,,,,,
np-few_shot-log_price-seed2,z7b2dlso,np,few_shot,2,rmse,0.16585440722243,0.3035202485504867,0.1740202861128044,0.3353014923170683,8659.525925636292,2.1725316047668457,1.9644920825958248,0.2798018831745203,1252.0,True,0.1927325521002058,5.846326121643416e-05,,,,,,,,,,,,,,,,
np-few_shot-log_price-seed2,zz98qwzq,np,few_shot,2,rmse,0.1847885731090007,0.2985765453490921,0.2097488405075233,0.3526400883882936,5708.998791456223,1.3779802322387695,1.4356968402862549,0.2847590056296078,1012.0,True,0.0142072116395773,1.4936835544198446e-05,,,,,,,,,,,,,,,,
np-few_shot-log_price-seed3,03hd1nr9,np,few_shot,3,rmse,0.1447090836045164,0.2928964926716835,0.1444365302798254,0.2905075114929897,2297.195027828217,1.0554168224334717,1.2790095806121826,0.2819453473028645,466.0,True,0.0922958724505863,0.0003639639356786,,,,,,,,,,,,,,,,
np-few_shot-log_price-seed3,0s6nq922,np,few_shot,3,rmse,0.1549895324960309,0.2933255815545683,0.1597079354149097,0.29322116564458,7688.346171617508,1.3340213298797607,1.126983880996704,0.2870009987944395,1795.0,True,0.0142072116395773,1.4936835544198446e-05,,,,,,,,,,,,,,,,
np-few_shot-log_price-seed3,3ahywejb,np,few_shot,3,rmse,0.1356580377863367,0.2873144557765494,0.1370656824600531,0.2845288211276476,4116.686123609543,1.3139805793762207,1.2082509994506836,0.2786955861859624,881.0,True,0.1556313501899701,0.0005495716186411,,,,,,,,,,,,,,,,
np-few_shot-log_price-seed3,4vu32o18,np,few_shot,3,rmse,0.1486944338064628,0.2949771299979192,0.1441102209180197,0.2912666632975086,7409.930242300034,2.531174898147583,2.138378381729126,0.2795912562747811,898.0,True,0.0912300664433097,0.0001370464839284,,,,,,,,,,,,,,,,
np-few_shot-log_price-seed3,4wdonq8c,np,few_shot,3,rmse,0.1484547343849497,0.2872979790486439,0.1507127781578018,0.2897436181116897,8852.082875490189,1.547161102294922,1.4889774322509766,0.2841902816782195,1837.0,True,0.1927325521002058,5.846326121643416e-05,,,,,,,,,,,,,,,,
np-few_shot-log_price-seed3,6jgqhyt0,np,few_shot,3,rmse,0.1411059530063726,0.2895751588320424,0.1441497339297226,0.2883287716837682,6281.037319660187,2.2558834552764893,2.1953001022338867,0.2807537560363647,785.0,True,0.1224191445444842,0.0001713436419711,,,,,,,,,,,,,,,,
np-few_shot-log_price-seed3,6u5j3yjo,np,few_shot,3,rmse,0.1626477153941073,0.3057687968493239,0.160451169513212,0.3016853411549731,12050.959383010864,2.25881028175354,2.27292537689209,0.2898670100190066,1756.0,True,0.1306216650930796,3.210577849550394e-05,,,,,,,,,,,,,,,,
np-few_shot-log_price-seed3,8hv6yvk1,np,few_shot,3,rmse,0.1428933339319129,0.2902623973477285,0.1399731119034364,0.2817777684131636,12232.9195625782,2.5969934463500977,2.076469898223877,0.2805914629797099,1719.0,True,0.0630856701848367,5.338528208876637e-05,,,,,,,,,,,,,,,,
np-few_shot-log_price-seed3,94vos8fc,np,few_shot,3,rmse,0.1436151120565156,0.2917867283535835,0.1416761604128931,0.2877806982928367,3735.3448362350464,1.4841985702514648,1.3634095191955566,0.2807939087806211,651.0,True,0.1097627007854649,0.0002693883019285,,,,,,,,,,,,,,,,
np-few_shot-log_price-seed3,9n5hpnr2,np,few_shot,3,rmse,0.138906500788362,0.2952539740145612,0.1402567162818014,0.2890636299463428,2540.522171020508,1.4455811977386477,1.1805226802825928,0.2852332421149206,466.0,True,0.0040436794880651,0.0004626362841475,,,,,,,,,,,,,,,,
np-few_shot-log_price-seed3,a44uqmzq,np,few_shot,3,rmse,0.1443778837127996,0.2938185887635147,0.1439369086792566,0.2888539347604517,3609.9636096954346,2.517228126525879,2.2050724029541016,0.2813269626989488,331.0,True,0.0529111224209254,0.0003535634629148,,,,,,,,,,,,,,,,
np-few_shot-log_price-seed3,a7llsel0,np,few_shot,3,rmse,0.1468662809932428,0.30268967432764,0.1458095753182017,0.2939639002939767,2315.6867187023163,1.2768371105194092,1.0795035362243652,0.2811419893060609,406.0,True,0.1136089122187864,0.0007098936257405,,,,,,,,,,,,,,,,
np-few_shot-log_price-seed3,d21b7spg,np,few_shot,3,rmse,0.1437220554276231,0.2883554269349357,0.1473096577550596,0.2933363213870693,4903.7170033454895,1.448092699050903,1.3231453895568848,0.2807127360988335,904.0,True,0.1205526752143287,0.0001229607110732,,,,,,,,,,,,,,,,
np-few_shot-log_price-seed3,frcvypk1,np,few_shot,3,rmse,0.1728926062405198,0.2985725553154058,0.1835302398087976,0.3008546804549161,8289.300160884857,2.1594157218933105,2.177619218826294,0.2930555164623433,1100.0,True,0.0317939167291039,1.6624564693643617e-05,,,,,,,,,,,,,,,,
np-few_shot-log_price-seed3,lrvl6xuz,np,few_shot,3,rmse,0.1415940585828843,0.2881031770350871,0.1433523831677579,0.2892995878985988,8990.611575603485,2.389241933822632,2.206259489059448,0.2844677170923895,1219.0,True,0.0719015801147572,7.4827960376208e-05,,,,,,,,,,,,,,,,
np-few_shot-log_price-seed3,mq7wj9wy,np,few_shot,3,rmse,0.1447749270262261,0.2880435424644131,0.1479143835025952,0.291307992835936,9002.195172548294,2.1657485961914062,2.074182748794556,0.2828330452242486,1221.0,True,0.1140393540835759,7.537078298264379e-05,,,,,,,,,,,,,,,,
np-few_shot-log_price-seed3,nx8t63wv,np,few_shot,3,rmse,0.1558515244644493,0.301162414356325,0.1539437689935506,0.297927247398929,13231.891001701357,2.54871129989624,2.099653959274292,0.288211543619002,1900.0,True,0.0932621545712612,3.082131641442947e-05,,,,,,,,,,,,,,,,
np-few_shot-log_price-seed3,ose1u628,np,few_shot,3,rmse,0.189979535043814,0.336925186391858,0.1827708938802197,0.3187693711488668,12667.82583117485,2.177112579345703,2.2335774898529053,0.31760152495275,1825.0,True,0.1976747676118452,1.5998881492631487e-05,,,,,,,,,,,,,,,,
np-few_shot-log_price-seed3,otk44g7m,np,few_shot,3,rmse,0.1382704452111037,0.2891115840365545,0.1357526853673052,0.2804138317576465,3604.097168922424,1.4529154300689695,1.307400465011597,0.2801031612665511,631.0,True,0.0875174422525385,0.0006074996073425,,,,,,,,,,,,,,,,
np-few_shot-log_price-seed3,p4f365t3,np,few_shot,3,rmse,0.1592949436828701,0.3117483627047466,0.1456223806817766,0.2930742958777983,4047.2594408988953,1.3678629398345947,1.2770779132843018,0.2795561542772766,721.0,True,0.0847309598677809,0.0001957889720121,,,,,,,,,,,,,,,,
np-few_shot-log_price-seed3,p7f04iz0,np,few_shot,3,rmse,0.1404418584544185,0.288353207587423,0.135285604407655,0.279154371921907,7481.167845964432,2.6701414585113525,2.1752986907958984,0.2777426716563296,992.0,True,0.1333533430891335,0.00021941976179,,,,,,,,,,,,,,,,
np-few_shot-log_price-seed3,pb386haf,np,few_shot,3,rmse,0.2069285938228624,0.3822641174465945,0.1456756130657562,0.2925261810602221,3445.1436462402344,2.192683458328247,2.064121723175049,0.2894963945531396,320.0,True,0.003757960087271,0.0001718980674331,,,,,,,,,,,,,,,,
np-few_shot-log_price-seed3,pj1e8zgi,np,few_shot,3,rmse,0.1634079442593085,0.3004469702634708,0.1730145774966891,0.2992738073217973,7744.558618068695,2.365477561950684,2.086683988571167,0.2927776246039744,1039.0,True,0.0417753512189669,2.1019338091154404e-05,,,,,,,,,,,,,,,,
np-few_shot-log_price-seed3,pkab0163,np,few_shot,3,rmse,0.1733492083048049,0.3158817255828001,0.1725177002011175,0.3091547820008948,10909.88088297844,1.727975368499756,1.620041847229004,0.3030564316376529,1508.0,True,0.1312659178930547,1.889582693802601e-05,,,,,,,,,,,,,,,,
np-few_shot-log_price-seed3,q2ee0zg9,np,few_shot,3,rmse,0.1383652270006199,0.2924396939049922,0.1378091022597494,0.2897741257684383,6669.582604646683,2.7359321117401123,2.196779251098633,0.2833949369127011,808.0,True,0.0236548851737866,0.0001904767808428,,,,,,,,,,,,,,,,
np-few_shot-log_price-seed3,qy2vojhi,np,few_shot,3,rmse,0.1679280294190384,0.3052174482583615,0.1739832950530894,0.3004930193781314,8919.24524974823,2.209660291671753,1.914401292800903,0.2931878070771871,1206.0,True,0.0420765122147681,1.810725406663106e-05,,,,,,,,,,,,,,,,
np-few_shot-log_price-seed3,rkxtx1me,np,few_shot,3,rmse,0.1420097614820623,0.2857228683124358,0.1435785690620896,0.2857533996843419,6282.718947410584,1.3439936637878418,1.280916452407837,0.2807546837259494,1317.0,True,0.1583450076165329,0.000114232541556,,,,,,,,,,,,,,,,
np-few_shot-log_price-seed3,scftk364,np,few_shot,3,rmse,0.1472617451857131,0.3059268161881927,0.1382030027082245,0.2865795747799046,5633.702130794525,2.5154836177825928,2.430934429168701,0.2816140940663528,624.0,True,0.0286706574818092,0.0007750644796341,,,,,,,,,,,,,,,,
np-few_shot-log_price-seed3,udbajagg,np,few_shot,3,rmse,0.135113750108689,0.2828663138335325,0.1367359049629582,0.2818033487792661,3526.945846796036,1.1333589553833008,1.0599822998046875,0.2792142340039585,750.0,True,0.1957236684465528,0.0003965675081771,,,,,,,,,,,,,,,,
np-few_shot-log_price-seed3,xm09kfy5,np,few_shot,3,rmse,0.1589267496175188,0.3094727663087507,0.1390589982002106,0.2823429217101113,7552.225382566452,2.231164693832397,2.073648452758789,0.2790908575380108,983.0,True,0.1887496157029248,0.0002310152225018,,,,,,,,,,,,,,,,
np-few_shot-log_price-seed3,ydj3t9g8,np,few_shot,3,rmse,0.1901014033209514,0.3224930358555455,0.1955363883490348,0.318748882215991,9424.31176996231,2.3735158443450928,2.0818750858306885,0.3152756351080286,1290.0,True,0.1395262391854529,1.3196262418422204e-05,,,,,,,,,,,,,,,,
np-few_shot-log_price-seed3,yxkjymp9,np,few_shot,3,rmse,0.1543990695826321,0.2953072650492301,0.1561907275254941,0.296227098359009,6780.467674970627,2.2462174892425537,2.2064929008483887,0.2885742205140033,789.0,True,0.1043696643500143,6.75031252159592e-05,,,,,,,,,,,,,,,,
np-few_shot-log_price-seed4,0d7au7a9,np,few_shot,4,rmse,0.153943170188518,0.2740096764742894,0.1663915895306695,0.2900127573269553,10739.899619102478,2.071930170059204,2.197652101516724,0.2685732105635419,1609.0,True,0.0142072116395773,1.4936835544198446e-05,,,,,,,,,,,,,,,,
np-few_shot-log_price-seed4,1l17x6oq,np,few_shot,4,rmse,0.1271338602800047,0.2574975257450156,0.1383271733965824,0.2763507721249474,7352.394050598144,2.19185471534729,2.446276903152466,0.252979378335513,952.0,True,0.0847309598677809,0.0001957889720121,,,,,,,,,,,,,,,,
np-few_shot-log_price-seed4,1ni9mjee,np,few_shot,4,rmse,0.1300519650169972,0.2598311010524608,0.136371037163219,0.2740088976999636,7921.456537246704,2.281007766723633,2.3838393688201904,0.254563581446209,1159.0,True,0.1224191445444842,0.0001713436419711,,,,,,,,,,,,,,,,
np-few_shot-log_price-seed4,25bmsryw,np,few_shot,4,rmse,0.1341516287675064,0.2752271485129204,0.1397586435577842,0.2803031829004006,3763.1697154045114,2.456552028656006,2.062919855117798,0.2641727377566832,430.0,True,0.0040436794880651,0.0004626362841475,,,,,,,,,,,,,,,,
np-few_shot-log_price-seed4,25cz4n7w,np,few_shot,4,rmse,0.1490678212615881,0.2798138206237217,0.1633448109802791,0.3040458492850829,5588.850376844406,2.016418218612671,2.2529258728027344,0.2749140717704681,753.0,True,0.1043696643500143,6.75031252159592e-05,,,,,,,,,,,,,,,,
np-few_shot-log_price-seed4,2uujdptk,np,few_shot,4,rmse,0.1359652712639797,0.2613368513563063,0.1444283413030595,0.2790983154650519,16025.816915988922,2.129258155822754,2.355111598968506,0.2564876101416441,2460.0,True,0.1927325521002058,5.846326121643416e-05,,,,,,,,,,,,,,,,
np-few_shot-log_price-seed4,3xwchech,np,few_shot,4,rmse,0.1289280562454395,0.2682378329318283,0.1352441062242103,0.2785229969377661,5958.886182308197,2.1204588413238525,2.372421264648437,0.2563291385336495,792.0,True,0.1556313501899701,0.0005495716186411,,,,,,,,,,,,,,,,
np-few_shot-log_price-seed4,5vk9z9qy,np,few_shot,4,rmse,0.1331991605276472,0.2683453875119868,0.1383393417425334,0.279295818568978,4960.507566690445,2.1499998569488525,2.359760999679565,0.2559749285142245,628.0,True,0.1136089122187864,0.0007098936257405,,,,,,,,,,,,,,,,
np-few_shot-log_price-seed4,69tcbj4d,np,few_shot,4,rmse,0.1697259324320246,0.2998216470669013,0.1769052529212675,0.3102035974063837,6610.335325717926,1.1842000484466553,1.4611799716949463,0.2906008272048929,1346.0,True,0.1312659178930547,1.889582693802601e-05,,,,,,,,,,,,,,,,
np-few_shot-log_price-seed4,7gq9cn7n,np,few_shot,4,rmse,0.1476652984136945,0.2743291264120112,0.158282387968997,0.2892707574481239,8201.685288190842,1.3282997608184814,1.3868560791015625,0.2710530703589412,1688.0,True,0.0317939167291039,1.6624564693643617e-05,,,,,,,,,,,,,,,,
np-few_shot-log_price-seed4,7wow71ml,np,few_shot,4,rmse,0.1275090085522512,0.2608282362299514,0.1362492060783662,0.272621303249159,6651.594537496567,2.174881935119629,2.587682008743286,0.2550939571728102,837.0,True,0.1097627007854649,0.0002693883019285,,,,,,,,,,,,,,,,
np-few_shot-log_price-seed4,987w07vb,np,few_shot,4,rmse,0.1444299057896217,0.2904832593182763,0.1498913526969168,0.2953343112972236,4711.920956611633,2.214068651199341,2.0725114345550537,0.2697589530143706,609.0,True,0.003757960087271,0.0001718980674331,,,,,,,,,,,,,,,,
np-few_shot-log_price-seed4,991mbw3r,np,few_shot,4,rmse,0.1273923371882921,0.2631760729371812,0.1330864559122119,0.2729074437065026,10931.20972585678,2.293410539627075,2.2703888416290283,0.2520395957977403,1628.0,True,0.1887496157029248,0.0002310152225018,,,,,,,,,,,,,,,,
np-few_shot-log_price-seed4,99z1b1my,np,few_shot,4,rmse,0.1709312869993488,0.2971327090616062,0.182921725380324,0.3188672424679994,11749.321634054184,2.0056848526000977,2.2125566005706787,0.2926047402486083,1824.0,True,0.1395262391854529,1.3196262418422204e-05,,,,,,,,,,,,,,,,
np-few_shot-log_price-seed4,apynep60,np,few_shot,4,rmse,0.1473726546362544,0.2792881666120543,0.1569559412708228,0.2933404921128149,7522.975536823273,1.436704158782959,1.3769757747650146,0.2703461995864812,1508.0,True,0.0417753512189669,2.1019338091154404e-05,,,,,,,,,,,,,,,,
np-few_shot-log_price-seed4,dm9yc9o4,np,few_shot,4,rmse,0.141378464591637,0.2745929622572679,0.1474397491686511,0.2851816816216111,7547.535160303116,1.881288766860962,1.7427120208740234,0.2667180330115656,1133.0,True,0.0630856701848367,5.338528208876637e-05,,,,,,,,,,,,,,,,
np-few_shot-log_price-seed4,f4j8hfk7,np,few_shot,4,rmse,0.1297486629111043,0.2599823937206982,0.1439330507007542,0.283027788004813,10224.66093158722,2.0974364280700684,2.326942682266236,0.2557389415983088,1508.0,True,0.1583450076165329,0.000114232541556,,,,,,,,,,,,,,,,
np-few_shot-log_price-seed4,gcwlhcp0,np,few_shot,4,rmse,0.1311676350604282,0.2711415426728855,0.1377164359874943,0.2768634285366747,4322.016134738922,2.3358662128448486,2.3050014972686768,0.2601255656267018,529.0,True,0.0529111224209254,0.0003535634629148,,,,,,,,,,,,,,,,
np-few_shot-log_price-seed4,iq4y492e,np,few_shot,4,rmse,0.1299548480885752,0.2605308030220721,0.1420783818389698,0.282181196115601,13033.83908033371,2.0624117851257324,2.394690752029419,0.2563846928227674,1963.0,True,0.0719015801147572,7.4827960376208e-05,,,,,,,,,,,,,,,,
np-few_shot-log_price-seed4,je7aw44j,np,few_shot,4,rmse,0.1300342789660679,0.2614455726654811,0.1372872970491386,0.2765901329755077,6188.913431882858,1.8960752487182613,1.887514352798462,0.2561774298357616,936.0,True,0.1333533430891335,0.00021941976179,,,,,,,,,,,,,,,,
np-few_shot-log_price-seed4,la6o2r9i,np,few_shot,4,rmse,0.1271671393480193,0.2634694354640035,0.1347048215924499,0.2734776936428365,6272.873528242111,2.1802163124084477,2.414823293685913,0.2568719969624257,850.0,True,0.1957236684465528,0.0003965675081771,,,,,,,,,,,,,,,,
np-few_shot-log_price-seed4,oq6qfg0r,np,few_shot,4,rmse,0.1302668321802375,0.2608848343973974,0.1450279372907833,0.2852273189764311,11625.468040943146,1.597306489944458,1.5952019691467283,0.2566127647418413,1916.0,True,0.1140393540835759,7.537078298264379e-05,,,,,,,,,,,,,,,,
np-few_shot-log_price-seed4,pg569hyb,np,few_shot,4,rmse,0.159150280925665,0.2933794658423785,0.165246548685801,0.3031163414873029,5336.534567117691,1.116248369216919,1.1749119758605957,0.2818573693924114,1034.0,True,0.0932621545712612,3.082131641442947e-05,,,,,,,,,,,,,,,,
np-few_shot-log_price-seed4,qcu5yntj,np,few_shot,4,rmse,0.1254096044315381,0.2599116338384382,0.1353787380700631,0.2736046511203743,5926.706483602524,2.0503199100494385,2.328441858291626,0.2542090588506313,778.0,True,0.0922958724505863,0.0003639639356786,,,,,,,,,,,,,,,,
np-few_shot-log_price-seed4,r3vqh3tn,np,few_shot,4,rmse,0.1652560509724563,0.3004271124721485,0.1726697380624451,0.3144895877146155,5949.350589752197,1.2390546798706057,1.2729318141937256,0.2836008622601908,1152.0,True,0.1306216650930796,3.210577849550394e-05,,,,,,,,,,,,,,,,
np-few_shot-log_price-seed4,rcrfty6g,np,few_shot,4,rmse,0.1374536545357007,0.2708446897050714,0.1356046430284348,0.2733759829953551,9247.021142721176,2.185560464859009,2.277013301849365,0.2568627250203558,1369.0,True,0.0912300664433097,0.0001370464839284,,,,,,,,,,,,,,,,
np-few_shot-log_price-seed4,snzovhve,np,few_shot,4,rmse,0.1630866473712278,0.2818342889656775,0.180346086391884,0.3056207031871974,7355.761636734009,1.9375641345977783,1.938648223876953,0.2770274368023989,1134.0,True,0.0420765122147681,1.810725406663106e-05,,,,,,,,,,,,,,,,
np-few_shot-log_price-seed4,sxph4co3,np,few_shot,4,rmse,0.131930126929551,0.2744238205506037,0.1388151298550418,0.2806888437532314,4463.536604881287,2.104904890060425,1.9996042251586912,0.2627522735070764,552.0,True,0.0286706574818092,0.0007750644796341,,,,,,,,,,,,,,,,
np-few_shot-log_price-seed4,t9hnaez0,np,few_shot,4,rmse,0.1749152933613638,0.2994068201102401,0.1890020480990272,0.3303734015968898,10257.394687891006,1.531987190246582,1.468686580657959,0.2950752832132592,1874.0,True,0.1976747676118452,1.5998881492631487e-05,,,,,,,,,,,,,,,,
np-few_shot-log_price-seed4,tx3or06t,np,few_shot,4,rmse,0.1347690680857454,0.2780395942854602,0.1366906207319403,0.2780311916386879,6128.598217010498,2.1640665531158447,2.1974544525146484,0.2621321917464407,828.0,True,0.0236548851737866,0.0001904767808428,,,,,,,,,,,,,,,,
np-few_shot-log_price-seed4,vndjhhu3,np,few_shot,4,rmse,0.1259291966979423,0.2567763377123606,0.1337769983462438,0.2727636725375809,12454.21760249138,2.4593966007232666,2.577133893966675,0.2532792038442201,1733.0,True,0.1205526752143287,0.0001229607110732,,,,,,,,,,,,,,,,
np-few_shot-log_price-seed4,w6yu3aio,np,few_shot,4,rmse,0.1272920490114876,0.2628325921147177,0.1340547629370434,0.2749802993687605,6001.413780927658,2.538419723510742,2.387615919113159,0.2577693970847373,751.0,True,0.0875174422525385,0.0006074996073425,,,,,,,,,,,,,,,,
anp-in_context-log_price-seed0,1d9zuywx,anp,in_context,0,rmse,0.122621168565077,0.2680348193946151,0.1256436234894715,0.2697917647813638,12316.350270986555,10.561458110809326,9.741758108139038,0.2631022934882285,811.0,True,0.0875174422525385,0.0006074996073425,,,,,,,,,,,,,,,,
anp-in_context-log_price-seed0,21xvlk9y,anp,in_context,0,rmse,0.1265117698134454,0.277927782441439,0.1256333356487204,0.2685172639553867,7383.516356229782,10.24335765838623,10.119818210601808,0.2644406086373966,387.0,True,0.0286706574818092,0.0007750644796341,,,,,,,,,,,,,,,,
anp-in_context-log_price-seed0,3xf8o9be,anp,in_context,0,rmse,0.1249352489987655,0.2655021582582717,0.1289345053789614,0.2705572601711329,10878.70197558403,10.916632413864136,11.00535488128662,0.2609522541747685,658.0,True,0.1097627007854649,0.0002693883019285,,,,,,,,,,,,,,,,
anp-in_context-log_price-seed0,54y4nxnx,anp,in_context,0,rmse,0.1318981195684125,0.2774405242046973,0.1291960376804158,0.2705681043915144,5129.864583730698,11.113257884979248,11.280667543411257,0.264118766474278,203.0,True,0.0040436794880651,0.0004626362841475,,,,,,,,,,,,,,,,
anp-in_context-log_price-seed0,60rtb5t3,anp,in_context,0,rmse,0.122097988178938,0.2669967550875046,0.1228492051847842,0.2674048642115372,13689.329588890076,10.167208909988403,10.558427572250366,0.2615923292565089,918.0,True,0.1957236684465528,0.0003965675081771,,,,,,,,,,,,,,,,
anp-in_context-log_price-seed0,6b5ir54b,anp,in_context,0,rmse,0.1263956114329635,0.2651456854442923,0.1274320269028323,0.267518022840772,22407.60061597824,9.68785047531128,8.954087018966675,0.2606284161548887,1230.0,True,0.0630856701848367,5.338528208876637e-05,,,,,,,,,,,,,,,,
anp-in_context-log_price-seed0,7a684oa8,anp,in_context,0,rmse,0.1794381053409476,0.2998343275053802,0.1889236913868835,0.2918138978919652,10318.72287106514,8.349850416183472,8.71877121925354,0.2893842155561421,737.0,True,0.1395262391854529,1.3196262418422204e-05,,,,,,,,,,,,,,,,
anp-in_context-log_price-seed0,8v5dns1b,anp,in_context,0,rmse,0.1241820009649019,0.2643079183257336,0.1272273539523744,0.2714107971077902,13701.818605422974,10.13347339630127,10.126009464263916,0.259153456796477,924.0,True,0.0847309598677809,0.0001957889720121,,,,,,,,,,,,,,,,
anp-in_context-log_price-seed0,93lg6h7d,anp,in_context,0,rmse,0.1270398447204221,0.2646300858238656,0.1302453999913716,0.2663174780901344,11406.708475351334,8.141735315322876,10.419668197631836,0.2598468556236461,712.0,True,0.1224191445444842,0.0001713436419711,,,,,,,,,,,,,,,,
anp-in_context-log_price-seed0,at4sjv30,anp,in_context,0,rmse,0.1303946756801667,0.2633613810490716,0.136420714450419,0.266357176117027,19209.778990268707,7.462634325027466,7.120108127593994,0.2620688930665873,1323.0,True,0.0317939167291039,1.6624564693643617e-05,,,,,,,,,,,,,,,,
anp-in_context-log_price-seed0,b8kh0h9o,anp,in_context,0,rmse,0.124520895621801,0.2651717619465266,0.1242658474853361,0.2667665019650301,14492.11767578125,8.921711921691895,9.456449270248411,0.2601209588879545,1055.0,True,0.1887496157029248,0.0002310152225018,,,,,,,,,,,,,,,,
anp-in_context-log_price-seed0,c53fhks8,anp,in_context,0,rmse,0.1273502701332047,0.268500041275851,0.1263576907018476,0.2691586065621059,8316.5819272995,10.875771284103394,10.054203748703005,0.2623627801569054,464.0,True,0.0236548851737866,0.0001904767808428,,,,,,,,,,,,,,,,
anp-in_context-log_price-seed0,c7cw83z6,anp,in_context,0,rmse,0.151045989067158,0.2804385475647786,0.1544741065274708,0.2786114696617509,10219.800060987473,6.6213250160217285,6.53722071647644,0.2749475114065811,902.0,True,0.1312659178930547,1.889582693802601e-05,,,,,,,,,,,,,,,,
anp-in_context-log_price-seed0,dc5gb4t7,anp,in_context,0,rmse,0.1608476324502008,0.2930172727194822,0.1580551424627097,0.2852917247660651,13732.878877878187,7.27628493309021,7.421261548995972,0.282934759285271,1252.0,True,0.1976747676118452,1.5998881492631487e-05,,,,,,,,,,,,,,,,
anp-in_context-log_price-seed0,dyhm8lki,anp,in_context,0,rmse,0.1235379615065719,0.274819262180418,0.1275935887709259,0.2674420523987544,8608.848036289215,10.741223096847534,10.4949471950531,0.2632465726779503,490.0,True,0.1556313501899701,0.0005495716186411,,,,,,,,,,,,,,,,
anp-in_context-log_price-seed0,g554qrvj,anp,in_context,0,rmse,0.1281416538715714,0.263846574048147,0.1295738733110092,0.266854938360973,10744.489177703856,8.796947956085205,8.809742212295532,0.2594911356859039,780.0,True,0.0719015801147572,7.4827960376208e-05,,,,,,,,,,,,,,,,
anp-in_context-log_price-seed0,h93ru7ow,anp,in_context,0,rmse,0.1314969421933212,0.2677151363848759,0.1291206978013554,0.2682516994476922,15624.06051826477,10.799822807312012,10.683029413223268,0.2599011861495927,1089.0,True,0.1583450076165329,0.000114232541556,,,,,,,,,,,,,,,,
anp-in_context-log_price-seed0,k22ch0e9,anp,in_context,0,rmse,0.1255169955384372,0.2661682489793691,0.1275910244974093,0.2677478518334346,9092.012603759766,10.132306575775146,10.81128430366516,0.2616527288379093,531.0,True,0.0922958724505863,0.0003639639356786,,,,,,,,,,,,,,,,
anp-in_context-log_price-seed0,kk9293lb,anp,in_context,0,rmse,0.1372352395223372,0.2680180913501934,0.1357415240879036,0.2679841993208104,18275.63767552376,7.159872770309448,7.14741063117981,0.2631082510920462,1693.0,True,0.1306216650930796,3.210577849550394e-05,,,,,,,,,,,,,,,,
anp-in_context-log_price-seed0,lkwtydcu,anp,in_context,0,rmse,0.1244686240478476,0.2629355205509108,0.126866738789882,0.2663087196504227,17946.02373933792,10.95439887046814,10.49311590194702,0.258899521888861,1252.0,True,0.1205526752143287,0.0001229607110732,,,,,,,,,,,,,,,,
anp-in_context-log_price-seed0,lpyl2rcx,anp,in_context,0,rmse,0.127052923745224,0.2637329409733857,0.1294728052547868,0.2721114979662572,11641.433445215223,10.531468868255615,10.901911497116089,0.2608277443881963,721.0,True,0.0912300664433097,0.0001370464839284,,,,,,,,,,,,,,,,
anp-in_context-log_price-seed0,nonuj71z,anp,in_context,0,rmse,0.1416826662134201,0.2786016697779208,0.1370054332248127,0.267289487259113,18725.27371454239,10.090970993041992,9.254194974899292,0.2625954271885393,1355.0,True,0.1927325521002058,5.846326121643416e-05,,,,,,,,,,,,,,,,
anp-in_context-log_price-seed0,opv5qsl7,anp,in_context,0,rmse,0.1352285628456369,0.2740331173620823,0.1292363503954928,0.2668880120076056,7863.152661323547,7.012088060379028,7.272854804992676,0.2615819319503545,548.0,True,0.1333533430891335,0.00021941976179,,,,,,,,,,,,,,,,
anp-in_context-log_price-seed0,pxz5n6uz,anp,in_context,0,rmse,0.1307455840737065,0.2650685361116674,0.1333840762762707,0.2677162449546981,13387.222591161728,6.808502674102783,7.129067420959473,0.2633206047405219,1222.0,True,0.0417753512189669,2.1019338091154404e-05,,,,,,,,,,,,,,,,
anp-in_context-log_price-seed0,sksyx1bj,anp,in_context,0,rmse,0.1276435438423401,0.2686073132837956,0.1284574881195177,0.2701744093110141,19752.102860689163,6.918813705444336,7.222553968429565,0.2595433903667646,1672.0,True,0.1140393540835759,7.537078298264379e-05,,,,,,,,,,,,,,,,
anp-in_context-log_price-seed0,ul8zso6k,anp,in_context,0,rmse,0.1266655896798086,0.2730960281891916,0.1246313546819012,0.2685948427376727,8534.965461015701,10.105194807052612,9.90450644493103,0.2633267422492406,487.0,True,0.1136089122187864,0.0007098936257405,,,,,,,,,,,,,,,,
anp-in_context-log_price-seed0,vap84tys,anp,in_context,0,rmse,0.1421809914728241,0.2637561596790534,0.153434415542311,0.2674499283138017,16132.064287424088,10.176953554153442,10.16083598136902,0.2624951494049055,1071.0,True,0.0142072116395773,1.4936835544198446e-05,,,,,,,,,,,,,,,,
anp-in_context-log_price-seed0,vda6it6d,anp,in_context,0,rmse,0.1348265691595778,0.2673190606978982,0.1371685012344681,0.2695318140977085,10000.355485916138,10.4079749584198,10.13809061050415,0.2650127453014113,609.0,True,0.1043696643500143,6.75031252159592e-05,,,,,,,,,,,,,,,,
anp-in_context-log_price-seed0,vfdjm8i9,anp,in_context,0,rmse,0.1254583184164023,0.268824745105968,0.1268173830220369,0.2673187052802042,9326.777875900269,11.160971879959106,10.986431360244753,0.2598910771257322,538.0,True,0.0529111224209254,0.0003535634629148,,,,,,,,,,,,,,,,
anp-in_context-log_price-seed0,y7y3rvfo,anp,in_context,0,rmse,0.127789890993872,0.2621402974197521,0.1311148342973527,0.2699334440994922,31649.433750629425,9.835143804550173,9.862917423248293,0.2612237226440289,2103.0,True,0.0420765122147681,1.810725406663106e-05,,,,,,,,,,,,,,,,
anp-in_context-log_price-seed0,yk53e8l9,anp,in_context,0,rmse,0.1300759327248795,0.2695608012939418,0.1325301957653463,0.2686628840439977,5157.939739942551,10.923640489578249,10.631356716156006,0.2635536193836999,202.0,True,0.003757960087271,0.0001718980674331,,,,,,,,,,,,,,,,
anp-in_context-log_price-seed0,zzj7wby8,anp,in_context,0,rmse,0.1429330278136253,0.2774154726928858,0.1365283992878265,0.2683822067188393,17189.453571558,16.905890464782715,17.460989236831665,0.2644138740349177,1087.0,True,0.0932621545712612,3.082131641442947e-05,,,,,,,,,,,,,,,,
anp-in_context-log_price-seed1,19zq5mj9,anp,in_context,1,rmse,0.1427467618559731,0.2799402198998016,0.1328773404740873,0.2671772697821087,14609.185643672943,6.064883708953857,6.346351146697998,0.2650400655970347,1337.0,True,0.0932621545712612,3.082131641442947e-05,,,,,,,,,,,,,,,,
anp-in_context-log_price-seed1,3hxhrcdj,anp,in_context,1,rmse,0.1261923810561412,0.2710795140484356,0.1242486004196633,0.2685113470026988,11187.935832738876,9.943486213684082,11.167718410491943,0.2608854496802815,722.0,True,0.0236548851737866,0.0001904767808428,,,,,,,,,,,,,,,,
anp-in_context-log_price-seed1,5n1r3j8f,anp,in_context,1,rmse,0.1306548416631426,0.2765953428139076,0.124383181754197,0.269042234577671,6586.333930015564,10.589568614959717,10.834753513336182,0.2635772036869617,337.0,True,0.0040436794880651,0.0004626362841475,,,,,,,,,,,,,,,,
anp-in_context-log_price-seed1,5tyu7zaq,anp,in_context,1,rmse,0.1268453608631756,0.267045615264426,0.1262934465512661,0.2693696770310063,14481.903158664703,10.286216497421265,10.544732332229614,0.2608821116831297,979.0,True,0.1224191445444842,0.0001713436419711,,,,,,,,,,,,,,,,
anp-in_context-log_price-seed1,67te9j8d,anp,in_context,1,rmse,0.1288905179552612,0.2737174302542885,0.1254915622118466,0.2677423925609062,7238.634131193161,10.663800239562988,10.299195289611816,0.2617185809322109,386.0,True,0.0529111224209254,0.0003535634629148,,,,,,,,,,,,,,,,
anp-in_context-log_price-seed1,6dydgo84,anp,in_context,1,rmse,0.131550253444461,0.2669591573166502,0.1325112275881032,0.2663681693362423,12419.18263554573,10.61283826828003,10.2721586227417,0.2644109816137251,824.0,True,0.1043696643500143,6.75031252159592e-05,,,,,,,,,,,,,,,,
anp-in_context-log_price-seed1,70ek2kvo,anp,in_context,1,rmse,0.1369862734044965,0.2725853371315791,0.1312558604343618,0.2658093246459984,25151.718094825745,10.671838998794556,10.624948024749756,0.2629432011210219,1469.0,True,0.0420765122147681,1.810725406663106e-05,,,,,,,,,,,,,,,,
anp-in_context-log_price-seed1,9jc3mo3z,anp,in_context,1,rmse,0.1331483327465988,0.2674936959212801,0.130912865176573,0.2663766359675569,14100.169233322144,7.303080320358276,7.224515438079834,0.2634611381884118,1274.0,True,0.0417753512189669,2.1019338091154404e-05,,,,,,,,,,,,,,,,
anp-in_context-log_price-seed1,9s6x9100,anp,in_context,1,rmse,0.1307182984587003,0.2652417252262379,0.1337201762757572,0.2674330324382663,21315.55704855919,10.478724956512451,10.691195011138916,0.2626974952490721,1548.0,True,0.0142072116395773,1.4936835544198446e-05,,,,,,,,,,,,,,,,
anp-in_context-log_price-seed1,9yfhb05t,anp,in_context,1,rmse,0.1309693220568435,0.2661232437556729,0.1292453476052916,0.2655336968340789,28407.021916389465,6.741262912750244,6.85871696472168,0.2612585418025135,1843.0,True,0.0317939167291039,1.6624564693643617e-05,,,,,,,,,,,,,,,,
anp-in_context-log_price-seed1,bjetjgdy,anp,in_context,1,rmse,0.1229168980659916,0.2651901810157845,0.1237425665744314,0.2679073309613852,12478.547086715698,10.077669143676758,9.976733684539797,0.2601978139800089,853.0,True,0.1957236684465528,0.0003965675081771,,,,,,,,,,,,,,,,
anp-in_context-log_price-seed1,ea2szwh0,anp,in_context,1,rmse,0.1776364626213304,0.3221424548804504,0.165385489574359,0.2898529404373834,11290.180154561996,6.938262701034546,7.407655715942383,0.2928991398896706,983.0,True,0.1976747676118452,1.5998881492631487e-05,,,,,,,,,,,,,,,,
anp-in_context-log_price-seed1,eizxr1kb,anp,in_context,1,rmse,0.1251633538457043,0.2713401115510514,0.1229945552111901,0.2706528888834524,9047.34977054596,10.447627305984495,10.563830614089966,0.2622056087385321,546.0,True,0.0286706574818092,0.0007750644796341,,,,,,,,,,,,,,,,
anp-in_context-log_price-seed1,f45wl9tz,anp,in_context,1,rmse,0.1280902079407113,0.2686034343419234,0.1235902519441233,0.2672279364038338,9414.300508975984,10.51992678642273,10.524648427963257,0.2622098250839044,592.0,True,0.1136089122187864,0.0007098936257405,,,,,,,,,,,,,,,,
anp-in_context-log_price-seed1,f6ijfrp6,anp,in_context,1,rmse,0.1234938970066767,0.2660721428414191,0.1252366295815541,0.2690119596773495,8887.407831192017,9.933603525161743,10.06993842124939,0.262377408680552,540.0,True,0.0922958724505863,0.0003639639356786,,,,,,,,,,,,,,,,
anp-in_context-log_price-seed1,fixrs2fo,anp,in_context,1,rmse,0.1258592840414402,0.2631560920695488,0.1257239570356025,0.2690402802708441,24520.950877666477,9.480546474456789,9.6375732421875,0.2607737697862887,1432.0,True,0.0630856701848367,5.338528208876637e-05,,,,,,,,,,,,,,,,
anp-in_context-log_price-seed1,g34ev5f5,anp,in_context,1,rmse,0.1273817945909259,0.2650957063221025,0.1273716877704372,0.2634138095077472,10505.15388584137,10.94792366027832,10.741048812866213,0.2613112608929132,649.0,True,0.0912300664433097,0.0001370464839284,,,,,,,,,,,,,,,,
anp-in_context-log_price-seed1,g3c0k6p8,anp,in_context,1,rmse,0.1820003274860082,0.3285887308027761,0.1668458613913641,0.2813888893575806,13066.828079938889,8.752842903137207,7.764805555343628,0.2825937483608468,1011.0,True,0.1395262391854529,1.3196262418422204e-05,,,,,,,,,,,,,,,,
anp-in_context-log_price-seed1,ge0nebr4,anp,in_context,1,rmse,0.1244276937366133,0.2672033695380207,0.1235012652267033,0.2684728580178175,8912.242870092392,9.791955947875977,10.47423815727234,0.2623149811712104,542.0,True,0.0875174422525385,0.0006074996073425,,,,,,,,,,,,,,,,
anp-in_context-log_price-seed1,h33j6pnq,anp,in_context,1,rmse,0.1246094007143648,0.2669644228958343,0.1259875041436638,0.2685672451343185,11941.150615215302,11.290703535079956,11.029347896575928,0.2600071768459545,761.0,True,0.1097627007854649,0.0002693883019285,,,,,,,,,,,,,,,,
anp-in_context-log_price-seed1,hwy6wp03,anp,in_context,1,rmse,0.1516562028709949,0.2894840965600785,0.1390376908392209,0.2719219894828552,12879.112688541412,7.550743103027344,7.345747470855713,0.268620000284792,1129.0,True,0.1306216650930796,3.210577849550394e-05,,,,,,,,,,,,,,,,
anp-in_context-log_price-seed1,kd6nly6d,anp,in_context,1,rmse,0.1464984277892049,0.2815996081913178,0.1398713692374851,0.2696688612150305,14004.708678483965,10.29955244064331,10.689354181289673,0.2689631541379967,976.0,True,0.1927325521002058,5.846326121643416e-05,,,,,,,,,,,,,,,,
anp-in_context-log_price-seed1,kmsyije4,anp,in_context,1,rmse,0.1422330658557862,0.2827266413690779,0.1314986318250165,0.2678642772223125,4844.775312900543,11.294893741607666,10.552141904830933,0.264799355602698,192.0,True,0.003757960087271,0.0001718980674331,,,,,,,,,,,,,,,,
anp-in_context-log_price-seed1,lyh2h5xd,anp,in_context,1,rmse,0.12578065899736,0.2673423440033886,0.1283680054682073,0.2665720806927852,8656.048187732697,12.25337052345276,11.975940704345703,0.260220793199234,689.0,True,0.1333533430891335,0.00021941976179,,,,,,,,,,,,,,,,
anp-in_context-log_price-seed1,mba6lozl,anp,in_context,1,rmse,0.1267346687364467,0.2639930504528005,0.1274908114963564,0.2643554392471294,14016.737566947935,10.48075246810913,10.1186203956604,0.2615508894050057,949.0,True,0.1205526752143287,0.0001229607110732,,,,,,,,,,,,,,,,
anp-in_context-log_price-seed1,rtl1xfhw,anp,in_context,1,rmse,0.1308025406653172,0.2693217927981775,0.1261225703973415,0.2645461070582984,13769.028567552568,8.757268905639648,8.835300922393799,0.2612384865485343,1067.0,True,0.0719015801147572,7.4827960376208e-05,,,,,,,,,,,,,,,,
anp-in_context-log_price-seed1,s370zaxg,anp,in_context,1,rmse,0.1219114253367029,0.2633602031705513,0.1219555814414464,0.2671724497211724,11777.54230427742,10.537630081176758,10.516051769256592,0.2602751618802881,766.0,True,0.1556313501899701,0.0005495716186411,,,,,,,,,,,,,,,,
anp-in_context-log_price-seed1,swuyvnln,anp,in_context,1,rmse,0.1318557283841971,0.2723503332984724,0.1287283027167358,0.2690312393422294,16799.84773159027,10.092577934265137,10.194440364837646,0.2633632963493025,1213.0,True,0.1583450076165329,0.000114232541556,,,,,,,,,,,,,,,,
anp-in_context-log_price-seed1,t6dr8lno,anp,in_context,1,rmse,0.1581575735769103,0.2930543607232471,0.1552402085778421,0.2768787679465108,9209.665989160538,7.045183181762695,7.308310508728027,0.2762711801759906,847.0,True,0.1312659178930547,1.889582693802601e-05,,,,,,,,,,,,,,,,
anp-in_context-log_price-seed1,usgld51x,anp,in_context,1,rmse,0.1255599623073506,0.2676559506512093,0.1263749001011422,0.2686641452907444,11959.242804050446,8.885071754455566,8.462225914001465,0.2616046904920362,850.0,True,0.1887496157029248,0.0002310152225018,,,,,,,,,,,,,,,,
anp-in_context-log_price-seed1,vhdfecfh,anp,in_context,1,rmse,0.1257603568228239,0.2667648844929324,0.1279815870390667,0.2661075968734019,8779.512108564377,10.502431869506836,10.378384351730348,0.2629994596452855,536.0,True,0.0847309598677809,0.0001957889720121,,,,,,,,,,,,,,,,
anp-in_context-log_price-seed1,zrvqdvl2,anp,in_context,1,rmse,0.1310882809197144,0.2668866349929909,0.1293967594859024,0.2672492072894241,13403.65740609169,7.622474670410156,7.92715311050415,0.2628370576250348,1065.0,True,0.1140393540835759,7.537078298264379e-05,,,,,,,,,,,,,,,,
anp-in_context-log_price-seed2,4kegobp3,anp,in_context,2,rmse,0.1352131582429556,0.266621143569264,0.1337656550961255,0.2774179112606634,8074.52352976799,6.47306489944458,6.529064655303955,0.2574098362319182,1203.0,True,0.0417753512189669,2.1019338091154404e-05,,,,,,,,,,,,,,,,
anp-in_context-log_price-seed2,4wq91z4w,anp,in_context,2,rmse,0.1205165798543404,0.2587274221412481,0.1267964618829472,0.2812876839080282,6943.34131360054,7.298583269119263,7.053493738174439,0.2572996562668935,574.0,True,0.1556313501899701,0.0005495716186411,,,,,,,,,,,,,,,,
anp-in_context-log_price-seed2,7i30pjh3,anp,in_context,2,rmse,0.1264826727929782,0.2609368551266314,0.1287591344921924,0.2789838246580315,7709.339257717133,4.493846416473389,4.842204332351685,0.2563052826772393,917.0,True,0.1224191445444842,0.0001713436419711,,,,,,,,,,,,,,,,
anp-in_context-log_price-seed2,871iayzo,anp,in_context,2,rmse,0.122179497931051,0.2604397889639445,0.1275250332188318,0.2790889899567531,6606.6217131614685,9.240365266799929,8.872406005859375,0.2589254293902536,375.0,True,0.0875174422525385,0.0006074996073425,,,,,,,,,,,,,,,,
anp-in_context-log_price-seed2,8l2yoa9w,anp,in_context,2,rmse,0.1215504368080938,0.2605321140694818,0.1252734508382497,0.2808482838718814,9145.909193754196,6.896027565002441,7.26333212852478,0.2569049383900821,813.0,True,0.1957236684465528,0.0003965675081771,,,,,,,,,,,,,,,,
anp-in_context-log_price-seed2,aekz3tw1,anp,in_context,2,rmse,0.1405895092976444,0.2703085090445793,0.1391010285234729,0.2789290592115638,15299.795305728912,8.205107688903809,7.8228583335876465,0.2593492679166271,1253.0,True,0.1927325521002058,5.846326121643416e-05,,,,,,,,,,,,,,,,
anp-in_context-log_price-seed2,ax0srmau,anp,in_context,2,rmse,0.1280322561025633,0.2602683492585559,0.1312868661076619,0.2793352882991021,11828.791110038756,7.339128732681274,7.394681453704834,0.2535331595794969,1058.0,True,0.1583450076165329,0.000114232541556,,,,,,,,,,,,,,,,
anp-in_context-log_price-seed2,b2j2n0b9,anp,in_context,2,rmse,0.1316584944893974,0.2685631087166965,0.1286519997974458,0.2812042421565267,4727.61491560936,7.128890037536621,7.3101325035095215,0.2608550437573529,326.0,True,0.0040436794880651,0.0004626362841475,,,,,,,,,,,,,,,,
anp-in_context-log_price-seed2,b4195uxh,anp,in_context,2,rmse,0.1383119429950574,0.2605073796784324,0.148259235316343,0.2762520271015051,12500.11744904518,7.552743911743164,7.413323640823364,0.2575706020050956,1177.0,True,0.0142072116395773,1.4936835544198446e-05,,,,,,,,,,,,,,,,
anp-in_context-log_price-seed2,bj6tkd35,anp,in_context,2,rmse,0.1417756781854581,0.2709364795507925,0.1410957097831506,0.2817498046362423,11750.622684001924,6.839074611663818,7.119086027145386,0.2625166192516028,1110.0,True,0.1306216650930796,3.210577849550394e-05,,,,,,,,,,,,,,,,
anp-in_context-log_price-seed2,dcbomool,anp,in_context,2,rmse,0.1609269437535294,0.2886837273058017,0.1634370366108336,0.2918587678955825,8608.12921500206,4.152325630187988,4.049520969390869,0.2753061509986965,1123.0,True,0.1395262391854529,1.3196262418422204e-05,,,,,,,,,,,,,,,,
anp-in_context-log_price-seed2,ev1nzd5q,anp,in_context,2,rmse,0.1669315192226541,0.301330764488192,0.1607937426275423,0.2984792018094569,18445.32433986664,1.9457135200500488,1.6499333381652832,0.280160626632096,1304.0,True,0.1976747676118452,1.5998881492631487e-05,,,,,,,,,,,,,,,,
anp-in_context-log_price-seed2,fna9ih1x,anp,in_context,2,rmse,0.1275605984565575,0.2568694872546772,0.1313308537746325,0.2781771958415978,15300.998057842256,6.343751668930054,5.832933664321899,0.2555214051842848,1712.0,True,0.0317939167291039,1.6624564693643617e-05,,,,,,,,,,,,,,,,
anp-in_context-log_price-seed2,galzfera,anp,in_context,2,rmse,0.1383505717851591,0.2691724948693261,0.1377995743866944,0.2794465708696749,6876.835003852844,6.887888669967651,7.290409564971924,0.2595920803080956,579.0,True,0.1043696643500143,6.75031252159592e-05,,,,,,,,,,,,,,,,
anp-in_context-log_price-seed2,khsavzg4,anp,in_context,2,rmse,0.1359856109095839,0.2729472756306447,0.1325465022257332,0.2791075240155183,12083.258589982986,9.82165789604187,9.379302263259888,0.2572285409010585,718.0,True,0.1205526752143287,0.0001229607110732,,,,,,,,,,,,,,,,
anp-in_context-log_price-seed2,l5bz0lox,anp,in_context,2,rmse,0.1276209744647019,0.2670498909773589,0.1308273426442113,0.2801742747949317,5518.4298787117,6.808355331420898,7.025381326675415,0.2574150667771309,425.0,True,0.0922958724505863,0.0003639639356786,,,,,,,,,,,,,,,,
anp-in_context-log_price-seed2,lmxcfdxb,anp,in_context,2,rmse,0.1240167009689242,0.2623468378615681,0.1259970484552426,0.2760347866979405,7427.202151536941,4.4907660484313965,4.506112813949585,0.2550563416679919,914.0,True,0.1887496157029248,0.0002310152225018,,,,,,,,,,,,,,,,
anp-in_context-log_price-seed2,mhmkle7a,anp,in_context,2,rmse,0.1238274832687088,0.2679516149006268,0.1260141935500419,0.2800324045218331,7466.485436439514,6.908713817596436,7.541072368621826,0.2588228083237552,304.0,True,0.0286706574818092,0.0007750644796341,,,,,,,,,,,,,,,,
anp-in_context-log_price-seed2,mkelvmm6,anp,in_context,2,rmse,0.1364329781812589,0.2687186090262884,0.1365313959475798,0.2789752928274422,5505.081036806107,3.909040927886963,3.8962173461914062,0.2589749496473459,706.0,True,0.1140393540835759,7.537078298264379e-05,,,,,,,,,,,,,,,,
anp-in_context-log_price-seed2,ncc472n2,anp,in_context,2,rmse,0.124511012914236,0.2640383547736927,0.1267423240122533,0.28047403087591,14641.53535747528,16.858473300933838,16.86490750312805,0.2573415328326262,626.0,True,0.0236548851737866,0.0001904767808428,,,,,,,,,,,,,,,,
anp-in_context-log_price-seed2,q4brkb97,anp,in_context,2,rmse,0.1371684812998043,0.2651670796581234,0.1381824614746109,0.2807049299719531,11019.1859292984,6.66491961479187,6.790748834609985,0.2607598940833788,1039.0,True,0.0932621545712612,3.082131641442947e-05,,,,,,,,,,,,,,,,
anp-in_context-log_price-seed2,rd8gnaey,anp,in_context,2,rmse,0.1308933074536098,0.2654669757756951,0.1297376498729489,0.2785064844558486,6809.6377720832825,3.9311232566833496,3.781025886535645,0.2565209995655623,899.0,True,0.0630856701848367,5.338528208876637e-05,,,,,,,,,,,,,,,,
anp-in_context-log_price-seed2,spwga82c,anp,in_context,2,rmse,0.1250655904972298,0.2643540850860575,0.1284161647913184,0.2801952833335295,15209.95969605446,11.993266105651855,11.64290976524353,0.2566278169508994,715.0,True,0.1097627007854649,0.0002693883019285,,,,,,,,,,,,,,,,
anp-in_context-log_price-seed2,wh0hpfix,anp,in_context,2,rmse,0.1492995606157475,0.2754141827452068,0.1545763425522668,0.2905511561092474,8984.507486820221,5.999159336090088,5.83547306060791,0.2729516239425346,948.0,True,0.1312659178930547,1.889582693802601e-05,,,,,,,,,,,,,,,,
anp-in_context-log_price-seed2,xmk4h9ds,anp,in_context,2,rmse,0.1233236720168558,0.2622892466292603,0.1278033308158162,0.2823813397060865,6761.596547842026,6.283572196960449,5.959841728210449,0.2571538308570682,592.0,True,0.0529111224209254,0.0003535634629148,,,,,,,,,,,,,,,,
anp-in_context-log_price-seed2,xq6haas5,anp,in_context,2,rmse,0.1263942013562087,0.2594478533417831,0.1275214026367696,0.2764970040349664,14822.16780948639,10.074726104736328,9.787837028503418,0.2540299132917683,600.0,True,0.0847309598677809,0.0001957889720121,,,,,,,,,,,,,,,,
anp-in_context-log_price-seed2,xwc5lzmb,anp,in_context,2,rmse,0.1239663633006303,0.2582534607758634,0.1297862103355558,0.2781692826873742,7474.333238840103,5.1433281898498535,5.199541330337524,0.2557376023315832,760.0,True,0.0912300664433097,0.0001370464839284,,,,,,,,,,,,,,,,
anp-in_context-log_price-seed2,y59q6xqq,anp,in_context,2,rmse,0.1277591870502917,0.265677620001319,0.1269894919490863,0.2795610375118038,7326.299911260605,4.639236927032471,4.3679258823394775,0.2567337537396577,915.0,True,0.1333533430891335,0.00021941976179,,,,,,,,,,,,,,,,
anp-in_context-log_price-seed2,ybj908uh,anp,in_context,2,rmse,0.1336303067500612,0.2633782504751958,0.1351406357062795,0.2776904133880342,10160.220931768416,4.532498359680176,4.572805643081665,0.2578892249696482,1329.0,True,0.0420765122147681,1.810725406663106e-05,,,,,,,,,,,,,,,,
anp-in_context-log_price-seed2,ydy9gjv5,anp,in_context,2,rmse,0.1249277144087651,0.2578056971995701,0.1291537112129038,0.2786874149901218,8590.370351314545,4.1061110496521,4.448146104812622,0.2553075339630321,1083.0,True,0.0719015801147572,7.4827960376208e-05,,,,,,,,,,,,,,,,
anp-in_context-log_price-seed2,z6djedo6,anp,in_context,2,rmse,0.1231518648262839,0.2637539091738888,0.1269178619177174,0.2842067663434275,6791.597443342209,6.684561252593994,6.953139543533325,0.2567393887344177,551.0,True,0.1136089122187864,0.0007098936257405,,,,,,,,,,,,,,,,
anp-in_context-log_price-seed2,zfjd4g6f,anp,in_context,2,rmse,0.1294263856534372,0.2662666044939475,0.1291610913092597,0.2780354579271583,3755.528343439102,5.202171802520752,5.277237892150879,0.257659745944783,326.0,True,0.003757960087271,0.0001718980674331,,,,,,,,,,,,,,,,
anp-in_context-log_price-seed3,02vcdl66,anp,in_context,3,rmse,0.1235524058564978,0.2666831260456579,0.1217067715505523,0.2673102172348385,13418.649046897888,10.890213012695312,10.996770858764648,0.2621041008665317,899.0,True,0.1556313501899701,0.0005495716186411,,,,,,,,,,,,,,,,
anp-in_context-log_price-seed3,437nrcu3,anp,in_context,3,rmse,0.1267849830237452,0.2694252332915323,0.1247360557664056,0.265644513267891,9416.37766814232,9.92840027809143,9.855847835540771,0.2624226538504224,584.0,True,0.0922958724505863,0.0003639639356786,,,,,,,,,,,,,,,,
anp-in_context-log_price-seed3,49x4ush8,anp,in_context,3,rmse,0.1665274809428701,0.3068831459004954,0.1537583906846105,0.2796251953211821,17871.735454559326,9.953587770462036,9.121527433395386,0.2809004217944956,1326.0,True,0.1395262391854529,1.3196262418422204e-05,,,,,,,,,,,,,,,,
anp-in_context-log_price-seed3,4eri0l7r,anp,in_context,3,rmse,0.1221253751701565,0.2634836884392622,0.1252410265061531,0.2684148417257766,14235.122220039368,8.5980966091156,8.391023635864258,0.2627682199485456,1008.0,True,0.1333533430891335,0.00021941976179,,,,,,,,,,,,,,,,
anp-in_context-log_price-seed3,5g7vlo0z,anp,in_context,3,rmse,0.1320088588828558,0.2723361676887997,0.126719536745361,0.2635273253808257,6132.489480257034,6.9239373207092285,6.934297561645508,0.2621138030388035,515.0,True,0.0847309598677809,0.0001957889720121,,,,,,,,,,,,,,,,
anp-in_context-log_price-seed3,5melqu8l,anp,in_context,3,rmse,0.1273356925116044,0.2673896433156567,0.1274152279008266,0.2655583671065192,11019.090755462646,7.35098671913147,6.361135005950928,0.2638220242319967,1025.0,True,0.0630856701848367,5.338528208876637e-05,,,,,,,,,,,,,,,,
anp-in_context-log_price-seed3,6wkgurad,anp,in_context,3,rmse,0.1274451504934334,0.271514023275075,0.1246804521505635,0.2665332668622227,8225.110863924026,9.898782968521118,10.486108779907228,0.2620541872813349,478.0,True,0.0236548851737866,0.0001904767808428,,,,,,,,,,,,,,,,
anp-in_context-log_price-seed3,8i3uc4a3,anp,in_context,3,rmse,0.1291481303179401,0.2694426145671073,0.1266114866643676,0.2652587882644834,13303.731439113615,10.720770835876465,10.863193035125732,0.2610034190723274,900.0,True,0.1224191445444842,0.0001713436419711,,,,,,,,,,,,,,,,
anp-in_context-log_price-seed3,91rfbeyt,anp,in_context,3,rmse,0.1303570163972347,0.2746645098703486,0.1242953541800384,0.2681953713188515,9051.660199165344,9.82683777809143,10.765995025634766,0.2650413193152716,503.0,True,0.1136089122187864,0.0007098936257405,,,,,,,,,,,,,,,,
anp-in_context-log_price-seed3,94wk9a7a,anp,in_context,3,rmse,0.1274087064073345,0.2689641053441899,0.1240885661414783,0.2637034392560635,16141.304233789444,10.3399760723114,10.009136199951172,0.2618237414148973,1155.0,True,0.0912300664433097,0.0001370464839284,,,,,,,,,,,,,,,,
anp-in_context-log_price-seed3,any8q9v4,anp,in_context,3,rmse,0.1280403423995889,0.2777331389921861,0.1235595391549583,0.265572632588175,6989.673877239227,10.407551288604736,10.666559219360352,0.2651258320199779,375.0,True,0.0286706574818092,0.0007750644796341,,,,,,,,,,,,,,,,
anp-in_context-log_price-seed3,etaolxgk,anp,in_context,3,rmse,0.1265205515531798,0.2727363394308541,0.1236111310109361,0.2680279884833788,9001.772059440613,10.1939594745636,10.27412223815918,0.2657265590615853,552.0,True,0.0529111224209254,0.0003535634629148,,,,,,,,,,,,,,,,
anp-in_context-log_price-seed3,ewzmj19g,anp,in_context,3,rmse,0.1395465194972881,0.2713511184798443,0.1364728676394995,0.2681750711893824,9382.830144643784,3.728091239929199,3.442058086395264,0.2667496353714682,1269.0,True,0.1306216650930796,3.210577849550394e-05,,,,,,,,,,,,,,,,
anp-in_context-log_price-seed3,gaciovat,anp,in_context,3,rmse,0.1307005347068141,0.272918862378227,0.1208024594621738,0.2652660882681993,15946.223208665848,10.504231214523315,10.662747621536257,0.2615049906433447,1113.0,True,0.1957236684465528,0.0003965675081771,,,,,,,,,,,,,,,,
anp-in_context-log_price-seed3,hejgu6ic,anp,in_context,3,rmse,0.1426878404498377,0.2846079096736048,0.1281248716315771,0.2662434813661741,10362.74865603447,8.602575778961182,8.727362155914307,0.2642353531213035,687.0,True,0.0719015801147572,7.4827960376208e-05,,,,,,,,,,,,,,,,
anp-in_context-log_price-seed3,hyuu3rx5,anp,in_context,3,rmse,0.1238908143137042,0.2688072029353659,0.1255930651275555,0.2673468591873227,5155.765148639679,6.134391069412232,6.138307571411133,0.2645441489583049,437.0,True,0.0875174422525385,0.0006074996073425,,,,,,,,,,,,,,,,
anp-in_context-log_price-seed3,i689b1a7,anp,in_context,3,rmse,0.124570799714536,0.2639516507063671,0.1243785851721144,0.2655036225550189,9011.554800510406,7.216713190078735,7.072032928466797,0.2610635907568197,773.0,True,0.1097627007854649,0.0002693883019285,,,,,,,,,,,,,,,,
anp-in_context-log_price-seed3,ih1n1e7x,anp,in_context,3,rmse,0.1345844300018538,0.2708919793081508,0.1317770046736673,0.2646616025970241,8604.054724931717,2.413193702697754,2.4329307079315186,0.2646302482755232,1410.0,True,0.0317939167291039,1.6624564693643617e-05,,,,,,,,,,,,,,,,
anp-in_context-log_price-seed3,lzyr0vvl,anp,in_context,3,rmse,0.1569478491267462,0.2943206414877001,0.1467840799526605,0.2754245707136565,6173.406089544296,2.9433071613311768,2.330197095870972,0.2750263412026647,1085.0,True,0.1312659178930547,1.889582693802601e-05,,,,,,,,,,,,,,,,
anp-in_context-log_price-seed3,m1ti7hr5,anp,in_context,3,rmse,0.1262004954644216,0.2669402091367848,0.1273699509679213,0.2641083495049137,10610.439609527588,11.188404560089111,11.245273351669312,0.2618577537597833,1138.0,True,0.1583450076165329,0.000114232541556,,,,,,,,,,,,,,,,
anp-in_context-log_price-seed3,mcql3uw0,anp,in_context,3,rmse,0.128739278958867,0.2715849635932433,0.1273186452115354,0.2692712114424048,8259.893726110458,10.071345567703249,10.660422563552856,0.2662736598923761,498.0,True,0.003757960087271,0.0001718980674331,,,,,,,,,,,,,,,,
anp-in_context-log_price-seed3,nmnxkhry,anp,in_context,3,rmse,0.1820632555365704,0.3310736752067214,0.1600182469851656,0.2893717387605974,12293.081891775131,6.0497727394104,5.976725339889526,0.289565815830784,1235.0,True,0.1976747676118452,1.5998881492631487e-05,,,,,,,,,,,,,,,,
anp-in_context-log_price-seed3,npcvgvyu,anp,in_context,3,rmse,0.1337577986018497,0.2777064341693829,0.130170171422068,0.2655993424357524,11139.539083003998,6.357405424118042,6.405827522277832,0.2625054459479544,1050.0,True,0.1140393540835759,7.537078298264379e-05,,,,,,,,,,,,,,,,
anp-in_context-log_price-seed3,szm20zky,anp,in_context,3,rmse,0.1520061477850667,0.2740188290208575,0.1580169971929467,0.2654466188607982,15065.447564601898,11.962919473648071,11.366040468215942,0.2647929730671433,961.0,True,0.0142072116395773,1.4936835544198446e-05,,,,,,,,,,,,,,,,
anp-in_context-log_price-seed3,szvxct2g,anp,in_context,3,rmse,0.1426277293835115,0.2820419770032408,0.132712142604406,0.2680945916577998,9314.687016248705,2.8039205074310303,2.7952232360839844,0.2657905444286034,1527.0,True,0.0932621545712612,3.082131641442947e-05,,,,,,,,,,,,,,,,
anp-in_context-log_price-seed3,t9rgdz1a,anp,in_context,3,rmse,0.1293963877821339,0.2651103853070141,0.1292434282147704,0.264265624123674,16570.899275302887,10.144985914230348,9.931018114089966,0.2630571871766508,1164.0,True,0.1043696643500143,6.75031252159592e-05,,,,,,,,,,,,,,,,
anp-in_context-log_price-seed3,w0pfqn4l,anp,in_context,3,rmse,0.1457090376726415,0.2869793436787182,0.1300247055854016,0.2663665335184638,17429.38894343376,6.932626247406006,7.191491603851318,0.2644356428544307,1519.0,True,0.0420765122147681,1.810725406663106e-05,,,,,,,,,,,,,,,,
anp-in_context-log_price-seed3,xyp9ac80,anp,in_context,3,rmse,0.1221837786399387,0.2636853009234038,0.1234203243828652,0.2645003997670522,15391.618480443954,10.464374542236328,10.759433031082152,0.2615411542024342,1052.0,True,0.1887496157029248,0.0002310152225018,,,,,,,,,,,,,,,,
anp-in_context-log_price-seed3,y5nubpli,anp,in_context,3,rmse,0.1387546305875106,0.2725316835481168,0.1356116741072948,0.2664944808150787,12413.0644094944,5.968565225601196,6.18442702293396,0.2646769886546816,1401.0,True,0.1927325521002058,5.846326121643416e-05,,,,,,,,,,,,,,,,
anp-in_context-log_price-seed3,z59jlgso,anp,in_context,3,rmse,0.1290603924700411,0.2712236394521,0.1283024945677249,0.2701741874928308,6699.555007219315,11.001753330230711,10.540564060211182,0.26692862233764,324.0,True,0.0040436794880651,0.0004626362841475,,,,,,,,,,,,,,,,
anp-in_context-log_price-seed3,zdu187ci,anp,in_context,3,rmse,0.1321934504503836,0.2662449614679198,0.1371366203550943,0.2691241063020982,9921.021318912506,5.3618340492248535,5.3813652992248535,0.264920185679741,1025.0,True,0.0417753512189669,2.1019338091154404e-05,,,,,,,,,,,,,,,,
anp-in_context-log_price-seed3,zxgxfak9,anp,in_context,3,rmse,0.1333493288530594,0.2733457866578275,0.1260725948033598,0.2641442146795197,12038.242364645004,6.641645431518555,6.875500202178955,0.2624474479238133,1123.0,True,0.1205526752143287,0.0001229607110732,,,,,,,,,,,,,,,,
anp-in_context-log_price-seed4,0vov64ag,anp,in_context,4,rmse,0.1260136706942191,0.2702761193824301,0.124623528549132,0.2641822857514148,8950.143547534943,6.776001453399658,6.317188262939453,0.269484962047896,801.0,True,0.1333533430891335,0.00021941976179,,,,,,,,,,,,,,,,
anp-in_context-log_price-seed4,2vfaqzwg,anp,in_context,4,rmse,0.1290611823658899,0.269826930298027,0.1271549908659786,0.2622827172776473,9064.718439340591,1.9303865432739256,1.911909818649292,0.2684874743718378,1730.0,True,0.0317939167291039,1.6624564693643617e-05,,,,,,,,,,,,,,,,
anp-in_context-log_price-seed4,3b72j1ew,anp,in_context,4,rmse,0.1238713616396617,0.2719890192271326,0.1218100700456264,0.2679950666492258,9409.955299139025,10.824326276779177,9.901023387908936,0.2698886595964364,573.0,True,0.1136089122187864,0.0007098936257405,,,,,,,,,,,,,,,,
anp-in_context-log_price-seed4,68ss2gyt,anp,in_context,4,rmse,0.1422693191840463,0.2838970456902773,0.1324931558490401,0.2653796989500173,7696.667406797409,2.4280428886413574,2.448648691177368,0.2716457288447084,1259.0,True,0.0932621545712612,3.082131641442947e-05,,,,,,,,,,,,,,,,
anp-in_context-log_price-seed4,ao0m5kvq,anp,in_context,4,rmse,0.1296183966494263,0.2736714098089539,0.1257880512234521,0.2622930880226745,18180.0868268013,11.066306114196776,9.954659938812256,0.2682505162591614,1305.0,True,0.1583450076165329,0.000114232541556,,,,,,,,,,,,,,,,
anp-in_context-log_price-seed4,atlwreha,anp,in_context,4,rmse,0.1446318254335134,0.2810797438840404,0.1461535875816598,0.2653246105468088,6116.419885635376,2.9420700073242188,2.8553316593170166,0.2703598564322892,827.0,True,0.0417753512189669,2.1019338091154404e-05,,,,,,,,,,,,,,,,
anp-in_context-log_price-seed4,ayz2cz2j,anp,in_context,4,rmse,0.1312255906136991,0.2792954026891896,0.1283541634998977,0.265793161922721,4850.647622585297,9.615662813186646,9.598956823349,0.2711801901203929,214.0,True,0.003757960087271,0.0001718980674331,,,,,,,,,,,,,,,,
anp-in_context-log_price-seed4,bfv5q4fj,anp,in_context,4,rmse,0.1478618384150919,0.2710771015621673,0.1568577237818748,0.2646153132184627,14181.765246629717,10.500486373901367,10.429892539978027,0.2701097769478833,971.0,True,0.0142072116395773,1.4936835544198446e-05,,,,,,,,,,,,,,,,
anp-in_context-log_price-seed4,bqx2cn3t,anp,in_context,4,rmse,0.1269640346265665,0.2846348105794296,0.1208331736974466,0.2633770688600395,10164.609493255615,9.651301145553589,9.84352421760559,0.2695347360456925,657.0,True,0.1556313501899701,0.0005495716186411,,,,,,,,,,,,,,,,
anp-in_context-log_price-seed4,c0wfhb2t,anp,in_context,4,rmse,0.1542052848965772,0.2957034526023994,0.1410870019165501,0.2709054700504428,7568.27330493927,1.827796459197998,1.45448899269104,0.2772336883786955,1562.0,True,0.1312659178930547,1.889582693802601e-05,,,,,,,,,,,,,,,,
anp-in_context-log_price-seed4,dpvu3t9i,anp,in_context,4,rmse,0.1350417649635793,0.2768743433096307,0.1301028650638556,0.2643326760411079,7351.206569910049,5.946477651596069,6.107476234436035,0.2702163539942624,684.0,True,0.0630856701848367,5.338528208876637e-05,,,,,,,,,,,,,,,,
anp-in_context-log_price-seed4,dxvlxnr5,anp,in_context,4,rmse,0.1384362862579244,0.288546924900276,0.124873492204307,0.266199727061242,6361.711203336716,10.062508821487429,10.2178475856781,0.2717468504844056,331.0,True,0.0040436794880651,0.0004626362841475,,,,,,,,,,,,,,,,
anp-in_context-log_price-seed4,e2nchan7,anp,in_context,4,rmse,0.1343992045931072,0.2712173947875997,0.1361125500508564,0.2639905641660398,12306.604261636734,5.818053960800171,5.988392114639282,0.269213005861623,1176.0,True,0.0420765122147681,1.810725406663106e-05,,,,,,,,,,,,,,,,
anp-in_context-log_price-seed4,efnte3z1,anp,in_context,4,rmse,0.1281486313383998,0.2761921376385476,0.1256053961699839,0.2647884337969269,6220.780923366547,10.69455361366272,10.36134648323059,0.2700653868865231,302.0,True,0.0529111224209254,0.0003535634629148,,,,,,,,,,,,,,,,
anp-in_context-log_price-seed4,epiki4qr,anp,in_context,4,rmse,0.1294322361089794,0.2765588843467936,0.1270361836754906,0.2629410388315721,8514.72665643692,12.406216859817505,11.619034051895142,0.269264584124892,460.0,True,0.1097627007854649,0.0002693883019285,,,,,,,,,,,,,,,,
anp-in_context-log_price-seed4,ghkxvk60,anp,in_context,4,rmse,0.129393224847012,0.2749556736247609,0.1258833040341546,0.2603605620327358,10319.080337762833,8.395804643630981,8.604224920272827,0.2680580570024869,698.0,True,0.0912300664433097,0.0001370464839284,,,,,,,,,,,,,,,,
anp-in_context-log_price-seed4,hzlhi4uy,anp,in_context,4,rmse,0.1311433859932659,0.2789850648565052,0.1285161789593043,0.2615314878322044,9402.84900021553,9.820250034332275,9.909523725509644,0.2700477607472833,602.0,True,0.1224191445444842,0.0001713436419711,,,,,,,,,,,,,,,,
anp-in_context-log_price-seed4,jgfuyso4,anp,in_context,4,rmse,0.1252430912338885,0.2739370859518433,0.1227359034754131,0.2621884993510956,12379.491016626358,8.481178283691406,8.096011400222778,0.2675575224973727,852.0,True,0.1887496157029248,0.0002310152225018,,,,,,,,,,,,,,,,
anp-in_context-log_price-seed4,lyoja4v7,anp,in_context,4,rmse,0.1366106764062395,0.2788555976983747,0.1287493878606698,0.2644265243869745,13995.295799732208,10.617022275924684,10.057762145996094,0.2692846948977415,945.0,True,0.1043696643500143,6.75031252159592e-05,,,,,,,,,,,,,,,,
anp-in_context-log_price-seed4,mhneirl6,anp,in_context,4,rmse,0.1456306183610493,0.2864762539565006,0.1358412788214444,0.2673078885299866,8427.687820196152,3.0285351276397705,2.806133985519409,0.2727346076623886,1336.0,True,0.1306216650930796,3.210577849550394e-05,,,,,,,,,,,,,,,,
anp-in_context-log_price-seed4,q5v8pmy5,anp,in_context,4,rmse,0.1261873825000098,0.2738534421822408,0.1260595825495454,0.2623708526147206,5801.005606412888,10.163387060165403,10.529011726379396,0.2700473873447215,277.0,True,0.0875174422525385,0.0006074996073425,,,,,,,,,,,,,,,,
anp-in_context-log_price-seed4,rcps6aj6,anp,in_context,4,rmse,0.1323832823274547,0.2754397921490457,0.128356119854016,0.2646511785233832,10277.211929321287,5.350624561309815,5.371340990066528,0.2689880299987504,1084.0,True,0.1140393540835759,7.537078298264379e-05,,,,,,,,,,,,,,,,
anp-in_context-log_price-seed4,rp4261cl,anp,in_context,4,rmse,0.1637638741884025,0.3074540030140162,0.1506093623490704,0.2787929932830071,15007.526549816132,6.154923915863037,6.533740997314453,0.2841441423577016,1413.0,True,0.1395262391854529,1.3196262418422204e-05,,,,,,,,,,,,,,,,
anp-in_context-log_price-seed4,sxzb7q1p,anp,in_context,4,rmse,0.1240363589868977,0.2736000922922819,0.1205874164725747,0.2596501664172669,11433.763071537018,9.776400089263916,10.226253986358644,0.2674014016754623,768.0,True,0.1957236684465528,0.0003965675081771,,,,,,,,,,,,,,,,
anp-in_context-log_price-seed4,tjnq0910,anp,in_context,4,rmse,0.1933641793080369,0.3502577729055901,0.1719873807954785,0.2930092176069187,7117.91542506218,3.418505907058716,3.372790098190308,0.2992147151085665,850.0,True,0.1976747676118452,1.5998881492631487e-05,,,,,,,,,,,,,,,,
anp-in_context-log_price-seed4,tvg5gnvi,anp,in_context,4,rmse,0.1278232454706242,0.2717201475008876,0.1254369635328158,0.2616474587765713,10713.86805152893,7.365213394165039,6.696526527404785,0.2682138513126804,804.0,True,0.0719015801147572,7.4827960376208e-05,,,,,,,,,,,,,,,,
anp-in_context-log_price-seed4,ujw96cem,anp,in_context,4,rmse,0.1339365909459213,0.282982153670739,0.1252752168061923,0.2655072351126934,4982.09660077095,10.837909936904907,10.389223098754885,0.2709559024647981,216.0,True,0.0286706574818092,0.0007750644796341,,,,,,,,,,,,,,,,
anp-in_context-log_price-seed4,vcyrjdyq,anp,in_context,4,rmse,0.1281677358619859,0.2733352525414252,0.1241143385533214,0.2608538520208137,9672.75167965889,10.900452136993408,10.36055612564087,0.2679650827050002,559.0,True,0.0847309598677809,0.0001957889720121,,,,,,,,,,,,,,,,
anp-in_context-log_price-seed4,vn3g1rtu,anp,in_context,4,rmse,0.1467556743609392,0.2885107741481063,0.1341380238580322,0.2633378395827959,19232.715720653538,10.548839807510376,10.858396530151367,0.2706580828785945,1383.0,True,0.1927325521002058,5.846326121643416e-05,,,,,,,,,,,,,,,,
anp-in_context-log_price-seed4,wlzsulro,anp,in_context,4,rmse,0.1292383109358904,0.2751368767762155,0.126221788097797,0.263110873314035,14514.050731658936,11.873360633850098,11.561482191085815,0.2691405651672418,922.0,True,0.1205526752143287,0.0001229607110732,,,,,,,,,,,,,,,,
anp-in_context-log_price-seed4,yb1g5mg7,anp,in_context,4,rmse,0.1282911426450287,0.2883446887256633,0.124186748807159,0.2628328573387694,7683.169532775879,10.393176555633543,10.221136331558228,0.2687512329086528,458.0,True,0.0922958724505863,0.0003639639356786,,,,,,,,,,,,,,,,
anp-in_context-log_price-seed4,yhulm2w7,anp,in_context,4,rmse,0.1295609365386167,0.2793802332246675,0.1238395507275791,0.2645359835121267,6577.095403671265,11.216322422027588,10.620998859405518,0.2702329417804432,354.0,True,0.0236548851737866,0.0001904767808428,,,,,,,,,,,,,,,,
anp-few_shot-log_price-seed0,34ikzikp,anp,few_shot,0,rmse,0.1529812580312622,0.3192149418646029,0.1368309961022495,0.2684693628710954,4056.7764534950256,2.067500114440918,2.2033824920654297,0.2987760659816387,426.0,True,0.1556313501899701,0.0005495716186411,,,,,,,,,,,,,,,,
anp-few_shot-log_price-seed0,6k3kyxqp,anp,few_shot,0,rmse,0.1836632312117389,0.3394767129754888,0.1735099297166133,0.3048295070545465,13556.666803836824,2.2789065837860107,2.5384364128112797,0.3222707261533346,1836.0,True,0.1395262391854529,1.3196262418422204e-05,,,,,,,,,,,,,,,,
anp-few_shot-log_price-seed0,8d8i9k15,anp,few_shot,0,rmse,0.1409342290530428,0.3041076285225708,0.1317619873846433,0.2683196173762329,4734.992379426956,2.075112581253052,2.2944352626800537,0.3005873743601487,517.0,True,0.0286706574818092,0.0007750644796341,,,,,,,,,,,,,,,,
anp-few_shot-log_price-seed0,918xzmvi,anp,few_shot,0,rmse,0.1460658140560929,0.3088276432496561,0.1424049632972371,0.2783681260822658,3736.6122303009033,2.1662096977233887,2.4213407039642334,0.2994538025137016,370.0,True,0.0922958724505863,0.0003639639356786,,,,,,,,,,,,,,,,
anp-few_shot-log_price-seed0,9f1bskgr,anp,few_shot,0,rmse,0.1629594088276482,0.3234511130600904,0.1599366358753239,0.3069117215600611,7141.368586540222,2.1103248596191406,2.311450481414795,0.304203906630117,863.0,True,0.0630856701848367,5.338528208876637e-05,,,,,,,,,,,,,,,,
anp-few_shot-log_price-seed0,9h5vkegm,anp,few_shot,0,rmse,0.1678352879552613,0.3264915362398438,0.1571199251449564,0.2876021641348465,11155.13934803009,1.7161953449249268,2.0428452491760254,0.3045660332450715,1630.0,True,0.0317939167291039,1.6624564693643617e-05,,,,,,,,,,,,,,,,
anp-few_shot-log_price-seed0,9n0qcjzr,anp,few_shot,0,rmse,0.1404442164677772,0.3033167128001777,0.1361130076743915,0.2730671951600195,5801.185028791428,2.050479888916016,2.259536027908325,0.2968723872512668,687.0,True,0.1957236684465528,0.0003965675081771,,,,,,,,,,,,,,,,
anp-few_shot-log_price-seed0,a0x676t8,anp,few_shot,0,rmse,0.1780973057261888,0.3326054190375332,0.1742164561424104,0.3101661739042069,9010.367901086807,1.4773857593536377,1.6231582164764404,0.321695905299875,1296.0,True,0.1312659178930547,1.889582693802601e-05,,,,,,,,,,,,,,,,
anp-few_shot-log_price-seed0,b7xfty38,anp,few_shot,0,rmse,0.1399703241546008,0.2969722455237589,0.1353649030640911,0.2662331016046362,7869.415400505066,2.299942970275879,2.4053072929382324,0.295159811525812,973.0,True,0.0912300664433097,0.0001370464839284,,,,,,,,,,,,,,,,
anp-few_shot-log_price-seed0,bkbizfgh,anp,few_shot,0,rmse,0.1405051321548242,0.2984293722091417,0.1323025907099063,0.2681964930729416,7011.840052127838,2.082390308380127,2.346946477890014,0.291523832892691,862.0,True,0.0847309598677809,0.0001957889720121,,,,,,,,,,,,,,,,
anp-few_shot-log_price-seed0,c27c0bjz,anp,few_shot,0,rmse,0.1465546920413112,0.3025222133781707,0.1397954015047316,0.2711988577088958,6017.784947395325,2.4444165229797363,2.454749584197998,0.2975151671630758,700.0,True,0.1224191445444842,0.0001713436419711,,,,,,,,,,,,,,,,
anp-few_shot-log_price-seed0,d5b5jr2z,anp,few_shot,0,rmse,0.1979172645758272,0.362363126303522,0.179560240414215,0.319420980245631,15223.641960144045,2.151646375656128,2.3263065814971924,0.3254145019328484,2057.0,True,0.1976747676118452,1.5998881492631487e-05,,,,,,,,,,,,,,,,
anp-few_shot-log_price-seed0,de31jkn8,anp,few_shot,0,rmse,0.1398070359664097,0.302686273091612,0.1419256484545258,0.2798936841246167,4113.323986291885,2.105311155319214,2.174271821975708,0.3003063411831006,409.0,True,0.0529111224209254,0.0003535634629148,,,,,,,,,,,,,,,,
anp-few_shot-log_price-seed0,dgo77yvm,anp,few_shot,0,rmse,0.1494924818353124,0.3075265306254218,0.1456383742513451,0.2814761327707118,9323.458319664,2.29799222946167,2.4232707023620605,0.2996752823868808,1182.0,True,0.1140393540835759,7.537078298264379e-05,,,,,,,,,,,,,,,,
anp-few_shot-log_price-seed0,e1z8z8il,anp,few_shot,0,rmse,0.1396630676234806,0.2998011811198044,0.1275700896282859,0.2623923888265534,10179.239010810852,2.1143808364868164,2.308758020401001,0.2947847382272549,1364.0,True,0.1887496157029248,0.0002310152225018,,,,,,,,,,,,,,,,
anp-few_shot-log_price-seed0,fo4x8xan,anp,few_shot,0,rmse,0.1619357937985699,0.3163578643916549,0.1610601125756637,0.2973293951204913,7338.378200292587,1.77504563331604,2.030733346939087,0.3110249098708877,1006.0,True,0.0932621545712612,3.082131641442947e-05,,,,,,,,,,,,,,,,
anp-few_shot-log_price-seed0,hahluzb8,anp,few_shot,0,rmse,0.1614366516245109,0.3120806537817526,0.1623748844176964,0.3010796754842872,10010.366205692291,1.7703921794891355,1.922358989715576,0.3080870194808818,1409.0,True,0.1306216650930796,3.210577849550394e-05,,,,,,,,,,,,,,,,
anp-few_shot-log_price-seed0,hxapna80,anp,few_shot,0,rmse,0.1418257854918701,0.3064288406361293,0.1301080186584351,0.2650178985320017,5025.063027858734,2.083126783370972,2.2048490047454834,0.2998905682082705,567.0,True,0.1136089122187864,0.0007098936257405,,,,,,,,,,,,,,,,
anp-few_shot-log_price-seed0,hyovlh3e,anp,few_shot,0,rmse,0.1571605754732942,0.3137077608089527,0.1617483544906085,0.3020012203664651,11933.680161237717,2.1760661602020264,2.501356363296509,0.3065584565737189,1601.0,True,0.0420765122147681,1.810725406663106e-05,,,,,,,,,,,,,,,,
anp-few_shot-log_price-seed0,ix7ietr7,anp,few_shot,0,rmse,0.1492716760161294,0.3199385845459248,0.1313941352118589,0.268135730744702,4922.101513147354,2.3336987495422363,2.421424388885498,0.3047016144485631,556.0,True,0.0040436794880651,0.0004626362841475,,,,,,,,,,,,,,,,
anp-few_shot-log_price-seed0,jtdwg12f,anp,few_shot,0,rmse,0.1523447390485327,0.3103049761003857,0.1389443206031224,0.2699183331498624,8043.071063041687,2.1129584312438965,2.4240992069244385,0.2989295396708817,982.0,True,0.1205526752143287,0.0001229607110732,,,,,,,,,,,,,,,,
anp-few_shot-log_price-seed0,klbgy9so,anp,few_shot,0,rmse,0.1438029532368617,0.3045821489491686,0.1396205027793168,0.273183677142286,3390.6827490329742,2.0972180366516118,2.2318265438079834,0.3011849487958883,314.0,True,0.0236548851737866,0.0001904767808428,,,,,,,,,,,,,,,,
anp-few_shot-log_price-seed0,lebcbl6b,anp,few_shot,0,rmse,0.1441853936360782,0.3019107282281722,0.1392285476955009,0.274390548714028,6358.371587276459,1.974808931350708,2.16796350479126,0.295422548436431,754.0,True,0.1333533430891335,0.00021941976179,,,,,,,,,,,,,,,,
anp-few_shot-log_price-seed0,lly6bbya,anp,few_shot,0,rmse,0.1423213401070003,0.3032174128946746,0.1348893414820306,0.27419727073761,8023.482929706573,1.731645107269287,1.8258001804351809,0.2969634504733145,971.0,True,0.1097627007854649,0.0002693883019285,,,,,,,,,,,,,,,,
anp-few_shot-log_price-seed0,mf8uoq4t,anp,few_shot,0,rmse,0.1564990126630491,0.3173125564217838,0.1393927071284534,0.2708417015766186,8277.91272354126,2.1220569610595703,2.291483163833618,0.2984311255160794,1052.0,True,0.0719015801147572,7.4827960376208e-05,,,,,,,,,,,,,,,,
anp-few_shot-log_price-seed0,od08bwnq,anp,few_shot,0,rmse,0.1401484094866356,0.3070487071144807,0.129438989018617,0.2654130446808881,6057.740815639496,2.1572744846343994,2.1696677207946777,0.2975086498219598,729.0,True,0.0875174422525385,0.0006074996073425,,,,,,,,,,,,,,,,
anp-few_shot-log_price-seed0,opu5gulq,anp,few_shot,0,rmse,0.1448365482004702,0.3024828855658076,0.1356570148300043,0.2668756193642913,3457.6958758831024,2.110119581222534,2.374199151992798,0.2975763008570885,311.0,True,0.003757960087271,0.0001718980674331,,,,,,,,,,,,,,,,
anp-few_shot-log_price-seed0,ptjzbd88,anp,few_shot,0,rmse,0.1447341552311443,0.2954118297762964,0.1399720335363659,0.2649829547067359,15660.151668071749,2.157878875732422,2.219074249267578,0.2945580191201933,2192.0,True,0.1927325521002058,5.846326121643416e-05,,,,,,,,,,,,,,,,
anp-few_shot-log_price-seed0,q37pwwj9,anp,few_shot,0,rmse,0.1576919760995663,0.3151100809511762,0.140894591992041,0.2708632153009216,9064.147792577744,2.183706521987915,2.461149215698242,0.3011332016712867,1140.0,True,0.1043696643500143,6.75031252159592e-05,,,,,,,,,,,,,,,,
anp-few_shot-log_price-seed0,r4pvi1fx,anp,few_shot,0,rmse,0.1570383965169852,0.3125205968930606,0.1583375558513001,0.3006011854637529,11659.758517980576,1.923438310623169,2.459839105606079,0.3054328926692013,1532.0,True,0.0417753512189669,2.1019338091154404e-05,,,,,,,,,,,,,,,,
anp-few_shot-log_price-seed0,rrh2cpqp,anp,few_shot,0,rmse,0.1706510999269526,0.3109745714422572,0.1724232643409638,0.2825176005783171,9728.525615215302,2.148122310638428,2.156036138534546,0.3057456489678785,1304.0,True,0.0142072116395773,1.4936835544198446e-05,,,,,,,,,,,,,,,,
anp-few_shot-log_price-seed0,vjg6j9gc,anp,few_shot,0,rmse,0.1555834659037667,0.3111260234440424,0.1409239173722865,0.2662922095205758,8059.688082695007,2.178406953811645,2.0311384201049805,0.2982886634556538,1031.0,True,0.1583450076165329,0.000114232541556,,,,,,,,,,,,,,,,
anp-few_shot-log_price-seed1,056194nf,anp,few_shot,1,rmse,0.1570781621724936,0.3168670752930778,0.1397533916755219,0.2864402280455816,4075.387991666794,2.1335465908050537,2.378570795059204,0.3042342522279297,405.0,True,0.003757960087271,0.0001718980674331,,,,,,,,,,,,,,,,
anp-few_shot-log_price-seed1,0imck52m,anp,few_shot,1,rmse,0.1800328379695044,0.3052361622345886,0.1835414625718644,0.2816990460225639,8167.100888490677,2.0770535469055176,2.267234563827514,0.3038262803338259,1067.0,True,0.0142072116395773,1.4936835544198446e-05,,,,,,,,,,,,,,,,
anp-few_shot-log_price-seed1,0oogvgi4,anp,few_shot,1,rmse,0.1525775977373332,0.3192228986836316,0.1355503887828145,0.2752140307086803,5534.231682062149,2.142008781433105,2.333501100540161,0.2983595953635091,661.0,True,0.1957236684465528,0.0003965675081771,,,,,,,,,,,,,,,,
anp-few_shot-log_price-seed1,1air678i,anp,few_shot,1,rmse,0.1643167236274484,0.3106693615895173,0.161527142933568,0.2867927873267888,8718.424285650253,2.2598583698272705,2.3810038566589355,0.3043646424098714,1116.0,True,0.0417753512189669,2.1019338091154404e-05,,,,,,,,,,,,,,,,
anp-few_shot-log_price-seed1,1sm2z83g,anp,few_shot,1,rmse,0.1484094916865561,0.3043956328218277,0.1348642970727817,0.2728380973810098,7606.619957447052,2.363091945648194,2.2977983951568604,0.2961922559664527,964.0,True,0.1333533430891335,0.00021941976179,,,,,,,,,,,,,,,,
anp-few_shot-log_price-seed1,4fjmxyjq,anp,few_shot,1,rmse,0.1483290736575417,0.304185366915749,0.140901923280116,0.2798352487243201,6180.242407798767,1.9640779495239256,2.0372209548950195,0.2995343038835941,724.0,True,0.1224191445444842,0.0001713436419711,,,,,,,,,,,,,,,,
anp-few_shot-log_price-seed1,70zmo0oa,anp,few_shot,1,rmse,0.2000549600737221,0.3428040067547607,0.1971136229346023,0.3152210206885851,8763.96022439003,2.0461294651031494,2.3400158882141118,0.3270659424195229,1157.0,True,0.1395262391854529,1.3196262418422204e-05,,,,,,,,,,,,,,,,
anp-few_shot-log_price-seed1,794hzaz5,anp,few_shot,1,rmse,0.1455554137072004,0.3036040805102044,0.1376577827196589,0.2800426125697438,4737.843265771866,2.0867958068847656,2.185444593429565,0.3007798072602799,537.0,True,0.1556313501899701,0.0005495716186411,,,,,,,,,,,,,,,,
anp-few_shot-log_price-seed1,7g85pt5w,anp,few_shot,1,rmse,0.1862669294804141,0.3256397753814279,0.1812453282304352,0.2897493452218335,8193.441638231277,1.902099609375,2.023457288742065,0.3040254867986822,1013.0,True,0.0317939167291039,1.6624564693643617e-05,,,,,,,,,,,,,,,,
anp-few_shot-log_price-seed1,988xljtm,anp,few_shot,1,rmse,0.147919220224203,0.3037293841093709,0.1383011727261864,0.2766091964866095,4876.065891265869,2.558598279953003,2.3339109420776367,0.2993968375446196,520.0,True,0.1097627007854649,0.0002693883019285,,,,,,,,,,,,,,,,
anp-few_shot-log_price-seed1,9t3bsinx,anp,few_shot,1,rmse,0.1531407496485084,0.318312915715754,0.1398714243332085,0.2883192653223695,5034.774012088776,1.999382495880127,2.306535005569458,0.3050793338142981,580.0,True,0.0286706574818092,0.0007750644796341,,,,,,,,,,,,,,,,
anp-few_shot-log_price-seed1,bvp69nub,anp,few_shot,1,rmse,0.1492757492794847,0.309238694805673,0.1342651936331466,0.2833359050746545,5614.096962928772,1.9563977718353271,2.339463949203491,0.2997584296168719,665.0,True,0.1136089122187864,0.0007098936257405,,,,,,,,,,,,,,,,
anp-few_shot-log_price-seed1,clvl9c8t,anp,few_shot,1,rmse,0.1611629583820144,0.3179657906546989,0.1434383089573397,0.27533300283479,6476.964875936508,2.136509895324707,2.148402690887451,0.3016280783849677,732.0,True,0.1205526752143287,0.0001229607110732,,,,,,,,,,,,,,,,
anp-few_shot-log_price-seed1,d7472l5h,anp,few_shot,1,rmse,0.1722484771687741,0.3337161236883495,0.1388592859425067,0.2760715534061856,9340.686359405518,2.170969009399414,2.1885781288146973,0.2991487851801394,1238.0,True,0.1043696643500143,6.75031252159592e-05,,,,,,,,,,,,,,,,
anp-few_shot-log_price-seed1,fyemkiyd,anp,few_shot,1,rmse,0.1746068544828141,0.3138887735438946,0.1745169353967457,0.2880415037322306,8048.848830461502,1.9380314350128176,2.2082645893096924,0.3059086502508931,1032.0,True,0.0420765122147681,1.810725406663106e-05,,,,,,,,,,,,,,,,
anp-few_shot-log_price-seed1,g0qbqki0,anp,few_shot,1,rmse,0.1685954301854827,0.3151239202516647,0.1582291528209326,0.2852734614477032,7273.130443572998,2.147717237472534,2.2120554447174072,0.3061341552512061,929.0,True,0.1927325521002058,5.846326121643416e-05,,,,,,,,,,,,,,,,
anp-few_shot-log_price-seed1,gfhy8h2w,anp,few_shot,1,rmse,0.1491982362223148,0.3049478361972034,0.1389703361572328,0.2736991528881335,6365.915535926819,2.0469791889190674,2.1775829792022705,0.2991286091398885,761.0,True,0.1887496157029248,0.0002310152225018,,,,,,,,,,,,,,,,
anp-few_shot-log_price-seed1,guxrk73b,anp,few_shot,1,rmse,0.1815346329229317,0.3373093116340083,0.1617279289458987,0.2941057260810311,12144.82518172264,2.160494089126587,2.130952835083008,0.312199094892371,1592.0,True,0.1312659178930547,1.889582693802601e-05,,,,,,,,,,,,,,,,
anp-few_shot-log_price-seed1,hpayyvzt,anp,few_shot,1,rmse,0.1610336164386255,0.3160783860055639,0.1508429508247127,0.2839757387937254,5321.434810400009,1.921691656112671,2.0948002338409424,0.3061323568219571,608.0,True,0.0630856701848367,5.338528208876637e-05,,,,,,,,,,,,,,,,
anp-few_shot-log_price-seed1,hzy2e7xl,anp,few_shot,1,rmse,0.1592112675176018,0.3090302172389271,0.1594508274786734,0.2905189473506754,3794.353351354599,2.3111913204193115,2.2581546306610107,0.3055922883563276,372.0,True,0.0719015801147572,7.4827960376208e-05,,,,,,,,,,,,,,,,
anp-few_shot-log_price-seed1,k9u8z84u,anp,few_shot,1,rmse,0.1464922350635665,0.3096348944845444,0.1435149726036196,0.2948237699745129,4242.889778614044,2.176027536392212,2.041129350662231,0.3036996466049175,455.0,True,0.0040436794880651,0.0004626362841475,,,,,,,,,,,,,,,,
anp-few_shot-log_price-seed1,m4cud97t,anp,few_shot,1,rmse,0.1639286466837138,0.3135626535684694,0.158551082847665,0.2882527544266382,7179.153842687607,1.933739423751831,2.145322799682617,0.3074548614458007,875.0,True,0.0932621545712612,3.082131641442947e-05,,,,,,,,,,,,,,,,
anp-few_shot-log_price-seed1,otn0vjvm,anp,few_shot,1,rmse,0.1504665187053971,0.3115124269141045,0.1494523400946848,0.2988780882781225,4229.032199859619,2.105640649795532,2.0805492401123047,0.3005622966221734,458.0,True,0.0236548851737866,0.0001904767808428,,,,,,,,,,,,,,,,
anp-few_shot-log_price-seed1,psgux5r8,anp,few_shot,1,rmse,0.1515338895135822,0.3118842687075335,0.1377014163127868,0.2773974761812545,4510.645124435425,2.3566737174987797,2.346900701522827,0.2997359453670946,499.0,True,0.0922958724505863,0.0003639639356786,,,,,,,,,,,,,,,,
anp-few_shot-log_price-seed1,q7rfsn4d,anp,few_shot,1,rmse,0.1610581896466759,0.3230347669638053,0.1353830080012825,0.283327235237859,5534.460285902023,2.1803553104400635,1.9215261936187744,0.2964438002355604,628.0,True,0.0529111224209254,0.0003535634629148,,,,,,,,,,,,,,,,
anp-few_shot-log_price-seed1,qha8mvly,anp,few_shot,1,rmse,0.1601495870320667,0.3148755573253233,0.1400651715279544,0.2770132143247856,9507.90464925766,2.0390095710754395,2.134549379348755,0.2970455687644716,1245.0,True,0.1140393540835759,7.537078298264379e-05,,,,,,,,,,,,,,,,
anp-few_shot-log_price-seed1,sgq9tlx6,anp,few_shot,1,rmse,0.1522406299748812,0.3182385169047688,0.1341963304145717,0.2810099197116958,7769.449888944626,2.0870158672332764,2.0716195106506348,0.3004219651660758,958.0,True,0.0847309598677809,0.0001957889720121,,,,,,,,,,,,,,,,
anp-few_shot-log_price-seed1,sshhm1rn,anp,few_shot,1,rmse,0.1583258199654173,0.3153195464039182,0.1399054512783511,0.2730342711572194,8313.971932172775,2.205833673477173,2.384159564971924,0.2989174894899915,1081.0,True,0.1583450076165329,0.000114232541556,,,,,,,,,,,,,,,,
anp-few_shot-log_price-seed1,ucucxup4,anp,few_shot,1,rmse,0.1912375661815886,0.3426119082299128,0.1787208818286829,0.3125218683849461,12400.162476062776,2.401095390319824,2.381653308868408,0.3269738306349617,1701.0,True,0.1976747676118452,1.5998881492631487e-05,,,,,,,,,,,,,,,,
anp-few_shot-log_price-seed1,vwgai02x,anp,few_shot,1,rmse,0.1472618966506161,0.3018613256385769,0.1360193058589979,0.2754895440071698,7028.417325258255,2.0759823322296143,2.4759700298309326,0.2985082635893264,808.0,True,0.0912300664433097,0.0001370464839284,,,,,,,,,,,,,,,,
anp-few_shot-log_price-seed1,zmds4aux,anp,few_shot,1,rmse,0.1765503157912609,0.3303078112511201,0.1540231349122547,0.2872454576790608,9774.164857149124,2.2955574989318848,2.195745944976806,0.3087098361039605,1273.0,True,0.1306216650930796,3.210577849550394e-05,,,,,,,,,,,,,,,,
anp-few_shot-log_price-seed1,zze586en,anp,few_shot,1,rmse,0.1515824315592644,0.3173397812168338,0.1333967351385164,0.2760648908687587,5242.928410053253,2.244201421737671,2.0918307304382324,0.2996155385511499,606.0,True,0.0875174422525385,0.0006074996073425,,,,,,,,,,,,,,,,
anp-few_shot-log_price-seed2,2g06tv68,anp,few_shot,2,rmse,0.1332135865093376,0.2764699125626078,0.1566895978683929,0.3310744102898533,4905.802142620087,2.00940489768982,1.994560718536377,0.2647955064874457,540.0,True,0.0875174422525385,0.0006074996073425,,,,,,,,,,,,,,,,
anp-few_shot-log_price-seed2,4eade3rh,anp,few_shot,2,rmse,0.1520305289538461,0.2842071403513579,0.1725651366728212,0.3385033946970806,8678.5859811306,0.9838659763336182,0.8858985900878906,0.2782805399942892,1927.0,True,0.1306216650930796,3.210577849550394e-05,,,,,,,,,,,,,,,,
anp-few_shot-log_price-seed2,56e3y2ag,anp,few_shot,2,rmse,0.1386522434094362,0.2707497171505785,0.1614151760230681,0.3286757648801442,15701.79372549057,1.8100104331970217,1.5358223915100098,0.2667501297348736,2337.0,True,0.1927325521002058,5.846326121643416e-05,,,,,,,,,,,,,,,,
anp-few_shot-log_price-seed2,68087r8j,anp,few_shot,2,rmse,0.1301779361655252,0.2742595431941885,0.1536083072517948,0.3259364647977965,4291.197869777679,1.651841163635254,1.6669135093688965,0.2663660058768427,603.0,True,0.0286706574818092,0.0007750644796341,,,,,,,,,,,,,,,,
anp-few_shot-log_price-seed2,7i4u48rm,anp,few_shot,2,rmse,0.1291383428302059,0.2687036696258711,0.1517273632635203,0.3243714042762803,4925.858085870743,1.6524438858032229,1.6706993579864502,0.2646268809361301,728.0,True,0.1957236684465528,0.0003965675081771,,,,,,,,,,,,,,,,
anp-few_shot-log_price-seed2,96kyk70z,anp,few_shot,2,rmse,0.1445654103600403,0.2839136648317948,0.1608470147089752,0.329950829275328,12113.303931713104,1.1371278762817385,1.0472328662872314,0.2721239999815873,2816.0,True,0.0417753512189669,2.1019338091154404e-05,,,,,,,,,,,,,,,,
anp-few_shot-log_price-seed2,b9ckafgd,anp,few_shot,2,rmse,0.1339296136357623,0.2750432048613125,0.1596434826605202,0.3322161252015986,3773.7773809432974,1.5882534980773926,1.4813573360443115,0.2699871353505211,517.0,True,0.0236548851737866,0.0001904767808428,,,,,,,,,,,,,,,,
anp-few_shot-log_price-seed2,bguow0qq,anp,few_shot,2,rmse,0.1288568594119138,0.2673789460365511,0.153515994586403,0.3256829059935034,14934.940428733826,2.271076202392578,2.488325357437134,0.2633200551156724,1281.0,True,0.0847309598677809,0.0001957889720121,,,,,,,,,,,,,,,,
anp-few_shot-log_price-seed2,brtfpl1y,anp,few_shot,2,rmse,0.1347490497567844,0.2754430057632694,0.1549193227203361,0.3317169311277488,7667.518280982971,1.0618364810943604,1.1103265285491943,0.2651171009750219,1328.0,True,0.1887496157029248,0.0002310152225018,,,,,,,,,,,,,,,,
anp-few_shot-log_price-seed2,bzmuii99,anp,few_shot,2,rmse,0.1359924060851061,0.2803936928813323,0.1564651801759136,0.3346432321029919,4454.425694704056,1.461914300918579,1.4423367977142334,0.2662343063440491,629.0,True,0.1136089122187864,0.0007098936257405,,,,,,,,,,,,,,,,
anp-few_shot-log_price-seed2,c7j9whho,anp,few_shot,2,rmse,0.1355162268848468,0.2740236099826673,0.1549019194551822,0.3306583699058033,5000.10511302948,0.9220376014709472,0.805241584777832,0.2643560052139072,1019.0,True,0.1333533430891335,0.00021941976179,,,,,,,,,,,,,,,,
anp-few_shot-log_price-seed2,ccm2g3q4,anp,few_shot,2,rmse,0.1284665541700713,0.2662057927643845,0.1497499778318355,0.320825578793749,12332.14580154419,2.65500545501709,2.476990222930908,0.2633684163040608,1095.0,True,0.1097627007854649,0.0002693883019285,,,,,,,,,,,,,,,,
anp-few_shot-log_price-seed2,d8tlmlxi,anp,few_shot,2,rmse,0.1744405664819393,0.3022319106002736,0.1959319704087876,0.3599312541786059,7320.012282133102,1.0743629932403564,0.965519905090332,0.3010253788449391,1610.0,True,0.1976747676118452,1.5998881492631487e-05,,,,,,,,,,,,,,,,
anp-few_shot-log_price-seed2,e0r8ae6a,anp,few_shot,2,rmse,0.1595116543277708,0.2925134222590447,0.1800399115659711,0.3387155688278349,6096.2800142765045,1.0248770713806152,1.0180482864379885,0.2806323055146165,1301.0,True,0.0420765122147681,1.810725406663106e-05,,,,,,,,,,,,,,,,
anp-few_shot-log_price-seed2,f3i4d9tp,anp,few_shot,2,rmse,0.1341585190674936,0.2808099683291867,0.1519666474198944,0.3242635771291556,8013.108602523804,3.9672932624816895,3.744157314300537,0.2670859427700565,1232.0,True,0.0529111224209254,0.0003535634629148,,,,,,,,,,,,,,,,
anp-few_shot-log_price-seed2,f4ojyf3s,anp,few_shot,2,rmse,0.1441228095561519,0.2792079931473997,0.1664019860429091,0.333762853495486,6542.232203006744,1.6294565200805664,1.443962812423706,0.2725675879452333,1041.0,True,0.1043696643500143,6.75031252159592e-05,,,,,,,,,,,,,,,,
anp-few_shot-log_price-seed2,f7bv32x1,anp,few_shot,2,rmse,0.1523269024494605,0.290525281714525,0.1586774300012177,0.3347909742812547,3686.184549808502,1.8708536624908447,1.5848710536956787,0.266909321807369,497.0,True,0.0040436794880651,0.0004626362841475,,,,,,,,,,,,,,,,
anp-few_shot-log_price-seed2,i5lw2pih,anp,few_shot,2,rmse,0.1295483450234002,0.266608465257972,0.1523699119138667,0.322373973817202,15116.523518800735,3.9834890365600586,3.773924589157105,0.2646872881895771,1296.0,True,0.0912300664433097,0.0001370464839284,,,,,,,,,,,,,,,,
anp-few_shot-log_price-seed2,j3k289z2,anp,few_shot,2,rmse,0.1284796440684835,0.2654007842435969,0.1552960509506811,0.3335966415620308,7730.691010475159,1.5055813789367676,1.5006039142608645,0.2621935661695931,1292.0,True,0.1224191445444842,0.0001713436419711,,,,,,,,,,,,,,,,
anp-few_shot-log_price-seed2,j7guo7hg,anp,few_shot,2,rmse,0.173638381357787,0.2840754234447737,0.2047052430304317,0.3477843043199828,4260.21591758728,0.9029357433319092,0.8715057373046875,0.2831502121351212,930.0,True,0.0317939167291039,1.6624564693643617e-05,,,,,,,,,,,,,,,,
anp-few_shot-log_price-seed2,jqqo3i4z,anp,few_shot,2,rmse,0.1591618738730719,0.2956699450931169,0.1783456247813067,0.3463744295971775,4359.100834131241,0.7749226093292236,0.7580287456512451,0.2825174808269771,981.0,True,0.0932621545712612,3.082131641442947e-05,,,,,,,,,,,,,,,,
anp-few_shot-log_price-seed2,lety0bni,anp,few_shot,2,rmse,0.1328246716397563,0.275308237655793,0.1491455568938852,0.3189120075370978,5775.868988275528,1.377591609954834,1.3163084983825684,0.2635849490869035,893.0,True,0.1556313501899701,0.0005495716186411,,,,,,,,,,,,,,,,
anp-few_shot-log_price-seed2,m48gbccy,anp,few_shot,2,rmse,0.1402244060583497,0.2723263060066345,0.166604461930653,0.3347344106694979,6484.546140193939,1.4654133319854736,1.540569543838501,0.270694048135753,928.0,True,0.1583450076165329,0.000114232541556,,,,,,,,,,,,,,,,
anp-few_shot-log_price-seed2,m50py3w3,anp,few_shot,2,rmse,0.1290637705319928,0.2698172197142861,0.1512887033754342,0.3256092509794897,6139.266336679459,1.6404461860656738,1.5140438079833984,0.2628998054769164,963.0,True,0.0922958724505863,0.0003639639356786,,,,,,,,,,,,,,,,
anp-few_shot-log_price-seed2,na9upbla,anp,few_shot,2,rmse,0.1463714732791592,0.2862012447392455,0.161474032858318,0.3288973825765419,5418.156226396561,1.1702628135681152,0.7314157485961914,0.2705396340494335,968.0,True,0.0719015801147572,7.4827960376208e-05,,,,,,,,,,,,,,,,
anp-few_shot-log_price-seed2,ndwj6yi1,anp,few_shot,2,rmse,0.1791864219645139,0.3124944248486036,0.1931544465346792,0.3504794419991823,7611.928606271744,1.0371365547180176,1.1482834815979004,0.2934870521649276,1551.0,True,0.1395262391854529,1.3196262418422204e-05,,,,,,,,,,,,,,,,
anp-few_shot-log_price-seed2,ogjmaj0q,anp,few_shot,2,rmse,0.1689940297950733,0.2953367725158655,0.1958879137139465,0.3532215212154692,6541.426173210144,2.9406039714813232,2.803841114044189,0.2923732825918247,1038.0,True,0.1312659178930547,1.889582693802601e-05,,,,,,,,,,,,,,,,
anp-few_shot-log_price-seed2,sdw52x5n,anp,few_shot,2,rmse,0.1499468416821416,0.2991943835067421,0.1647504760263846,0.341280621716766,5083.084402322769,1.5425207614898682,1.52933669090271,0.2727958555957385,424.0,True,0.003757960087271,0.0001718980674331,,,,,,,,,,,,,,,,
anp-few_shot-log_price-seed2,srg7baca,anp,few_shot,2,rmse,0.129920444891016,0.2708575380975419,0.1530007388752216,0.327361615513457,15312.639421701431,2.2334837913513184,2.047213554382324,0.2622587519662085,1884.0,True,0.1205526752143287,0.0001229607110732,,,,,,,,,,,,,,,,
anp-few_shot-log_price-seed2,wg20501d,anp,few_shot,2,rmse,0.1868693412690421,0.3008671454020756,0.2097427182894525,0.3437210821149252,5942.637709617615,1.6192779541015625,1.6049954891204834,0.281079546228289,919.0,True,0.0142072116395773,1.4936835544198446e-05,,,,,,,,,,,,,,,,
anp-few_shot-log_price-seed2,xsy7i820,anp,few_shot,2,rmse,0.1417461549537101,0.2778326000869505,0.1644212357378657,0.3294376356183894,5234.1370306015015,1.110363483428955,0.9969933032989502,0.2723835902819344,1066.0,True,0.1140393540835759,7.537078298264379e-05,,,,,,,,,,,,,,,,
anp-few_shot-log_price-seed2,y4fk1uws,anp,few_shot,2,rmse,0.1427010612605552,0.2784065042618956,0.1657219486908456,0.3331053227464886,4805.551766872406,1.0285122394561768,0.955636978149414,0.2738742375883851,989.0,True,0.0630856701848367,5.338528208876637e-05,,,,,,,,,,,,,,,,
anp-few_shot-log_price-seed3,00wmhydo,anp,few_shot,3,rmse,0.1371800981080616,0.2876111971708237,0.1437633529545823,0.2919439180956348,5466.386874437332,2.84729552268982,2.465883255004883,0.2832442700465056,547.0,True,0.0236548851737866,0.0001904767808428,,,,,,,,,,,,,,,,
anp-few_shot-log_price-seed3,0jmb2ht5,anp,few_shot,3,rmse,0.1441292120752152,0.2952263865745186,0.1403942777066319,0.2907589747051075,5450.717850446701,2.6127140522003174,2.152241468429565,0.2831621366924284,587.0,True,0.0529111224209254,0.0003535634629148,,,,,,,,,,,,,,,,
anp-few_shot-log_price-seed3,0objbj4p,anp,few_shot,3,rmse,0.1392482846215747,0.284591691419708,0.1427453136642431,0.2908210075899716,8383.480355739594,1.451235055923462,1.40897798538208,0.2797091451194817,1378.0,True,0.1205526752143287,0.0001229607110732,,,,,,,,,,,,,,,,
anp-few_shot-log_price-seed3,0rf5knx7,anp,few_shot,3,rmse,0.1369278562939583,0.285970093006583,0.1402633761711387,0.2890478679117524,8133.434967041016,2.609835386276245,2.437582969665528,0.2816001649956071,992.0,True,0.1333533430891335,0.00021941976179,,,,,,,,,,,,,,,,
anp-few_shot-log_price-seed3,1b0xjclc,anp,few_shot,3,rmse,0.1458830480709349,0.3003629824472696,0.1373358538852957,0.2865106973342791,3111.7089383602142,1.299220085144043,1.1566886901855469,0.2852411819413219,505.0,True,0.0040436794880651,0.0004626362841475,,,,,,,,,,,,,,,,
anp-few_shot-log_price-seed3,2znxaoja,anp,few_shot,3,rmse,0.1779507733586258,0.3276678878920872,0.1669515954610045,0.3015920081967668,9837.241887331007,1.823359727859497,1.6224024295806885,0.2985399536685812,1391.0,True,0.1312659178930547,1.889582693802601e-05,,,,,,,,,,,,,,,,
anp-few_shot-log_price-seed3,3eiq3x7k,anp,few_shot,3,rmse,0.147850063889357,0.3038950407970072,0.1424418270460935,0.2927325385324503,6230.532679796219,2.7402381896972656,2.394188165664673,0.2822415272970524,660.0,True,0.0286706574818092,0.0007750644796341,,,,,,,,,,,,,,,,
anp-few_shot-log_price-seed3,3g76o3sw,anp,few_shot,3,rmse,0.1443705292860224,0.2885065267069631,0.1483861763191668,0.2956910316570769,10576.890139341354,2.4507555961608887,2.215066432952881,0.2829893307988171,1292.0,True,0.1043696643500143,6.75031252159592e-05,,,,,,,,,,,,,,,,
anp-few_shot-log_price-seed3,3pl2utju,anp,few_shot,3,rmse,0.1401984119445921,0.2908791174092884,0.1343903181893208,0.2804840846192403,7288.629763126373,2.3743882179260254,2.340919733047486,0.280856073464195,796.0,True,0.0922958724505863,0.0003639639356786,,,,,,,,,,,,,,,,
anp-few_shot-log_price-seed3,3r4y2t6w,anp,few_shot,3,rmse,0.1362802378241268,0.2885680463147234,0.1347036061040695,0.2811134612225186,4297.165948152542,1.2019948959350586,1.0839266777038574,0.2816660266003356,830.0,True,0.1556313501899701,0.0005495716186411,,,,,,,,,,,,,,,,
anp-few_shot-log_price-seed3,6mepn427,anp,few_shot,3,rmse,0.135688861640931,0.2854960124331368,0.1370414336917486,0.2863061918085319,4384.886989355087,1.4760465621948242,1.3640170097351074,0.2815609816786482,662.0,True,0.0875174422525385,0.0006074996073425,,,,,,,,,,,,,,,,
anp-few_shot-log_price-seed3,7adcansc,anp,few_shot,3,rmse,0.1499541555183249,0.2934209407503455,0.1508431455553745,0.2952032430816222,16145.983414649963,2.1911520957946777,2.0101358890533447,0.2846761160508442,2106.0,True,0.0932621545712612,3.082131641442947e-05,,,,,,,,,,,,,,,,
anp-few_shot-log_price-seed3,7dun02oh,anp,few_shot,3,rmse,0.1426729216236556,0.2901429703714255,0.1422640370272883,0.2888441616620926,13834.563769578934,2.5370047092437744,1.9528520107269287,0.2811475761475154,1873.0,True,0.0630856701848367,5.338528208876637e-05,,,,,,,,,,,,,,,,
anp-few_shot-log_price-seed3,95fw9cs6,anp,few_shot,3,rmse,0.1714119897917165,0.3068489135832775,0.1764077580312547,0.3091311249057821,13266.807874679564,2.101271629333496,1.9381370544433592,0.3030915328552107,1727.0,True,0.1395262391854529,1.3196262418422204e-05,,,,,,,,,,,,,,,,
anp-few_shot-log_price-seed3,a02yqv0o,anp,few_shot,3,rmse,0.1837232272460032,0.3235787818540815,0.1809262184217758,0.3106786637496472,11694.913131713867,2.420942783355713,2.2448501586914062,0.3140792034771614,1492.0,True,0.1976747676118452,1.5998881492631487e-05,,,,,,,,,,,,,,,,
anp-few_shot-log_price-seed3,a803ftsj,anp,few_shot,3,rmse,0.1456142264123288,0.2981353827695558,0.1451499938626215,0.2897017043779333,5238.210997581482,2.2786827087402344,1.9663565158843992,0.2885348236895271,568.0,True,0.003757960087271,0.0001718980674331,,,,,,,,,,,,,,,,
anp-few_shot-log_price-seed3,fc250msx,anp,few_shot,3,rmse,0.1390311914456429,0.2899078548485482,0.1389989724226482,0.2906229920863991,7053.12380361557,1.5171985626220703,1.3921384811401367,0.2806772138007329,1179.0,True,0.0847309598677809,0.0001957889720121,,,,,,,,,,,,,,,,
anp-few_shot-log_price-seed3,hgswkbdp,anp,few_shot,3,rmse,0.1376521620946513,0.2905530886449035,0.1391373379810763,0.2883862110226672,3300.0279755592346,1.3799853324890137,1.2865023612976074,0.2830327531224352,555.0,True,0.1136089122187864,0.0007098936257405,,,,,,,,,,,,,,,,
anp-few_shot-log_price-seed3,ihc36g28,anp,few_shot,3,rmse,0.1377457920043007,0.2918332536639892,0.1340559204705675,0.278556706308004,7144.386648654938,2.5884904861450195,2.10517692565918,0.2803564338969482,829.0,True,0.1957236684465528,0.0003965675081771,,,,,,,,,,,,,,,,
anp-few_shot-log_price-seed3,keog4dnk,anp,few_shot,3,rmse,0.1733508603070884,0.3294244499114709,0.1504414875898954,0.2936707437779685,13995.783157110214,2.1562623977661133,1.932878017425537,0.2860377396041886,1744.0,True,0.0417753512189669,2.1019338091154404e-05,,,,,,,,,,,,,,,,
anp-few_shot-log_price-seed3,l6y2w3ey,anp,few_shot,3,rmse,0.1464591523160462,0.2933316459068882,0.1447665412974814,0.2906146433233695,7525.617434740067,2.3436472415924072,2.265594482421875,0.2801176094159998,898.0,True,0.0912300664433097,0.0001370464839284,,,,,,,,,,,,,,,,
anp-few_shot-log_price-seed3,m0ka3sku,anp,few_shot,3,rmse,0.1464204037947786,0.288017592672088,0.1543304683156655,0.2998812382837653,13596.43656206131,2.3895273208618164,2.101844549179077,0.2873892529047723,1821.0,True,0.0420765122147681,1.810725406663106e-05,,,,,,,,,,,,,,,,
anp-few_shot-log_price-seed3,smiqry00,anp,few_shot,3,rmse,0.1347544353609295,0.2849174777990783,0.1366960091439466,0.2842028590824829,11116.070953845978,2.5350182056427,2.3033287525177,0.2806122815575497,1439.0,True,0.1887496157029248,0.0002310152225018,,,,,,,,,,,,,,,,
anp-few_shot-log_price-seed3,snpa6azv,anp,few_shot,3,rmse,0.1674112664680456,0.3127086363094479,0.1600973348026405,0.2992103578032127,7053.534699201584,1.2904300689697266,1.2152259349822998,0.2913664981664489,1287.0,True,0.1927325521002058,5.846326121643416e-05,,,,,,,,,,,,,,,,
anp-few_shot-log_price-seed3,t0qbeco4,anp,few_shot,3,rmse,0.1446841551522724,0.291771066787682,0.1443339461811998,0.29012908571378,7329.064913988113,2.215418815612793,2.114025831222534,0.2803837318221495,868.0,True,0.1224191445444842,0.0001713436419711,,,,,,,,,,,,,,,,
anp-few_shot-log_price-seed3,u538c1ab,anp,few_shot,3,rmse,0.1661418338331581,0.2943887179819154,0.1739243502983084,0.2975639547632222,6882.256891727448,1.229945421218872,1.1833908557891846,0.2867126196337224,1363.0,True,0.0142072116395773,1.4936835544198446e-05,,,,,,,,,,,,,,,,
anp-few_shot-log_price-seed3,ubixqhym,anp,few_shot,3,rmse,0.1619669218904892,0.2977728798524341,0.169357500962049,0.2962016062677396,10482.351402282717,1.9687411785125728,1.8160204887390137,0.291754297514258,1324.0,True,0.0317939167291039,1.6624564693643617e-05,,,,,,,,,,,,,,,,
anp-few_shot-log_price-seed3,vvpi454c,anp,few_shot,3,rmse,0.1386260499303666,0.286354868733622,0.143502762415134,0.2882926262092951,4529.044893980026,1.6444578170776367,1.5902602672576904,0.2834711709817714,617.0,True,0.1097627007854649,0.0002693883019285,,,,,,,,,,,,,,,,
anp-few_shot-log_price-seed3,w4vzkwz2,anp,few_shot,3,rmse,0.1648499178768966,0.3079179846935544,0.161071533458741,0.3027487210947964,10828.943328857422,2.1393935680389404,1.865772485733032,0.2924123863648815,1383.0,True,0.1306216650930796,3.210577849550394e-05,,,,,,,,,,,,,,,,
anp-few_shot-log_price-seed3,xbeiwol6,anp,few_shot,3,rmse,0.1402671000359527,0.2857865061190779,0.1443649402336669,0.290916082898447,10218.435354471208,2.1868629455566406,2.053260803222656,0.2796488984635848,1287.0,True,0.0719015801147572,7.4827960376208e-05,,,,,,,,,,,,,,,,
anp-few_shot-log_price-seed3,yg7wqtmh,anp,few_shot,3,rmse,0.1592943852196467,0.3060229011940387,0.1482003000719353,0.2872863033827847,4723.125192880631,1.3181774616241455,1.2403550148010254,0.285615717404825,872.0,True,0.1583450076165329,0.000114232541556,,,,,,,,,,,,,,,,
anp-few_shot-log_price-seed3,zrse3igk,anp,few_shot,3,rmse,0.1417524290304414,0.2890020530871297,0.1407582337539191,0.2850402836082055,13845.395915031431,2.276633977890014,2.124786376953125,0.2808916900823546,1842.0,True,0.1140393540835759,7.537078298264379e-05,,,,,,,,,,,,,,,,
anp-few_shot-log_price-seed4,1728mfxb,anp,few_shot,4,rmse,0.1296792717194289,0.2724559386905782,0.1324529446152104,0.2735210266354442,8260.472821235657,2.260556936264038,2.3396317958831787,0.2592739796816276,1065.0,True,0.1556313501899701,0.0005495716186411,,,,,,,,,,,,,,,,
anp-few_shot-log_price-seed4,1dmntrl4,anp,few_shot,4,rmse,0.1340349467416827,0.272624149927872,0.1319039250777822,0.2724961656942419,7897.3398196697235,2.0118985176086426,2.08890438079834,0.2602708060719123,1010.0,True,0.1957236684465528,0.0003965675081771,,,,,,,,,,,,,,,,
anp-few_shot-log_price-seed4,65u7q9gn,anp,few_shot,4,rmse,0.1565015263503857,0.2915545903963044,0.165732241983229,0.3034922151769365,4233.224323511124,1.6327922344207764,1.67899751663208,0.277880933394573,525.0,True,0.0630856701848367,5.338528208876637e-05,,,,,,,,,,,,,,,,
anp-few_shot-log_price-seed4,675sdegb,anp,few_shot,4,rmse,0.1543043770147173,0.30337810154772,0.1421436303657641,0.2841117868245338,4958.164082765579,1.8691422939300537,2.273719072341919,0.2684155062403356,558.0,True,0.0040436794880651,0.0004626362841475,,,,,,,,,,,,,,,,
anp-few_shot-log_price-seed4,79f9y6nx,anp,few_shot,4,rmse,0.146451623761252,0.2793471763971478,0.1595930829187869,0.303932195384263,7915.505113601685,2.138597011566162,2.006714105606079,0.2691253082818584,1038.0,True,0.1043696643500143,6.75031252159592e-05,,,,,,,,,,,,,,,,
anp-few_shot-log_price-seed4,7xeqjnb0,anp,few_shot,4,rmse,0.1340847023149554,0.2695484858550507,0.1410851198165469,0.2800214235513455,10835.368556261064,2.1220126152038574,2.141035556793213,0.2633911580543814,1485.0,True,0.0719015801147572,7.4827960376208e-05,,,,,,,,,,,,,,,,
anp-few_shot-log_price-seed4,9kwum4dr,anp,few_shot,4,rmse,0.1284756575809436,0.2647830644624337,0.1336447448648378,0.2708952464865461,10095.474003791807,2.1394028663635254,1.91834020614624,0.2590278682545776,1293.0,True,0.1887496157029248,0.0002310152225018,,,,,,,,,,,,,,,,
anp-few_shot-log_price-seed4,9lwun51e,anp,few_shot,4,rmse,0.1295887371663297,0.2693902353680034,0.135075399228781,0.2756805166553461,10472.382298707962,2.150033712387085,2.061023712158203,0.2591090731483357,1327.0,True,0.0847309598677809,0.0001957889720121,,,,,,,,,,,,,,,,
anp-few_shot-log_price-seed4,9noy01bj,anp,few_shot,4,rmse,0.1299598821093527,0.2762111754619299,0.1357685876906934,0.2755660345246599,6205.426759958267,1.991084575653076,2.1586802005767822,0.2637057149938373,769.0,True,0.0236548851737866,0.0001904767808428,,,,,,,,,,,,,,,,
anp-few_shot-log_price-seed4,b6bhd44h,anp,few_shot,4,rmse,0.1704638904400086,0.2871162057373239,0.1912463161255069,0.3095212577953256,5334.358192682266,1.3763508796691897,1.464714288711548,0.2792521729300099,789.0,True,0.0417753512189669,2.1019338091154404e-05,,,,,,,,,,,,,,,,
anp-few_shot-log_price-seed4,ce2m28l1,anp,few_shot,4,rmse,0.1461108755797482,0.2912501319282131,0.1479484831096912,0.2923254050609197,4371.981220960617,2.15829873085022,2.248718023300171,0.2637499536422525,487.0,True,0.0529111224209254,0.0003535634629148,,,,,,,,,,,,,,,,
anp-few_shot-log_price-seed4,cp8vieak,anp,few_shot,4,rmse,0.1696794007869249,0.2974654559796164,0.1837573439016028,0.3196784400433347,6019.894175052643,0.9016778469085692,0.9471633434295654,0.289997865935251,1124.0,True,0.1312659178930547,1.889582693802601e-05,,,,,,,,,,,,,,,,
anp-few_shot-log_price-seed4,e9paab3q,anp,few_shot,4,rmse,0.1316749175478903,0.2694177036243282,0.1379639689564369,0.2801871276781041,6046.699691772461,2.272663354873657,2.2939453125,0.2614147250563627,737.0,True,0.0922958724505863,0.0003639639356786,,,,,,,,,,,,,,,,
anp-few_shot-log_price-seed4,gubdh1ny,anp,few_shot,4,rmse,0.1281059123558944,0.2656485282968653,0.136476949377775,0.2792093148960828,6469.627338886261,2.1432666778564453,2.268280267715454,0.2602687955033756,798.0,True,0.1136089122187864,0.0007098936257405,,,,,,,,,,,,,,,,
anp-few_shot-log_price-seed4,hlyh2qir,anp,few_shot,4,rmse,0.1492664477262604,0.2729322750212627,0.1615341999656691,0.2885202228698386,8441.512187480927,1.1422770023345947,1.590317726135254,0.2695865496788379,1514.0,True,0.0317939167291039,1.6624564693643617e-05,,,,,,,,,,,,,,,,
anp-few_shot-log_price-seed4,jtr56tsd,anp,few_shot,4,rmse,0.1325056183472108,0.2678042422839488,0.1371296045500362,0.2753857952105178,13556.532098293304,2.369414091110229,2.2861220836639404,0.2602776514091593,1881.0,True,0.1583450076165329,0.000114232541556,,,,,,,,,,,,,,,,
anp-few_shot-log_price-seed4,k7yc6p7j,anp,few_shot,4,rmse,0.1345234301652801,0.2686398494241982,0.1393668633820777,0.2751302785115738,5271.432961940765,2.2813196182250977,2.398315191268921,0.2631642163371163,572.0,True,0.1097627007854649,0.0002693883019285,,,,,,,,,,,,,,,,
anp-few_shot-log_price-seed4,lhn72twe,anp,few_shot,4,rmse,0.1250870223527544,0.2641753868293685,0.1366992248168273,0.2781983952317092,14375.36822271347,2.0870823860168457,2.215949058532715,0.2564085660151963,2015.0,True,0.1224191445444842,0.0001713436419711,,,,,,,,,,,,,,,,
anp-few_shot-log_price-seed4,lxy9i7is,anp,few_shot,4,rmse,0.133864205794388,0.263468961083142,0.1393530100036429,0.2744518999344094,20456.368300437927,2.1051692962646484,2.3599624633789062,0.2604473632772635,2925.0,True,0.1927325521002058,5.846326121643416e-05,,,,,,,,,,,,,,,,
anp-few_shot-log_price-seed4,nqnpradg,anp,few_shot,4,rmse,0.1299127883589669,0.26827373468288,0.1351996293389191,0.2739971918889922,6129.024605751038,2.4711062908172607,2.376612901687622,0.2582135938392114,701.0,True,0.0875174422525385,0.0006074996073425,,,,,,,,,,,,,,,,
anp-few_shot-log_price-seed4,pjql3czw,anp,few_shot,4,rmse,0.1522181328494897,0.2814175336701359,0.1644510005290412,0.3026884082328798,6355.910281658173,1.3035645484924316,1.3816118240356443,0.2787376839536755,1050.0,True,0.0932621545712612,3.082131641442947e-05,,,,,,,,,,,,,,,,
anp-few_shot-log_price-seed4,s20lvlgg,anp,few_shot,4,rmse,0.1301244225528803,0.2706603911666217,0.1371857107050705,0.2798241942284706,5457.481906890869,2.0729284286499023,2.2277774810791016,0.2623955652183521,645.0,True,0.0286706574818092,0.0007750644796341,,,,,,,,,,,,,,,,
anp-few_shot-log_price-seed4,st7xhrah,anp,few_shot,4,rmse,0.1660737856854214,0.2994485367313326,0.1861988582115381,0.3328953507046278,5146.82724237442,1.529468059539795,1.5104427337646484,0.2886539427036889,752.0,True,0.1306216650930796,3.210577849550394e-05,,,,,,,,,,,,,,,,
anp-few_shot-log_price-seed4,strvtm0x,anp,few_shot,4,rmse,0.1449753965420669,0.2834654649163906,0.1440953240057546,0.2838737725229336,3379.8255145549774,2.202683925628662,2.2257769107818604,0.2675594603709113,322.0,True,0.003757960087271,0.0001718980674331,,,,,,,,,,,,,,,,
anp-few_shot-log_price-seed4,tb7bik3t,anp,few_shot,4,rmse,0.1368138808346866,0.271036275702529,0.1391349972290938,0.2767147133995736,6718.44569516182,1.9382402896881104,1.956714153289795,0.2615915243713695,816.0,True,0.1333533430891335,0.00021941976179,,,,,,,,,,,,,,,,
anp-few_shot-log_price-seed4,ubpf0kgv,anp,few_shot,4,rmse,0.1366170217214005,0.2695769811663729,0.1422810907534387,0.2791751254118805,9511.406716108322,1.4438257217407229,1.4139783382415771,0.2627317218860487,1579.0,True,0.1140393540835759,7.537078298264379e-05,,,,,,,,,,,,,,,,
anp-few_shot-log_price-seed4,uc36bg61,anp,few_shot,4,rmse,0.161825284395325,0.2708795845515564,0.1757256059215629,0.2859553697076054,9526.182807683945,2.0712902545928955,2.3430428504943848,0.267957108497449,1272.0,True,0.0142072116395773,1.4936835544198446e-05,,,,,,,,,,,,,,,,
anp-few_shot-log_price-seed4,ucq7xdm7,anp,few_shot,4,rmse,0.164897832013248,0.2950121236107761,0.1812182438529459,0.3297619413326026,15881.885569572449,2.174198865890503,2.179362297058105,0.2862611766477961,2225.0,True,0.1395262391854529,1.3196262418422204e-05,,,,,,,,,,,,,,,,
anp-few_shot-log_price-seed4,xseypjvb,anp,few_shot,4,rmse,0.1324403893545772,0.2638637259057857,0.1429793763646146,0.2801628333104541,8788.026044130325,1.9067370891571045,2.482816696166992,0.2612672144890951,1082.0,True,0.1205526752143287,0.0001229607110732,,,,,,,,,,,,,,,,
anp-few_shot-log_price-seed4,y1rdiyeb,anp,few_shot,4,rmse,0.1302589664968212,0.2686111307027652,0.1356245205706663,0.2738690595461804,11683.186208486555,2.048748016357422,2.0013978481292725,0.2595664011875472,1624.0,True,0.0912300664433097,0.0001370464839284,,,,,,,,,,,,,,,,
anp-few_shot-log_price-seed4,y35ihbc2,anp,few_shot,4,rmse,0.1749599917551104,0.3033832109455149,0.1858190841340126,0.3281797014438878,11499.517040491104,1.469707727432251,1.4801139831542969,0.294409533608403,1912.0,True,0.1976747676118452,1.5998881492631487e-05,,,,,,,,,,,,,,,,
anp-few_shot-log_price-seed4,zwgvvd39,anp,few_shot,4,rmse,0.1526953727743598,0.2800143493290398,0.1646858121637989,0.2913361512463123,9490.70576953888,1.6131839752197266,1.9023244380950928,0.2772883266604766,1359.0,True,0.0420765122147681,1.810725406663106e-05,,,,,,,,,,,,,,,,
gbm_group_cat-in_context-log_price-seed0,0jnw3ma8,gbm_group_cat,in_context,0,rmse,,0.2635350875715035,,0.2712508768285118,,,,,,,,0.1183473185096848,,,,,,,,,,,,1.0,20.0,32.0,255.0,-1.0
gbm_group_cat-in_context-log_price-seed0,0jzug270,gbm_group_cat,in_context,0,rmse,,0.2978980417404182,,0.3025672169785702,,,,,,,,0.0490572683068294,,,,,,,,,,,,0.0,100.0,4.0,500.0,-1.0
gbm_group_cat-in_context-log_price-seed0,0nsfow5u,gbm_group_cat,in_context,0,rmse,,0.2815769985027034,,0.2886203534961736,,,,,,,,0.0432480329052877,,,,,,,,,,,,0.0,10.0,8.0,255.0,-1.0
gbm_group_cat-in_context-log_price-seed0,0pqf74gx,gbm_group_cat,in_context,0,rmse,,0.2709398762592022,,0.2787903696631798,,,,,,,,0.2482318741925865,,,,,,,,,,,,1.0,20.0,4.0,500.0,-1.0
gbm_group_cat-in_context-log_price-seed0,2e77d3ws,gbm_group_cat,in_context,0,rmse,,0.3201336986200713,,0.323826910034237,,,,,,,,0.0235110426118622,,,,,,,,,,,,0.0,20.0,4.0,1000.0,-1.0
gbm_group_cat-in_context-log_price-seed0,4168f0ny,gbm_group_cat,in_context,0,rmse,,0.3241197720950707,,0.3279885036177649,,,,,,,,0.0725779803885817,,,,,,,,,,,,1.0,10.0,2.0,500.0,-1.0
gbm_group_cat-in_context-log_price-seed0,74saotfd,gbm_group_cat,in_context,0,rmse,,0.3496148605435593,,0.3528406809383287,,,,,,,,0.013859244495551,,,,,,,,,,,,0.0,100.0,4.0,500.0,-1.0
gbm_group_cat-in_context-log_price-seed0,7ltyu23f,gbm_group_cat,in_context,0,rmse,,0.3608784292859514,,0.3638404073628498,,,,,,,,0.0247266182197764,,,,,,,,,,,,1.0,1000.0,4.0,500.0,-1.0
gbm_group_cat-in_context-log_price-seed0,8xujcrwk,gbm_group_cat,in_context,0,rmse,,0.3045445550572772,,0.310011623236445,,,,,,,,0.8668489138169221,,,,,,,,,,,,0.0,10.0,32.0,1000.0,-1.0
gbm_group_cat-in_context-log_price-seed0,a0pwvyg1,gbm_group_cat,in_context,0,rmse,,0.3434892306369421,,0.3469428404216917,,,,,,,,0.0474589257602997,,,,,,,,,,,,0.0,10.0,2.0,500.0,-1.0
gbm_group_cat-in_context-log_price-seed0,bcc7f3fv,gbm_group_cat,in_context,0,rmse,,0.2994908309134214,,0.3041543937276904,,,,,,,,0.0427421832403684,,,,,,,,,,,,1.0,20.0,4.0,500.0,-1.0
gbm_group_cat-in_context-log_price-seed0,bdiymfjn,gbm_group_cat,in_context,0,rmse,,0.2775686269181103,,0.283001488480207,,,,,,,,0.6428191198097525,,,,,,,,,,,,1.0,20.0,8.0,500.0,-1.0
gbm_group_cat-in_context-log_price-seed0,brj0fufm,gbm_group_cat,in_context,0,rmse,,0.2809338342759827,,0.2885603154829854,,,,,,,,0.5342090140143507,,,,,,,,,,,,1.0,20.0,32.0,500.0,-1.0
gbm_group_cat-in_context-log_price-seed0,fh6hmorp,gbm_group_cat,in_context,0,rmse,,0.2887523486656556,,0.2950837036783771,,,,,,,,0.0634627667122372,,,,,,,,,,,,0.0,10.0,4.0,1000.0,-1.0
gbm_group_cat-in_context-log_price-seed0,gi1x0an1,gbm_group_cat,in_context,0,rmse,,0.2836926874678994,,0.2902512607992916,,,,,,,,0.0109758154193801,,,,,,,,,,,,0.0,20.0,32.0,1000.0,-1.0
gbm_group_cat-in_context-log_price-seed0,gqejytvc,gbm_group_cat,in_context,0,rmse,,0.35669940707815,,0.360129852270216,,,,,,,,0.0330251750818893,,,,,,,,,,,,1.0,1000.0,4.0,255.0,-1.0
gbm_group_cat-in_context-log_price-seed0,jjlrrg7z,gbm_group_cat,in_context,0,rmse,,0.2905185536891944,,0.2958304215172382,,,,,,,,0.0235714344093274,,,,,,,,,,,,0.0,10.0,8.0,500.0,-1.0
gbm_group_cat-in_context-log_price-seed0,krlg2jkp,gbm_group_cat,in_context,0,rmse,,0.3278036708431308,,0.3310841056814604,,,,,,,,0.0814494767975024,,,,,,,,,,,,0.0,1000.0,8.0,255.0,-1.0
gbm_group_cat-in_context-log_price-seed0,kz7uxcfy,gbm_group_cat,in_context,0,rmse,,0.3253796323666467,,0.3285756477484293,,,,,,,,0.0652352517670139,,,,,,,,,,,,0.0,1000.0,16.0,500.0,-1.0
gbm_group_cat-in_context-log_price-seed0,m7b1rq89,gbm_group_cat,in_context,0,rmse,,0.3218543847941329,,0.3255454637433486,,,,,,,,0.0817147891511586,,,,,,,,,,,,0.0,1000.0,16.0,255.0,-1.0
gbm_group_cat-in_context-log_price-seed0,ni3anlej,gbm_group_cat,in_context,0,rmse,,0.3409124377728745,,0.3444917951542705,,,,,,,,0.0310546307698111,,,,,,,,,,,,0.0,1000.0,16.0,1000.0,-1.0
gbm_group_cat-in_context-log_price-seed0,orhkujsb,gbm_group_cat,in_context,0,rmse,,0.3348306064943049,,0.3379802860104972,,,,,,,,0.0347260839230521,,,,,,,,,,,,0.0,1000.0,32.0,500.0,-1.0
gbm_group_cat-in_context-log_price-seed0,qai29oqy,gbm_group_cat,in_context,0,rmse,,0.2790263119773769,,0.2857788869289679,,,,,,,,0.4380606481501048,,,,,,,,,,,,0.0,20.0,32.0,255.0,-1.0
gbm_group_cat-in_context-log_price-seed0,qbuns056,gbm_group_cat,in_context,0,rmse,,0.3724759142255849,,0.3750299336846917,,,,,,,,0.0298960963897528,,,,,,,,,,,,1.0,20.0,2.0,500.0,-1.0
gbm_group_cat-in_context-log_price-seed0,s9ty4ewq,gbm_group_cat,in_context,0,rmse,,0.3089184047207854,,0.3129420260326709,,,,,,,,0.1271700786387963,,,,,,,,,,,,1.0,10.0,2.0,500.0,-1.0
gbm_group_cat-in_context-log_price-seed0,trjrjhyr,gbm_group_cat,in_context,0,rmse,,0.3085533148859132,,0.3121088030164151,,,,,,,,0.2090966500355389,,,,,,,,,,,,1.0,1000.0,64.0,1000.0,-1.0
gbm_group_cat-in_context-log_price-seed0,un0egnpt,gbm_group_cat,in_context,0,rmse,,0.2804650845929213,,0.2877198592050145,,,,,,,,0.1252065381499946,,,,,,,,,,,,0.0,100.0,4.0,255.0,-1.0
gbm_group_cat-in_context-log_price-seed0,v0e9exf8,gbm_group_cat,in_context,0,rmse,,0.3012975773924829,,0.3059681260300698,,,,,,,,0.4096264371525448,,,,,,,,,,,,0.0,100.0,2.0,255.0,-1.0
gbm_group_cat-in_context-log_price-seed0,v9uznby5,gbm_group_cat,in_context,0,rmse,,0.3154752336710975,,0.3189108294442374,,,,,,,,0.250587007964955,,,,,,,,,,,,1.0,1000.0,16.0,255.0,-1.0
gbm_group_cat-in_context-log_price-seed0,vb9o2i3h,gbm_group_cat,in_context,0,rmse,,0.2678127603128765,,0.2756277256354131,,,,,,,,0.0988058664639341,,,,,,,,,,,,0.0,20.0,16.0,255.0,-1.0
gbm_group_cat-in_context-log_price-seed0,vernzeim,gbm_group_cat,in_context,0,rmse,,0.2855935792256873,,0.2922004950778184,,,,,,,,0.0182856525100933,,,,,,,,,,,,1.0,100.0,16.0,1000.0,-1.0
gbm_group_cat-in_context-log_price-seed0,wrom5zin,gbm_group_cat,in_context,0,rmse,,0.3302581944100982,,0.3334826147801263,,,,,,,,0.1489449797127196,,,,,,,,,,,,1.0,1000.0,2.0,255.0,-1.0
gbm_group_cat-in_context-log_price-seed1,06qcbaku,gbm_group_cat,in_context,1,rmse,,0.3012458145133539,,0.3034009268034483,,,,,,,,0.4096264371525448,,,,,,,,,,,,0.0,100.0,2.0,255.0,-1.0
gbm_group_cat-in_context-log_price-seed1,1lc9d1ar,gbm_group_cat,in_context,1,rmse,,0.3624014602989723,,0.3620591713099387,,,,,,,,0.0247266182197764,,,,,,,,,,,,1.0,1000.0,4.0,500.0,-1.0
gbm_group_cat-in_context-log_price-seed1,37inv1az,gbm_group_cat,in_context,1,rmse,,0.3280082660281491,,0.3296697325918996,,,,,,,,0.1489449797127196,,,,,,,,,,,,1.0,1000.0,2.0,255.0,-1.0
gbm_group_cat-in_context-log_price-seed1,3i8qwtfj,gbm_group_cat,in_context,1,rmse,,0.3554952553913483,,0.3553864721051314,,,,,,,,0.0330251750818893,,,,,,,,,,,,1.0,1000.0,4.0,255.0,-1.0
gbm_group_cat-in_context-log_price-seed1,57v6rms5,gbm_group_cat,in_context,1,rmse,,0.2656323289954346,,0.2676677936387094,,,,,,,,0.1183473185096848,,,,,,,,,,,,1.0,20.0,32.0,255.0,-1.0
gbm_group_cat-in_context-log_price-seed1,5fv0nthc,gbm_group_cat,in_context,1,rmse,,0.2796322789970783,,0.2814074375307941,,,,,,,,0.4380606481501048,,,,,,,,,,,,0.0,20.0,32.0,255.0,-1.0
gbm_group_cat-in_context-log_price-seed1,5j668f9k,gbm_group_cat,in_context,1,rmse,,0.2819893778425168,,0.2843158459044501,,,,,,,,0.6428191198097525,,,,,,,,,,,,1.0,20.0,8.0,500.0,-1.0
gbm_group_cat-in_context-log_price-seed1,5w9ndkss,gbm_group_cat,in_context,1,rmse,,0.2839596617890961,,0.2851003058738246,,,,,,,,0.1252065381499946,,,,,,,,,,,,0.0,100.0,4.0,255.0,-1.0
gbm_group_cat-in_context-log_price-seed1,78gmvflz,gbm_group_cat,in_context,1,rmse,,0.3709673851440028,,0.3726117006501274,,,,,,,,0.0298960963897528,,,,,,,,,,,,1.0,20.0,2.0,500.0,-1.0
gbm_group_cat-in_context-log_price-seed1,a8et4pb2,gbm_group_cat,in_context,1,rmse,,0.3278943905906102,,0.3267290934639696,,,,,,,,0.250587007964955,,,,,,,,,,,,1.0,1000.0,16.0,255.0,-1.0
gbm_group_cat-in_context-log_price-seed1,arnzb1n0,gbm_group_cat,in_context,1,rmse,,0.3412128465482138,,0.3396667430719658,,,,,,,,0.0310546307698111,,,,,,,,,,,,0.0,1000.0,16.0,1000.0,-1.0
gbm_group_cat-in_context-log_price-seed1,bcw2xg2d,gbm_group_cat,in_context,1,rmse,,0.2990222113510981,,0.3003602883678532,,,,,,,,0.0490572683068294,,,,,,,,,,,,0.0,100.0,4.0,500.0,-1.0
gbm_group_cat-in_context-log_price-seed1,cfkazg00,gbm_group_cat,in_context,1,rmse,,0.2701413197739587,,0.2710271965431224,,,,,,,,0.0988058664639341,,,,,,,,,,,,0.0,20.0,16.0,255.0,-1.0
gbm_group_cat-in_context-log_price-seed1,cro4mk42,gbm_group_cat,in_context,1,rmse,,0.2832269299532151,,0.2844439192059727,,,,,,,,0.0432480329052877,,,,,,,,,,,,0.0,10.0,8.0,255.0,-1.0
gbm_group_cat-in_context-log_price-seed1,egjhn6xr,gbm_group_cat,in_context,1,rmse,,0.33510070778367,,0.3344393319414513,,,,,,,,0.0347260839230521,,,,,,,,,,,,0.0,1000.0,32.0,500.0,-1.0
gbm_group_cat-in_context-log_price-seed1,gakx8wrv,gbm_group_cat,in_context,1,rmse,,0.3018852320971996,,0.3036911576768982,,,,,,,,0.8668489138169221,,,,,,,,,,,,0.0,10.0,32.0,1000.0,-1.0
gbm_group_cat-in_context-log_price-seed1,h24mj5vf,gbm_group_cat,in_context,1,rmse,,0.3346723349682372,,0.3335673878606453,,,,,,,,0.0652352517670139,,,,,,,,,,,,0.0,1000.0,16.0,500.0,-1.0
gbm_group_cat-in_context-log_price-seed1,i07tjnxi,gbm_group_cat,in_context,1,rmse,,0.3485714410931985,,0.3503010290400727,,,,,,,,0.013859244495551,,,,,,,,,,,,0.0,100.0,4.0,500.0,-1.0
gbm_group_cat-in_context-log_price-seed1,jwmt111g,gbm_group_cat,in_context,1,rmse,,0.2755187888590901,,0.27782215607306,,,,,,,,0.2482318741925865,,,,,,,,,,,,1.0,20.0,4.0,500.0,-1.0
gbm_group_cat-in_context-log_price-seed1,k458yy5t,gbm_group_cat,in_context,1,rmse,,0.2847686852738957,,0.2859036040128189,,,,,,,,0.0109758154193801,,,,,,,,,,,,0.0,20.0,32.0,1000.0,-1.0
gbm_group_cat-in_context-log_price-seed1,kdqj308b,gbm_group_cat,in_context,1,rmse,,0.3318815445903548,,0.3304460848144031,,,,,,,,0.0817147891511586,,,,,,,,,,,,0.0,1000.0,16.0,255.0,-1.0
gbm_group_cat-in_context-log_price-seed1,kjrx2uvu,gbm_group_cat,in_context,1,rmse,,0.2992047529123351,,0.3013086872370316,,,,,,,,0.0427421832403684,,,,,,,,,,,,1.0,20.0,4.0,500.0,-1.0
gbm_group_cat-in_context-log_price-seed1,m1sx9vp1,gbm_group_cat,in_context,1,rmse,,0.3428473471100731,,0.3443187720335386,,,,,,,,0.0474589257602997,,,,,,,,,,,,0.0,10.0,2.0,500.0,-1.0
gbm_group_cat-in_context-log_price-seed1,mo4qmyk1,gbm_group_cat,in_context,1,rmse,,0.2870425708859083,,0.2871971171989937,,,,,,,,0.0182856525100933,,,,,,,,,,,,1.0,100.0,16.0,1000.0,-1.0
gbm_group_cat-in_context-log_price-seed1,obcraoj4,gbm_group_cat,in_context,1,rmse,,0.3201110779737127,,0.3196692839389388,,,,,,,,0.2090966500355389,,,,,,,,,,,,1.0,1000.0,64.0,1000.0,-1.0
gbm_group_cat-in_context-log_price-seed1,ppvctigd,gbm_group_cat,in_context,1,rmse,,0.3189475715573068,,0.3207278242719616,,,,,,,,0.0235110426118622,,,,,,,,,,,,0.0,20.0,4.0,1000.0,-1.0
gbm_group_cat-in_context-log_price-seed1,pyl980uo,gbm_group_cat,in_context,1,rmse,,0.291213374302491,,0.292646868169889,,,,,,,,0.0235714344093274,,,,,,,,,,,,0.0,10.0,8.0,500.0,-1.0
gbm_group_cat-in_context-log_price-seed1,s88iyn6n,gbm_group_cat,in_context,1,rmse,,0.3235369407785726,,0.3253181723237425,,,,,,,,0.0725779803885817,,,,,,,,,,,,1.0,10.0,2.0,500.0,-1.0
gbm_group_cat-in_context-log_price-seed1,sjnyhtj9,gbm_group_cat,in_context,1,rmse,,0.2901922060372965,,0.2925051279571516,,,,,,,,0.0634627667122372,,,,,,,,,,,,0.0,10.0,4.0,1000.0,-1.0
gbm_group_cat-in_context-log_price-seed1,tmlbbark,gbm_group_cat,in_context,1,rmse,,0.2816415075007563,,0.2854203292997955,,,,,,,,0.5342090140143507,,,,,,,,,,,,1.0,20.0,32.0,500.0,-1.0
gbm_group_cat-in_context-log_price-seed1,urfvupo9,gbm_group_cat,in_context,1,rmse,,0.3080695449254814,,0.3094943936701609,,,,,,,,0.1271700786387963,,,,,,,,,,,,1.0,10.0,2.0,500.0,-1.0
gbm_group_cat-in_context-log_price-seed1,vptdsnbe,gbm_group_cat,in_context,1,rmse,,0.3346917778437727,,0.3324471583467901,,,,,,,,0.0814494767975024,,,,,,,,,,,,0.0,1000.0,8.0,255.0,-1.0
gbm_group_cat-in_context-log_price-seed2,1263cemo,gbm_group_cat,in_context,2,rmse,,0.2785952869208933,,0.2927168934127342,,,,,,,,0.1252065381499946,,,,,,,,,,,,0.0,100.0,4.0,255.0,-1.0
gbm_group_cat-in_context-log_price-seed2,1nmt6vp3,gbm_group_cat,in_context,2,rmse,,0.2811436292684247,,0.2960181831447453,,,,,,,,0.0109758154193801,,,,,,,,,,,,0.0,20.0,32.0,1000.0,-1.0
gbm_group_cat-in_context-log_price-seed2,2rgb8i1t,gbm_group_cat,in_context,2,rmse,,0.2667971567346247,,0.2818356384179806,,,,,,,,0.1183473185096848,,,,,,,,,,,,1.0,20.0,32.0,255.0,-1.0
gbm_group_cat-in_context-log_price-seed2,3fku1gzn,gbm_group_cat,in_context,2,rmse,,0.2925821080716213,,0.3074806107953265,,,,,,,,0.0490572683068294,,,,,,,,,,,,0.0,100.0,4.0,500.0,-1.0
gbm_group_cat-in_context-log_price-seed2,43czr10s,gbm_group_cat,in_context,2,rmse,,0.2812917019490495,,0.2926199867944971,,,,,,,,0.5342090140143507,,,,,,,,,,,,1.0,20.0,32.0,500.0,-1.0
gbm_group_cat-in_context-log_price-seed2,4nxv28o0,gbm_group_cat,in_context,2,rmse,,0.3188839797135177,,0.3328637061276197,,,,,,,,0.0725779803885817,,,,,,,,,,,,1.0,10.0,2.0,500.0,-1.0
gbm_group_cat-in_context-log_price-seed2,5dsy530h,gbm_group_cat,in_context,2,rmse,,0.3667649294706925,,0.3806193028591447,,,,,,,,0.0298960963897528,,,,,,,,,,,,1.0,20.0,2.0,500.0,-1.0
gbm_group_cat-in_context-log_price-seed2,8inxywke,gbm_group_cat,in_context,2,rmse,,0.3281408532305334,,0.3422805079650159,,,,,,,,0.250587007964955,,,,,,,,,,,,1.0,1000.0,16.0,255.0,-1.0
gbm_group_cat-in_context-log_price-seed2,8z3kmcj3,gbm_group_cat,in_context,2,rmse,,0.2940943976857424,,0.3092645861179692,,,,,,,,0.0427421832403684,,,,,,,,,,,,1.0,20.0,4.0,500.0,-1.0
gbm_group_cat-in_context-log_price-seed2,8zfo10er,gbm_group_cat,in_context,2,rmse,,0.3552503460914912,,0.3700599906096875,,,,,,,,0.0330251750818893,,,,,,,,,,,,1.0,1000.0,4.0,255.0,-1.0
gbm_group_cat-in_context-log_price-seed2,aj72p961,gbm_group_cat,in_context,2,rmse,,0.2858016352080389,,0.3008334996096745,,,,,,,,0.0634627667122372,,,,,,,,,,,,0.0,10.0,4.0,1000.0,-1.0
gbm_group_cat-in_context-log_price-seed2,c3bb95jm,gbm_group_cat,in_context,2,rmse,,0.3142537178818744,,0.3291518416245246,,,,,,,,0.0235110426118622,,,,,,,,,,,,0.0,20.0,4.0,1000.0,-1.0
gbm_group_cat-in_context-log_price-seed2,cba853v9,gbm_group_cat,in_context,2,rmse,,0.3316909890279927,,0.3447128648309548,,,,,,,,0.0652352517670139,,,,,,,,,,,,0.0,1000.0,16.0,500.0,-1.0
gbm_group_cat-in_context-log_price-seed2,d3mwa6cg,gbm_group_cat,in_context,2,rmse,,0.3259148351845363,,0.339195932162312,,,,,,,,0.0817147891511586,,,,,,,,,,,,0.0,1000.0,16.0,255.0,-1.0
gbm_group_cat-in_context-log_price-seed2,dhdh0g49,gbm_group_cat,in_context,2,rmse,,0.3382330186428368,,0.3520224411811859,,,,,,,,0.0474589257602997,,,,,,,,,,,,0.0,10.0,2.0,500.0,-1.0
gbm_group_cat-in_context-log_price-seed2,dkh8j6oq,gbm_group_cat,in_context,2,rmse,,0.2873828517435314,,0.3027900475411898,,,,,,,,0.0235714344093274,,,,,,,,,,,,0.0,10.0,8.0,500.0,-1.0
gbm_group_cat-in_context-log_price-seed2,egl69cfw,gbm_group_cat,in_context,2,rmse,,0.3342271346922747,,0.3482828028176486,,,,,,,,0.0347260839230521,,,,,,,,,,,,0.0,1000.0,32.0,500.0,-1.0
gbm_group_cat-in_context-log_price-seed2,eksjcmyh,gbm_group_cat,in_context,2,rmse,,0.3287400178736105,,0.3446613756329904,,,,,,,,0.1489449797127196,,,,,,,,,,,,1.0,1000.0,2.0,255.0,-1.0
gbm_group_cat-in_context-log_price-seed2,gr0qeath,gbm_group_cat,in_context,2,rmse,,0.2767506507259454,,0.291962933415478,,,,,,,,0.4380606481501048,,,,,,,,,,,,0.0,20.0,32.0,255.0,-1.0
gbm_group_cat-in_context-log_price-seed2,ixhhou8h,gbm_group_cat,in_context,2,rmse,,0.2978438735430864,,0.3112271961528251,,,,,,,,0.4096264371525448,,,,,,,,,,,,0.0,100.0,2.0,255.0,-1.0
gbm_group_cat-in_context-log_price-seed2,jemza1lw,gbm_group_cat,in_context,2,rmse,,0.3429427956321203,,0.3583125901925169,,,,,,,,0.013859244495551,,,,,,,,,,,,0.0,100.0,4.0,500.0,-1.0
gbm_group_cat-in_context-log_price-seed2,jw8hkp2q,gbm_group_cat,in_context,2,rmse,,0.2801611696690719,,0.2958016726358271,,,,,,,,0.0432480329052877,,,,,,,,,,,,0.0,10.0,8.0,255.0,-1.0
gbm_group_cat-in_context-log_price-seed2,mj0qad7g,gbm_group_cat,in_context,2,rmse,,0.2827333113382107,,0.2965284504828459,,,,,,,,0.0182856525100933,,,,,,,,,,,,1.0,100.0,16.0,1000.0,-1.0
gbm_group_cat-in_context-log_price-seed2,muig8v08,gbm_group_cat,in_context,2,rmse,,0.2685231394321952,,0.2832604376123122,,,,,,,,0.0988058664639341,,,,,,,,,,,,0.0,20.0,16.0,255.0,-1.0
gbm_group_cat-in_context-log_price-seed2,s0dsrw6c,gbm_group_cat,in_context,2,rmse,,0.332810542304878,,0.3453108075186478,,,,,,,,0.0814494767975024,,,,,,,,,,,,0.0,1000.0,8.0,255.0,-1.0
gbm_group_cat-in_context-log_price-seed2,urx979cj,gbm_group_cat,in_context,2,rmse,,0.3351291197151208,,0.3486625527242625,,,,,,,,0.0310546307698111,,,,,,,,,,,,0.0,1000.0,16.0,1000.0,-1.0
gbm_group_cat-in_context-log_price-seed2,x4lioauw,gbm_group_cat,in_context,2,rmse,,0.3610806064213656,,0.3759554190624346,,,,,,,,0.0247266182197764,,,,,,,,,,,,1.0,1000.0,4.0,500.0,-1.0
gbm_group_cat-in_context-log_price-seed2,xpjhvo3o,gbm_group_cat,in_context,2,rmse,,0.2717482777524211,,0.2838641056259351,,,,,,,,0.2482318741925865,,,,,,,,,,,,1.0,20.0,4.0,500.0,-1.0
gbm_group_cat-in_context-log_price-seed2,y3zrj0ny,gbm_group_cat,in_context,2,rmse,,0.3114447387387999,,0.3258530226724281,,,,,,,,0.2090966500355389,,,,,,,,,,,,1.0,1000.0,64.0,1000.0,-1.0
gbm_group_cat-in_context-log_price-seed2,ywzk4mhx,gbm_group_cat,in_context,2,rmse,,0.2988471664034315,,0.3108945995361604,,,,,,,,0.8668489138169221,,,,,,,,,,,,0.0,10.0,32.0,1000.0,-1.0
gbm_group_cat-in_context-log_price-seed2,z1awdzwa,gbm_group_cat,in_context,2,rmse,,0.2816604559524787,,0.2924905101830471,,,,,,,,0.6428191198097525,,,,,,,,,,,,1.0,20.0,8.0,500.0,-1.0
gbm_group_cat-in_context-log_price-seed2,zc0ucdjj,gbm_group_cat,in_context,2,rmse,,0.3033201758171088,,0.3178701673638068,,,,,,,,0.1271700786387963,,,,,,,,,,,,1.0,10.0,2.0,500.0,-1.0
gbm_group_cat-in_context-log_price-seed3,14suotsc,gbm_group_cat,in_context,3,rmse,,0.3305364646241678,,0.3296622959864845,,,,,,,,0.1489449797127196,,,,,,,,,,,,1.0,1000.0,2.0,255.0,-1.0
gbm_group_cat-in_context-log_price-seed3,1k4mrr6f,gbm_group_cat,in_context,3,rmse,,0.2833443621573263,,0.2845139142136917,,,,,,,,0.5342090140143507,,,,,,,,,,,,1.0,20.0,32.0,500.0,-1.0
gbm_group_cat-in_context-log_price-seed3,1kooteqc,gbm_group_cat,in_context,3,rmse,,0.3313789295017805,,0.3346605043205912,,,,,,,,0.0817147891511586,,,,,,,,,,,,0.0,1000.0,16.0,255.0,-1.0
gbm_group_cat-in_context-log_price-seed3,2f1cghsm,gbm_group_cat,in_context,3,rmse,,0.3337193791590216,,0.3362135165103951,,,,,,,,0.0652352517670139,,,,,,,,,,,,0.0,1000.0,16.0,500.0,-1.0
gbm_group_cat-in_context-log_price-seed3,3al5jnzh,gbm_group_cat,in_context,3,rmse,,0.3022020640049441,,0.3035866625931955,,,,,,,,0.4096264371525448,,,,,,,,,,,,0.0,100.0,2.0,255.0,-1.0
gbm_group_cat-in_context-log_price-seed3,5bcp7lw1,gbm_group_cat,in_context,3,rmse,,0.2852637649429337,,0.2847270276674644,,,,,,,,0.1252065381499946,,,,,,,,,,,,0.0,100.0,4.0,255.0,-1.0
gbm_group_cat-in_context-log_price-seed3,5nk2hzfk,gbm_group_cat,in_context,3,rmse,,0.3641531088020975,,0.362848342660329,,,,,,,,0.0247266182197764,,,,,,,,,,,,1.0,1000.0,4.0,500.0,-1.0
gbm_group_cat-in_context-log_price-seed3,6yf6f0k6,gbm_group_cat,in_context,3,rmse,,0.2716749446894008,,0.2732942570287774,,,,,,,,0.0988058664639341,,,,,,,,,,,,0.0,20.0,16.0,255.0,-1.0
gbm_group_cat-in_context-log_price-seed3,87lzrt2r,gbm_group_cat,in_context,3,rmse,,0.2745560187891073,,0.2765692731181827,,,,,,,,0.2482318741925865,,,,,,,,,,,,1.0,20.0,4.0,500.0,-1.0
gbm_group_cat-in_context-log_price-seed3,bqoemn4p,gbm_group_cat,in_context,3,rmse,,0.3252369001094393,,0.3251878840874488,,,,,,,,0.0725779803885817,,,,,,,,,,,,1.0,10.0,2.0,500.0,-1.0
gbm_group_cat-in_context-log_price-seed3,e4sqt7da,gbm_group_cat,in_context,3,rmse,,0.2676041398807532,,0.2698935871790951,,,,,,,,0.1183473185096848,,,,,,,,,,,,1.0,20.0,32.0,255.0,-1.0
gbm_group_cat-in_context-log_price-seed3,fk2i58jl,gbm_group_cat,in_context,3,rmse,,0.3019545915771317,,0.3032499512924309,,,,,,,,0.8668489138169221,,,,,,,,,,,,0.0,10.0,32.0,1000.0,-1.0
gbm_group_cat-in_context-log_price-seed3,gvzolxos,gbm_group_cat,in_context,3,rmse,,0.2873177042215647,,0.2885167315696664,,,,,,,,0.0109758154193801,,,,,,,,,,,,0.0,20.0,32.0,1000.0,-1.0
gbm_group_cat-in_context-log_price-seed3,h4n059ml,gbm_group_cat,in_context,3,rmse,,0.3192081226690973,,0.3235526450926522,,,,,,,,0.2090966500355389,,,,,,,,,,,,1.0,1000.0,64.0,1000.0,-1.0
gbm_group_cat-in_context-log_price-seed3,jia8ppzv,gbm_group_cat,in_context,3,rmse,,0.3396873815691533,,0.3419339260761003,,,,,,,,0.0310546307698111,,,,,,,,,,,,0.0,1000.0,16.0,1000.0,-1.0
gbm_group_cat-in_context-log_price-seed3,jwc0k68t,gbm_group_cat,in_context,3,rmse,,0.2811507338805624,,0.2849369867014955,,,,,,,,0.4380606481501048,,,,,,,,,,,,0.0,20.0,32.0,255.0,-1.0
gbm_group_cat-in_context-log_price-seed3,kb0wqsh9,gbm_group_cat,in_context,3,rmse,,0.292893316394329,,0.2938963160085554,,,,,,,,0.0235714344093274,,,,,,,,,,,,0.0,10.0,8.0,500.0,-1.0
gbm_group_cat-in_context-log_price-seed3,ldb05uqu,gbm_group_cat,in_context,3,rmse,,0.2773602106947875,,0.281584277729888,,,,,,,,0.6428191198097525,,,,,,,,,,,,1.0,20.0,8.0,500.0,-1.0
gbm_group_cat-in_context-log_price-seed3,lq94mj0z,gbm_group_cat,in_context,3,rmse,,0.3309483241566837,,0.33347689629038,,,,,,,,0.0347260839230521,,,,,,,,,,,,0.0,1000.0,32.0,500.0,-1.0
gbm_group_cat-in_context-log_price-seed3,m6kzk0wx,gbm_group_cat,in_context,3,rmse,,0.298877186863385,,0.2995638967327357,,,,,,,,0.0490572683068294,,,,,,,,,,,,0.0,100.0,4.0,500.0,-1.0
gbm_group_cat-in_context-log_price-seed3,nrlixixc,gbm_group_cat,in_context,3,rmse,,0.3098828255808561,,0.3103076078134928,,,,,,,,0.1271700786387963,,,,,,,,,,,,1.0,10.0,2.0,500.0,-1.0
gbm_group_cat-in_context-log_price-seed3,p5slh998,gbm_group_cat,in_context,3,rmse,,0.344392133528935,,0.3437049157303834,,,,,,,,0.0474589257602997,,,,,,,,,,,,0.0,10.0,2.0,500.0,-1.0
gbm_group_cat-in_context-log_price-seed3,pku30mld,gbm_group_cat,in_context,3,rmse,,0.3164757587733501,,0.317935778022379,,,,,,,,0.250587007964955,,,,,,,,,,,,1.0,1000.0,16.0,255.0,-1.0
gbm_group_cat-in_context-log_price-seed3,qck8syf3,gbm_group_cat,in_context,3,rmse,,0.3205278946229191,,0.3202284021763681,,,,,,,,0.0235110426118622,,,,,,,,,,,,0.0,20.0,4.0,1000.0,-1.0
gbm_group_cat-in_context-log_price-seed3,r9m5szqv,gbm_group_cat,in_context,3,rmse,,0.2879782907603809,,0.2887926996908621,,,,,,,,0.0182856525100933,,,,,,,,,,,,1.0,100.0,16.0,1000.0,-1.0
gbm_group_cat-in_context-log_price-seed3,vvxptu38,gbm_group_cat,in_context,3,rmse,,0.3724767842013584,,0.3710883822148,,,,,,,,0.0298960963897528,,,,,,,,,,,,1.0,20.0,2.0,500.0,-1.0
gbm_group_cat-in_context-log_price-seed3,wmj9drv5,gbm_group_cat,in_context,3,rmse,,0.3583432213971719,,0.3569397228121687,,,,,,,,0.0330251750818893,,,,,,,,,,,,1.0,1000.0,4.0,255.0,-1.0
gbm_group_cat-in_context-log_price-seed3,xiehbyu7,gbm_group_cat,in_context,3,rmse,,0.2839792416622883,,0.2861804598571186,,,,,,,,0.0432480329052877,,,,,,,,,,,,0.0,10.0,8.0,255.0,-1.0
gbm_group_cat-in_context-log_price-seed3,ym45zrvy,gbm_group_cat,in_context,3,rmse,,0.3327545810790747,,0.3349682800982072,,,,,,,,0.0814494767975024,,,,,,,,,,,,0.0,1000.0,8.0,255.0,-1.0
gbm_group_cat-in_context-log_price-seed3,yrnr83to,gbm_group_cat,in_context,3,rmse,,0.3493187648503946,,0.3489875373554739,,,,,,,,0.013859244495551,,,,,,,,,,,,0.0,100.0,4.0,500.0,-1.0
gbm_group_cat-in_context-log_price-seed3,zc7gy6fu,gbm_group_cat,in_context,3,rmse,,0.3002425579784089,,0.300684341778614,,,,,,,,0.0427421832403684,,,,,,,,,,,,1.0,20.0,4.0,500.0,-1.0
gbm_group_cat-in_context-log_price-seed3,zuestfl2,gbm_group_cat,in_context,3,rmse,,0.2923151188978495,,0.2930225791499404,,,,,,,,0.0634627667122372,,,,,,,,,,,,0.0,10.0,4.0,1000.0,-1.0
gbm_group_cat-in_context-log_price-seed4,44i3wt40,gbm_group_cat,in_context,4,rmse,,0.3403144873332953,,0.3315822594050365,,,,,,,,0.0347260839230521,,,,,,,,,,,,0.0,1000.0,32.0,500.0,-1.0
gbm_group_cat-in_context-log_price-seed4,4xbck5tr,gbm_group_cat,in_context,4,rmse,,0.3267417293423847,,0.3157478097735551,,,,,,,,0.2090966500355389,,,,,,,,,,,,1.0,1000.0,64.0,1000.0,-1.0
gbm_group_cat-in_context-log_price-seed4,51j2ow9z,gbm_group_cat,in_context,4,rmse,,0.2898451468363499,,0.2789173072820974,,,,,,,,0.6428191198097525,,,,,,,,,,,,1.0,20.0,8.0,500.0,-1.0
gbm_group_cat-in_context-log_price-seed4,6csai9xa,gbm_group_cat,in_context,4,rmse,,0.2901026400032345,,0.2805429976611034,,,,,,,,0.1252065381499946,,,,,,,,,,,,0.0,100.0,4.0,255.0,-1.0
gbm_group_cat-in_context-log_price-seed4,7kzt6spx,gbm_group_cat,in_context,4,rmse,,0.3050178218648428,,0.2964539922685212,,,,,,,,0.0427421832403684,,,,,,,,,,,,1.0,20.0,4.0,500.0,-1.0
gbm_group_cat-in_context-log_price-seed4,7mfnfhrr,gbm_group_cat,in_context,4,rmse,,0.3735349338215894,,0.3675314187629859,,,,,,,,0.0298960963897528,,,,,,,,,,,,1.0,20.0,2.0,500.0,-1.0
gbm_group_cat-in_context-log_price-seed4,87p3epw6,gbm_group_cat,in_context,4,rmse,,0.3043920319199771,,0.2957409355894696,,,,,,,,0.0490572683068294,,,,,,,,,,,,0.0,100.0,4.0,500.0,-1.0
gbm_group_cat-in_context-log_price-seed4,8h7rvau2,gbm_group_cat,in_context,4,rmse,,0.2764920820171961,,0.2632958694284333,,,,,,,,0.1183473185096848,,,,,,,,,,,,1.0,20.0,32.0,255.0,-1.0
gbm_group_cat-in_context-log_price-seed4,8pdr55vb,gbm_group_cat,in_context,4,rmse,,0.2893176239269416,,0.2771545419948746,,,,,,,,0.4380606481501048,,,,,,,,,,,,0.0,20.0,32.0,255.0,-1.0
gbm_group_cat-in_context-log_price-seed4,b0pc54tk,gbm_group_cat,in_context,4,rmse,,0.3378877356227789,,0.3281872872358356,,,,,,,,0.0652352517670139,,,,,,,,,,,,0.0,1000.0,16.0,500.0,-1.0
gbm_group_cat-in_context-log_price-seed4,b7nem6u5,gbm_group_cat,in_context,4,rmse,,0.2987930361809379,,0.2891535017184575,,,,,,,,0.0235714344093274,,,,,,,,,,,,0.0,10.0,8.0,500.0,-1.0
gbm_group_cat-in_context-log_price-seed4,ctaub1vl,gbm_group_cat,in_context,4,rmse,,0.2904171952742373,,0.2800853129086668,,,,,,,,0.0432480329052877,,,,,,,,,,,,0.0,10.0,8.0,255.0,-1.0
gbm_group_cat-in_context-log_price-seed4,d3beboo9,gbm_group_cat,in_context,4,rmse,,0.3721022378040022,,0.3641568526899577,,,,,,,,0.0247266182197764,,,,,,,,,,,,1.0,1000.0,4.0,500.0,-1.0
gbm_group_cat-in_context-log_price-seed4,dy9ld83i,gbm_group_cat,in_context,4,rmse,,0.363557373403759,,0.3558487945618043,,,,,,,,0.0330251750818893,,,,,,,,,,,,1.0,1000.0,4.0,255.0,-1.0
gbm_group_cat-in_context-log_price-seed4,ec0pwm81,gbm_group_cat,in_context,4,rmse,,0.3079543572754735,,0.3014534974998152,,,,,,,,0.4096264371525448,,,,,,,,,,,,0.0,100.0,2.0,255.0,-1.0
gbm_group_cat-in_context-log_price-seed4,hfc8nzk2,gbm_group_cat,in_context,4,rmse,,0.284307371937208,,0.2732926883484606,,,,,,,,0.2482318741925865,,,,,,,,,,,,1.0,20.0,4.0,500.0,-1.0
gbm_group_cat-in_context-log_price-seed4,hv2jrxdx,gbm_group_cat,in_context,4,rmse,,0.2932268001980313,,0.2824099941661659,,,,,,,,0.0109758154193801,,,,,,,,,,,,0.0,20.0,32.0,1000.0,-1.0
gbm_group_cat-in_context-log_price-seed4,kbt23xtz,gbm_group_cat,in_context,4,rmse,,0.3455412589946496,,0.3397311010970544,,,,,,,,0.0474589257602997,,,,,,,,,,,,0.0,10.0,2.0,500.0,-1.0
gbm_group_cat-in_context-log_price-seed4,mke6w3xf,gbm_group_cat,in_context,4,rmse,,0.3464242316366289,,0.3377625987952042,,,,,,,,0.0310546307698111,,,,,,,,,,,,0.0,1000.0,16.0,1000.0,-1.0
gbm_group_cat-in_context-log_price-seed4,nei073qq,gbm_group_cat,in_context,4,rmse,,0.3385160032315486,,0.3303503960020625,,,,,,,,0.0814494767975024,,,,,,,,,,,,0.0,1000.0,8.0,255.0,-1.0
gbm_group_cat-in_context-log_price-seed4,nfko3nf4,gbm_group_cat,in_context,4,rmse,,0.3278809718955282,,0.3187516994071918,,,,,,,,0.250587007964955,,,,,,,,,,,,1.0,1000.0,16.0,255.0,-1.0
gbm_group_cat-in_context-log_price-seed4,o59x2tdh,gbm_group_cat,in_context,4,rmse,,0.3403478083644407,,0.3311396277397073,,,,,,,,0.0817147891511586,,,,,,,,,,,,0.0,1000.0,16.0,255.0,-1.0
gbm_group_cat-in_context-log_price-seed4,o8ifezme,gbm_group_cat,in_context,4,rmse,,0.3386196145991368,,0.3310308448722449,,,,,,,,0.1489449797127196,,,,,,,,,,,,1.0,1000.0,2.0,255.0,-1.0
gbm_group_cat-in_context-log_price-seed4,ow6f9056,gbm_group_cat,in_context,4,rmse,,0.2780693089466026,,0.2665581686266325,,,,,,,,0.0988058664639341,,,,,,,,,,,,0.0,20.0,16.0,255.0,-1.0
gbm_group_cat-in_context-log_price-seed4,pfbyb5ou,gbm_group_cat,in_context,4,rmse,,0.3235722091240618,,0.3157629146471286,,,,,,,,0.0235110426118622,,,,,,,,,,,,0.0,20.0,4.0,1000.0,-1.0
gbm_group_cat-in_context-log_price-seed4,us39543n,gbm_group_cat,in_context,4,rmse,,0.3133299299295115,,0.306869904222153,,,,,,,,0.1271700786387963,,,,,,,,,,,,1.0,10.0,2.0,500.0,-1.0
gbm_group_cat-in_context-log_price-seed4,uzhik89k,gbm_group_cat,in_context,4,rmse,,0.2937170242407846,,0.2846011145048259,,,,,,,,0.0182856525100933,,,,,,,,,,,,1.0,100.0,16.0,1000.0,-1.0
gbm_group_cat-in_context-log_price-seed4,vvv5aork,gbm_group_cat,in_context,4,rmse,,0.3523176544530805,,0.3447060642735375,,,,,,,,0.013859244495551,,,,,,,,,,,,0.0,100.0,4.0,500.0,-1.0
gbm_group_cat-in_context-log_price-seed4,x3kzsp6a,gbm_group_cat,in_context,4,rmse,,0.3138956247167859,,0.3003907566465476,,,,,,,,0.8668489138169221,,,,,,,,,,,,0.0,10.0,32.0,1000.0,-1.0
gbm_group_cat-in_context-log_price-seed4,yd39nl9w,gbm_group_cat,in_context,4,rmse,,0.296686039930965,,0.287335747881187,,,,,,,,0.0634627667122372,,,,,,,,,,,,0.0,10.0,4.0,1000.0,-1.0
gbm_group_cat-in_context-log_price-seed4,ylr6u9my,gbm_group_cat,in_context,4,rmse,,0.3275096883035016,,0.3212374456226386,,,,,,,,0.0725779803885817,,,,,,,,,,,,1.0,10.0,2.0,500.0,-1.0
gbm_group_cat-in_context-log_price-seed4,z6abtf9p,gbm_group_cat,in_context,4,rmse,,0.2899586825159449,,0.2794146489254828,,,,,,,,0.5342090140143507,,,,,,,,,,,,1.0,20.0,32.0,500.0,-1.0
gbm_group_cat-few_shot-log_price-seed0,08x0hy7u,gbm_group_cat,few_shot,0,rmse,,0.4468692973214977,,0.3959365956727027,,,,,,,,0.0634627667122372,,,,,,,,,,,,0.0,10.0,4.0,1000.0,-1.0
gbm_group_cat-few_shot-log_price-seed0,0zy1alz6,gbm_group_cat,few_shot,0,rmse,,0.4453204876303763,,0.3945441719728713,,,,,,,,0.0427421832403684,,,,,,,,,,,,1.0,20.0,4.0,500.0,-1.0
gbm_group_cat-few_shot-log_price-seed0,2dqpcca6,gbm_group_cat,few_shot,0,rmse,,0.4637557605589884,,0.4195079925178923,,,,,,,,0.0109758154193801,,,,,,,,,,,,0.0,20.0,32.0,1000.0,-1.0
gbm_group_cat-few_shot-log_price-seed0,3036pgxq,gbm_group_cat,few_shot,0,rmse,,0.4462034718096798,,0.4085244685696745,,,,,,,,0.5342090140143507,,,,,,,,,,,,1.0,20.0,32.0,500.0,-1.0
gbm_group_cat-few_shot-log_price-seed0,3htxj6i4,gbm_group_cat,few_shot,0,rmse,,0.4541167840986351,,0.4088530079553928,,,,,,,,0.0988058664639341,,,,,,,,,,,,0.0,20.0,16.0,255.0,-1.0
gbm_group_cat-few_shot-log_price-seed0,42rat5mr,gbm_group_cat,few_shot,0,rmse,,0.4228617712851309,,0.3770597339007272,,,,,,,,0.0347260839230521,,,,,,,,,,,,0.0,1000.0,32.0,500.0,-1.0
gbm_group_cat-few_shot-log_price-seed0,588i0a9r,gbm_group_cat,few_shot,0,rmse,,0.439256000407037,,0.4043155383758625,,,,,,,,0.4380606481501048,,,,,,,,,,,,0.0,20.0,32.0,255.0,-1.0
gbm_group_cat-few_shot-log_price-seed0,5cozd94r,gbm_group_cat,few_shot,0,rmse,,0.4742469715859245,,0.4142470082422508,,,,,,,,0.0474589257602997,,,,,,,,,,,,0.0,10.0,2.0,500.0,-1.0
gbm_group_cat-few_shot-log_price-seed0,6xzbbrjx,gbm_group_cat,few_shot,0,rmse,,0.4199176238538024,,0.3786693901805317,,,,,,,,0.0817147891511586,,,,,,,,,,,,0.0,1000.0,16.0,255.0,-1.0
gbm_group_cat-few_shot-log_price-seed0,6yxulzzq,gbm_group_cat,few_shot,0,rmse,,0.4566829887504318,,0.4013147346421513,,,,,,,,0.0235110426118622,,,,,,,,,,,,0.0,20.0,4.0,1000.0,-1.0
gbm_group_cat-few_shot-log_price-seed0,83sxlk6r,gbm_group_cat,few_shot,0,rmse,,0.4166558311460798,,0.3745918065037061,,,,,,,,0.250587007964955,,,,,,,,,,,,1.0,1000.0,16.0,255.0,-1.0
gbm_group_cat-few_shot-log_price-seed0,8g8kxsud,gbm_group_cat,few_shot,0,rmse,,0.4452274626178882,,0.4059951333777655,,,,,,,,0.1183473185096848,,,,,,,,,,,,1.0,20.0,32.0,255.0,-1.0
gbm_group_cat-few_shot-log_price-seed0,9ul2ric4,gbm_group_cat,few_shot,0,rmse,,0.4486904656582369,,0.3958139582735043,,,,,,,,0.1252065381499946,,,,,,,,,,,,0.0,100.0,4.0,255.0,-1.0
gbm_group_cat-few_shot-log_price-seed0,eek0mjc3,gbm_group_cat,few_shot,0,rmse,,0.4607470494176608,,0.4049145246121851,,,,,,,,0.1271700786387963,,,,,,,,,,,,1.0,10.0,2.0,500.0,-1.0
gbm_group_cat-few_shot-log_price-seed0,f95g41zb,gbm_group_cat,few_shot,0,rmse,,0.4247584163362473,,0.3818913758818257,,,,,,,,0.0310546307698111,,,,,,,,,,,,0.0,1000.0,16.0,1000.0,-1.0
gbm_group_cat-few_shot-log_price-seed0,fl7jq7c8,gbm_group_cat,few_shot,0,rmse,,0.4824141333816961,,0.4326968292885624,,,,,,,,0.8668489138169221,,,,,,,,,,,,0.0,10.0,32.0,1000.0,-1.0
gbm_group_cat-few_shot-log_price-seed0,fp5hoqhq,gbm_group_cat,few_shot,0,rmse,,0.4221685290584696,,0.3735191478956441,,,,,,,,0.0814494767975024,,,,,,,,,,,,0.0,1000.0,8.0,255.0,-1.0
gbm_group_cat-few_shot-log_price-seed0,ghzhe1h6,gbm_group_cat,few_shot,0,rmse,,0.470970809931063,,0.4117675953865597,,,,,,,,0.0725779803885817,,,,,,,,,,,,1.0,10.0,2.0,500.0,-1.0
gbm_group_cat-few_shot-log_price-seed0,ijituyh0,gbm_group_cat,few_shot,0,rmse,,0.4912079951049945,,0.4334591111548384,,,,,,,,0.1489449797127196,,,,,,,,,,,,1.0,1000.0,2.0,255.0,-1.0
gbm_group_cat-few_shot-log_price-seed0,lzyl36qt,gbm_group_cat,few_shot,0,rmse,,0.4453269834386162,,0.3944953843305054,,,,,,,,0.0490572683068294,,,,,,,,,,,,0.0,100.0,4.0,500.0,-1.0
gbm_group_cat-few_shot-log_price-seed0,mu3zjwtb,gbm_group_cat,few_shot,0,rmse,,0.4461597698465828,,0.3898795122582091,,,,,,,,0.0247266182197764,,,,,,,,,,,,1.0,1000.0,4.0,500.0,-1.0
gbm_group_cat-few_shot-log_price-seed0,q1oygyto,gbm_group_cat,few_shot,0,rmse,,0.48755302372679,,0.4272422409928251,,,,,,,,0.0298960963897528,,,,,,,,,,,,1.0,20.0,2.0,500.0,-1.0
gbm_group_cat-few_shot-log_price-seed0,q8466mvy,gbm_group_cat,few_shot,0,rmse,,0.4429403919787651,,0.3884245067574853,,,,,,,,0.0330251750818893,,,,,,,,,,,,1.0,1000.0,4.0,255.0,-1.0
gbm_group_cat-few_shot-log_price-seed0,qo4cmpl8,gbm_group_cat,few_shot,0,rmse,,0.4700977756793368,,0.4130713377207645,,,,,,,,0.013859244495551,,,,,,,,,,,,0.0,100.0,4.0,500.0,-1.0
gbm_group_cat-few_shot-log_price-seed0,s6qn4u0n,gbm_group_cat,few_shot,0,rmse,,0.4509935596741173,,0.3992315862967887,,,,,,,,0.0432480329052877,,,,,,,,,,,,0.0,10.0,8.0,255.0,-1.0
gbm_group_cat-few_shot-log_price-seed0,tl9zpggp,gbm_group_cat,few_shot,0,rmse,,0.4696095734298874,,0.4194874113736362,,,,,,,,0.0182856525100933,,,,,,,,,,,,1.0,100.0,16.0,1000.0,-1.0
gbm_group_cat-few_shot-log_price-seed0,vijdv4ve,gbm_group_cat,few_shot,0,rmse,,0.4530667884248522,,0.4005741764720082,,,,,,,,0.0235714344093274,,,,,,,,,,,,0.0,10.0,8.0,500.0,-1.0
gbm_group_cat-few_shot-log_price-seed0,vlei0ph2,gbm_group_cat,few_shot,0,rmse,,0.4496944475033365,,0.3993988448889725,,,,,,,,0.2482318741925865,,,,,,,,,,,,1.0,20.0,4.0,500.0,-1.0
gbm_group_cat-few_shot-log_price-seed0,vqy9iihv,gbm_group_cat,few_shot,0,rmse,,0.4050236166900387,,0.3638331468444136,,,,,,,,0.2090966500355389,,,,,,,,,,,,1.0,1000.0,64.0,1000.0,-1.0
gbm_group_cat-few_shot-log_price-seed0,wqpyqyek,gbm_group_cat,few_shot,0,rmse,,0.4699468898004511,,0.4191929719338788,,,,,,,,0.6428191198097525,,,,,,,,,,,,1.0,20.0,8.0,500.0,-1.0
gbm_group_cat-few_shot-log_price-seed0,z3wp5t51,gbm_group_cat,few_shot,0,rmse,,0.4682184397933626,,0.4049868502509969,,,,,,,,0.4096264371525448,,,,,,,,,,,,0.0,100.0,2.0,255.0,-1.0
gbm_group_cat-few_shot-log_price-seed0,zejkn35t,gbm_group_cat,few_shot,0,rmse,,0.4170298949981474,,0.376527244490803,,,,,,,,0.0652352517670139,,,,,,,,,,,,0.0,1000.0,16.0,500.0,-1.0
gbm_group_cat-few_shot-log_price-seed1,16lk8m0t,gbm_group_cat,few_shot,1,rmse,,0.468271693706677,,0.4891836907530789,,,,,,,,0.1489449797127196,,,,,,,,,,,,1.0,1000.0,2.0,255.0,-1.0
gbm_group_cat-few_shot-log_price-seed1,47q20nnp,gbm_group_cat,few_shot,1,rmse,,0.4658784757239422,,0.5132405316980088,,,,,,,,0.8668489138169221,,,,,,,,,,,,0.0,10.0,32.0,1000.0,-1.0
gbm_group_cat-few_shot-log_price-seed1,69zmt2qf,gbm_group_cat,few_shot,1,rmse,,0.4496802877057799,,0.4908206977575718,,,,,,,,0.0109758154193801,,,,,,,,,,,,0.0,20.0,32.0,1000.0,-1.0
gbm_group_cat-few_shot-log_price-seed1,89o4g8wu,gbm_group_cat,few_shot,1,rmse,,0.4576865097357607,,0.4850662928373328,,,,,,,,0.0474589257602997,,,,,,,,,,,,0.0,10.0,2.0,500.0,-1.0
gbm_group_cat-few_shot-log_price-seed1,8tqdpnwu,gbm_group_cat,few_shot,1,rmse,,0.3938633869468371,,0.4154992771789718,,,,,,,,0.2090966500355389,,,,,,,,,,,,1.0,1000.0,64.0,1000.0,-1.0
gbm_group_cat-few_shot-log_price-seed1,95iwbq9y,gbm_group_cat,few_shot,1,rmse,,0.4052496397139662,,0.4362132686983159,,,,,,,,0.0814494767975024,,,,,,,,,,,,0.0,1000.0,8.0,255.0,-1.0
gbm_group_cat-few_shot-log_price-seed1,ac4fs95w,gbm_group_cat,few_shot,1,rmse,,0.4351024417708612,,0.4719716132579034,,,,,,,,0.0235714344093274,,,,,,,,,,,,0.0,10.0,8.0,500.0,-1.0
gbm_group_cat-few_shot-log_price-seed1,aqadqecq,gbm_group_cat,few_shot,1,rmse,,0.4302059200297012,,0.4714490012491369,,,,,,,,0.5342090140143507,,,,,,,,,,,,1.0,20.0,32.0,500.0,-1.0
gbm_group_cat-few_shot-log_price-seed1,c6x31fau,gbm_group_cat,few_shot,1,rmse,,0.4529537204872058,,0.4944906628961844,,,,,,,,0.0182856525100933,,,,,,,,,,,,1.0,100.0,16.0,1000.0,-1.0
gbm_group_cat-few_shot-log_price-seed1,cg9qdree,gbm_group_cat,few_shot,1,rmse,,0.4300733590247542,,0.4616247336565439,,,,,,,,0.0427421832403684,,,,,,,,,,,,1.0,20.0,4.0,500.0,-1.0
gbm_group_cat-few_shot-log_price-seed1,ekbthmnr,gbm_group_cat,few_shot,1,rmse,,0.4470779376205367,,0.4789142824644853,,,,,,,,0.0725779803885817,,,,,,,,,,,,1.0,10.0,2.0,500.0,-1.0
gbm_group_cat-few_shot-log_price-seed1,gdnp44dg,gbm_group_cat,few_shot,1,rmse,,0.4123009771198974,,0.4399513987703405,,,,,,,,0.0310546307698111,,,,,,,,,,,,0.0,1000.0,16.0,1000.0,-1.0
gbm_group_cat-few_shot-log_price-seed1,i9ront3d,gbm_group_cat,few_shot,1,rmse,,0.4410020128111274,,0.4764336810214924,,,,,,,,0.4380606481501048,,,,,,,,,,,,0.0,20.0,32.0,255.0,-1.0
gbm_group_cat-few_shot-log_price-seed1,irk4fxg3,gbm_group_cat,few_shot,1,rmse,,0.4086742031305439,,0.4358507358444775,,,,,,,,0.0347260839230521,,,,,,,,,,,,0.0,1000.0,32.0,500.0,-1.0
gbm_group_cat-few_shot-log_price-seed1,ja3pon2w,gbm_group_cat,few_shot,1,rmse,,0.442934116105271,,0.4826417132243415,,,,,,,,0.0988058664639341,,,,,,,,,,,,0.0,20.0,16.0,255.0,-1.0
gbm_group_cat-few_shot-log_price-seed1,jkuv2rmt,gbm_group_cat,few_shot,1,rmse,,0.4380010549806867,,0.4716801261749564,,,,,,,,0.2482318741925865,,,,,,,,,,,,1.0,20.0,4.0,500.0,-1.0
gbm_group_cat-few_shot-log_price-seed1,kiklxce2,gbm_group_cat,few_shot,1,rmse,,0.4361781230847719,,0.4736416632616575,,,,,,,,0.1183473185096848,,,,,,,,,,,,1.0,20.0,32.0,255.0,-1.0
gbm_group_cat-few_shot-log_price-seed1,lourgkcf,gbm_group_cat,few_shot,1,rmse,,0.4560207229443186,,0.4815812585739597,,,,,,,,0.013859244495551,,,,,,,,,,,,0.0,100.0,4.0,500.0,-1.0
gbm_group_cat-few_shot-log_price-seed1,m5qvfk7c,gbm_group_cat,few_shot,1,rmse,,0.4425947536177748,,0.4716131860299706,,,,,,,,0.0235110426118622,,,,,,,,,,,,0.0,20.0,4.0,1000.0,-1.0
gbm_group_cat-few_shot-log_price-seed1,oc7ykupz,gbm_group_cat,few_shot,1,rmse,,0.4060996444936632,,0.4337932738708229,,,,,,,,0.0652352517670139,,,,,,,,,,,,0.0,1000.0,16.0,500.0,-1.0
gbm_group_cat-few_shot-log_price-seed1,or2fu269,gbm_group_cat,few_shot,1,rmse,,0.4331843567204742,,0.4691324849185678,,,,,,,,0.0432480329052877,,,,,,,,,,,,0.0,10.0,8.0,255.0,-1.0
gbm_group_cat-few_shot-log_price-seed1,otmir5zf,gbm_group_cat,few_shot,1,rmse,,0.4420884542399594,,0.4725889034521353,,,,,,,,0.1271700786387963,,,,,,,,,,,,1.0,10.0,2.0,500.0,-1.0
gbm_group_cat-few_shot-log_price-seed1,rkw2zayj,gbm_group_cat,few_shot,1,rmse,,0.4040620058939739,,0.4300002832129285,,,,,,,,0.250587007964955,,,,,,,,,,,,1.0,1000.0,16.0,255.0,-1.0
gbm_group_cat-few_shot-log_price-seed1,sd8eaeic,gbm_group_cat,few_shot,1,rmse,,0.4318680761955924,,0.4596906969346427,,,,,,,,0.0247266182197764,,,,,,,,,,,,1.0,1000.0,4.0,500.0,-1.0
gbm_group_cat-few_shot-log_price-seed1,svs3lrb7,gbm_group_cat,few_shot,1,rmse,,0.4298314979505807,,0.4622880486432145,,,,,,,,0.0490572683068294,,,,,,,,,,,,0.0,100.0,4.0,500.0,-1.0
gbm_group_cat-few_shot-log_price-seed1,tihn3kkt,gbm_group_cat,few_shot,1,rmse,,0.4088591436200501,,0.4327661488910248,,,,,,,,0.0817147891511586,,,,,,,,,,,,0.0,1000.0,16.0,255.0,-1.0
gbm_group_cat-few_shot-log_price-seed1,uc47iahp,gbm_group_cat,few_shot,1,rmse,,0.4519245785485974,,0.4888256070586765,,,,,,,,0.6428191198097525,,,,,,,,,,,,1.0,20.0,8.0,500.0,-1.0
gbm_group_cat-few_shot-log_price-seed1,uwuxuu10,gbm_group_cat,few_shot,1,rmse,,0.4259056432396422,,0.4553971964750338,,,,,,,,0.0330251750818893,,,,,,,,,,,,1.0,1000.0,4.0,255.0,-1.0
gbm_group_cat-few_shot-log_price-seed1,v9tg569l,gbm_group_cat,few_shot,1,rmse,,0.4705734004098756,,0.4918957514600689,,,,,,,,0.0298960963897528,,,,,,,,,,,,1.0,20.0,2.0,500.0,-1.0
gbm_group_cat-few_shot-log_price-seed1,wyyrmid3,gbm_group_cat,few_shot,1,rmse,,0.4528328588728394,,0.4891061506831503,,,,,,,,0.4096264371525448,,,,,,,,,,,,0.0,100.0,2.0,255.0,-1.0
gbm_group_cat-few_shot-log_price-seed1,x93g3wdb,gbm_group_cat,few_shot,1,rmse,,0.4306036822426308,,0.4643270195199606,,,,,,,,0.0634627667122372,,,,,,,,,,,,0.0,10.0,4.0,1000.0,-1.0
gbm_group_cat-few_shot-log_price-seed1,yizl6b7w,gbm_group_cat,few_shot,1,rmse,,0.4341359950658464,,0.4666084465324443,,,,,,,,0.1252065381499946,,,,,,,,,,,,0.0,100.0,4.0,255.0,-1.0
gbm_group_cat-few_shot-log_price-seed2,0b864zfx,gbm_group_cat,few_shot,2,rmse,,0.4293302174317682,,0.5487575164663162,,,,,,,,0.1489449797127196,,,,,,,,,,,,1.0,1000.0,2.0,255.0,-1.0
gbm_group_cat-few_shot-log_price-seed2,11iw86cb,gbm_group_cat,few_shot,2,rmse,,0.3998570274761133,,0.5242588941153332,,,,,,,,0.0490572683068294,,,,,,,,,,,,0.0,100.0,4.0,500.0,-1.0
gbm_group_cat-few_shot-log_price-seed2,18d2a6h9,gbm_group_cat,few_shot,2,rmse,,0.3742700639065868,,0.4830202640890069,,,,,,,,0.0652352517670139,,,,,,,,,,,,0.0,1000.0,16.0,500.0,-1.0
gbm_group_cat-few_shot-log_price-seed2,1yjm72i8,gbm_group_cat,few_shot,2,rmse,,0.4227240813752571,,0.5421602783978151,,,,,,,,0.0474589257602997,,,,,,,,,,,,0.0,10.0,2.0,500.0,-1.0
gbm_group_cat-few_shot-log_price-seed2,26u1w4wn,gbm_group_cat,few_shot,2,rmse,,0.3764277030062505,,0.487001108362264,,,,,,,,0.0310546307698111,,,,,,,,,,,,0.0,1000.0,16.0,1000.0,-1.0
gbm_group_cat-few_shot-log_price-seed2,29w2b0w8,gbm_group_cat,few_shot,2,rmse,,0.4001364665068089,,0.5246815782540697,,,,,,,,0.0432480329052877,,,,,,,,,,,,0.0,10.0,8.0,255.0,-1.0
gbm_group_cat-few_shot-log_price-seed2,342ehoij,gbm_group_cat,few_shot,2,rmse,,0.3758919322877336,,0.4839768197879278,,,,,,,,0.0814494767975024,,,,,,,,,,,,0.0,1000.0,8.0,255.0,-1.0
gbm_group_cat-few_shot-log_price-seed2,5mlytkzz,gbm_group_cat,few_shot,2,rmse,,0.4191559801235573,,0.5397195799731733,,,,,,,,0.4096264371525448,,,,,,,,,,,,0.0,100.0,2.0,255.0,-1.0
gbm_group_cat-few_shot-log_price-seed2,76rw3efk,gbm_group_cat,few_shot,2,rmse,,0.396296945497492,,0.5095821622938551,,,,,,,,0.0247266182197764,,,,,,,,,,,,1.0,1000.0,4.0,500.0,-1.0
gbm_group_cat-few_shot-log_price-seed2,78lg2ksa,gbm_group_cat,few_shot,2,rmse,,0.4019532608620962,,0.5266059041496257,,,,,,,,0.1183473185096848,,,,,,,,,,,,1.0,20.0,32.0,255.0,-1.0
gbm_group_cat-few_shot-log_price-seed2,9d7liyhk,gbm_group_cat,few_shot,2,rmse,,0.3631693473525156,,0.4619643053675957,,,,,,,,0.2090966500355389,,,,,,,,,,,,1.0,1000.0,64.0,1000.0,-1.0
gbm_group_cat-few_shot-log_price-seed2,9wfqz37g,gbm_group_cat,few_shot,2,rmse,,0.4060633762590316,,0.526340552826497,,,,,,,,0.4380606481501048,,,,,,,,,,,,0.0,20.0,32.0,255.0,-1.0
gbm_group_cat-few_shot-log_price-seed2,bk8cg7b1,gbm_group_cat,few_shot,2,rmse,,0.4153896487613854,,0.5400103516214948,,,,,,,,0.6428191198097525,,,,,,,,,,,,1.0,20.0,8.0,500.0,-1.0
gbm_group_cat-few_shot-log_price-seed2,bpm3ydpt,gbm_group_cat,few_shot,2,rmse,,0.4119197985338854,,0.534526104372605,,,,,,,,0.0725779803885817,,,,,,,,,,,,1.0,10.0,2.0,500.0,-1.0
gbm_group_cat-few_shot-log_price-seed2,d73f63e8,gbm_group_cat,few_shot,2,rmse,,0.4036011567149228,,0.5296767404007702,,,,,,,,0.0235714344093274,,,,,,,,,,,,0.0,10.0,8.0,500.0,-1.0
gbm_group_cat-few_shot-log_price-seed2,e01q7si6,gbm_group_cat,few_shot,2,rmse,,0.4091921218626984,,0.5345550228829777,,,,,,,,0.0988058664639341,,,,,,,,,,,,0.0,20.0,16.0,255.0,-1.0
gbm_group_cat-few_shot-log_price-seed2,e7tddyzm,gbm_group_cat,few_shot,2,rmse,,0.398727771385912,,0.524760276120814,,,,,,,,0.0634627667122372,,,,,,,,,,,,0.0,10.0,4.0,1000.0,-1.0
gbm_group_cat-few_shot-log_price-seed2,ej22w33g,gbm_group_cat,few_shot,2,rmse,,0.4153597737401114,,0.5383004943455528,,,,,,,,0.013859244495551,,,,,,,,,,,,0.0,100.0,4.0,500.0,-1.0
gbm_group_cat-few_shot-log_price-seed2,ft89gv0d,gbm_group_cat,few_shot,2,rmse,,0.3727838540096785,,0.4816781554367134,,,,,,,,0.0817147891511586,,,,,,,,,,,,0.0,1000.0,16.0,255.0,-1.0
gbm_group_cat-few_shot-log_price-seed2,ho77uy16,gbm_group_cat,few_shot,2,rmse,,0.4264532116874731,,0.54499339301046,,,,,,,,0.0298960963897528,,,,,,,,,,,,1.0,20.0,2.0,500.0,-1.0
gbm_group_cat-few_shot-log_price-seed2,ili7x01m,gbm_group_cat,few_shot,2,rmse,,0.3967347198122028,,0.5204499771263814,,,,,,,,0.5342090140143507,,,,,,,,,,,,1.0,20.0,32.0,500.0,-1.0
gbm_group_cat-few_shot-log_price-seed2,k6ckqv23,gbm_group_cat,few_shot,2,rmse,,0.4061452240550413,,0.5292119427755995,,,,,,,,0.0235110426118622,,,,,,,,,,,,0.0,20.0,4.0,1000.0,-1.0
gbm_group_cat-few_shot-log_price-seed2,mc9wvuwr,gbm_group_cat,few_shot,2,rmse,,0.3998819862989345,,0.5230538308327718,,,,,,,,0.0427421832403684,,,,,,,,,,,,1.0,20.0,4.0,500.0,-1.0
gbm_group_cat-few_shot-log_price-seed2,p0hdooks,gbm_group_cat,few_shot,2,rmse,,0.4015908290348946,,0.5273736485743636,,,,,,,,0.1252065381499946,,,,,,,,,,,,0.0,100.0,4.0,255.0,-1.0
gbm_group_cat-few_shot-log_price-seed2,pppg2f4i,gbm_group_cat,few_shot,2,rmse,,0.3799539174645894,,0.4885777280689782,,,,,,,,0.0347260839230521,,,,,,,,,,,,0.0,1000.0,32.0,500.0,-1.0
gbm_group_cat-few_shot-log_price-seed2,pwv7cevf,gbm_group_cat,few_shot,2,rmse,,0.4175706961545598,,0.546886444343403,,,,,,,,0.0182856525100933,,,,,,,,,,,,1.0,100.0,16.0,1000.0,-1.0
gbm_group_cat-few_shot-log_price-seed2,spwkz4bi,gbm_group_cat,few_shot,2,rmse,,0.4223497025672379,,0.5483165664532577,,,,,,,,0.8668489138169221,,,,,,,,,,,,0.0,10.0,32.0,1000.0,-1.0
gbm_group_cat-few_shot-log_price-seed2,ty9px5wp,gbm_group_cat,few_shot,2,rmse,,0.3694980847988432,,0.4713393546427925,,,,,,,,0.250587007964955,,,,,,,,,,,,1.0,1000.0,16.0,255.0,-1.0
gbm_group_cat-few_shot-log_price-seed2,uz680v4c,gbm_group_cat,few_shot,2,rmse,,0.4034409911985136,,0.5286159051306991,,,,,,,,0.2482318741925865,,,,,,,,,,,,1.0,20.0,4.0,500.0,-1.0
gbm_group_cat-few_shot-log_price-seed2,v7ti1yzh,gbm_group_cat,few_shot,2,rmse,,0.4171573464771845,,0.5447184294929165,,,,,,,,0.0109758154193801,,,,,,,,,,,,0.0,20.0,32.0,1000.0,-1.0
gbm_group_cat-few_shot-log_price-seed2,yw0tlkxb,gbm_group_cat,few_shot,2,rmse,,0.3926828568402742,,0.501781132087306,,,,,,,,0.0330251750818893,,,,,,,,,,,,1.0,1000.0,4.0,255.0,-1.0
gbm_group_cat-few_shot-log_price-seed2,ze43p0p6,gbm_group_cat,few_shot,2,rmse,,0.4124995894672267,,0.5335956914606523,,,,,,,,0.1271700786387963,,,,,,,,,,,,1.0,10.0,2.0,500.0,-1.0
gbm_group_cat-few_shot-log_price-seed3,0b7dd26q,gbm_group_cat,few_shot,3,rmse,,0.4430413686604934,,0.4133708883234465,,,,,,,,0.0725779803885817,,,,,,,,,,,,1.0,10.0,2.0,500.0,-1.0
gbm_group_cat-few_shot-log_price-seed3,11dcsh9v,gbm_group_cat,few_shot,3,rmse,,0.4640835887816774,,0.434986156807318,,,,,,,,0.0298960963897528,,,,,,,,,,,,1.0,20.0,2.0,500.0,-1.0
gbm_group_cat-few_shot-log_price-seed3,5dl3azrr,gbm_group_cat,few_shot,3,rmse,,0.4324790408757599,,0.400659290537738,,,,,,,,0.0634627667122372,,,,,,,,,,,,0.0,10.0,4.0,1000.0,-1.0
gbm_group_cat-few_shot-log_price-seed3,74z0tlkd,gbm_group_cat,few_shot,3,rmse,,0.4378401834170881,,0.4091679662889134,,,,,,,,0.1271700786387963,,,,,,,,,,,,1.0,10.0,2.0,500.0,-1.0
gbm_group_cat-few_shot-log_price-seed3,9guc3rr2,gbm_group_cat,few_shot,3,rmse,,0.4317014291906652,,0.4006206558158879,,,,,,,,0.0427421832403684,,,,,,,,,,,,1.0,20.0,4.0,500.0,-1.0
gbm_group_cat-few_shot-log_price-seed3,9ra9bbmi,gbm_group_cat,few_shot,3,rmse,,0.4781096275591762,,0.4134578010051485,,,,,,,,0.6428191198097525,,,,,,,,,,,,1.0,20.0,8.0,500.0,-1.0
gbm_group_cat-few_shot-log_price-seed3,a2doc53e,gbm_group_cat,few_shot,3,rmse,,0.4483663960064891,,0.4016275955249771,,,,,,,,0.0235714344093274,,,,,,,,,,,,0.0,10.0,8.0,500.0,-1.0
gbm_group_cat-few_shot-log_price-seed3,btacwiuf,gbm_group_cat,few_shot,3,rmse,,0.4510070916581877,,0.422240153752741,,,,,,,,0.0474589257602997,,,,,,,,,,,,0.0,10.0,2.0,500.0,-1.0
gbm_group_cat-few_shot-log_price-seed3,cbbuxn6o,gbm_group_cat,few_shot,3,rmse,,0.3996049648425827,,0.3666927974012862,,,,,,,,0.2090966500355389,,,,,,,,,,,,1.0,1000.0,64.0,1000.0,-1.0
gbm_group_cat-few_shot-log_price-seed3,fiz18s4f,gbm_group_cat,few_shot,3,rmse,,0.4325592368452251,,0.4022776525040604,,,,,,,,0.0490572683068294,,,,,,,,,,,,0.0,100.0,4.0,500.0,-1.0
gbm_group_cat-few_shot-log_price-seed3,fnfcaqzp,gbm_group_cat,few_shot,3,rmse,,0.4701828481900602,,0.4465739368324617,,,,,,,,0.1489449797127196,,,,,,,,,,,,1.0,1000.0,2.0,255.0,-1.0
gbm_group_cat-few_shot-log_price-seed3,g62l998f,gbm_group_cat,few_shot,3,rmse,,0.4764879089295114,,0.4048120726304093,,,,,,,,0.8668489138169221,,,,,,,,,,,,0.0,10.0,32.0,1000.0,-1.0
gbm_group_cat-few_shot-log_price-seed3,gx0xnqs4,gbm_group_cat,few_shot,3,rmse,,0.4417531772381039,,0.4100949838644042,,,,,,,,0.0235110426118622,,,,,,,,,,,,0.0,20.0,4.0,1000.0,-1.0
gbm_group_cat-few_shot-log_price-seed3,i880rz3i,gbm_group_cat,few_shot,3,rmse,,0.4133669827662224,,0.3825638087738738,,,,,,,,0.0310546307698111,,,,,,,,,,,,0.0,1000.0,16.0,1000.0,-1.0
gbm_group_cat-few_shot-log_price-seed3,ibypotx9,gbm_group_cat,few_shot,3,rmse,,0.4540123754274165,,0.4228584401141546,,,,,,,,0.013859244495551,,,,,,,,,,,,0.0,100.0,4.0,500.0,-1.0
gbm_group_cat-few_shot-log_price-seed3,jub7ld51,gbm_group_cat,few_shot,3,rmse,,0.4230701166163165,,0.4095396357120358,,,,,,,,0.0247266182197764,,,,,,,,,,,,1.0,1000.0,4.0,500.0,-1.0
gbm_group_cat-few_shot-log_price-seed3,juqkawbl,gbm_group_cat,few_shot,3,rmse,,0.4624317152470566,,0.4031398209797136,,,,,,,,0.0988058664639341,,,,,,,,,,,,0.0,20.0,16.0,255.0,-1.0
gbm_group_cat-few_shot-log_price-seed3,k591ypup,gbm_group_cat,few_shot,3,rmse,,0.4384160750466305,,0.4031455238130766,,,,,,,,0.2482318741925865,,,,,,,,,,,,1.0,20.0,4.0,500.0,-1.0
gbm_group_cat-few_shot-log_price-seed3,kmzcjqe6,gbm_group_cat,few_shot,3,rmse,,0.4475282049359089,,0.3931488107909021,,,,,,,,0.1183473185096848,,,,,,,,,,,,1.0,20.0,32.0,255.0,-1.0
gbm_group_cat-few_shot-log_price-seed3,li3ab6z3,gbm_group_cat,few_shot,3,rmse,,0.4199447426546428,,0.4057634349961152,,,,,,,,0.0330251750818893,,,,,,,,,,,,1.0,1000.0,4.0,255.0,-1.0
gbm_group_cat-few_shot-log_price-seed3,lzay7dmj,gbm_group_cat,few_shot,3,rmse,,0.4476110387398608,,0.4009659504233388,,,,,,,,0.0432480329052877,,,,,,,,,,,,0.0,10.0,8.0,255.0,-1.0
gbm_group_cat-few_shot-log_price-seed3,mupllsym,gbm_group_cat,few_shot,3,rmse,,0.4065636677909686,,0.371838213812912,,,,,,,,0.250587007964955,,,,,,,,,,,,1.0,1000.0,16.0,255.0,-1.0
gbm_group_cat-few_shot-log_price-seed3,p75vb2ur,gbm_group_cat,few_shot,3,rmse,,0.4347943347559034,,0.4043871018200552,,,,,,,,0.1252065381499946,,,,,,,,,,,,0.0,100.0,4.0,255.0,-1.0
gbm_group_cat-few_shot-log_price-seed3,qv8w1dr9,gbm_group_cat,few_shot,3,rmse,,0.4521576693730514,,0.3991513660026719,,,,,,,,0.5342090140143507,,,,,,,,,,,,1.0,20.0,32.0,500.0,-1.0
gbm_group_cat-few_shot-log_price-seed3,rkmgjs8e,gbm_group_cat,few_shot,3,rmse,,0.4679253331757991,,0.4071033691915621,,,,,,,,0.0182856525100933,,,,,,,,,,,,1.0,100.0,16.0,1000.0,-1.0
gbm_group_cat-few_shot-log_price-seed3,ueg8tqm6,gbm_group_cat,few_shot,3,rmse,,0.4651882841319496,,0.4061882107932855,,,,,,,,0.0109758154193801,,,,,,,,,,,,0.0,20.0,32.0,1000.0,-1.0
gbm_group_cat-few_shot-log_price-seed3,utbmawmx,gbm_group_cat,few_shot,3,rmse,,0.463273343086139,,0.4220291811669013,,,,,,,,0.4096264371525448,,,,,,,,,,,,0.0,100.0,2.0,255.0,-1.0
gbm_group_cat-few_shot-log_price-seed3,vkhmcvnm,gbm_group_cat,few_shot,3,rmse,,0.4102003754146102,,0.3785676094098585,,,,,,,,0.0817147891511586,,,,,,,,,,,,0.0,1000.0,16.0,255.0,-1.0
gbm_group_cat-few_shot-log_price-seed3,vr6gjfbz,gbm_group_cat,few_shot,3,rmse,,0.4120645955847971,,0.3822586761429873,,,,,,,,0.0814494767975024,,,,,,,,,,,,0.0,1000.0,8.0,255.0,-1.0
gbm_group_cat-few_shot-log_price-seed3,x6gckr2w,gbm_group_cat,few_shot,3,rmse,,0.4074326745082238,,0.3788391888104466,,,,,,,,0.0652352517670139,,,,,,,,,,,,0.0,1000.0,16.0,500.0,-1.0
gbm_group_cat-few_shot-log_price-seed3,ycokd0od,gbm_group_cat,few_shot,3,rmse,,0.4128147927348785,,0.3786826360057239,,,,,,,,0.0347260839230521,,,,,,,,,,,,0.0,1000.0,32.0,500.0,-1.0
gbm_group_cat-few_shot-log_price-seed3,zxf8dgia,gbm_group_cat,few_shot,3,rmse,,0.4670144447220811,,0.4054069906758615,,,,,,,,0.4380606481501048,,,,,,,,,,,,0.0,20.0,32.0,255.0,-1.0
gbm_group_cat-few_shot-log_price-seed4,2jieq3un,gbm_group_cat,few_shot,4,rmse,,0.394441696293037,,0.4098401056743584,,,,,,,,0.0817147891511586,,,,,,,,,,,,0.0,1000.0,16.0,255.0,-1.0
gbm_group_cat-few_shot-log_price-seed4,2s1pmyke,gbm_group_cat,few_shot,4,rmse,,0.3914465714561687,,0.4063687500999261,,,,,,,,0.250587007964955,,,,,,,,,,,,1.0,1000.0,16.0,255.0,-1.0
gbm_group_cat-few_shot-log_price-seed4,4j0rye60,gbm_group_cat,few_shot,4,rmse,,0.4320122486004344,,0.4733464617245209,,,,,,,,0.1271700786387963,,,,,,,,,,,,1.0,10.0,2.0,500.0,-1.0
gbm_group_cat-few_shot-log_price-seed4,51h49uzv,gbm_group_cat,few_shot,4,rmse,,0.4199242846937045,,0.4612493510664292,,,,,,,,0.2482318741925865,,,,,,,,,,,,1.0,20.0,4.0,500.0,-1.0
gbm_group_cat-few_shot-log_price-seed4,86znjac8,gbm_group_cat,few_shot,4,rmse,,0.4368216364822288,,0.4737801572803563,,,,,,,,0.6428191198097525,,,,,,,,,,,,1.0,20.0,8.0,500.0,-1.0
gbm_group_cat-few_shot-log_price-seed4,a3hwsdn8,gbm_group_cat,few_shot,4,rmse,,0.4182764802432326,,0.4548188010968052,,,,,,,,0.0634627667122372,,,,,,,,,,,,0.0,10.0,4.0,1000.0,-1.0
gbm_group_cat-few_shot-log_price-seed4,a92hp8yi,gbm_group_cat,few_shot,4,rmse,,0.4400190308884767,,0.4763140793142422,,,,,,,,0.0182856525100933,,,,,,,,,,,,1.0,100.0,16.0,1000.0,-1.0
gbm_group_cat-few_shot-log_price-seed4,b1hd6mky,gbm_group_cat,few_shot,4,rmse,,0.3956470086618653,,0.4113841049194086,,,,,,,,0.0652352517670139,,,,,,,,,,,,0.0,1000.0,16.0,500.0,-1.0
gbm_group_cat-few_shot-log_price-seed4,baxp7qna,gbm_group_cat,few_shot,4,rmse,,0.4020590829423681,,0.409798837804348,,,,,,,,0.0814494767975024,,,,,,,,,,,,0.0,1000.0,8.0,255.0,-1.0
gbm_group_cat-few_shot-log_price-seed4,bsp8itlr,gbm_group_cat,few_shot,4,rmse,,0.4243972136139742,,0.4624600937017146,,,,,,,,0.0235714344093274,,,,,,,,,,,,0.0,10.0,8.0,500.0,-1.0
gbm_group_cat-few_shot-log_price-seed4,e4lkjd3v,gbm_group_cat,few_shot,4,rmse,,0.4355073283911214,,0.4782652935763162,,,,,,,,0.0109758154193801,,,,,,,,,,,,0.0,20.0,32.0,1000.0,-1.0
gbm_group_cat-few_shot-log_price-seed4,etx2peut,gbm_group_cat,few_shot,4,rmse,,0.4354184017318536,,0.4773595304108735,,,,,,,,0.0474589257602997,,,,,,,,,,,,0.0,10.0,2.0,500.0,-1.0
gbm_group_cat-few_shot-log_price-seed4,g2gjzo32,gbm_group_cat,few_shot,4,rmse,,0.4312526003345372,,0.4403097378188184,,,,,,,,0.0247266182197764,,,,,,,,,,,,1.0,1000.0,4.0,500.0,-1.0
gbm_group_cat-few_shot-log_price-seed4,h6o2cu31,gbm_group_cat,few_shot,4,rmse,,0.4363076238973701,,0.4683941959120357,,,,,,,,0.013859244495551,,,,,,,,,,,,0.0,100.0,4.0,500.0,-1.0
gbm_group_cat-few_shot-log_price-seed4,hck5fp6s,gbm_group_cat,few_shot,4,rmse,,0.4324590485666748,,0.4734385374301427,,,,,,,,0.1183473185096848,,,,,,,,,,,,1.0,20.0,32.0,255.0,-1.0
gbm_group_cat-few_shot-log_price-seed4,kgrw1rge,gbm_group_cat,few_shot,4,rmse,,0.4338430644418374,,0.4715300261242197,,,,,,,,0.4096264371525448,,,,,,,,,,,,0.0,100.0,2.0,255.0,-1.0
gbm_group_cat-few_shot-log_price-seed4,mgygq03d,gbm_group_cat,few_shot,4,rmse,,0.400863743864124,,0.4143829945993146,,,,,,,,0.0347260839230521,,,,,,,,,,,,0.0,1000.0,32.0,500.0,-1.0
gbm_group_cat-few_shot-log_price-seed4,mlc2vgk8,gbm_group_cat,few_shot,4,rmse,,0.3783867715212194,,0.395804597270269,,,,,,,,0.2090966500355389,,,,,,,,,,,,1.0,1000.0,64.0,1000.0,-1.0
gbm_group_cat-few_shot-log_price-seed4,ms21ri70,gbm_group_cat,few_shot,4,rmse,,0.4278389884154973,,0.4604613601445559,,,,,,,,0.0490572683068294,,,,,,,,,,,,0.0,100.0,4.0,500.0,-1.0
gbm_group_cat-few_shot-log_price-seed4,nnlqmzo8,gbm_group_cat,few_shot,4,rmse,,0.4419928561737064,,0.4797105697377681,,,,,,,,0.8668489138169221,,,,,,,,,,,,0.0,10.0,32.0,1000.0,-1.0
gbm_group_cat-few_shot-log_price-seed4,nqmwrmt1,gbm_group_cat,few_shot,4,rmse,,0.4440009852183109,,0.4833873027137529,,,,,,,,0.0725779803885817,,,,,,,,,,,,1.0,10.0,2.0,500.0,-1.0
gbm_group_cat-few_shot-log_price-seed4,o00diimh,gbm_group_cat,few_shot,4,rmse,,0.4184002101557858,,0.4549596331100757,,,,,,,,0.0427421832403684,,,,,,,,,,,,1.0,20.0,4.0,500.0,-1.0
gbm_group_cat-few_shot-log_price-seed4,omo2ca20,gbm_group_cat,few_shot,4,rmse,,0.4318768048834272,,0.4628075796759617,,,,,,,,0.4380606481501048,,,,,,,,,,,,0.0,20.0,32.0,255.0,-1.0
gbm_group_cat-few_shot-log_price-seed4,p8jqf635,gbm_group_cat,few_shot,4,rmse,,0.4211058902504945,,0.4579411434893801,,,,,,,,0.0432480329052877,,,,,,,,,,,,0.0,10.0,8.0,255.0,-1.0
gbm_group_cat-few_shot-log_price-seed4,r6wbywad,gbm_group_cat,few_shot,4,rmse,,0.4370639268846569,,0.4732938212572818,,,,,,,,0.5342090140143507,,,,,,,,,,,,1.0,20.0,32.0,500.0,-1.0
gbm_group_cat-few_shot-log_price-seed4,rljx500r,gbm_group_cat,few_shot,4,rmse,,0.4211111515938744,,0.4273336005796559,,,,,,,,0.0330251750818893,,,,,,,,,,,,1.0,1000.0,4.0,255.0,-1.0
gbm_group_cat-few_shot-log_price-seed4,s05th2ra,gbm_group_cat,few_shot,4,rmse,,0.4428788067684589,,0.4789797660939319,,,,,,,,0.0298960963897528,,,,,,,,,,,,1.0,20.0,2.0,500.0,-1.0
gbm_group_cat-few_shot-log_price-seed4,t5cd2rqe,gbm_group_cat,few_shot,4,rmse,,0.4325583391333558,,0.474561379936364,,,,,,,,0.0988058664639341,,,,,,,,,,,,0.0,20.0,16.0,255.0,-1.0
gbm_group_cat-few_shot-log_price-seed4,uj7q4kkg,gbm_group_cat,few_shot,4,rmse,,0.4562357097550417,,0.4829516166647786,,,,,,,,0.1489449797127196,,,,,,,,,,,,1.0,1000.0,2.0,255.0,-1.0
gbm_group_cat-few_shot-log_price-seed4,y04q31lz,gbm_group_cat,few_shot,4,rmse,,0.4261660452657645,,0.4604032333836242,,,,,,,,0.0235110426118622,,,,,,,,,,,,0.0,20.0,4.0,1000.0,-1.0
gbm_group_cat-few_shot-log_price-seed4,z0497hof,gbm_group_cat,few_shot,4,rmse,,0.4006229030573647,,0.4128365660635534,,,,,,,,0.0310546307698111,,,,,,,,,,,,0.0,1000.0,16.0,1000.0,-1.0
gbm_group_cat-few_shot-log_price-seed4,zgofqg8w,gbm_group_cat,few_shot,4,rmse,,0.4200710407219885,,0.4582875082951745,,,,,,,,0.1252065381499946,,,,,,,,,,,,0.0,100.0,4.0,255.0,-1.0
gbm_no_group-in_context-log_price-seed0,2hd1wyq3,gbm_no_group,in_context,0,rmse,,0.3858749556932634,,0.3907151577295894,,,,,,,,0.0634627667122372,,,,,,,,,,,,0.0,10.0,4.0,1000.0,-1.0
gbm_no_group-in_context-log_price-seed0,2kks68vh,gbm_no_group,in_context,0,rmse,,0.4166953185866578,,0.4196418859171994,,,,,,,,0.0247266182197764,,,,,,,,,,,,1.0,1000.0,4.0,500.0,-1.0
gbm_no_group-in_context-log_price-seed0,31bvh7n8,gbm_no_group,in_context,0,rmse,,0.4208335443764343,,0.4245359820067372,,,,,,,,0.0474589257602997,,,,,,,,,,,,0.0,10.0,2.0,500.0,-1.0
gbm_no_group-in_context-log_price-seed0,3ajxezwe,gbm_no_group,in_context,0,rmse,,0.414244950186192,,0.4183470894994204,,,,,,,,0.0725779803885817,,,,,,,,,,,,1.0,10.0,2.0,500.0,-1.0
gbm_no_group-in_context-log_price-seed0,4flqdc0r,gbm_no_group,in_context,0,rmse,,0.350519162079325,,0.3532140989220143,,,,,,,,0.1183473185096848,,,,,,,,,,,,1.0,20.0,32.0,255.0,-1.0
gbm_no_group-in_context-log_price-seed0,52qsp03o,gbm_no_group,in_context,0,rmse,,0.3612898933809477,,0.3665905063276967,,,,,,,,0.5342090140143507,,,,,,,,,,,,1.0,20.0,32.0,500.0,-1.0
gbm_no_group-in_context-log_price-seed0,55j9dwr6,gbm_no_group,in_context,0,rmse,,0.3714638833149895,,0.3741835991236317,,,,,,,,0.250587007964955,,,,,,,,,,,,1.0,1000.0,16.0,255.0,-1.0
gbm_no_group-in_context-log_price-seed0,72gnra2u,gbm_no_group,in_context,0,rmse,,0.4049188477828034,,0.4090938507651031,,,,,,,,0.4096264371525448,,,,,,,,,,,,0.0,100.0,2.0,255.0,-1.0
gbm_no_group-in_context-log_price-seed0,a9ymewe1,gbm_no_group,in_context,0,rmse,,0.3666804970437522,,0.3708294419786216,,,,,,,,0.2482318741925865,,,,,,,,,,,,1.0,20.0,4.0,500.0,-1.0
gbm_no_group-in_context-log_price-seed0,ahkphu9r,gbm_no_group,in_context,0,rmse,,0.3791805458727068,,0.381563726178604,,,,,,,,0.0817147891511586,,,,,,,,,,,,0.0,1000.0,16.0,255.0,-1.0
gbm_no_group-in_context-log_price-seed0,astbesws,gbm_no_group,in_context,0,rmse,,0.3873051351931016,,0.3894247756628223,,,,,,,,0.0814494767975024,,,,,,,,,,,,0.0,1000.0,8.0,255.0,-1.0
gbm_no_group-in_context-log_price-seed0,chdrkggv,gbm_no_group,in_context,0,rmse,,0.4185863648848509,,0.4226565281241659,,,,,,,,0.013859244495551,,,,,,,,,,,,0.0,100.0,4.0,500.0,-1.0
gbm_no_group-in_context-log_price-seed0,csrn0q5g,gbm_no_group,in_context,0,rmse,,0.3805546202205417,,0.3832310143405082,,,,,,,,0.0182856525100933,,,,,,,,,,,,1.0,100.0,16.0,1000.0,-1.0
gbm_no_group-in_context-log_price-seed0,eo8zz5cr,gbm_no_group,in_context,0,rmse,,0.36367948586598,,0.3660876125870351,,,,,,,,0.2090966500355389,,,,,,,,,,,,1.0,1000.0,64.0,1000.0,-1.0
gbm_no_group-in_context-log_price-seed0,fm6jnjxn,gbm_no_group,in_context,0,rmse,,0.3763726725214941,,0.3801022425764517,,,,,,,,0.0109758154193801,,,,,,,,,,,,0.0,20.0,32.0,1000.0,-1.0
gbm_no_group-in_context-log_price-seed0,hcitwfov,gbm_no_group,in_context,0,rmse,,0.3776328790928565,,0.3758143386527201,,,,,,,,0.8668489138169221,,,,,,,,,,,,0.0,10.0,32.0,1000.0,-1.0
gbm_no_group-in_context-log_price-seed0,iuiv7s2t,gbm_no_group,in_context,0,rmse,,0.3782665152929937,,0.3820976129103995,,,,,,,,0.0432480329052877,,,,,,,,,,,,0.0,10.0,8.0,255.0,-1.0
gbm_no_group-in_context-log_price-seed0,km35ps2b,gbm_no_group,in_context,0,rmse,,0.408869806251866,,0.4128810463717559,,,,,,,,0.1271700786387963,,,,,,,,,,,,1.0,10.0,2.0,500.0,-1.0
gbm_no_group-in_context-log_price-seed0,lh8um5x1,gbm_no_group,in_context,0,rmse,,0.394198243547131,,0.3987378339081564,,,,,,,,0.0427421832403684,,,,,,,,,,,,1.0,20.0,4.0,500.0,-1.0
gbm_no_group-in_context-log_price-seed0,lxdyz6vw,gbm_no_group,in_context,0,rmse,,0.3799502481649955,,0.3835662875315193,,,,,,,,0.1252065381499946,,,,,,,,,,,,0.0,100.0,4.0,255.0,-1.0
gbm_no_group-in_context-log_price-seed0,mdfanhru,gbm_no_group,in_context,0,rmse,,0.4224513065975187,,0.4256119743822137,,,,,,,,0.1489449797127196,,,,,,,,,,,,1.0,1000.0,2.0,255.0,-1.0
gbm_no_group-in_context-log_price-seed0,o3qpxr94,gbm_no_group,in_context,0,rmse,,0.3926227706764576,,0.3971082741531462,,,,,,,,0.0490572683068294,,,,,,,,,,,,0.0,100.0,4.0,500.0,-1.0
gbm_no_group-in_context-log_price-seed0,qeqfiww8,gbm_no_group,in_context,0,rmse,,0.3620134659017241,,0.3644611729989714,,,,,,,,0.4380606481501048,,,,,,,,,,,,0.0,20.0,32.0,255.0,-1.0
gbm_no_group-in_context-log_price-seed0,qgcv9bs2,gbm_no_group,in_context,0,rmse,,0.3831450104809414,,0.3849686757337386,,,,,,,,0.0347260839230521,,,,,,,,,,,,0.0,1000.0,32.0,500.0,-1.0
gbm_no_group-in_context-log_price-seed0,qibts164,gbm_no_group,in_context,0,rmse,,0.3568378905480244,,0.3593192199259118,,,,,,,,0.0988058664639341,,,,,,,,,,,,0.0,20.0,16.0,255.0,-1.0
gbm_no_group-in_context-log_price-seed0,s2pfyfod,gbm_no_group,in_context,0,rmse,,0.3798323056992578,,0.3819634206830681,,,,,,,,0.0652352517670139,,,,,,,,,,,,0.0,1000.0,16.0,500.0,-1.0
gbm_no_group-in_context-log_price-seed0,ur1ykgj0,gbm_no_group,in_context,0,rmse,,0.3574823611491252,,0.3611226205848938,,,,,,,,0.6428191198097525,,,,,,,,,,,,1.0,20.0,8.0,500.0,-1.0
gbm_no_group-in_context-log_price-seed0,wuuduwxp,gbm_no_group,in_context,0,rmse,,0.4046044745148325,,0.409513545511802,,,,,,,,0.0235110426118622,,,,,,,,,,,,0.0,20.0,4.0,1000.0,-1.0
gbm_no_group-in_context-log_price-seed0,x2n4709k,gbm_no_group,in_context,0,rmse,,0.4325616573315425,,0.4358576169290371,,,,,,,,0.0298960963897528,,,,,,,,,,,,1.0,20.0,2.0,500.0,-1.0
gbm_no_group-in_context-log_price-seed0,x57ttgcu,gbm_no_group,in_context,0,rmse,,0.4119847690109561,,0.415017956943655,,,,,,,,0.0330251750818893,,,,,,,,,,,,1.0,1000.0,4.0,255.0,-1.0
gbm_no_group-in_context-log_price-seed0,xb1jxtlx,gbm_no_group,in_context,0,rmse,,0.3868095190112003,,0.390558302459878,,,,,,,,0.0235714344093274,,,,,,,,,,,,0.0,10.0,8.0,500.0,-1.0
gbm_no_group-in_context-log_price-seed0,za8ga9in,gbm_no_group,in_context,0,rmse,,0.3879518549259992,,0.3901523527472797,,,,,,,,0.0310546307698111,,,,,,,,,,,,0.0,1000.0,16.0,1000.0,-1.0
gbm_no_group-in_context-log_price-seed1,1qmimiu5,gbm_no_group,in_context,1,rmse,,0.4316086244841903,,0.4323641465766072,,,,,,,,0.0298960963897528,,,,,,,,,,,,1.0,20.0,2.0,500.0,-1.0
gbm_no_group-in_context-log_price-seed1,34e7y9om,gbm_no_group,in_context,1,rmse,,0.3520524602912518,,0.3531598754167482,,,,,,,,0.1183473185096848,,,,,,,,,,,,1.0,20.0,32.0,255.0,-1.0
gbm_no_group-in_context-log_price-seed1,3nr4hv1d,gbm_no_group,in_context,1,rmse,,0.3581040229376459,,0.3581098313551292,,,,,,,,0.0988058664639341,,,,,,,,,,,,0.0,20.0,16.0,255.0,-1.0
gbm_no_group-in_context-log_price-seed1,4h8hlcd6,gbm_no_group,in_context,1,rmse,,0.3753137802888905,,0.3766999986318984,,,,,,,,0.0109758154193801,,,,,,,,,,,,0.0,20.0,32.0,1000.0,-1.0
gbm_no_group-in_context-log_price-seed1,5u72qtql,gbm_no_group,in_context,1,rmse,,0.3804599588049654,,0.3796000252386509,,,,,,,,0.1252065381499946,,,,,,,,,,,,0.0,100.0,4.0,255.0,-1.0
gbm_no_group-in_context-log_price-seed1,65ptsb3o,gbm_no_group,in_context,1,rmse,,0.4121708237605401,,0.411700536173756,,,,,,,,0.0330251750818893,,,,,,,,,,,,1.0,1000.0,4.0,255.0,-1.0
gbm_no_group-in_context-log_price-seed1,713qbti2,gbm_no_group,in_context,1,rmse,,0.3626345084923641,,0.362193543412069,,,,,,,,0.6428191198097525,,,,,,,,,,,,1.0,20.0,8.0,500.0,-1.0
gbm_no_group-in_context-log_price-seed1,747o7g4u,gbm_no_group,in_context,1,rmse,,0.3802070980255398,,0.3782309209801344,,,,,,,,0.0817147891511586,,,,,,,,,,,,0.0,1000.0,16.0,255.0,-1.0
gbm_no_group-in_context-log_price-seed1,8ycen9by,gbm_no_group,in_context,1,rmse,,0.3657949056103973,,0.3661141100107153,,,,,,,,0.5342090140143507,,,,,,,,,,,,1.0,20.0,32.0,500.0,-1.0
gbm_no_group-in_context-log_price-seed1,apos9a7d,gbm_no_group,in_context,1,rmse,,0.3809105436525244,,0.3793497536668919,,,,,,,,0.0652352517670139,,,,,,,,,,,,0.0,1000.0,16.0,500.0,-1.0
gbm_no_group-in_context-log_price-seed1,b3wsvjxt,gbm_no_group,in_context,1,rmse,,0.3694213779189926,,0.3675345478408152,,,,,,,,0.2482318741925865,,,,,,,,,,,,1.0,20.0,4.0,500.0,-1.0
gbm_no_group-in_context-log_price-seed1,bs8s5kop,gbm_no_group,in_context,1,rmse,,0.3795700447389374,,0.3807970294565787,,,,,,,,0.8668489138169221,,,,,,,,,,,,0.0,10.0,32.0,1000.0,-1.0
gbm_no_group-in_context-log_price-seed1,cvchdk4j,gbm_no_group,in_context,1,rmse,,0.3655526247989648,,0.3642445678049129,,,,,,,,0.2090966500355389,,,,,,,,,,,,1.0,1000.0,64.0,1000.0,-1.0
gbm_no_group-in_context-log_price-seed1,dtuuc2zn,gbm_no_group,in_context,1,rmse,,0.3851678257095482,,0.3850960458061999,,,,,,,,0.0235714344093274,,,,,,,,,,,,0.0,10.0,8.0,500.0,-1.0
gbm_no_group-in_context-log_price-seed1,gdsxcn51,gbm_no_group,in_context,1,rmse,,0.3794470295236645,,0.3790918656091972,,,,,,,,0.0182856525100933,,,,,,,,,,,,1.0,100.0,16.0,1000.0,-1.0
gbm_no_group-in_context-log_price-seed1,go50uoar,gbm_no_group,in_context,1,rmse,,0.4080990465184193,,0.4077902193975467,,,,,,,,0.1271700786387963,,,,,,,,,,,,1.0,10.0,2.0,500.0,-1.0
gbm_no_group-in_context-log_price-seed1,hucl4lh6,gbm_no_group,in_context,1,rmse,,0.4224302169749305,,0.4228005823746062,,,,,,,,0.1489449797127196,,,,,,,,,,,,1.0,1000.0,2.0,255.0,-1.0
gbm_no_group-in_context-log_price-seed1,jhr4wzmx,gbm_no_group,in_context,1,rmse,,0.3877625242815951,,0.3858307827700303,,,,,,,,0.0814494767975024,,,,,,,,,,,,0.0,1000.0,8.0,255.0,-1.0
gbm_no_group-in_context-log_price-seed1,jmvgvh1e,gbm_no_group,in_context,1,rmse,,0.4200295540456392,,0.420720307231286,,,,,,,,0.0474589257602997,,,,,,,,,,,,0.0,10.0,2.0,500.0,-1.0
gbm_no_group-in_context-log_price-seed1,k6wz8tsr,gbm_no_group,in_context,1,rmse,,0.3941706345908971,,0.3942943840375717,,,,,,,,0.0427421832403684,,,,,,,,,,,,1.0,20.0,4.0,500.0,-1.0
gbm_no_group-in_context-log_price-seed1,me7xkf2f,gbm_no_group,in_context,1,rmse,,0.3628286205990189,,0.3635328161377972,,,,,,,,0.4380606481501048,,,,,,,,,,,,0.0,20.0,32.0,255.0,-1.0
gbm_no_group-in_context-log_price-seed1,nkwvo9um,gbm_no_group,in_context,1,rmse,,0.4181952268202333,,0.4185418606723617,,,,,,,,0.013859244495551,,,,,,,,,,,,0.0,100.0,4.0,500.0,-1.0
gbm_no_group-in_context-log_price-seed1,q0pai5x9,gbm_no_group,in_context,1,rmse,,0.4043916583365068,,0.4049221725929653,,,,,,,,0.0235110426118622,,,,,,,,,,,,0.0,20.0,4.0,1000.0,-1.0
gbm_no_group-in_context-log_price-seed1,scfa769b,gbm_no_group,in_context,1,rmse,,0.3868917090977402,,0.387409684181642,,,,,,,,0.0634627667122372,,,,,,,,,,,,0.0,10.0,4.0,1000.0,-1.0
gbm_no_group-in_context-log_price-seed1,sfjb7jrv,gbm_no_group,in_context,1,rmse,,0.3722887442550793,,0.370873685103099,,,,,,,,0.250587007964955,,,,,,,,,,,,1.0,1000.0,16.0,255.0,-1.0
gbm_no_group-in_context-log_price-seed1,t30t45c2,gbm_no_group,in_context,1,rmse,,0.3833092638866442,,0.3826961508231576,,,,,,,,0.0347260839230521,,,,,,,,,,,,0.0,1000.0,32.0,500.0,-1.0
gbm_no_group-in_context-log_price-seed1,tk2sweyr,gbm_no_group,in_context,1,rmse,,0.4039777761954617,,0.4046934085909804,,,,,,,,0.4096264371525448,,,,,,,,,,,,0.0,100.0,2.0,255.0,-1.0
gbm_no_group-in_context-log_price-seed1,ug0wxsh6,gbm_no_group,in_context,1,rmse,,0.3768015967961171,,0.3764332902754116,,,,,,,,0.0432480329052877,,,,,,,,,,,,0.0,10.0,8.0,255.0,-1.0
gbm_no_group-in_context-log_price-seed1,v0sr2og9,gbm_no_group,in_context,1,rmse,,0.4166828061660923,,0.4163728166743818,,,,,,,,0.0247266182197764,,,,,,,,,,,,1.0,1000.0,4.0,500.0,-1.0
gbm_no_group-in_context-log_price-seed1,vzay2bgc,gbm_no_group,in_context,1,rmse,,0.3883378702783103,,0.3871666371147732,,,,,,,,0.0310546307698111,,,,,,,,,,,,0.0,1000.0,16.0,1000.0,-1.0
gbm_no_group-in_context-log_price-seed1,wzhbg6aq,gbm_no_group,in_context,1,rmse,,0.4134213099618657,,0.4137249525821332,,,,,,,,0.0725779803885817,,,,,,,,,,,,1.0,10.0,2.0,500.0,-1.0
gbm_no_group-in_context-log_price-seed1,y0cjou30,gbm_no_group,in_context,1,rmse,,0.3930729914382699,,0.3926501235176994,,,,,,,,0.0490572683068294,,,,,,,,,,,,0.0,100.0,4.0,500.0,-1.0
gbm_no_group-in_context-log_price-seed2,2fbsn3y3,gbm_no_group,in_context,2,rmse,,0.3885386032792333,,0.3990668839128499,,,,,,,,0.0490572683068294,,,,,,,,,,,,0.0,100.0,4.0,500.0,-1.0
gbm_no_group-in_context-log_price-seed2,2h20o8pj,gbm_no_group,in_context,2,rmse,,0.367159313161483,,0.3790714126159412,,,,,,,,0.250587007964955,,,,,,,,,,,,1.0,1000.0,16.0,255.0,-1.0
gbm_no_group-in_context-log_price-seed2,4eqolnbe,gbm_no_group,in_context,2,rmse,,0.3760800884530052,,0.3865552135163579,,,,,,,,0.0182856525100933,,,,,,,,,,,,1.0,100.0,16.0,1000.0,-1.0
gbm_no_group-in_context-log_price-seed2,4imfknbq,gbm_no_group,in_context,2,rmse,,0.376178773261255,,0.3869620675854412,,,,,,,,0.0652352517670139,,,,,,,,,,,,0.0,1000.0,16.0,500.0,-1.0
gbm_no_group-in_context-log_price-seed2,5nxxc5l5,gbm_no_group,in_context,2,rmse,,0.4115750252884714,,0.4247776299402434,,,,,,,,0.0247266182197764,,,,,,,,,,,,1.0,1000.0,4.0,500.0,-1.0
gbm_no_group-in_context-log_price-seed2,5szt9f10,gbm_no_group,in_context,2,rmse,,0.4073213521759806,,0.4201579101295444,,,,,,,,0.0330251750818893,,,,,,,,,,,,1.0,1000.0,4.0,255.0,-1.0
gbm_no_group-in_context-log_price-seed2,9cp7aeyu,gbm_no_group,in_context,2,rmse,,0.3738599265016648,,0.3847412348127748,,,,,,,,0.0432480329052877,,,,,,,,,,,,0.0,10.0,8.0,255.0,-1.0
gbm_no_group-in_context-log_price-seed2,b5gsv2vd,gbm_no_group,in_context,2,rmse,,0.3600098262056006,,0.3729094758164545,,,,,,,,0.5342090140143507,,,,,,,,,,,,1.0,20.0,32.0,500.0,-1.0
gbm_no_group-in_context-log_price-seed2,cmqt3rfq,gbm_no_group,in_context,2,rmse,,0.3734132351905263,,0.3835170899568393,,,,,,,,0.0109758154193801,,,,,,,,,,,,0.0,20.0,32.0,1000.0,-1.0
gbm_no_group-in_context-log_price-seed2,cpacy89h,gbm_no_group,in_context,2,rmse,,0.3754537149570102,,0.3861629703017211,,,,,,,,0.0817147891511586,,,,,,,,,,,,0.0,1000.0,16.0,255.0,-1.0
gbm_no_group-in_context-log_price-seed2,cr9vz1h5,gbm_no_group,in_context,2,rmse,,0.38388677793968,,0.393445321518514,,,,,,,,0.0634627667122372,,,,,,,,,,,,0.0,10.0,4.0,1000.0,-1.0
gbm_no_group-in_context-log_price-seed2,eqdmm6yz,gbm_no_group,in_context,2,rmse,,0.4177356552871356,,0.4307242717442179,,,,,,,,0.1489449797127196,,,,,,,,,,,,1.0,1000.0,2.0,255.0,-1.0
gbm_no_group-in_context-log_price-seed2,gliffxot,gbm_no_group,in_context,2,rmse,,0.3823147856272503,,0.3927462816466758,,,,,,,,0.0235714344093274,,,,,,,,,,,,0.0,10.0,8.0,500.0,-1.0
gbm_no_group-in_context-log_price-seed2,haodwjvx,gbm_no_group,in_context,2,rmse,,0.4160860787925264,,0.4276103434150287,,,,,,,,0.0474589257602997,,,,,,,,,,,,0.0,10.0,2.0,500.0,-1.0
gbm_no_group-in_context-log_price-seed2,hjm9499k,gbm_no_group,in_context,2,rmse,,0.3538995201882442,,0.366157099005108,,,,,,,,0.0988058664639341,,,,,,,,,,,,0.0,20.0,16.0,255.0,-1.0
gbm_no_group-in_context-log_price-seed2,ie2loi3j,gbm_no_group,in_context,2,rmse,,0.4272787040200188,,0.4392067201989372,,,,,,,,0.0298960963897528,,,,,,,,,,,,1.0,20.0,2.0,500.0,-1.0
gbm_no_group-in_context-log_price-seed2,k17jmzn8,gbm_no_group,in_context,2,rmse,,0.3908905965659735,,0.4008901195553627,,,,,,,,0.0427421832403684,,,,,,,,,,,,1.0,20.0,4.0,500.0,-1.0
gbm_no_group-in_context-log_price-seed2,m3hsvpq4,gbm_no_group,in_context,2,rmse,,0.3839651526617928,,0.3952609976820268,,,,,,,,0.0310546307698111,,,,,,,,,,,,0.0,1000.0,16.0,1000.0,-1.0
gbm_no_group-in_context-log_price-seed2,mgfwuk6s,gbm_no_group,in_context,2,rmse,,0.3769874638979306,,0.3873127908551915,,,,,,,,0.1252065381499946,,,,,,,,,,,,0.0,100.0,4.0,255.0,-1.0
gbm_no_group-in_context-log_price-seed2,miwnnatd,gbm_no_group,in_context,2,rmse,,0.3786107583390429,,0.3904440315527353,,,,,,,,0.0347260839230521,,,,,,,,,,,,0.0,1000.0,32.0,500.0,-1.0
gbm_no_group-in_context-log_price-seed2,nvq9vgkn,gbm_no_group,in_context,2,rmse,,0.3749070465329143,,0.3888360125924293,,,,,,,,0.8668489138169221,,,,,,,,,,,,0.0,10.0,32.0,1000.0,-1.0
gbm_no_group-in_context-log_price-seed2,nxodefpg,gbm_no_group,in_context,2,rmse,,0.4002874074406704,,0.4108139149846065,,,,,,,,0.0235110426118622,,,,,,,,,,,,0.0,20.0,4.0,1000.0,-1.0
gbm_no_group-in_context-log_price-seed2,rhzfyagr,gbm_no_group,in_context,2,rmse,,0.3642613425600532,,0.3748773162632365,,,,,,,,0.2482318741925865,,,,,,,,,,,,1.0,20.0,4.0,500.0,-1.0
gbm_no_group-in_context-log_price-seed2,rmd7g1au,gbm_no_group,in_context,2,rmse,,0.3590317244388852,,0.3710320254680566,,,,,,,,0.4380606481501048,,,,,,,,,,,,0.0,20.0,32.0,255.0,-1.0
gbm_no_group-in_context-log_price-seed2,sq672jjp,gbm_no_group,in_context,2,rmse,,0.4096615489251572,,0.4210578776815739,,,,,,,,0.0725779803885817,,,,,,,,,,,,1.0,10.0,2.0,500.0,-1.0
gbm_no_group-in_context-log_price-seed2,t7udgbbd,gbm_no_group,in_context,2,rmse,,0.4046037271577403,,0.4154470813627004,,,,,,,,0.1271700786387963,,,,,,,,,,,,1.0,10.0,2.0,500.0,-1.0
gbm_no_group-in_context-log_price-seed2,th53xnsk,gbm_no_group,in_context,2,rmse,,0.3588917694484848,,0.3716257780176646,,,,,,,,0.2090966500355389,,,,,,,,,,,,1.0,1000.0,64.0,1000.0,-1.0
gbm_no_group-in_context-log_price-seed2,uaurwokj,gbm_no_group,in_context,2,rmse,,0.4018740449156898,,0.4119212128352953,,,,,,,,0.4096264371525448,,,,,,,,,,,,0.0,100.0,2.0,255.0,-1.0
gbm_no_group-in_context-log_price-seed2,uwlvtc1j,gbm_no_group,in_context,2,rmse,,0.3558666684858876,,0.3677642200697175,,,,,,,,0.6428191198097525,,,,,,,,,,,,1.0,20.0,8.0,500.0,-1.0
gbm_no_group-in_context-log_price-seed2,vdkj2x2w,gbm_no_group,in_context,2,rmse,,0.3832932789915868,,0.3944449350318435,,,,,,,,0.0814494767975024,,,,,,,,,,,,0.0,1000.0,8.0,255.0,-1.0
gbm_no_group-in_context-log_price-seed2,w0xv38hi,gbm_no_group,in_context,2,rmse,,0.3483659880827667,,0.3604881475428589,,,,,,,,0.1183473185096848,,,,,,,,,,,,1.0,20.0,32.0,255.0,-1.0
gbm_no_group-in_context-log_price-seed2,wtx39589,gbm_no_group,in_context,2,rmse,,0.4131935611338768,,0.4248176948426868,,,,,,,,0.013859244495551,,,,,,,,,,,,0.0,100.0,4.0,500.0,-1.0
gbm_no_group-in_context-log_price-seed3,0nht136t,gbm_no_group,in_context,3,rmse,,0.3635406252300129,,0.3678271585942922,,,,,,,,0.2090966500355389,,,,,,,,,,,,1.0,1000.0,64.0,1000.0,-1.0
gbm_no_group-in_context-log_price-seed3,3um30o4c,gbm_no_group,in_context,3,rmse,,0.3715147944874175,,0.3739747817715516,,,,,,,,0.250587007964955,,,,,,,,,,,,1.0,1000.0,16.0,255.0,-1.0
gbm_no_group-in_context-log_price-seed3,4jhocmh1,gbm_no_group,in_context,3,rmse,,0.3796164846753477,,0.3831040879971703,,,,,,,,0.0652352517670139,,,,,,,,,,,,0.0,1000.0,16.0,500.0,-1.0
gbm_no_group-in_context-log_price-seed3,66wm07pi,gbm_no_group,in_context,3,rmse,,0.3517304549737393,,0.3562561843902202,,,,,,,,0.1183473185096848,,,,,,,,,,,,1.0,20.0,32.0,255.0,-1.0
gbm_no_group-in_context-log_price-seed3,6bhaja49,gbm_no_group,in_context,3,rmse,,0.3833515751551397,,0.3859508644343552,,,,,,,,0.0347260839230521,,,,,,,,,,,,0.0,1000.0,32.0,500.0,-1.0
gbm_no_group-in_context-log_price-seed3,6no9xxn7,gbm_no_group,in_context,3,rmse,,0.4052106405535495,,0.4068245204135012,,,,,,,,0.4096264371525448,,,,,,,,,,,,0.0,100.0,2.0,255.0,-1.0
gbm_no_group-in_context-log_price-seed3,6op9lesa,gbm_no_group,in_context,3,rmse,,0.3879015539459953,,0.3902438049293494,,,,,,,,0.0634627667122372,,,,,,,,,,,,0.0,10.0,4.0,1000.0,-1.0
gbm_no_group-in_context-log_price-seed3,6wq1n8gx,gbm_no_group,in_context,3,rmse,,0.4213189567116523,,0.4219979566091479,,,,,,,,0.0474589257602997,,,,,,,,,,,,0.0,10.0,2.0,500.0,-1.0
gbm_no_group-in_context-log_price-seed3,bnfokatm,gbm_no_group,in_context,3,rmse,,0.40965026222001,,0.4109557564943746,,,,,,,,0.1271700786387963,,,,,,,,,,,,1.0,10.0,2.0,500.0,-1.0
gbm_no_group-in_context-log_price-seed3,fvbibzf9,gbm_no_group,in_context,3,rmse,,0.378513221145292,,0.3814671456665171,,,,,,,,0.0432480329052877,,,,,,,,,,,,0.0,10.0,8.0,255.0,-1.0
gbm_no_group-in_context-log_price-seed3,fzzphp08,gbm_no_group,in_context,3,rmse,,0.3785427537819233,,0.3818381157197662,,,,,,,,0.0817147891511586,,,,,,,,,,,,0.0,1000.0,16.0,255.0,-1.0
gbm_no_group-in_context-log_price-seed3,gvv4ivts,gbm_no_group,in_context,3,rmse,,0.4238908092235336,,0.4228119877466118,,,,,,,,0.1489449797127196,,,,,,,,,,,,1.0,1000.0,2.0,255.0,-1.0
gbm_no_group-in_context-log_price-seed3,hwnsuhx5,gbm_no_group,in_context,3,rmse,,0.3660524608910122,,0.371636434991602,,,,,,,,0.2482318741925865,,,,,,,,,,,,1.0,20.0,4.0,500.0,-1.0
gbm_no_group-in_context-log_price-seed3,j9ydp59a,gbm_no_group,in_context,3,rmse,,0.3611113099196529,,0.3652014260421879,,,,,,,,0.5342090140143507,,,,,,,,,,,,1.0,20.0,32.0,500.0,-1.0
gbm_no_group-in_context-log_price-seed3,jecqlv55,gbm_no_group,in_context,3,rmse,,0.3932259748740627,,0.3954033375408026,,,,,,,,0.0490572683068294,,,,,,,,,,,,0.0,100.0,4.0,500.0,-1.0
gbm_no_group-in_context-log_price-seed3,k0iqth7s,gbm_no_group,in_context,3,rmse,,0.3617515311642219,,0.3654934578626392,,,,,,,,0.4380606481501048,,,,,,,,,,,,0.0,20.0,32.0,255.0,-1.0
gbm_no_group-in_context-log_price-seed3,kj0nt0d7,gbm_no_group,in_context,3,rmse,,0.4057064133501555,,0.407347575759284,,,,,,,,0.0235110426118622,,,,,,,,,,,,0.0,20.0,4.0,1000.0,-1.0
gbm_no_group-in_context-log_price-seed3,npjzgnj4,gbm_no_group,in_context,3,rmse,,0.4184233141794123,,0.4198265806787062,,,,,,,,0.013859244495551,,,,,,,,,,,,0.0,100.0,4.0,500.0,-1.0
gbm_no_group-in_context-log_price-seed3,o7k831t5,gbm_no_group,in_context,3,rmse,,0.3865972869174783,,0.3891120975024208,,,,,,,,0.0235714344093274,,,,,,,,,,,,0.0,10.0,8.0,500.0,-1.0
gbm_no_group-in_context-log_price-seed3,o7q0drlg,gbm_no_group,in_context,3,rmse,,0.3881618363068325,,0.3911814035075465,,,,,,,,0.0310546307698111,,,,,,,,,,,,0.0,1000.0,16.0,1000.0,-1.0
gbm_no_group-in_context-log_price-seed3,pdhvgdee,gbm_no_group,in_context,3,rmse,,0.3814934428871099,,0.3826558240988984,,,,,,,,0.8668489138169221,,,,,,,,,,,,0.0,10.0,32.0,1000.0,-1.0
gbm_no_group-in_context-log_price-seed3,pn04nazy,gbm_no_group,in_context,3,rmse,,0.3759262467363737,,0.3798597719545968,,,,,,,,0.0109758154193801,,,,,,,,,,,,0.0,20.0,32.0,1000.0,-1.0
gbm_no_group-in_context-log_price-seed3,ppfcdkvq,gbm_no_group,in_context,3,rmse,,0.3564938853948821,,0.3610868320443073,,,,,,,,0.0988058664639341,,,,,,,,,,,,0.0,20.0,16.0,255.0,-1.0
gbm_no_group-in_context-log_price-seed3,qsjyslq0,gbm_no_group,in_context,3,rmse,,0.3954368587012306,,0.3974694584090205,,,,,,,,0.0427421832403684,,,,,,,,,,,,1.0,20.0,4.0,500.0,-1.0
gbm_no_group-in_context-log_price-seed3,s8snmq2x,gbm_no_group,in_context,3,rmse,,0.3568638829349275,,0.3618669386187979,,,,,,,,0.6428191198097525,,,,,,,,,,,,1.0,20.0,8.0,500.0,-1.0
gbm_no_group-in_context-log_price-seed3,tfh1yq67,gbm_no_group,in_context,3,rmse,,0.4175056033095496,,0.4168429656104709,,,,,,,,0.0247266182197764,,,,,,,,,,,,1.0,1000.0,4.0,500.0,-1.0
gbm_no_group-in_context-log_price-seed3,thh5byxe,gbm_no_group,in_context,3,rmse,,0.4148496761701064,,0.415912176076062,,,,,,,,0.0725779803885817,,,,,,,,,,,,1.0,10.0,2.0,500.0,-1.0
gbm_no_group-in_context-log_price-seed3,u7e2lx0e,gbm_no_group,in_context,3,rmse,,0.3800939956504808,,0.3836133468333068,,,,,,,,0.1252065381499946,,,,,,,,,,,,0.0,100.0,4.0,255.0,-1.0
gbm_no_group-in_context-log_price-seed3,uv6rwd5a,gbm_no_group,in_context,3,rmse,,0.3798432165054771,,0.3833212745341731,,,,,,,,0.0182856525100933,,,,,,,,,,,,1.0,100.0,16.0,1000.0,-1.0
gbm_no_group-in_context-log_price-seed3,vuko51tc,gbm_no_group,in_context,3,rmse,,0.3859015308964534,,0.389344459085807,,,,,,,,0.0814494767975024,,,,,,,,,,,,0.0,1000.0,8.0,255.0,-1.0
gbm_no_group-in_context-log_price-seed3,x7j2cxhe,gbm_no_group,in_context,3,rmse,,0.4129464300638436,,0.4125311326949848,,,,,,,,0.0330251750818893,,,,,,,,,,,,1.0,1000.0,4.0,255.0,-1.0
gbm_no_group-in_context-log_price-seed3,zpqr6j9s,gbm_no_group,in_context,3,rmse,,0.4325947227367069,,0.4327852466851651,,,,,,,,0.0298960963897528,,,,,,,,,,,,1.0,20.0,2.0,500.0,-1.0
gbm_no_group-in_context-log_price-seed4,3d55g26y,gbm_no_group,in_context,4,rmse,,0.4101863521465094,,0.4032660049308895,,,,,,,,0.0235110426118622,,,,,,,,,,,,0.0,20.0,4.0,1000.0,-1.0
gbm_no_group-in_context-log_price-seed4,4dxu0h4s,gbm_no_group,in_context,4,rmse,,0.4176548431192946,,0.4124870870986373,,,,,,,,0.0725779803885817,,,,,,,,,,,,1.0,10.0,2.0,500.0,-1.0
gbm_no_group-in_context-log_price-seed4,6a63u6jq,gbm_no_group,in_context,4,rmse,,0.3983765543081169,,0.3915616819892933,,,,,,,,0.0490572683068294,,,,,,,,,,,,0.0,100.0,4.0,500.0,-1.0
gbm_no_group-in_context-log_price-seed4,6f8jj8ah,gbm_no_group,in_context,4,rmse,,0.4237246579816858,,0.4183538208601201,,,,,,,,0.0474589257602997,,,,,,,,,,,,0.0,10.0,2.0,500.0,-1.0
gbm_no_group-in_context-log_price-seed4,6fn7uf48,gbm_no_group,in_context,4,rmse,,0.3928168546888589,,0.3854487478401988,,,,,,,,0.0814494767975024,,,,,,,,,,,,0.0,1000.0,8.0,255.0,-1.0
gbm_no_group-in_context-log_price-seed4,6k81varj,gbm_no_group,in_context,4,rmse,,0.3943090749703704,,0.3863075689553567,,,,,,,,0.0310546307698111,,,,,,,,,,,,0.0,1000.0,16.0,1000.0,-1.0
gbm_no_group-in_context-log_price-seed4,7unn81cj,gbm_no_group,in_context,4,rmse,,0.4125647247218551,,0.4075683865582892,,,,,,,,0.1271700786387963,,,,,,,,,,,,1.0,10.0,2.0,500.0,-1.0
gbm_no_group-in_context-log_price-seed4,a38205yn,gbm_no_group,in_context,4,rmse,,0.4213690754328728,,0.414745054916715,,,,,,,,0.0247266182197764,,,,,,,,,,,,1.0,1000.0,4.0,500.0,-1.0
gbm_no_group-in_context-log_price-seed4,bc9hh5ew,gbm_no_group,in_context,4,rmse,,0.3927215940376077,,0.3851301552011527,,,,,,,,0.0634627667122372,,,,,,,,,,,,0.0,10.0,4.0,1000.0,-1.0
gbm_no_group-in_context-log_price-seed4,ceqt0npz,gbm_no_group,in_context,4,rmse,,0.3760473107845531,,0.3658114012840326,,,,,,,,0.2482318741925865,,,,,,,,,,,,1.0,20.0,4.0,500.0,-1.0
gbm_no_group-in_context-log_price-seed4,h5vnp8el,gbm_no_group,in_context,4,rmse,,0.386799850454287,,0.3784197623790492,,,,,,,,0.0652352517670139,,,,,,,,,,,,0.0,1000.0,16.0,500.0,-1.0
gbm_no_group-in_context-log_price-seed4,ijnee8ig,gbm_no_group,in_context,4,rmse,,0.3836271842308148,,0.3743558126054432,,,,,,,,0.0109758154193801,,,,,,,,,,,,0.0,20.0,32.0,1000.0,-1.0
gbm_no_group-in_context-log_price-seed4,jx7dozct,gbm_no_group,in_context,4,rmse,,0.3932252025656682,,0.3848468762585754,,,,,,,,0.0235714344093274,,,,,,,,,,,,0.0,10.0,8.0,500.0,-1.0
gbm_no_group-in_context-log_price-seed4,k4kkug7p,gbm_no_group,in_context,4,rmse,,0.3654860731580723,,0.3553999923363229,,,,,,,,0.0988058664639341,,,,,,,,,,,,0.0,20.0,16.0,255.0,-1.0
gbm_no_group-in_context-log_price-seed4,kwrug79h,gbm_no_group,in_context,4,rmse,,0.3842561052852747,,0.37571765638333,,,,,,,,0.0432480329052877,,,,,,,,,,,,0.0,10.0,8.0,255.0,-1.0
gbm_no_group-in_context-log_price-seed4,lcdl1qa9,gbm_no_group,in_context,4,rmse,,0.3842759765318248,,0.372144180592872,,,,,,,,0.8668489138169221,,,,,,,,,,,,0.0,10.0,32.0,1000.0,-1.0
gbm_no_group-in_context-log_price-seed4,ngjasmjr,gbm_no_group,in_context,4,rmse,,0.3591179907559079,,0.3484406639545935,,,,,,,,0.1183473185096848,,,,,,,,,,,,1.0,20.0,32.0,255.0,-1.0
gbm_no_group-in_context-log_price-seed4,pdgavbqo,gbm_no_group,in_context,4,rmse,,0.4104159785997436,,0.4046193816034286,,,,,,,,0.4096264371525448,,,,,,,,,,,,0.0,100.0,2.0,255.0,-1.0
gbm_no_group-in_context-log_price-seed4,puyaaoeb,gbm_no_group,in_context,4,rmse,,0.3864672276678164,,0.3786163906513242,,,,,,,,0.0182856525100933,,,,,,,,,,,,1.0,100.0,16.0,1000.0,-1.0
gbm_no_group-in_context-log_price-seed4,qgdknvpl,gbm_no_group,in_context,4,rmse,,0.4345859812842333,,0.4290799716696691,,,,,,,,0.0298960963897528,,,,,,,,,,,,1.0,20.0,2.0,500.0,-1.0
gbm_no_group-in_context-log_price-seed4,rglxjq7f,gbm_no_group,in_context,4,rmse,,0.3899496488197619,,0.3818513247912904,,,,,,,,0.0347260839230521,,,,,,,,,,,,0.0,1000.0,32.0,500.0,-1.0
gbm_no_group-in_context-log_price-seed4,s22w57q7,gbm_no_group,in_context,4,rmse,,0.3698061541730152,,0.3595223342416209,,,,,,,,0.5342090140143507,,,,,,,,,,,,1.0,20.0,32.0,500.0,-1.0
gbm_no_group-in_context-log_price-seed4,sf9skrys,gbm_no_group,in_context,4,rmse,,0.3855470982796819,,0.3771750937414518,,,,,,,,0.0817147891511586,,,,,,,,,,,,0.0,1000.0,16.0,255.0,-1.0
gbm_no_group-in_context-log_price-seed4,sv1d69qx,gbm_no_group,in_context,4,rmse,,0.371979612961989,,0.3618354680378239,,,,,,,,0.2090966500355389,,,,,,,,,,,,1.0,1000.0,64.0,1000.0,-1.0
gbm_no_group-in_context-log_price-seed4,tnzkpcny,gbm_no_group,in_context,4,rmse,,0.3784080654627632,,0.3694523440168877,,,,,,,,0.250587007964955,,,,,,,,,,,,1.0,1000.0,16.0,255.0,-1.0
gbm_no_group-in_context-log_price-seed4,tqz6emxj,gbm_no_group,in_context,4,rmse,,0.4266040601462251,,0.4208299798855514,,,,,,,,0.1489449797127196,,,,,,,,,,,,1.0,1000.0,2.0,255.0,-1.0
gbm_no_group-in_context-log_price-seed4,tri1z14l,gbm_no_group,in_context,4,rmse,,0.422201087766725,,0.415592500486693,,,,,,,,0.013859244495551,,,,,,,,,,,,0.0,100.0,4.0,500.0,-1.0
gbm_no_group-in_context-log_price-seed4,utw861uv,gbm_no_group,in_context,4,rmse,,0.3666003204889478,,0.3592251859116124,,,,,,,,0.4380606481501048,,,,,,,,,,,,0.0,20.0,32.0,255.0,-1.0
gbm_no_group-in_context-log_price-seed4,uykqpejh,gbm_no_group,in_context,4,rmse,,0.3851621218083537,,0.3781258221736477,,,,,,,,0.1252065381499946,,,,,,,,,,,,0.0,100.0,4.0,255.0,-1.0
gbm_no_group-in_context-log_price-seed4,xgvuoifd,gbm_no_group,in_context,4,rmse,,0.4172212855128839,,0.4105375678439562,,,,,,,,0.0330251750818893,,,,,,,,,,,,1.0,1000.0,4.0,255.0,-1.0
gbm_no_group-in_context-log_price-seed4,yqlwyn4k,gbm_no_group,in_context,4,rmse,,0.3697464779971081,,0.3597207119659565,,,,,,,,0.6428191198097525,,,,,,,,,,,,1.0,20.0,8.0,500.0,-1.0
gbm_no_group-in_context-log_price-seed4,zxm1b7nq,gbm_no_group,in_context,4,rmse,,0.4005856798523331,,0.3929988166847193,,,,,,,,0.0427421832403684,,,,,,,,,,,,1.0,20.0,4.0,500.0,-1.0
gbm_no_group-few_shot-log_price-seed0,37g2295r,gbm_no_group,few_shot,0,rmse,,0.3613266532816113,,0.3640124827014986,,,,,,,,0.5342090140143507,,,,,,,,,,,,1.0,20.0,32.0,500.0,-1.0
gbm_no_group-few_shot-log_price-seed0,3dmof9m9,gbm_no_group,few_shot,0,rmse,,0.3906477286705935,,0.3631515614842793,,,,,,,,0.0652352517670139,,,,,,,,,,,,0.0,1000.0,16.0,500.0,-1.0
gbm_no_group-few_shot-log_price-seed0,73f3xaox,gbm_no_group,few_shot,0,rmse,,0.3881170589568167,,0.3734386090330517,,,,,,,,0.0490572683068294,,,,,,,,,,,,0.0,100.0,4.0,500.0,-1.0
gbm_no_group-few_shot-log_price-seed0,8b5zniez,gbm_no_group,few_shot,0,rmse,,0.4289081309516856,,0.3815430416854333,,,,,,,,0.0298960963897528,,,,,,,,,,,,1.0,20.0,2.0,500.0,-1.0
gbm_no_group-few_shot-log_price-seed0,8mld4apr,gbm_no_group,few_shot,0,rmse,,0.4372342287396056,,0.3860388507190805,,,,,,,,0.1489449797127196,,,,,,,,,,,,1.0,1000.0,2.0,255.0,-1.0
gbm_no_group-few_shot-log_price-seed0,9a56f1eh,gbm_no_group,few_shot,0,rmse,,0.3836914605215538,,0.3593448261932128,,,,,,,,0.250587007964955,,,,,,,,,,,,1.0,1000.0,16.0,255.0,-1.0
gbm_no_group-few_shot-log_price-seed0,9mmoqrlq,gbm_no_group,few_shot,0,rmse,,0.3883113764462983,,0.3740942703620189,,,,,,,,0.0427421832403684,,,,,,,,,,,,1.0,20.0,4.0,500.0,-1.0
gbm_no_group-few_shot-log_price-seed0,bapl8uvk,gbm_no_group,few_shot,0,rmse,,0.3978319852454601,,0.368010299602589,,,,,,,,0.0814494767975024,,,,,,,,,,,,0.0,1000.0,8.0,255.0,-1.0
gbm_no_group-few_shot-log_price-seed0,cb0scgh4,gbm_no_group,few_shot,0,rmse,,0.4235744490167725,,0.381324291318904,,,,,,,,0.0330251750818893,,,,,,,,,,,,1.0,1000.0,4.0,255.0,-1.0
gbm_no_group-few_shot-log_price-seed0,db8l717t,gbm_no_group,few_shot,0,rmse,,0.3791154934555649,,0.369842425823566,,,,,,,,0.0182856525100933,,,,,,,,,,,,1.0,100.0,16.0,1000.0,-1.0
gbm_no_group-few_shot-log_price-seed0,gk38kqa7,gbm_no_group,few_shot,0,rmse,,0.3810191600184974,,0.369209653804004,,,,,,,,0.0634627667122372,,,,,,,,,,,,0.0,10.0,4.0,1000.0,-1.0
gbm_no_group-few_shot-log_price-seed0,h75fapbr,gbm_no_group,few_shot,0,rmse,,0.3644751284063432,,0.366038528713079,,,,,,,,0.4380606481501048,,,,,,,,,,,,0.0,20.0,32.0,255.0,-1.0
gbm_no_group-few_shot-log_price-seed0,h8ek1c8z,gbm_no_group,few_shot,0,rmse,,0.3592857030983482,,0.3602119015252753,,,,,,,,0.6428191198097525,,,,,,,,,,,,1.0,20.0,8.0,500.0,-1.0
gbm_no_group-few_shot-log_price-seed0,i52m9w7t,gbm_no_group,few_shot,0,rmse,,0.402335861051916,,0.3789629170386269,,,,,,,,0.4096264371525448,,,,,,,,,,,,0.0,100.0,2.0,255.0,-1.0
gbm_no_group-few_shot-log_price-seed0,kffu4c4i,gbm_no_group,few_shot,0,rmse,,0.3817292791533618,,0.370198394165827,,,,,,,,0.0235714344093274,,,,,,,,,,,,0.0,10.0,8.0,500.0,-1.0
gbm_no_group-few_shot-log_price-seed0,ljqsfmbm,gbm_no_group,few_shot,0,rmse,,0.3919409982610329,,0.3639653072513075,,,,,,,,0.0347260839230521,,,,,,,,,,,,0.0,1000.0,32.0,500.0,-1.0
gbm_no_group-few_shot-log_price-seed0,m6b2niyl,gbm_no_group,few_shot,0,rmse,,0.4157791224982517,,0.378390280634899,,,,,,,,0.0474589257602997,,,,,,,,,,,,0.0,10.0,2.0,500.0,-1.0
gbm_no_group-few_shot-log_price-seed0,mp7jsyyq,gbm_no_group,few_shot,0,rmse,,0.3866146846695357,,0.3738813381538751,,,,,,,,0.8668489138169221,,,,,,,,,,,,0.0,10.0,32.0,1000.0,-1.0
gbm_no_group-few_shot-log_price-seed0,ndpiye7e,gbm_no_group,few_shot,0,rmse,,0.4119794852970869,,0.3759183586604621,,,,,,,,0.013859244495551,,,,,,,,,,,,0.0,100.0,4.0,500.0,-1.0
gbm_no_group-few_shot-log_price-seed0,or6gzjis,gbm_no_group,few_shot,0,rmse,,0.3521590215948069,,0.3514873069881907,,,,,,,,0.1183473185096848,,,,,,,,,,,,1.0,20.0,32.0,255.0,-1.0
gbm_no_group-few_shot-log_price-seed0,q5mdo66u,gbm_no_group,few_shot,0,rmse,,0.3667314199476556,,0.3590383524194518,,,,,,,,0.2482318741925865,,,,,,,,,,,,1.0,20.0,4.0,500.0,-1.0
gbm_no_group-few_shot-log_price-seed0,qdorf76v,gbm_no_group,few_shot,0,rmse,,0.3749365637998491,,0.3648785305248548,,,,,,,,0.0109758154193801,,,,,,,,,,,,0.0,20.0,32.0,1000.0,-1.0
gbm_no_group-few_shot-log_price-seed0,qxrfcgeh,gbm_no_group,few_shot,0,rmse,,0.3734440870589545,,0.3505153243918432,,,,,,,,0.2090966500355389,,,,,,,,,,,,1.0,1000.0,64.0,1000.0,-1.0
gbm_no_group-few_shot-log_price-seed0,r5ofxfnc,gbm_no_group,few_shot,0,rmse,,0.3745796500930672,,0.3654288421775984,,,,,,,,0.0432480329052877,,,,,,,,,,,,0.0,10.0,8.0,255.0,-1.0
gbm_no_group-few_shot-log_price-seed0,sg1c4k9f,gbm_no_group,few_shot,0,rmse,,0.4278843566329675,,0.3818770472023209,,,,,,,,0.0247266182197764,,,,,,,,,,,,1.0,1000.0,4.0,500.0,-1.0
gbm_no_group-few_shot-log_price-seed0,t2o3z4as,gbm_no_group,few_shot,0,rmse,,0.3983042974630645,,0.3753035994290925,,,,,,,,0.0235110426118622,,,,,,,,,,,,0.0,20.0,4.0,1000.0,-1.0
gbm_no_group-few_shot-log_price-seed0,tb0uy96h,gbm_no_group,few_shot,0,rmse,,0.3791544867316485,,0.3682734772452393,,,,,,,,0.1252065381499946,,,,,,,,,,,,0.0,100.0,4.0,255.0,-1.0
gbm_no_group-few_shot-log_price-seed0,uyacop1l,gbm_no_group,few_shot,0,rmse,,0.3994114930789427,,0.3679755985297624,,,,,,,,0.0310546307698111,,,,,,,,,,,,0.0,1000.0,16.0,1000.0,-1.0
gbm_no_group-few_shot-log_price-seed0,vjsfzt1z,gbm_no_group,few_shot,0,rmse,,0.3569707223958623,,0.356418912853108,,,,,,,,0.0988058664639341,,,,,,,,,,,,0.0,20.0,16.0,255.0,-1.0
gbm_no_group-few_shot-log_price-seed0,wtckzhj9,gbm_no_group,few_shot,0,rmse,,0.404929637381409,,0.3807229568966562,,,,,,,,0.1271700786387963,,,,,,,,,,,,1.0,10.0,2.0,500.0,-1.0
gbm_no_group-few_shot-log_price-seed0,x3vg862w,gbm_no_group,few_shot,0,rmse,,0.4091964068944304,,0.3791197907099213,,,,,,,,0.0725779803885817,,,,,,,,,,,,1.0,10.0,2.0,500.0,-1.0
gbm_no_group-few_shot-log_price-seed0,zeivbged,gbm_no_group,few_shot,0,rmse,,0.3909039973783322,,0.3638616718135915,,,,,,,,0.0817147891511586,,,,,,,,,,,,0.0,1000.0,16.0,255.0,-1.0
gbm_no_group-few_shot-log_price-seed1,5x0qlwvz,gbm_no_group,few_shot,1,rmse,,0.4055369122490772,,0.4170474555844837,,,,,,,,0.1271700786387963,,,,,,,,,,,,1.0,10.0,2.0,500.0,-1.0
gbm_no_group-few_shot-log_price-seed1,7htktnz6,gbm_no_group,few_shot,1,rmse,,0.4194772852340341,,0.4270244071008042,,,,,,,,0.0474589257602997,,,,,,,,,,,,0.0,10.0,2.0,500.0,-1.0
gbm_no_group-few_shot-log_price-seed1,93n3zdbb,gbm_no_group,few_shot,1,rmse,,0.3933770366400696,,0.4030442205328761,,,,,,,,0.0310546307698111,,,,,,,,,,,,0.0,1000.0,16.0,1000.0,-1.0
gbm_no_group-few_shot-log_price-seed1,9a3kyv1s,gbm_no_group,few_shot,1,rmse,,0.389733159981445,,0.3808305187104001,,,,,,,,0.0432480329052877,,,,,,,,,,,,0.0,10.0,8.0,255.0,-1.0
gbm_no_group-few_shot-log_price-seed1,aan68o40,gbm_no_group,few_shot,1,rmse,,0.3819627691215003,,0.3844864806820258,,,,,,,,0.250587007964955,,,,,,,,,,,,1.0,1000.0,16.0,255.0,-1.0
gbm_no_group-few_shot-log_price-seed1,di2bzrmm,gbm_no_group,few_shot,1,rmse,,0.4143864825170003,,0.4330364284146396,,,,,,,,0.0330251750818893,,,,,,,,,,,,1.0,1000.0,4.0,255.0,-1.0
gbm_no_group-few_shot-log_price-seed1,dwwbz9we,gbm_no_group,few_shot,1,rmse,,0.3947876053576489,,0.3841366979769271,,,,,,,,0.0182856525100933,,,,,,,,,,,,1.0,100.0,16.0,1000.0,-1.0
gbm_no_group-few_shot-log_price-seed1,feb0xe7u,gbm_no_group,few_shot,1,rmse,,0.3961777277485677,,0.391771845741909,,,,,,,,0.0235714344093274,,,,,,,,,,,,0.0,10.0,8.0,500.0,-1.0
gbm_no_group-few_shot-log_price-seed1,fokgoxf3,gbm_no_group,few_shot,1,rmse,,0.3753610794044407,,0.36081873412223,,,,,,,,0.0988058664639341,,,,,,,,,,,,0.0,20.0,16.0,255.0,-1.0
gbm_no_group-few_shot-log_price-seed1,jg3463ra,gbm_no_group,few_shot,1,rmse,,0.3872577350612696,,0.3959038118329065,,,,,,,,0.0817147891511586,,,,,,,,,,,,0.0,1000.0,16.0,255.0,-1.0
gbm_no_group-few_shot-log_price-seed1,k24t0bq5,gbm_no_group,few_shot,1,rmse,,0.4003415303722573,,0.3976422663685136,,,,,,,,0.0490572683068294,,,,,,,,,,,,0.0,100.0,4.0,500.0,-1.0
gbm_no_group-few_shot-log_price-seed1,kqozbtez,gbm_no_group,few_shot,1,rmse,,0.4082529384090657,,0.411235698943966,,,,,,,,0.0235110426118622,,,,,,,,,,,,0.0,20.0,4.0,1000.0,-1.0
gbm_no_group-few_shot-log_price-seed1,lnb2jbs5,gbm_no_group,few_shot,1,rmse,,0.4331050837267299,,0.4383304040609048,,,,,,,,0.0298960963897528,,,,,,,,,,,,1.0,20.0,2.0,500.0,-1.0
gbm_no_group-few_shot-log_price-seed1,nivuad5u,gbm_no_group,few_shot,1,rmse,,0.3817064623392401,,0.3704679714271505,,,,,,,,0.2482318741925865,,,,,,,,,,,,1.0,20.0,4.0,500.0,-1.0
gbm_no_group-few_shot-log_price-seed1,nuol1teu,gbm_no_group,few_shot,1,rmse,,0.3870737950575396,,0.3947350549588025,,,,,,,,0.0652352517670139,,,,,,,,,,,,0.0,1000.0,16.0,500.0,-1.0
gbm_no_group-few_shot-log_price-seed1,ogdl0apq,gbm_no_group,few_shot,1,rmse,,0.3837545360224975,,0.3674867368397769,,,,,,,,0.4380606481501048,,,,,,,,,,,,0.0,20.0,32.0,255.0,-1.0
gbm_no_group-few_shot-log_price-seed1,oo74t7f5,gbm_no_group,few_shot,1,rmse,,0.3937554494826084,,0.3909275947266133,,,,,,,,0.0634627667122372,,,,,,,,,,,,0.0,10.0,4.0,1000.0,-1.0
gbm_no_group-few_shot-log_price-seed1,pj9spv8h,gbm_no_group,few_shot,1,rmse,,0.3740168564654772,,0.373703667707367,,,,,,,,0.2090966500355389,,,,,,,,,,,,1.0,1000.0,64.0,1000.0,-1.0
gbm_no_group-few_shot-log_price-seed1,r647d8vg,gbm_no_group,few_shot,1,rmse,,0.382444614702131,,0.3648983034780265,,,,,,,,0.6428191198097525,,,,,,,,,,,,1.0,20.0,8.0,500.0,-1.0
gbm_no_group-few_shot-log_price-seed1,t9ubbg0a,gbm_no_group,few_shot,1,rmse,,0.3802480845281058,,0.3637086933933346,,,,,,,,0.5342090140143507,,,,,,,,,,,,1.0,20.0,32.0,500.0,-1.0
gbm_no_group-few_shot-log_price-seed1,tdsekjcf,gbm_no_group,few_shot,1,rmse,,0.3995490115319166,,0.4006254012462855,,,,,,,,0.0427421832403684,,,,,,,,,,,,1.0,20.0,4.0,500.0,-1.0
gbm_no_group-few_shot-log_price-seed1,tqiab4lk,gbm_no_group,few_shot,1,rmse,,0.4195337025421602,,0.4376838307682098,,,,,,,,0.0247266182197764,,,,,,,,,,,,1.0,1000.0,4.0,500.0,-1.0
gbm_no_group-few_shot-log_price-seed1,tsqi7wbg,gbm_no_group,few_shot,1,rmse,,0.4046199244396282,,0.418280824483213,,,,,,,,0.4096264371525448,,,,,,,,,,,,0.0,100.0,2.0,255.0,-1.0
gbm_no_group-few_shot-log_price-seed1,u4lqkvdg,gbm_no_group,few_shot,1,rmse,,0.3914421622331373,,0.403410743650369,,,,,,,,0.0814494767975024,,,,,,,,,,,,0.0,1000.0,8.0,255.0,-1.0
gbm_no_group-few_shot-log_price-seed1,uqt2pq46,gbm_no_group,few_shot,1,rmse,,0.4194875949633458,,0.4460124071467924,,,,,,,,0.1489449797127196,,,,,,,,,,,,1.0,1000.0,2.0,255.0,-1.0
gbm_no_group-few_shot-log_price-seed1,ut52k0oc,gbm_no_group,few_shot,1,rmse,,0.4221206902621088,,0.4221253961745397,,,,,,,,0.013859244495551,,,,,,,,,,,,0.0,100.0,4.0,500.0,-1.0
gbm_no_group-few_shot-log_price-seed1,vcbv3b5v,gbm_no_group,few_shot,1,rmse,,0.4022185384870397,,0.3782114013628405,,,,,,,,0.8668489138169221,,,,,,,,,,,,0.0,10.0,32.0,1000.0,-1.0
gbm_no_group-few_shot-log_price-seed1,whz32u30,gbm_no_group,few_shot,1,rmse,,0.4116817163314443,,0.4214585883849401,,,,,,,,0.0725779803885817,,,,,,,,,,,,1.0,10.0,2.0,500.0,-1.0
gbm_no_group-few_shot-log_price-seed1,wmwmkks4,gbm_no_group,few_shot,1,rmse,,0.3878297224695803,,0.3948966486062574,,,,,,,,0.0347260839230521,,,,,,,,,,,,0.0,1000.0,32.0,500.0,-1.0
gbm_no_group-few_shot-log_price-seed1,wy5hdvcd,gbm_no_group,few_shot,1,rmse,,0.3910971770880689,,0.3813768654297601,,,,,,,,0.0109758154193801,,,,,,,,,,,,0.0,20.0,32.0,1000.0,-1.0
gbm_no_group-few_shot-log_price-seed1,x1vvkokc,gbm_no_group,few_shot,1,rmse,,0.3711433249724661,,0.3546577258392945,,,,,,,,0.1183473185096848,,,,,,,,,,,,1.0,20.0,32.0,255.0,-1.0
gbm_no_group-few_shot-log_price-seed1,yxorl225,gbm_no_group,few_shot,1,rmse,,0.3913217065889577,,0.3851017783956852,,,,,,,,0.1252065381499946,,,,,,,,,,,,0.0,100.0,4.0,255.0,-1.0
gbm_no_group-few_shot-log_price-seed2,02ukfq3e,gbm_no_group,few_shot,2,rmse,,0.3530018800546213,,0.4381029743201093,,,,,,,,0.0432480329052877,,,,,,,,,,,,0.0,10.0,8.0,255.0,-1.0
gbm_no_group-few_shot-log_price-seed2,0p3f4avb,gbm_no_group,few_shot,2,rmse,,0.3524937749721651,,0.4294881590717374,,,,,,,,0.250587007964955,,,,,,,,,,,,1.0,1000.0,16.0,255.0,-1.0
gbm_no_group-few_shot-log_price-seed2,125100ck,gbm_no_group,few_shot,2,rmse,,0.3453336777511639,,0.422408274304661,,,,,,,,0.5342090140143507,,,,,,,,,,,,1.0,20.0,32.0,500.0,-1.0
gbm_no_group-few_shot-log_price-seed2,254h833s,gbm_no_group,few_shot,2,rmse,,0.3588116129417797,,0.442480174569021,,,,,,,,0.0652352517670139,,,,,,,,,,,,0.0,1000.0,16.0,500.0,-1.0
gbm_no_group-few_shot-log_price-seed2,48cuuqjp,gbm_no_group,few_shot,2,rmse,,0.4012970338730477,,0.5002100452657918,,,,,,,,0.0298960963897528,,,,,,,,,,,,1.0,20.0,2.0,500.0,-1.0
gbm_no_group-few_shot-log_price-seed2,5oayf7x1,gbm_no_group,few_shot,2,rmse,,0.387103903280473,,0.4860903322414072,,,,,,,,0.0247266182197764,,,,,,,,,,,,1.0,1000.0,4.0,500.0,-1.0
gbm_no_group-few_shot-log_price-seed2,7qaex7l9,gbm_no_group,few_shot,2,rmse,,0.3591815506128126,,0.4461862720025091,,,,,,,,0.0347260839230521,,,,,,,,,,,,0.0,1000.0,32.0,500.0,-1.0
gbm_no_group-few_shot-log_price-seed2,8dajs673,gbm_no_group,few_shot,2,rmse,,0.3838078529094928,,0.4813033496599974,,,,,,,,0.0330251750818893,,,,,,,,,,,,1.0,1000.0,4.0,255.0,-1.0
gbm_no_group-few_shot-log_price-seed2,as3hs5wa,gbm_no_group,few_shot,2,rmse,,0.3527152463064717,,0.4390921429049096,,,,,,,,0.0109758154193801,,,,,,,,,,,,0.0,20.0,32.0,1000.0,-1.0
gbm_no_group-few_shot-log_price-seed2,b2066f3t,gbm_no_group,few_shot,2,rmse,,0.374855605062989,,0.4723699621553365,,,,,,,,0.0235110426118622,,,,,,,,,,,,0.0,20.0,4.0,1000.0,-1.0
gbm_no_group-few_shot-log_price-seed2,b80kc4xq,gbm_no_group,few_shot,2,rmse,,0.3416588920555901,,0.4191156918392752,,,,,,,,0.4380606481501048,,,,,,,,,,,,0.0,20.0,32.0,255.0,-1.0
gbm_no_group-few_shot-log_price-seed2,db9szqec,gbm_no_group,few_shot,2,rmse,,0.3443408458903191,,0.4197514745220585,,,,,,,,0.2090966500355389,,,,,,,,,,,,1.0,1000.0,64.0,1000.0,-1.0
gbm_no_group-few_shot-log_price-seed2,fau3nhyu,gbm_no_group,few_shot,2,rmse,,0.3608400695790258,,0.4499958697909408,,,,,,,,0.0634627667122372,,,,,,,,,,,,0.0,10.0,4.0,1000.0,-1.0
gbm_no_group-few_shot-log_price-seed2,fosro3fh,gbm_no_group,few_shot,2,rmse,,0.3629512231386403,,0.4501166228695509,,,,,,,,0.0814494767975024,,,,,,,,,,,,0.0,1000.0,8.0,255.0,-1.0
gbm_no_group-few_shot-log_price-seed2,gvkwrk2m,gbm_no_group,few_shot,2,rmse,,0.3382889015163384,,0.4166780650677986,,,,,,,,0.0988058664639341,,,,,,,,,,,,0.0,20.0,16.0,255.0,-1.0
gbm_no_group-few_shot-log_price-seed2,i63oriln,gbm_no_group,few_shot,2,rmse,,0.3823655486123988,,0.4704212368511174,,,,,,,,0.1271700786387963,,,,,,,,,,,,1.0,10.0,2.0,500.0,-1.0
gbm_no_group-few_shot-log_price-seed2,j6lv925s,gbm_no_group,few_shot,2,rmse,,0.3582416162972433,,0.44029394790982,,,,,,,,0.0817147891511586,,,,,,,,,,,,0.0,1000.0,16.0,255.0,-1.0
gbm_no_group-few_shot-log_price-seed2,jphxrwp0,gbm_no_group,few_shot,2,rmse,,0.3431892335094165,,0.4203089827353566,,,,,,,,0.6428191198097525,,,,,,,,,,,,1.0,20.0,8.0,500.0,-1.0
gbm_no_group-few_shot-log_price-seed2,kdx5vzjq,gbm_no_group,few_shot,2,rmse,,0.3859634966155543,,0.4779919581559994,,,,,,,,0.0725779803885817,,,,,,,,,,,,1.0,10.0,2.0,500.0,-1.0
gbm_no_group-few_shot-log_price-seed2,kksd9le5,gbm_no_group,few_shot,2,rmse,,0.3577080721453115,,0.4341101364239372,,,,,,,,0.8668489138169221,,,,,,,,,,,,0.0,10.0,32.0,1000.0,-1.0
gbm_no_group-few_shot-log_price-seed2,nrgg25x3,gbm_no_group,few_shot,2,rmse,,0.3566700796350891,,0.4426738186441083,,,,,,,,0.0182856525100933,,,,,,,,,,,,1.0,100.0,16.0,1000.0,-1.0
gbm_no_group-few_shot-log_price-seed2,o13kzkmz,gbm_no_group,few_shot,2,rmse,,0.3804387812072269,,0.461125440803827,,,,,,,,0.4096264371525448,,,,,,,,,,,,0.0,100.0,2.0,255.0,-1.0
gbm_no_group-few_shot-log_price-seed2,ps3ko5tr,gbm_no_group,few_shot,2,rmse,,0.3667614916196758,,0.4549876543867637,,,,,,,,0.0490572683068294,,,,,,,,,,,,0.0,100.0,4.0,500.0,-1.0
gbm_no_group-few_shot-log_price-seed2,pzqwjdc2,gbm_no_group,few_shot,2,rmse,,0.3968363451308464,,0.4884721100601337,,,,,,,,0.1489449797127196,,,,,,,,,,,,1.0,1000.0,2.0,255.0,-1.0
gbm_no_group-few_shot-log_price-seed2,q95h2qay,gbm_no_group,few_shot,2,rmse,,0.3866306780864653,,0.4882387526574798,,,,,,,,0.013859244495551,,,,,,,,,,,,0.0,100.0,4.0,500.0,-1.0
gbm_no_group-few_shot-log_price-seed2,qlsmgvkn,gbm_no_group,few_shot,2,rmse,,0.364311355263567,,0.453988991767076,,,,,,,,0.0310546307698111,,,,,,,,,,,,0.0,1000.0,16.0,1000.0,-1.0
gbm_no_group-few_shot-log_price-seed2,rbql7kbl,gbm_no_group,few_shot,2,rmse,,0.3911101071174352,,0.4863831951868284,,,,,,,,0.0474589257602997,,,,,,,,,,,,0.0,10.0,2.0,500.0,-1.0
gbm_no_group-few_shot-log_price-seed2,uqhbhfhg,gbm_no_group,few_shot,2,rmse,,0.3587540630662625,,0.4395343906376708,,,,,,,,0.1252065381499946,,,,,,,,,,,,0.0,100.0,4.0,255.0,-1.0
gbm_no_group-few_shot-log_price-seed2,v5o1ps50,gbm_no_group,few_shot,2,rmse,,0.3583926733217201,,0.4449758028149071,,,,,,,,0.2482318741925865,,,,,,,,,,,,1.0,20.0,4.0,500.0,-1.0
gbm_no_group-few_shot-log_price-seed2,v6k09naz,gbm_no_group,few_shot,2,rmse,,0.3666410078386648,,0.4584700217816282,,,,,,,,0.0427421832403684,,,,,,,,,,,,1.0,20.0,4.0,500.0,-1.0
gbm_no_group-few_shot-log_price-seed2,yf2hx99t,gbm_no_group,few_shot,2,rmse,,0.3330880100656144,,0.4103979658057982,,,,,,,,0.1183473185096848,,,,,,,,,,,,1.0,20.0,32.0,255.0,-1.0
gbm_no_group-few_shot-log_price-seed2,ytp2ksus,gbm_no_group,few_shot,2,rmse,,0.3599339834022786,,0.4512713873863066,,,,,,,,0.0235714344093274,,,,,,,,,,,,0.0,10.0,8.0,500.0,-1.0
gbm_no_group-few_shot-log_price-seed3,4zohvi97,gbm_no_group,few_shot,3,rmse,,0.3804382529742203,,0.3816390644699565,,,,,,,,0.0109758154193801,,,,,,,,,,,,0.0,20.0,32.0,1000.0,-1.0
gbm_no_group-few_shot-log_price-seed3,7a7qmrje,gbm_no_group,few_shot,3,rmse,,0.3806186389327636,,0.3856423929494576,,,,,,,,0.0432480329052877,,,,,,,,,,,,0.0,10.0,8.0,255.0,-1.0
gbm_no_group-few_shot-log_price-seed3,7kyf9cj0,gbm_no_group,few_shot,3,rmse,,0.3869579462938876,,0.3902802089351865,,,,,,,,0.0634627667122372,,,,,,,,,,,,0.0,10.0,4.0,1000.0,-1.0
gbm_no_group-few_shot-log_price-seed3,8mc3nzsu,gbm_no_group,few_shot,3,rmse,,0.3776830784578718,,0.3874453378292805,,,,,,,,0.8668489138169221,,,,,,,,,,,,0.0,10.0,32.0,1000.0,-1.0
gbm_no_group-few_shot-log_price-seed3,8okddxlh,gbm_no_group,few_shot,3,rmse,,0.3831843509108688,,0.3830669841021832,,,,,,,,0.0652352517670139,,,,,,,,,,,,0.0,1000.0,16.0,500.0,-1.0
gbm_no_group-few_shot-log_price-seed3,9ptf8373,gbm_no_group,few_shot,3,rmse,,0.4159370216281552,,0.4171872666328995,,,,,,,,0.0474589257602997,,,,,,,,,,,,0.0,10.0,2.0,500.0,-1.0
gbm_no_group-few_shot-log_price-seed3,9xautmb0,gbm_no_group,few_shot,3,rmse,,0.3836967981219243,,0.3843674987042933,,,,,,,,0.0182856525100933,,,,,,,,,,,,1.0,100.0,16.0,1000.0,-1.0
gbm_no_group-few_shot-log_price-seed3,b8wpyzal,gbm_no_group,few_shot,3,rmse,,0.4042982414616238,,0.4020476644725574,,,,,,,,0.4096264371525448,,,,,,,,,,,,0.0,100.0,2.0,255.0,-1.0
gbm_no_group-few_shot-log_price-seed3,bc4bmbsm,gbm_no_group,few_shot,3,rmse,,0.3659499732266068,,0.3676998061817189,,,,,,,,0.4380606481501048,,,,,,,,,,,,0.0,20.0,32.0,255.0,-1.0
gbm_no_group-few_shot-log_price-seed3,brt8o6kf,gbm_no_group,few_shot,3,rmse,,0.3576808816512064,,0.3609172423850811,,,,,,,,0.1183473185096848,,,,,,,,,,,,1.0,20.0,32.0,255.0,-1.0
gbm_no_group-few_shot-log_price-seed3,cami3lrr,gbm_no_group,few_shot,3,rmse,,0.3921915810616467,,0.3952712456360991,,,,,,,,0.0490572683068294,,,,,,,,,,,,0.0,100.0,4.0,500.0,-1.0
gbm_no_group-few_shot-log_price-seed3,dyo033e1,gbm_no_group,few_shot,3,rmse,,0.415529888958648,,0.418110503840664,,,,,,,,0.1489449797127196,,,,,,,,,,,,1.0,1000.0,2.0,255.0,-1.0
gbm_no_group-few_shot-log_price-seed3,eb929002,gbm_no_group,few_shot,3,rmse,,0.4105805011067112,,0.4115605319637203,,,,,,,,0.0247266182197764,,,,,,,,,,,,1.0,1000.0,4.0,500.0,-1.0
gbm_no_group-few_shot-log_price-seed3,f23n4w4r,gbm_no_group,few_shot,3,rmse,,0.3641431366406429,,0.3681520120109635,,,,,,,,0.5342090140143507,,,,,,,,,,,,1.0,20.0,32.0,500.0,-1.0
gbm_no_group-few_shot-log_price-seed3,flo3q0rz,gbm_no_group,few_shot,3,rmse,,0.3637441956972664,,0.3682638783261012,,,,,,,,0.6428191198097525,,,,,,,,,,,,1.0,20.0,8.0,500.0,-1.0
gbm_no_group-few_shot-log_price-seed3,foxgq2vl,gbm_no_group,few_shot,3,rmse,,0.3758097905960925,,0.3761463154916096,,,,,,,,0.250587007964955,,,,,,,,,,,,1.0,1000.0,16.0,255.0,-1.0
gbm_no_group-few_shot-log_price-seed3,fzy0jn6p,gbm_no_group,few_shot,3,rmse,,0.3841816292630766,,0.3838389376296869,,,,,,,,0.0347260839230521,,,,,,,,,,,,0.0,1000.0,32.0,500.0,-1.0
gbm_no_group-few_shot-log_price-seed3,gczrv89f,gbm_no_group,few_shot,3,rmse,,0.4167807159684062,,0.4169545566641306,,,,,,,,0.013859244495551,,,,,,,,,,,,0.0,100.0,4.0,500.0,-1.0
gbm_no_group-few_shot-log_price-seed3,gjnh6x02,gbm_no_group,few_shot,3,rmse,,0.4028400611230009,,0.4041792814982999,,,,,,,,0.0235110426118622,,,,,,,,,,,,0.0,20.0,4.0,1000.0,-1.0
gbm_no_group-few_shot-log_price-seed3,i8chl77d,gbm_no_group,few_shot,3,rmse,,0.3631292054433898,,0.3665164494243961,,,,,,,,0.0988058664639341,,,,,,,,,,,,0.0,20.0,16.0,255.0,-1.0
gbm_no_group-few_shot-log_price-seed3,if7ybh69,gbm_no_group,few_shot,3,rmse,,0.3830650382527814,,0.3826515943088596,,,,,,,,0.0817147891511586,,,,,,,,,,,,0.0,1000.0,16.0,255.0,-1.0
gbm_no_group-few_shot-log_price-seed3,iwa6l5ba,gbm_no_group,few_shot,3,rmse,,0.3718400541090852,,0.3752292825316205,,,,,,,,0.2482318741925865,,,,,,,,,,,,1.0,20.0,4.0,500.0,-1.0
gbm_no_group-few_shot-log_price-seed3,mluxj8i0,gbm_no_group,few_shot,3,rmse,,0.4096416912288216,,0.4109097121270809,,,,,,,,0.0725779803885817,,,,,,,,,,,,1.0,10.0,2.0,500.0,-1.0
gbm_no_group-few_shot-log_price-seed3,o6mrwlbq,gbm_no_group,few_shot,3,rmse,,0.3901005194940215,,0.3897113926820448,,,,,,,,0.0310546307698111,,,,,,,,,,,,0.0,1000.0,16.0,1000.0,-1.0
gbm_no_group-few_shot-log_price-seed3,pqr9wgwy,gbm_no_group,few_shot,3,rmse,,0.3937298711977943,,0.3964081551129598,,,,,,,,0.0427421832403684,,,,,,,,,,,,1.0,20.0,4.0,500.0,-1.0
gbm_no_group-few_shot-log_price-seed3,puztidwo,gbm_no_group,few_shot,3,rmse,,0.428896285574265,,0.4280654384710591,,,,,,,,0.0298960963897528,,,,,,,,,,,,1.0,20.0,2.0,500.0,-1.0
gbm_no_group-few_shot-log_price-seed3,q0mbb611,gbm_no_group,few_shot,3,rmse,,0.3661945941139445,,0.3651534372896406,,,,,,,,0.2090966500355389,,,,,,,,,,,,1.0,1000.0,64.0,1000.0,-1.0
gbm_no_group-few_shot-log_price-seed3,rszuysd4,gbm_no_group,few_shot,3,rmse,,0.4072671134272604,,0.407149394354787,,,,,,,,0.0330251750818893,,,,,,,,,,,,1.0,1000.0,4.0,255.0,-1.0
gbm_no_group-few_shot-log_price-seed3,rt2tezce,gbm_no_group,few_shot,3,rmse,,0.405097705586276,,0.4051153274536366,,,,,,,,0.1271700786387963,,,,,,,,,,,,1.0,10.0,2.0,500.0,-1.0
gbm_no_group-few_shot-log_price-seed3,vgp8g2ge,gbm_no_group,few_shot,3,rmse,,0.38321431514927,,0.3884240923114041,,,,,,,,0.1252065381499946,,,,,,,,,,,,0.0,100.0,4.0,255.0,-1.0
gbm_no_group-few_shot-log_price-seed3,za026jaj,gbm_no_group,few_shot,3,rmse,,0.3897326884551653,,0.3884284813130628,,,,,,,,0.0814494767975024,,,,,,,,,,,,0.0,1000.0,8.0,255.0,-1.0
gbm_no_group-few_shot-log_price-seed3,ze595frl,gbm_no_group,few_shot,3,rmse,,0.3877582768572891,,0.3892442446797382,,,,,,,,0.0235714344093274,,,,,,,,,,,,0.0,10.0,8.0,500.0,-1.0
gbm_no_group-few_shot-log_price-seed4,0r6o5ycy,gbm_no_group,few_shot,4,rmse,,0.4219532502035111,,0.4356415786517891,,,,,,,,0.0298960963897528,,,,,,,,,,,,1.0,20.0,2.0,500.0,-1.0
gbm_no_group-few_shot-log_price-seed4,1gjygaro,gbm_no_group,few_shot,4,rmse,,0.3973261978990213,,0.4057243839115593,,,,,,,,0.4096264371525448,,,,,,,,,,,,0.0,100.0,2.0,255.0,-1.0
gbm_no_group-few_shot-log_price-seed4,3553azfo,gbm_no_group,few_shot,4,rmse,,0.4088696069434282,,0.4152911772427725,,,,,,,,0.0247266182197764,,,,,,,,,,,,1.0,1000.0,4.0,500.0,-1.0
gbm_no_group-few_shot-log_price-seed4,3lfa6l6p,gbm_no_group,few_shot,4,rmse,,0.3785142093627966,,0.3891497333801822,,,,,,,,0.0235714344093274,,,,,,,,,,,,0.0,10.0,8.0,500.0,-1.0
gbm_no_group-few_shot-log_price-seed4,3sqs7hfz,gbm_no_group,few_shot,4,rmse,,0.3536704114295388,,0.3642134430399235,,,,,,,,0.0988058664639341,,,,,,,,,,,,0.0,20.0,16.0,255.0,-1.0
gbm_no_group-few_shot-log_price-seed4,71pon655,gbm_no_group,few_shot,4,rmse,,0.3714617813254855,,0.3831786503634629,,,,,,,,0.0109758154193801,,,,,,,,,,,,0.0,20.0,32.0,1000.0,-1.0
gbm_no_group-few_shot-log_price-seed4,946gvyyq,gbm_no_group,few_shot,4,rmse,,0.3957464152653186,,0.407246783710709,,,,,,,,0.0235110426118622,,,,,,,,,,,,0.0,20.0,4.0,1000.0,-1.0
gbm_no_group-few_shot-log_price-seed4,an99kw44,gbm_no_group,few_shot,4,rmse,,0.4008694462939477,,0.4112575644811192,,,,,,,,0.1271700786387963,,,,,,,,,,,,1.0,10.0,2.0,500.0,-1.0
gbm_no_group-few_shot-log_price-seed4,aynhby1a,gbm_no_group,few_shot,4,rmse,,0.3781492881158784,,0.3889750317163852,,,,,,,,0.0634627667122372,,,,,,,,,,,,0.0,10.0,4.0,1000.0,-1.0
gbm_no_group-few_shot-log_price-seed4,bhanxjyj,gbm_no_group,few_shot,4,rmse,,0.4115660743664068,,0.4246339029008944,,,,,,,,0.0474589257602997,,,,,,,,,,,,0.0,10.0,2.0,500.0,-1.0
gbm_no_group-few_shot-log_price-seed4,ceqqqchn,gbm_no_group,few_shot,4,rmse,,0.3478824753695592,,0.3587727103260671,,,,,,,,0.1183473185096848,,,,,,,,,,,,1.0,20.0,32.0,255.0,-1.0
gbm_no_group-few_shot-log_price-seed4,fwtuyn7v,gbm_no_group,few_shot,4,rmse,,0.4170597369970247,,0.4220319389923908,,,,,,,,0.1489449797127196,,,,,,,,,,,,1.0,1000.0,2.0,255.0,-1.0
gbm_no_group-few_shot-log_price-seed4,j1h5zw52,gbm_no_group,few_shot,4,rmse,,0.3752724692008449,,0.3826721447552317,,,,,,,,0.8668489138169221,,,,,,,,,,,,0.0,10.0,32.0,1000.0,-1.0
gbm_no_group-few_shot-log_price-seed4,kidht4ii,gbm_no_group,few_shot,4,rmse,,0.3740753018506811,,0.3828758442621907,,,,,,,,0.0182856525100933,,,,,,,,,,,,1.0,100.0,16.0,1000.0,-1.0
gbm_no_group-few_shot-log_price-seed4,kyf3lprf,gbm_no_group,few_shot,4,rmse,,0.3721589364465014,,0.3814325753614311,,,,,,,,0.0432480329052877,,,,,,,,,,,,0.0,10.0,8.0,255.0,-1.0
gbm_no_group-few_shot-log_price-seed4,l9a4ig05,gbm_no_group,few_shot,4,rmse,,0.3815318803432882,,0.3871343582319927,,,,,,,,0.0814494767975024,,,,,,,,,,,,0.0,1000.0,8.0,255.0,-1.0
gbm_no_group-few_shot-log_price-seed4,lu4ak46h,gbm_no_group,few_shot,4,rmse,,0.3657696004771924,,0.3741963024967165,,,,,,,,0.250587007964955,,,,,,,,,,,,1.0,1000.0,16.0,255.0,-1.0
gbm_no_group-few_shot-log_price-seed4,m4ago1wi,gbm_no_group,few_shot,4,rmse,,0.4100137121415342,,0.4201957467276305,,,,,,,,0.013859244495551,,,,,,,,,,,,0.0,100.0,4.0,500.0,-1.0
gbm_no_group-few_shot-log_price-seed4,mfmy4d17,gbm_no_group,few_shot,4,rmse,,0.3762011063212062,,0.3824700079139634,,,,,,,,0.0347260839230521,,,,,,,,,,,,0.0,1000.0,32.0,500.0,-1.0
gbm_no_group-few_shot-log_price-seed4,mu7261jk,gbm_no_group,few_shot,4,rmse,,0.3851122600147555,,0.3967535740987491,,,,,,,,0.0427421832403684,,,,,,,,,,,,1.0,20.0,4.0,500.0,-1.0
gbm_no_group-few_shot-log_price-seed4,pii48drz,gbm_no_group,few_shot,4,rmse,,0.357897971613533,,0.3700774435652563,,,,,,,,0.6428191198097525,,,,,,,,,,,,1.0,20.0,8.0,500.0,-1.0
gbm_no_group-few_shot-log_price-seed4,q74uipcv,gbm_no_group,few_shot,4,rmse,,0.3622853343666455,,0.3713375973996317,,,,,,,,0.2482318741925865,,,,,,,,,,,,1.0,20.0,4.0,500.0,-1.0
gbm_no_group-few_shot-log_price-seed4,rn448bdk,gbm_no_group,few_shot,4,rmse,,0.3736472609365627,,0.3810258277304311,,,,,,,,0.0652352517670139,,,,,,,,,,,,0.0,1000.0,16.0,500.0,-1.0
gbm_no_group-few_shot-log_price-seed4,siswdgro,gbm_no_group,few_shot,4,rmse,,0.3823334159198874,,0.3875965621094357,,,,,,,,0.0310546307698111,,,,,,,,,,,,0.0,1000.0,16.0,1000.0,-1.0
gbm_no_group-few_shot-log_price-seed4,t77z0oph,gbm_no_group,few_shot,4,rmse,,0.3735840731462277,,0.3822033223521044,,,,,,,,0.1252065381499946,,,,,,,,,,,,0.0,100.0,4.0,255.0,-1.0
gbm_no_group-few_shot-log_price-seed4,tbycqgbs,gbm_no_group,few_shot,4,rmse,,0.3730106534439616,,0.3803584955704611,,,,,,,,0.0817147891511586,,,,,,,,,,,,0.0,1000.0,16.0,255.0,-1.0
gbm_no_group-few_shot-log_price-seed4,uvz1jw68,gbm_no_group,few_shot,4,rmse,,0.3548218482256214,,0.3730603921989319,,,,,,,,0.5342090140143507,,,,,,,,,,,,1.0,20.0,32.0,500.0,-1.0
gbm_no_group-few_shot-log_price-seed4,v3rgy189,gbm_no_group,few_shot,4,rmse,,0.4055658967842065,,0.4106988888424228,,,,,,,,0.0330251750818893,,,,,,,,,,,,1.0,1000.0,4.0,255.0,-1.0
gbm_no_group-few_shot-log_price-seed4,wax7kjkt,gbm_no_group,few_shot,4,rmse,,0.4054089912748612,,0.4168817210367054,,,,,,,,0.0725779803885817,,,,,,,,,,,,1.0,10.0,2.0,500.0,-1.0
gbm_no_group-few_shot-log_price-seed4,x6702gsi,gbm_no_group,few_shot,4,rmse,,0.3849390542788512,,0.3949541437880829,,,,,,,,0.0490572683068294,,,,,,,,,,,,0.0,100.0,4.0,500.0,-1.0
gbm_no_group-few_shot-log_price-seed4,xff7j7le,gbm_no_group,few_shot,4,rmse,,0.3590000418990744,,0.3711258862913366,,,,,,,,0.4380606481501048,,,,,,,,,,,,0.0,20.0,32.0,255.0,-1.0
gbm_no_group-few_shot-log_price-seed4,zv2nxfl8,gbm_no_group,few_shot,4,rmse,,0.356948176183776,,0.3656795289944187,,,,,,,,0.2090966500355389,,,,,,,,,,,,1.0,1000.0,64.0,1000.0,-1.0
gplinear-in_context-log_price-seed0,zzlhbjb3,gplinear,in_context,0,rmse,0.1374897731768609,0.2947930152192013,0.1376742413454276,0.2956301512600009,,,,,,,,,,,,,,,,,,,,,,,,
gplinear-in_context-log_price-seed1,leqcc38e,gplinear,in_context,1,rmse,0.1381519992494214,0.2979215147202158,0.1382095148502929,0.2983616979987154,,,,,,,,,,,,,,,,,,,,,,,,
gplinear-in_context-log_price-seed2,kg6g8rq7,gplinear,in_context,2,rmse,0.1367595488976575,0.2946263252411257,0.1404865500522305,0.3087969788609633,,,,,,,,,,,,,,,,,,,,,,,,
gplinear-in_context-log_price-seed3,51t9itvp,gplinear,in_context,3,rmse,0.1381567258988344,0.2939066045936169,0.1379909931998812,0.2955297147706819,,,,,,,,,,,,,,,,,,,,,,,,
gplinear-in_context-log_price-seed4,5dyqbfei,gplinear,in_context,4,rmse,0.1391873035785694,0.3053118349407286,0.1365445978156433,0.288040425060886,,,,,,,,,,,,,,,,,,,,,,,,
gplinear-few_shot-log_price-seed0,igrzdn7z,gplinear,few_shot,0,rmse,0.1816063317100343,0.3939573301403615,0.1557834111960792,0.3130995691553475,,,,,,,,,,,,,,,,,,,,,,,,
gplinear-few_shot-log_price-seed1,5kn53iuu,gplinear,few_shot,1,rmse,0.1796954134282694,0.3922657190517492,0.1607888853509996,0.3249729922997944,,,,,,,,,,,,,,,,,,,,,,,,
gplinear-few_shot-log_price-seed2,8jzz9rsa,gplinear,few_shot,2,rmse,0.1703506903823088,0.3530417379767298,0.1955499388074802,0.4392321412233324,,,,,,,,,,,,,,,,,,,,,,,,
gplinear-few_shot-log_price-seed3,3td2x560,gplinear,few_shot,3,rmse,0.1618973338118896,0.3254144021200897,0.1933492080282695,0.3904287074840297,,,,,,,,,,,,,,,,,,,,,,,,
gplinear-few_shot-log_price-seed4,4bt5w7j8,gplinear,few_shot,4,rmse,0.1687893941692134,0.3651444637299058,0.1813514133355506,0.3697840455606554,,,,,,,,,,,,,,,,,,,,,,,,
lme-in_context-log_price-seed0,o6pq615c,lme,in_context,0,rmse,0.1731349855172551,0.3111276142181021,0.1736923063732352,0.3203649756259813,,,,,,,,,,,,,,,,,,,,,,,,
lme-in_context-log_price-seed1,cm7s3jbs,lme,in_context,1,rmse,0.1747770348615072,0.3242676611503262,0.1753230741029115,0.3220176796303219,,,,,,,,,,,,,,,,,,,,,,,,
lme-in_context-log_price-seed2,b3c6csmh,lme,in_context,2,rmse,0.1733983889905458,0.3203009931238275,0.1760909485627892,0.3221813999159721,,,,,,,,,,,,,,,,,,,,,,,,
lme-in_context-log_price-seed3,mvf2ct56,lme,in_context,3,rmse,0.1737596409549137,0.3140969880439502,0.1740515821595375,0.3152384863897852,,,,,,,,,,,,,,,,,,,,,,,,
lme-in_context-log_price-seed4,aq1dy0l9,lme,in_context,4,rmse,0.1756892363364864,0.3316546366095772,0.1733192600513743,0.3091455837355013,,,,,,,,,,,,,,,,,,,,,,,,
lme-few_shot-log_price-seed0,xyjbcdny,lme,few_shot,0,rmse,0.1966541960867337,0.4008619980602876,0.1771618423782667,0.3006716714848819,,,,,,,,,,,,,,,,,,,,,,,,
lme-few_shot-log_price-seed1,xh1gdg8t,lme,few_shot,1,rmse,0.1968449084423133,0.42138885710948,0.1814298309895191,0.313322724922547,,,,,,,,,,,,,,,,,,,,,,,,
lme-few_shot-log_price-seed2,7knh8fus,lme,few_shot,2,rmse,0.183722550353413,0.3495819967335488,0.2121186851528168,0.500378693284906,,,,,,,,,,,,,,,,,,,,,,,,
lme-few_shot-log_price-seed3,fuger3zu,lme,few_shot,3,rmse,0.1836597866167373,0.3170695901733265,0.1996852390992606,0.3792154587970542,,,,,,,,,,,,,,,,,,,,,,,,
lme-few_shot-log_price-seed4,n790z5lc,lme,few_shot,4,rmse,0.1853675141844188,0.3610892732981843,0.192863803560135,0.3699315780325858,,,,,,,,,,,,,,,,,,,,,,,,
tabicl_taskwise-in_context-log_price-seed0,zs1g7ho2,tabicl_taskwise,in_context,0,rmse,0.1315675580817536,0.2934319460356799,0.1335250863865775,0.3005486633229268,2.86102294921875e-06,1000.4110655784608,1070.8864393234253,,,,,,,,,,,,,,,,,,,,,
tabicl_taskwise-in_context-log_price-seed1,gxmulf3v,tabicl_taskwise,in_context,1,rmse,0.133482838200304,0.3001529964903587,0.1340390693035067,0.302081042346103,5.960464477539063e-06,1024.650776863098,941.6955664157867,,,,,,,,,,,,,,,,,,,,,
tabicl_taskwise-in_context-log_price-seed2,u4cluc4l,tabicl_taskwise,in_context,2,rmse,0.133369283967933,0.2952580603153575,0.1367719320192064,0.3151158010774013,2.6226043701171875e-06,1060.7140038013458,1066.5996243953705,,,,,,,,,,,,,,,,,,,,,
tabicl_taskwise-in_context-log_price-seed3,o81rris9,tabicl_taskwise,in_context,3,rmse,0.1327075150653322,0.2951509952049331,0.1340713188971876,0.3003387637682647,2.86102294921875e-06,1056.8171145915985,1049.636934518814,,,,,,,,,,,,,,,,,,,,,
tabicl_taskwise-in_context-log_price-seed4,7wu0bnlo,tabicl_taskwise,in_context,4,rmse,0.1341317447319525,0.3021554785238049,0.1330481991791183,0.2965237572669024,5.4836273193359375e-06,966.5455095767976,1092.6224777698517,,,,,,,,,,,,,,,,,,,,,
tabicl_taskwise-few_shot-log_price-seed0,itcdazjb,tabicl_taskwise,few_shot,0,rmse,0.2291026211742463,0.454429635523604,0.1947014587492878,0.3771063693273254,3.0994415283203125e-06,168.87497329711914,167.51443076133728,,,,,,,,,,,,,,,,,,,,,
tabicl_taskwise-few_shot-log_price-seed1,wycg1xgr,tabicl_taskwise,few_shot,1,rmse,0.2228346435117419,0.4384906327982637,0.2115781257174427,0.4143188813056927,2.86102294921875e-06,182.6459310054779,174.57961225509644,,,,,,,,,,,,,,,,,,,,,
tabicl_taskwise-few_shot-log_price-seed2,2h8d9a3t,tabicl_taskwise,few_shot,2,rmse,0.2136203098085016,0.4273663510643656,0.2606841128944004,0.5079667842296705,2.1457672119140625e-06,114.88921213150024,169.5728795528412,,,,,,,,,,,,,,,,,,,,,
tabicl_taskwise-few_shot-log_price-seed3,ez0wop0l,tabicl_taskwise,few_shot,3,rmse,0.1990756902170213,0.3951976491864423,0.2393641089611358,0.488787185783604,3.0994415283203125e-06,169.12571024894714,165.27080631256104,,,,,,,,,,,,,,,,,,,,,
tabicl_taskwise-few_shot-log_price-seed4,uxrttlbp,tabicl_taskwise,few_shot,4,rmse,0.2067349966775931,0.4273193248652582,0.2491235501346343,0.4902532825464377,2.6226043701171875e-06,176.3319489955902,183.5635676383972,,,,,,,,,,,,,,,,,,,,,
tabicl_pooled-in_context-log_price-seed0,hyh0i5tf,tabicl_pooled,in_context,0,rmse,0.1483843868595237,0.3091416969519698,0.151716038068552,0.3153608138494567,3.576278686523437e-06,11.000444889068604,8.276153564453125,,,,,,,,,,,,,,,,,,,,,
tabicl_pooled-in_context-log_price-seed1,dw2fkdey,tabicl_pooled,in_context,1,rmse,0.1467153578139573,0.3059540488138583,0.1496655567750607,0.3131311046059502,3.576278686523437e-06,8.996792793273926,8.006511449813843,,,,,,,,,,,,,,,,,,,,,
tabicl_pooled-in_context-log_price-seed2,41rsgncb,tabicl_pooled,in_context,2,rmse,0.1466294544283548,0.3044656037203468,0.1515271491598223,0.3238167769740629,3.0994415283203125e-06,8.881195783615112,8.087742567062378,,,,,,,,,,,,,,,,,,,,,
tabicl_pooled-in_context-log_price-seed3,ia01o1qi,tabicl_pooled,in_context,3,rmse,0.1463605959093351,0.3071359732864528,0.1489461312209211,0.312441909140738,3.576278686523437e-06,8.438220739364624,8.0422523021698,,,,,,,,,,,,,,,,,,,,,
tabicl_pooled-in_context-log_price-seed4,vd4h1dwq,tabicl_pooled,in_context,4,rmse,0.1520444100066308,0.3200748941612769,0.1515225040412992,0.3152682774525347,2.6226043701171875e-06,8.169761657714844,7.305522918701172,,,,,,,,,,,,,,,,,,,,,
tabicl_pooled-few_shot-log_price-seed0,eg9g3vxz,tabicl_pooled,few_shot,0,rmse,0.1910036962304786,0.3724691996784855,0.188469795959751,0.3550681168682726,3.0994415283203125e-06,1627.559777259827,1637.1766138076782,,,,,,,,,,,,,,,,,,,,,
tabicl_pooled-few_shot-log_price-seed1,oyrkqp3i,tabicl_pooled,few_shot,1,rmse,0.2126972911471863,0.3983935513877905,0.1956151506352138,0.3715726836610607,2.86102294921875e-06,1682.9710779190063,1702.90398812294,,,,,,,,,,,,,,,,,,,,,
tabicl_pooled-few_shot-log_price-seed2,p0sf052a,tabicl_pooled,few_shot,2,rmse,0.196273718598811,0.3670749945148836,0.2271257346230637,0.430381527078097,3.0994415283203125e-06,1652.3519604206083,1653.1251196861267,,,,,,,,,,,,,,,,,,,,,
tabicl_pooled-few_shot-log_price-seed3,24z8vg6c,tabicl_pooled,few_shot,3,rmse,0.2066434778832219,0.3893819240742503,0.1966007533231616,0.3736931430616809,3.0994415283203125e-06,1693.257847070694,1543.8061790466309,,,,,,,,,,,,,,,,,,,,,
tabicl_pooled-few_shot-log_price-seed4,eku72j2i,tabicl_pooled,few_shot,4,rmse,0.1893899503189895,0.3692862577127132,0.223165825042969,0.4045526133626628,2.6226043701171875e-06,1467.251863002777,1468.3019814491272,,,,,,,,,,,,,,,,,,,,,
