name,run_id,created_at,model_name,task_name,data_split_seed,validation_metric,validation_crps,validation_rmse,test_crps,test_rmse,fitting_time_s,validation_prediction_time_s,test_prediction_time_s,validation_fixed_effect_residual_rmse,best_boosting_round,model.train_params.learning_rate,model.train_params.lambda_l2,model.train_params.min_data_in_leaf,model.train_params.num_leaves,model.train_params.max_bin,model.train_params.max_depth,model.np_params.dropout,model.np_train_params.learning_rate,model.np_train_params.epochs_per_round,model.lgbm_params.learning_rate,model.lgbm_params.lambda_l2,model.lgbm_params.min_data_in_leaf,model.lgbm_params.num_leaves,model.lgbm_params.max_bin,model.lgbm_params.max_depth,epochs_trained,model.params.dropout
npboost-in_context-protein-seed0,09uhrp4o,2026-07-21T11:22:35Z,npboost,in_context,0,rmse,0.1650769170568379,0.2156361127729208,0.1645392806687836,0.2173904794403629,534.4173150062561,0.3412027359008789,0.3188681602478027,3.3589520070895897,188.0,,,,,,,0.0,7.917412954846521e-05,10.0,0.1011064623519062,0.0,20.0,8.0,255.0,-1.0,,
npboost-in_context-protein-seed0,14d9xhcu,2026-07-21T10:32:52Z,npboost,in_context,0,rmse,0.3502898000258602,0.3004084796287998,0.3502306988014992,0.3013978386983496,50.44125151634216,0.329890489578247,0.3383729457855224,2.6894092642129475,4.0,,,,,,,0.2,2.9067203620664195e-05,5.0,0.1823458458254781,0.0,10.0,8.0,255.0,-1.0,,
npboost-in_context-protein-seed0,19x74lxz,2026-07-21T08:16:53Z,npboost,in_context,0,rmse,0.316660572012127,0.2929275380166441,0.3187408580181906,0.3055777594484793,52.93593525886536,0.3480803966522217,0.3360955715179443,1.33593536040035,6.0,,,,,,,0.2,1.090384328196852e-05,5.0,0.7717846862118062,0.0,20.0,4.0,255.0,-1.0,,
npboost-in_context-protein-seed0,1kfzh0sm,2026-07-21T11:37:18Z,npboost,in_context,0,rmse,0.2550851775378716,0.25523390413689,0.2537601484238894,0.2515444840772619,132.98937511444092,0.3427939414978027,0.3254437446594238,2.884557049518362,57.0,,,,,,,0.0,3.1392574253118284e-05,5.0,0.1121865737283773,0.0,10.0,4.0,255.0,-1.0,,
npboost-in_context-protein-seed0,1khskdfo,2026-07-21T10:48:27Z,npboost,in_context,0,rmse,0.1609384822513168,0.2367470019183888,0.1598614483344845,0.2350458083433315,385.3192570209503,0.2681024074554443,0.2819530963897705,3.439946164800365,121.0,,,,,,,0.2,0.0001496922341954,10.0,0.0831211929407696,1.0,1000.0,4.0,255.0,-1.0,,
npboost-in_context-protein-seed0,3nafxu6y,2026-07-21T11:18:54Z,npboost,in_context,0,rmse,0.259271296059213,0.2949878777579766,0.2599836675132193,0.3001805791850457,103.3434681892395,0.3343312740325928,0.3361659049987793,3.658336398538449,12.0,,,,,,,0.2,0.0001082971516786,10.0,0.2589103504433043,0.0,20.0,16.0,255.0,-1.0,,
npboost-in_context-protein-seed0,48doc7tv,2026-07-21T10:58:29Z,npboost,in_context,0,rmse,0.1220301983663844,0.2124260364086441,0.1244788153246304,0.2179314591736343,484.4246373176574,0.3217835426330566,0.3263494968414306,3.397239020204436,168.0,,,,,,,0.0,0.0002507518284371,10.0,0.0302023368339538,1.0,10.0,8.0,255.0,-1.0,,
npboost-in_context-protein-seed0,6kfc6pom,2026-07-21T11:06:39Z,npboost,in_context,0,rmse,0.1282606822688405,0.2291094878675723,0.1251005511666008,0.2224231948891877,381.2065987586975,0.35658860206604,0.3462481498718261,3.448936088612662,122.0,,,,,,,0.2,0.0004276097878757,10.0,0.0133482983182945,0.0,100.0,4.0,255.0,-1.0,,
npboost-in_context-protein-seed0,8l7x0kff,2026-07-21T07:56:21Z,npboost,in_context,0,rmse,0.1214275825314405,0.2202988770061499,0.1207694110139321,0.2190860563132768,1018.7314264774324,0.2669119834899902,0.2532761096954345,3.44527458379538,186.0,,,,,,,0.2,0.0001605191133358,20.0,0.0750195444362012,1.0,20.0,4.0,255.0,-1.0,,
npboost-in_context-protein-seed0,9cgcmx6o,2026-07-21T08:13:29Z,npboost,in_context,0,rmse,0.1734612926788862,0.2679363150603298,0.1709730367627293,0.263891554804804,197.3773593902588,0.3314270973205566,0.3229482173919678,3.4968846402066105,51.0,,,,,,,0.2,0.0003600091192911,10.0,0.083744968684368,0.0,100.0,16.0,255.0,-1.0,,
npboost-in_context-protein-seed0,cs03x427,2026-07-21T10:33:49Z,npboost,in_context,0,rmse,0.2071090060244038,0.2586560374761678,0.2042966171424148,0.2517447853551324,442.1110031604767,0.3346269130706787,0.3325052261352539,4.100751213509189,140.0,,,,,,,0.2,5.4597054376998136e-05,10.0,0.1053508308667582,0.0,20.0,4.0,255.0,-1.0,,
npboost-in_context-protein-seed0,f9rdu08o,2026-07-21T11:14:31Z,npboost,in_context,0,rmse,0.2535174167114683,0.2573894839739949,0.2522878081956392,0.2549732179584044,258.1722071170807,0.3511672019958496,0.330549955368042,3.3007824105549783,32.0,,,,,,,0.0,1.702035422361917e-05,20.0,0.0657821692431908,1.0,20.0,16.0,255.0,-1.0,,
npboost-in_context-protein-seed0,faitpu22,2026-07-21T08:28:06Z,npboost,in_context,0,rmse,0.3462022123436479,0.3015354766065827,0.3466194099665519,0.3034306725645945,60.99262976646423,0.3276796340942383,0.3374998569488525,2.901766069153761,10.0,,,,,,,0.2,1.343677338411072e-05,5.0,0.1113002415673063,1.0,10.0,4.0,255.0,-1.0,,
npboost-in_context-protein-seed0,fdqv3w6f,2026-07-21T11:20:44Z,npboost,in_context,0,rmse,0.2610519754762018,0.2683939127438178,0.2598386226215429,0.2646341095378989,91.52317070961,0.3032295703887939,0.2929379940032959,1.950657339605841,30.0,,,,,,,0.0,3.9184339457363744e-05,5.0,0.7978205565731539,1.0,100.0,16.0,255.0,-1.0,,
npboost-in_context-protein-seed0,g5uk4hbc,2026-07-21T09:45:38Z,npboost,in_context,0,rmse,0.1243255960816705,0.2246689948000892,0.1207052556479849,0.2188655469548715,2035.0092186927795,0.320164680480957,0.3198599815368652,3.503592612151456,259.0,,,,,,,0.2,0.0002371245680478,10.0,0.0322020325894309,1.0,100.0,16.0,255.0,-1.0,,
npboost-in_context-protein-seed0,gup486mu,2026-07-21T10:54:59Z,npboost,in_context,0,rmse,0.218275502168343,0.261694800511457,0.2171466309019082,0.2598864257842349,204.2778685092926,0.334954023361206,0.331122875213623,3.6845231662676463,98.0,,,,,,,0.2,0.0001181285816262,5.0,0.0610030224551816,0.0,10.0,8.0,255.0,-1.0,,
npboost-in_context-protein-seed0,hc1wp824,2026-07-21T10:43:53Z,npboost,in_context,0,rmse,0.2570979885938691,0.2661818713540904,0.2558005063791308,0.2627783366903666,268.7943832874298,0.3481793403625488,0.3353304862976074,2.870005560581887,36.0,,,,,,,0.0,1.2904721633073898e-05,20.0,0.2325748079967941,0.0,100.0,8.0,255.0,-1.0,,
npboost-in_context-protein-seed0,hdnon96i,2026-07-21T08:26:47Z,npboost,in_context,0,rmse,0.2641830710168499,0.2896567921553628,0.2651096304119256,0.2955068671870561,73.47936820983887,0.3560776710510254,0.3490548133850097,3.60371284670376,2.0,,,,,,,0.2,0.0004385170256085,10.0,0.8972612866432508,1.0,20.0,8.0,255.0,-1.0,,
npboost-in_context-protein-seed0,i3csrk1l,2026-07-21T09:09:14Z,npboost,in_context,0,rmse,0.1210731878513243,0.2104269023867653,0.1214057842613512,0.2120210922390381,456.9175410270691,0.3428380489349365,0.3107626438140869,3.4350091568541945,159.0,,,,,,,0.0,0.0002780425090632,10.0,0.0105542692281163,1.0,20.0,8.0,255.0,-1.0,,
npboost-in_context-protein-seed0,jilibxcm,2026-07-21T10:19:51Z,npboost,in_context,0,rmse,0.1453477281311248,0.2151318109582735,0.1438215036425441,0.2139890475734809,570.2957079410553,0.3322834968566894,0.330547571182251,3.327530433631765,201.0,,,,,,,0.0,0.0001083323625032,10.0,0.1351582698334605,0.0,100.0,8.0,255.0,-1.0,,
npboost-in_context-protein-seed0,jp1mq0gs,2026-07-21T08:40:58Z,npboost,in_context,0,rmse,0.158770092688371,0.2224785468493345,0.1577853292538314,0.222276306776675,387.7780387401581,0.3510348796844482,0.3344540596008301,3.439946164800365,209.0,,,,,,,0.0,0.0001721990923545,5.0,0.1380161223304589,0.0,1000.0,16.0,255.0,-1.0,,
npboost-in_context-protein-seed0,jsvqawl0,2026-07-21T09:34:57Z,npboost,in_context,0,rmse,0.1195059753045803,0.2166837092736845,0.1203080752170044,0.218327932549187,633.7528636455536,0.3494899272918701,0.3495881557464599,3.4303246926933246,219.0,,,,,,,0.2,0.000956484407922,10.0,0.0109977032995056,0.0,100.0,4.0,255.0,-1.0,,
npboost-in_context-protein-seed0,mrezalfd,2026-07-21T10:29:28Z,npboost,in_context,0,rmse,0.1635532445608531,0.2874670460651303,0.1635351181030273,0.287592744108167,198.575519323349,0.3412191867828369,0.3342709541320801,3.4430987093134187,95.0,,,,,,,0.2,0.0008392140711648,5.0,0.0107859712708854,0.0,10.0,8.0,255.0,-1.0,,
npboost-in_context-protein-seed0,r41u7lzp,2026-07-21T09:16:57Z,npboost,in_context,0,rmse,0.1213430876515883,0.2191606973031431,0.1228467595701849,0.2215138160450966,614.9458684921265,0.3451864719390869,0.340172529220581,3.439946164800365,109.0,,,,,,,0.2,0.0002563473332261,20.0,0.1427109105814198,1.0,1000.0,8.0,255.0,-1.0,,
npboost-in_context-protein-seed0,rf9jjjob,2026-07-21T11:13:06Z,npboost,in_context,0,rmse,0.3454457924341075,0.3186313070632037,0.3439368802911313,0.309723809313337,64.02711725234985,0.3575940132141113,0.3430590629577636,3.272937521777106,11.0,,,,,,,0.2,1.5820851730418417e-05,5.0,0.0450196136386975,1.0,100.0,16.0,255.0,-1.0,,
npboost-in_context-protein-seed0,rq6qesbh,2026-07-21T11:31:36Z,npboost,in_context,0,rmse,0.2529330569277241,0.2927587259502959,0.2517198835100446,0.2884472831421681,336.270991563797,0.3454020023345947,0.3448281288146972,3.439946164800365,48.0,,,,,,,0.2,2.017016316297149e-05,20.0,0.0582929613195039,1.0,1000.0,8.0,255.0,-1.0,,
npboost-in_context-protein-seed0,tuf4xetv,2026-07-21T08:17:52Z,npboost,in_context,0,rmse,0.1453613121750462,0.2366818594870973,0.1409256001382754,0.2257096037613249,528.8669984340668,0.2961809635162353,0.287266731262207,3.541574336868672,178.0,,,,,,,0.2,0.0001381635682257,10.0,0.0261669745608544,1.0,20.0,8.0,255.0,-1.0,,
npboost-in_context-protein-seed0,u8pi4nqf,2026-07-21T10:41:18Z,npboost,in_context,0,rmse,0.2596097540772335,0.2591437058353104,0.2583048750714558,0.2560474037493724,148.97781705856323,0.3115284442901611,0.2952282428741455,2.3739910809819507,31.0,,,,,,,0.0,1.8406671834517417e-05,10.0,0.3476654204795515,0.0,20.0,8.0,255.0,-1.0,,
npboost-in_context-protein-seed0,vyjdlqdh,2026-07-21T08:38:37Z,npboost,in_context,0,rmse,0.1906729508775452,0.2592549876409533,0.1874452916587271,0.2515146752070544,134.61346316337583,0.3298890590667724,0.3188786506652832,3.585619797001076,28.0,,,,,,,0.0,0.0004242243954166,10.0,0.5800570688908553,1.0,20.0,4.0,255.0,-1.0,,
npboost-in_context-protein-seed0,w5njbhhc,2026-07-21T08:29:13Z,npboost,in_context,0,rmse,0.1226240483725943,0.2222816324675785,0.1175456562108694,0.2137108574693968,558.0777802467346,0.346198558807373,0.3367385864257812,3.4603318148041864,203.0,,,,,,,0.0,0.0004548624208721,10.0,0.2953847324956156,0.0,20.0,4.0,255.0,-1.0,,
npboost-in_context-protein-seed0,xcushso9,2026-07-21T08:47:32Z,npboost,in_context,0,rmse,0.1954749569244916,0.2186325610152051,0.1950855653875796,0.220302072096493,1295.0143148899078,0.3543758392333984,0.3338449001312256,3.3682060283905244,270.0,,,,,,,0.0,1.5865500409725956e-05,20.0,0.019901994840577,0.0,100.0,4.0,255.0,-1.0,,
npboost-in_context-protein-seed0,xx3cti6b,2026-07-21T09:27:19Z,npboost,in_context,0,rmse,0.1311737286504552,0.2309365260409817,0.1286868949385055,0.224624717108463,451.2200720310211,0.3124547004699707,0.3012309074401855,3.46837784719328,258.0,,,,,,,0.2,0.0003013710908533,5.0,0.0130634630331783,0.0,10.0,8.0,255.0,-1.0,,
npboost-in_context-protein-seed1,1mogcrqm,2026-07-21T16:22:14Z,npboost,in_context,1,rmse,0.2497098105294364,0.2618360590501837,0.2554109486968675,0.2787124877570411,109.81458163261414,0.32863450050354,0.3410131931304931,3.382248695514286,19.0,,,,,,,0.0,7.917412954846521e-05,10.0,0.1011064623519062,0.0,20.0,8.0,255.0,-1.0,,
npboost-in_context-protein-seed1,1vr9mcsl,2026-07-21T15:34:27Z,npboost,in_context,1,rmse,0.2535375402364166,0.2697531139060879,0.2604902978558158,0.2899248678480406,315.56962299346924,0.3500628471374511,0.3384950160980224,2.8350123970037875,49.0,,,,,,,0.0,1.2904721633073898e-05,20.0,0.2325748079967941,0.0,100.0,8.0,255.0,-1.0,,
npboost-in_context-protein-seed1,2z4i0d89,2026-07-21T16:10:57Z,npboost,in_context,1,rmse,0.3430924897409897,0.3268844842445619,0.3473357755548032,0.3369285346415697,55.90893149375916,0.273068904876709,0.3124735355377197,3.2354387380256893,11.0,,,,,,,0.2,1.5820851730418417e-05,5.0,0.0450196136386975,1.0,100.0,16.0,255.0,-1.0,,
npboost-in_context-protein-seed1,3bmn4yx7,2026-07-21T16:11:59Z,npboost,in_context,1,rmse,0.2434536339098568,0.2632120308594342,0.2494040033958514,0.2806100788546622,410.38718008995056,0.3078749179840088,0.2963659763336181,3.292281044089732,67.0,,,,,,,0.0,1.702035422361917e-05,20.0,0.0657821692431908,1.0,20.0,16.0,255.0,-1.0,,
npboost-in_context-protein-seed1,8ppai5b4,2026-07-21T14:54:51Z,npboost,in_context,1,rmse,0.1424893103410142,0.2489783519508361,0.1500707353864397,0.2611168191003024,416.370106458664,0.3345947265625,0.3315846920013428,3.475947011560999,242.0,,,,,,,0.2,0.0003013710908533,5.0,0.0130634630331783,0.0,10.0,8.0,255.0,-1.0,,
npboost-in_context-protein-seed1,9ok5xd3i,2026-07-21T14:41:08Z,npboost,in_context,1,rmse,0.128773752405253,0.2264336800397458,0.1333214098568162,0.2410725486089511,816.9164052009583,0.2894854545593261,0.2916173934936523,3.449714677895118,157.0,,,,,,,0.2,0.0002563473332261,20.0,0.1427109105814198,1.0,1000.0,8.0,255.0,-1.0,,
npboost-in_context-protein-seed1,b2m1jlv8,2026-07-21T14:05:50Z,npboost,in_context,1,rmse,0.1707755896272559,0.2336503703777091,0.1755354545673011,0.2466820554315806,301.1574091911316,0.2582335472106933,0.2489125728607177,3.449714677895118,178.0,,,,,,,0.0,0.0001721990923545,5.0,0.1380161223304589,0.0,1000.0,16.0,255.0,-1.0,,
npboost-in_context-protein-seed1,bad6aapu,2026-07-21T16:01:44Z,npboost,in_context,1,rmse,0.1348558219883084,0.2404025783948935,0.142243986761113,0.254248706611924,546.8461582660675,0.3443474769592285,0.3393120765686035,3.458857357828202,188.0,,,,,,,0.2,0.0004276097878757,10.0,0.0133482983182945,0.0,100.0,4.0,255.0,-1.0,,
npboost-in_context-protein-seed1,cbmyo3yw,2026-07-21T14:34:20Z,npboost,in_context,1,rmse,0.134936249629961,0.2309673404200641,0.1402698510199889,0.2414186071849473,379.6277625560761,0.3539776802062988,0.3460612297058105,3.453500609893746,130.0,,,,,,,0.0,0.0002780425090632,10.0,0.0105542692281163,1.0,20.0,8.0,255.0,-1.0,,
npboost-in_context-protein-seed1,cks7vtaj,2026-07-21T16:34:16Z,npboost,in_context,1,rmse,0.2551792623274002,0.2604632612984849,0.260476547666543,0.2761472010179456,130.7177894115448,0.3436508178710937,0.3204944133758545,2.9138851812643143,59.0,,,,,,,0.0,3.1392574253118284e-05,5.0,0.1121865737283773,0.0,10.0,4.0,255.0,-1.0,,
npboost-in_context-protein-seed1,d03mi35x,2026-07-21T15:05:45Z,npboost,in_context,1,rmse,0.1352830282071741,0.2400804999482541,0.1397309486043577,0.2500549068976347,609.729532957077,0.3431234359741211,0.3364131450653076,3.45126010978828,217.0,,,,,,,0.2,0.0002371245680478,10.0,0.0322020325894309,1.0,100.0,16.0,255.0,-1.0,,
npboost-in_context-protein-seed1,dsmykcmb,2026-07-21T16:18:55Z,npboost,in_context,1,rmse,0.2670937315512202,0.3056285362610712,0.2725596344844805,0.3197212108727316,82.88240480422974,0.3334848880767822,0.3381240367889404,3.58765650907379,7.0,,,,,,,0.2,0.0001082971516786,10.0,0.2589103504433043,0.0,20.0,16.0,255.0,-1.0,,
npboost-in_context-protein-seed1,e16xdc9p,2026-07-21T15:54:30Z,npboost,in_context,1,rmse,0.1318389945744637,0.2274568011090436,0.1380071141578594,0.2422818871002109,428.0658414363861,0.3233976364135742,0.3291783332824707,3.4259857083075067,151.0,,,,,,,0.0,0.0002507518284371,10.0,0.0302023368339538,1.0,10.0,8.0,255.0,-1.0,,
npboost-in_context-protein-seed1,fpq49ea2,2026-07-21T15:31:50Z,npboost,in_context,1,rmse,0.2585750141210257,0.2665839203264162,0.2648872215988744,0.2855818776837174,150.59010910987854,0.337346076965332,0.3118219375610351,2.4248175294845664,38.0,,,,,,,0.0,1.8406671834517417e-05,10.0,0.3476654204795515,0.0,20.0,8.0,255.0,-1.0,,
npboost-in_context-protein-seed1,h96qyc53,2026-07-21T14:00:29Z,npboost,in_context,1,rmse,0.169622108911388,0.257838868356112,0.1785091174188806,0.2789816041152548,166.63685989379883,0.3655714988708496,0.3670659065246582,3.5821206199732125,42.0,,,,,,,0.0,0.0004548624208721,10.0,0.2953847324956156,0.0,20.0,4.0,255.0,-1.0,,
npboost-in_context-protein-seed1,i3w197sp,2026-07-21T14:03:22Z,npboost,in_context,1,rmse,0.1820398988624067,0.2581838736545562,0.1908892056667846,0.2811676069125979,141.4041976928711,0.3496441841125488,0.3603036403656006,3.364969821855207,34.0,,,,,,,0.0,0.0004242243954166,10.0,0.5800570688908553,1.0,20.0,4.0,255.0,-1.0,,
npboost-in_context-protein-seed1,j1827c9q,2026-07-21T15:22:28Z,npboost,in_context,1,rmse,0.2665136117968409,0.3105983856721234,0.2727383337785142,0.3274679303161321,135.4681966304779,0.3528995513916015,0.3401894569396972,4.04876049027703,60.0,,,,,,,0.2,2.9067203620664195e-05,5.0,0.1823458458254781,0.0,10.0,8.0,255.0,-1.0,,
npboost-in_context-protein-seed1,jdpyen7i,2026-07-21T15:50:39Z,npboost,in_context,1,rmse,0.2117838577111008,0.2669529224039905,0.2182369232177734,0.2846434568497086,224.482186794281,0.3003849983215332,0.297191858291626,3.7594950614574834,120.0,,,,,,,0.2,0.0001181285816262,5.0,0.0610030224551816,0.0,10.0,8.0,255.0,-1.0,,
npboost-in_context-protein-seed1,kfvrbamf,2026-07-21T15:01:54Z,npboost,in_context,1,rmse,0.14811764361551,0.2613830857654416,0.1621111760156079,0.2868912599526671,224.5734503269196,0.3574881553649902,0.3396494388580322,3.449594436257221,62.0,,,,,,,0.2,0.000956484407922,10.0,0.0109977032995056,0.0,100.0,4.0,255.0,-1.0,,
npboost-in_context-protein-seed1,l42csf4s,2026-07-21T13:48:31Z,npboost,in_context,1,rmse,0.1683326714545592,0.2673546739385666,0.1775821061084495,0.2878461027962746,200.0011327266693,0.3466835021972656,0.3410422801971435,3.51602699802845,57.0,,,,,,,0.2,0.0003600091192911,10.0,0.083744968684368,0.0,100.0,16.0,255.0,-1.0,,
npboost-in_context-protein-seed1,mtf82e3f,2026-07-21T13:43:34Z,npboost,in_context,1,rmse,0.1941203207089095,0.2575290875734221,0.2007516801149587,0.2755073765862465,262.7671685218811,0.3221428394317627,0.3458611965179443,3.5434437254134847,32.0,,,,,,,0.2,0.0001605191133358,20.0,0.0750195444362012,1.0,20.0,4.0,255.0,-1.0,,
npboost-in_context-protein-seed1,ocjip0uu,2026-07-21T16:20:23Z,npboost,in_context,1,rmse,0.2582453285775533,0.272474369439643,0.2652795638772253,0.2933034404332384,104.69614052772522,0.3430900573730469,0.3288280963897705,2.105444711515388,43.0,,,,,,,0.0,3.9184339457363744e-05,5.0,0.7978205565731539,1.0,100.0,16.0,255.0,-1.0,,
npboost-in_context-protein-seed1,qswc1b9v,2026-07-21T13:53:05Z,npboost,in_context,1,rmse,0.2084661875867677,0.2601914799675637,0.2150618257422896,0.2789619542789177,204.220112323761,0.3413288593292236,0.3458013534545898,3.5205086676573645,54.0,,,,,,,0.2,0.0001381635682257,10.0,0.0261669745608544,1.0,20.0,8.0,255.0,-1.0,,
npboost-in_context-protein-seed1,rcaf5vdk,2026-07-21T13:59:31Z,npboost,in_context,1,rmse,0.3471486094936676,0.3136347800280286,0.3514228980300318,0.3244161472870375,52.76002383232117,0.2521195411682129,0.2496833801269531,2.918240194009309,10.0,,,,,,,0.2,1.343677338411072e-05,5.0,0.1113002415673063,1.0,10.0,4.0,255.0,-1.0,,
npboost-in_context-protein-seed1,roy1bnuw,2026-07-21T13:57:02Z,npboost,in_context,1,rmse,0.2652427792964497,0.2975625532413916,0.2719096339953485,0.3167780097879927,67.08611488342285,0.3069777488708496,0.2938320636749267,3.61113992614977,2.0,,,,,,,0.2,0.0004385170256085,10.0,0.8972612866432508,1.0,20.0,8.0,255.0,-1.0,,
npboost-in_context-protein-seed1,sj5l4xld,2026-07-21T14:10:58Z,npboost,in_context,1,rmse,0.190625413369634,0.2271362046758414,0.1945210300671514,0.2358093150120573,1389.648728609085,0.2917573451995849,0.2781646251678467,3.3552853303299552,306.0,,,,,,,0.0,1.5865500409725956e-05,20.0,0.019901994840577,0.0,100.0,4.0,255.0,-1.0,,
npboost-in_context-protein-seed1,sxq72a2n,2026-07-21T13:52:13Z,npboost,in_context,1,rmse,0.3291301793753062,0.2963600220758313,0.3359154491889767,0.3186013432102505,45.50046110153198,0.307621955871582,0.3420698642730713,1.1622624980102094,4.0,,,,,,,0.2,1.090384328196852e-05,5.0,0.7717846862118062,0.0,20.0,4.0,255.0,-1.0,,
npboost-in_context-protein-seed1,wa81cfdw,2026-07-21T15:17:50Z,npboost,in_context,1,rmse,0.1480951342433172,0.2616986548805651,0.1616749580728883,0.2833881438324758,270.9911382198334,0.3607079982757568,0.3312335014343261,3.468045320506331,148.0,,,,,,,0.2,0.0008392140711648,5.0,0.0107859712708854,0.0,10.0,8.0,255.0,-1.0,,
npboost-in_context-protein-seed1,xbklcu4i,2026-07-21T15:16:02Z,npboost,in_context,1,rmse,0.2465641008436887,0.2690410541718522,0.2528259330510262,0.2867729571289077,101.96578788757324,0.3370513916015625,0.3452513217926025,3.417472535990288,19.0,,,,,,,0.0,0.0001083323625032,10.0,0.1351582698334605,0.0,100.0,8.0,255.0,-1.0,,
npboost-in_context-protein-seed1,xuxxninu,2026-07-21T15:24:49Z,npboost,in_context,1,rmse,0.2066728013733123,0.2616457214525149,0.212740482768946,0.2779869723249609,414.8441886901856,0.3262989521026611,0.3192694187164306,4.1663630041046975,142.0,,,,,,,0.2,5.4597054376998136e-05,10.0,0.1053508308667582,0.0,20.0,4.0,255.0,-1.0,,
npboost-in_context-protein-seed1,zxxwgmig,2026-07-21T16:24:11Z,npboost,in_context,1,rmse,0.2326366876475902,0.2825623831238474,0.2401648730766482,0.3056059911488947,598.6013510227203,0.3510429859161377,0.3396403789520263,3.449714677895118,108.0,,,,,,,0.2,2.017016316297149e-05,20.0,0.0582929613195039,1.0,1000.0,8.0,255.0,-1.0,,
npboost-in_context-protein-seed1,zy0m2pl7,2026-07-21T15:39:49Z,npboost,in_context,1,rmse,0.1372297200591722,0.2383798896776077,0.1443558835817131,0.2543037853624343,643.1765913963318,0.3546867370605469,0.3507285118103027,3.449714677895118,231.0,,,,,,,0.2,0.0001496922341954,10.0,0.0831211929407696,1.0,1000.0,4.0,255.0,-1.0,,
npboost-in_context-protein-seed2,0t3tonqb,2026-07-21T20:58:45Z,npboost,in_context,2,rmse,0.2073877447573565,0.2494852769753366,0.2002659309201124,0.2189763370007182,1295.195074558258,0.2297396659851074,0.22556734085083,2.5094868838947995,300.0,,,,,,,0.0,1.2904721633073898e-05,20.0,0.2325748079967941,0.0,100.0,8.0,255.0,-1.0,,
npboost-in_context-protein-seed2,1d1apmoo,2026-07-21T19:13:33Z,npboost,in_context,2,rmse,0.2865723732871876,0.3343269634726405,0.2771514400787885,0.2927944848964451,68.09988188743591,0.3576009273529053,0.3439164161682129,3.549141094733768,1.0,,,,,,,0.2,0.0004385170256085,10.0,0.8972612866432508,1.0,20.0,8.0,255.0,-1.0,,
npboost-in_context-protein-seed2,1o90bqrr,2026-07-21T21:49:12Z,npboost,in_context,2,rmse,0.3493740201411762,0.3473258661777925,0.3417437350708433,0.3089288985103777,47.531760454177856,0.2060725688934326,0.2061765193939209,3.225546953409004,11.0,,,,,,,0.2,1.5820851730418417e-05,5.0,0.0450196136386975,1.0,100.0,16.0,255.0,-1.0,,
npboost-in_context-protein-seed2,20lokce4,2026-07-21T19:24:35Z,npboost,in_context,2,rmse,0.209827157263141,0.2564689602923444,0.2018103117726821,0.2254591922532876,1134.8033831119535,0.2979252338409424,0.2940757274627685,3.358377389759523,246.0,,,,,,,0.0,1.5865500409725956e-05,20.0,0.019901994840577,0.0,100.0,4.0,255.0,-1.0,,
npboost-in_context-protein-seed2,2if1xfqt,2026-07-21T21:50:06Z,npboost,in_context,2,rmse,0.2117530743004137,0.2505686677688716,0.2057359077373863,0.2236695180968635,897.7174572944641,0.1695420742034912,0.1679420471191406,3.227760682834937,205.0,,,,,,,0.0,1.702035422361917e-05,20.0,0.0657821692431908,1.0,20.0,16.0,255.0,-1.0,,
npboost-in_context-protein-seed2,2lfpauol,2026-07-21T22:06:23Z,npboost,in_context,2,rmse,0.2115854868074742,0.2441439325303581,0.2052488293797296,0.2163017062453437,425.43771052360535,0.1320412158966064,0.1340370178222656,1.8299256750054456,338.0,,,,,,,0.0,3.9184339457363744e-05,5.0,0.7978205565731539,1.0,100.0,16.0,255.0,-1.0,,
npboost-in_context-protein-seed2,3oy58g15,2026-07-21T20:25:12Z,npboost,in_context,2,rmse,0.1615656078484831,0.2501651959136357,0.1525313181328856,0.2216281232341889,500.95582580566406,0.3072726726531982,0.2951908111572265,3.4290459422208897,186.0,,,,,,,0.0,0.0001083323625032,10.0,0.1351582698334605,0.0,100.0,8.0,255.0,-1.0,,
npboost-in_context-protein-seed2,959zi33z,2026-07-21T21:20:57Z,npboost,in_context,2,rmse,0.1410668801762916,0.2557036488917016,0.1262480174207521,0.2216597735655091,685.8777029514313,0.2145900726318359,0.2095375061035156,3.439709695229592,281.0,,,,,,,0.2,0.0001496922341954,10.0,0.0831211929407696,1.0,1000.0,4.0,255.0,-1.0,,
npboost-in_context-protein-seed2,9ffpzvqb,2026-07-21T21:42:31Z,npboost,in_context,2,rmse,0.1432569550304878,0.2602235277798229,0.1261817353943083,0.2239630874429066,379.398886680603,0.2243106365203857,0.2169761657714844,3.44153266103338,147.0,,,,,,,0.2,0.0004276097878757,10.0,0.0133482983182945,0.0,100.0,4.0,255.0,-1.0,,
npboost-in_context-protein-seed2,a57aphm3,2026-07-21T22:13:35Z,npboost,in_context,2,rmse,0.1750722579424389,0.2474935500440287,0.1688956383628712,0.2240072718870313,443.0698716640472,0.1710348129272461,0.1701929569244384,3.3706724647440547,186.0,,,,,,,0.0,7.917412954846521e-05,10.0,0.1011064623519062,0.0,20.0,8.0,255.0,-1.0,,
npboost-in_context-protein-seed2,aw0l05m4,2026-07-21T19:59:40Z,npboost,in_context,2,rmse,0.1755489987363383,0.2869119264476054,0.1579653444190474,0.2394851012994048,243.49796080589297,0.3099212646484375,0.3008949756622314,3.46191853564996,137.0,,,,,,,0.2,0.0003013710908533,5.0,0.0130634630331783,0.0,10.0,8.0,255.0,-1.0,,
npboost-in_context-protein-seed2,ay0aepfu,2026-07-21T19:43:36Z,npboost,in_context,2,rmse,0.1706926133159145,0.266145553290896,0.1554908818899546,0.2202450948672291,230.4979169368744,0.2872965335845947,0.2465255260467529,3.44214698840508,71.0,,,,,,,0.0,0.0002780425090632,10.0,0.0105542692281163,1.0,20.0,8.0,255.0,-1.0,,
npboost-in_context-protein-seed2,bksgljt0,2026-07-21T20:03:50Z,npboost,in_context,2,rmse,0.1422946909994198,0.2568833415530413,0.1223915379221846,0.2175200098848352,464.4860653877258,0.2637834548950195,0.2522706985473633,3.4268907615381905,165.0,,,,,,,0.2,0.000956484407922,10.0,0.0109977032995056,0.0,100.0,4.0,255.0,-1.0,,
npboost-in_context-protein-seed2,bnv3zqpu,2026-07-21T22:54:05Z,npboost,in_context,2,rmse,0.2625673938711346,0.2940029590317479,0.2535368889466395,0.2518972474839266,109.67176651954652,0.1826887130737304,0.1680490970611572,2.891109994243297,66.0,,,,,,,0.0,3.1392574253118284e-05,5.0,0.1121865737283773,0.0,10.0,4.0,255.0,-1.0,,
npboost-in_context-protein-seed2,bruy080d,2026-07-21T19:20:11Z,npboost,in_context,2,rmse,0.1892468987441644,0.2592933608902359,0.1791473448484201,0.2225331253699798,256.8464958667755,0.3404669761657715,0.3476581573486328,3.439709695229592,144.0,,,,,,,0.0,0.0001721990923545,5.0,0.1380161223304589,0.0,1000.0,16.0,255.0,-1.0,,
npboost-in_context-protein-seed2,cf2wtjfw,2026-07-21T19:15:49Z,npboost,in_context,2,rmse,0.1914202062095084,0.2955755182764422,0.1771484069292553,0.2534725164539529,142.59279036521912,0.2977590560913086,0.2845697402954101,3.4459788192262035,34.0,,,,,,,0.0,0.0004548624208721,10.0,0.2953847324956156,0.0,20.0,4.0,255.0,-1.0,,
npboost-in_context-protein-seed2,ezotypqj,2026-07-21T18:57:34Z,npboost,in_context,2,rmse,0.3253440856933594,0.3320800851193178,0.3186537978541145,0.299867963018005,46.49158477783203,0.3491909503936767,0.3506581783294678,1.3457285907715333,6.0,,,,,,,0.2,1.090384328196852e-05,5.0,0.7717846862118062,0.0,20.0,4.0,255.0,-1.0,,
npboost-in_context-protein-seed2,fobbqnij,2026-07-21T19:47:34Z,npboost,in_context,2,rmse,0.1370930356015727,0.2492434836469927,0.1258573199813789,0.2231260210968269,720.4386200904846,0.2526218891143799,0.2496016025543213,3.439709695229592,141.0,,,,,,,0.2,0.0002563473332261,20.0,0.1427109105814198,1.0,1000.0,8.0,255.0,-1.0,,
npboost-in_context-protein-seed2,ghacmu6z,2026-07-21T20:11:57Z,npboost,in_context,2,rmse,0.1396309822693934,0.2546128822853409,0.1248027057182498,0.2209166344155196,788.857791185379,0.298450231552124,0.2949965000152588,3.4051124224454745,296.0,,,,,,,0.2,0.0002371245680478,10.0,0.0322020325894309,1.0,100.0,16.0,255.0,-1.0,,
npboost-in_context-protein-seed2,kzmmfra3,2026-07-21T19:18:18Z,npboost,in_context,2,rmse,0.2197483076035769,0.2958547201005281,0.2085924181788641,0.2555276360010972,105.7996277809143,0.3591787815093994,0.336055040359497,3.492946842611579,18.0,,,,,,,0.0,0.0004242243954166,10.0,0.5800570688908553,1.0,20.0,4.0,255.0,-1.0,,
npboost-in_context-protein-seed2,l7obirfk,2026-07-21T20:33:40Z,npboost,in_context,2,rmse,0.1558997024642466,0.277000182942538,0.130732669232199,0.2291701232437003,262.4861423969269,0.2642879486083984,0.252321720123291,3.4323182723055936,150.0,,,,,,,0.2,0.0008392140711648,5.0,0.0107859712708854,0.0,10.0,8.0,255.0,-1.0,,
npboost-in_context-protein-seed2,mwit3e8g,2026-07-21T21:33:52Z,npboost,in_context,2,rmse,0.1345888995127395,0.2445694493929497,0.1246731123442434,0.2203969444699992,513.6409449577332,0.2068805694580078,0.2050905227661132,3.454707154563203,213.0,,,,,,,0.0,0.0002507518284371,10.0,0.0302023368339538,1.0,10.0,8.0,255.0,-1.0,,
npboost-in_context-protein-seed2,ny4h0phl,2026-07-21T20:45:58Z,npboost,in_context,2,rmse,0.2179854256766183,0.2488792642522677,0.2125233573780658,0.2235297441108888,748.7839000225067,0.2229840755462646,0.2241902351379394,2.0533449065389897,313.0,,,,,,,0.0,1.8406671834517417e-05,10.0,0.3476654204795515,0.0,20.0,8.0,255.0,-1.0,,
npboost-in_context-protein-seed2,o51s9rtw,2026-07-21T20:38:56Z,npboost,in_context,2,rmse,0.2155879881323837,0.297871779524264,0.2032404377900765,0.254671884492451,416.4029619693756,0.2620172500610351,0.2568528652191162,4.073959564108503,150.0,,,,,,,0.2,5.4597054376998136e-05,10.0,0.1053508308667582,0.0,20.0,4.0,255.0,-1.0,,
npboost-in_context-protein-seed2,o70eaavf,2026-07-21T18:45:25Z,npboost,in_context,2,rmse,0.1383166030724289,0.2516545079251424,0.1229263132872897,0.2169174006010652,720.0675082206726,0.2731306552886963,0.2492249011993408,3.2920080829619245,261.0,,,,,,,0.2,0.0003600091192911,10.0,0.083744968684368,0.0,100.0,16.0,255.0,-1.0,,
npboost-in_context-protein-seed2,p3vcpfhx,2026-07-21T21:32:28Z,npboost,in_context,2,rmse,0.263772054001014,0.3319486642871097,0.2533582893398165,0.2913826269576008,77.47972917556763,0.1690547466278076,0.1716382503509521,3.5407993384338083,33.0,,,,,,,0.2,0.0001181285816262,5.0,0.0610030224551816,0.0,10.0,8.0,255.0,-1.0,,
npboost-in_context-protein-seed2,pdb5nwai,2026-07-21T18:58:27Z,npboost,in_context,2,rmse,0.1395031533590177,0.2511751213511357,0.1281193457414048,0.2269882804613248,898.6640996932983,0.3605883121490478,0.3160862922668457,3.371978388213878,329.0,,,,,,,0.2,0.0001381635682257,10.0,0.0261669745608544,1.0,20.0,8.0,255.0,-1.0,,
npboost-in_context-protein-seed2,q3fm167w,2026-07-21T22:05:10Z,npboost,in_context,2,rmse,0.2775821220584032,0.3355192189487622,0.2674714995593559,0.2937478017415874,68.12597894668579,0.0978996753692627,0.1008455753326416,3.559894199632218,6.0,,,,,,,0.2,0.0001082971516786,10.0,0.2589103504433043,0.0,20.0,16.0,255.0,-1.0,,
npboost-in_context-protein-seed2,vrxgb7c8,2026-07-21T18:30:10Z,npboost,in_context,2,rmse,0.1389372224176387,0.2501135232607009,0.123124139234164,0.2177330908836388,907.1083850860596,0.2955052852630615,0.2872467041015625,3.333677871291153,178.0,,,,,,,0.2,0.0001605191133358,20.0,0.0750195444362012,1.0,20.0,4.0,255.0,-1.0,,
npboost-in_context-protein-seed2,w0tfkuhk,2026-07-21T22:21:03Z,npboost,in_context,2,rmse,0.167896254137418,0.2705891892820277,0.1568967706235028,0.238699973050514,1952.2112126350405,0.1850819587707519,0.1698155403137207,3.439709695229592,462.0,,,,,,,0.2,2.017016316297149e-05,20.0,0.0582929613195039,1.0,1000.0,8.0,255.0,-1.0,,
npboost-in_context-protein-seed2,x8gygape,2026-07-21T19:14:48Z,npboost,in_context,2,rmse,0.3535560049661776,0.3365654748710787,0.3460985177070006,0.2967208759495333,53.34727025032044,0.3534917831420898,0.3386404514312744,2.9064110051024032,10.0,,,,,,,0.2,1.343677338411072e-05,5.0,0.1113002415673063,1.0,10.0,4.0,255.0,-1.0,,
npboost-in_context-protein-seed2,ztbsax6a,2026-07-21T20:38:08Z,npboost,in_context,2,rmse,0.3577299350645484,0.3372064063744713,0.3501823770875299,0.2968218050533408,42.51775765419006,0.3098957538604736,0.3092985153198242,2.6969507197039886,4.0,,,,,,,0.2,2.9067203620664195e-05,5.0,0.1823458458254781,0.0,10.0,8.0,255.0,-1.0,,
npboost-in_context-protein-seed3,0eq6l038,2026-07-21T09:07:23Z,npboost,in_context,3,rmse,0.1284716071152105,0.204151519908289,0.1496136828166682,0.2543162303259913,326.173038482666,0.3350803852081299,0.3366796970367431,3.447774369668978,108.0,,,,,,,0.0,0.0002780425090632,10.0,0.0105542692281163,1.0,20.0,8.0,255.0,-1.0,,
npboost-in_context-protein-seed3,0yerxid2,2026-07-21T10:15:19Z,npboost,in_context,3,rmse,0.2597203670063085,0.2848911270975535,0.2750865922987668,0.3346488240898401,130.3554401397705,0.3183412551879883,0.3274881839752197,4.0533399464486735,60.0,,,,,,,0.2,2.9067203620664195e-05,5.0,0.1823458458254781,0.0,10.0,8.0,255.0,-1.0,,
npboost-in_context-protein-seed3,1bru8tu9,2026-07-21T11:36:05Z,npboost,in_context,3,rmse,0.2588690648095533,0.2798531453205248,0.2738595557129757,0.3289312739527494,86.32323551177979,0.3243460655212402,0.3322272300720215,3.6070892409180018,8.0,,,,,,,0.2,0.0001082971516786,10.0,0.2589103504433043,0.0,20.0,16.0,255.0,-1.0,,
npboost-in_context-protein-seed3,1e3bqkx0,2026-07-21T11:42:06Z,npboost,in_context,3,rmse,0.1695391359229536,0.2289696945816987,0.1837728812719471,0.2675565580324917,1650.4333581924438,0.3409936428070068,0.3266611099243164,3.444742547638676,330.0,,,,,,,0.2,2.017016316297149e-05,20.0,0.0582929613195039,1.0,1000.0,8.0,255.0,-1.0,,
npboost-in_context-protein-seed3,1jp14n1p,2026-07-21T08:19:17Z,npboost,in_context,3,rmse,0.293110265964415,0.2789990698450925,0.3070700376291308,0.3295604233999575,58.32195806503296,0.3426880836486816,0.3276975154876709,2.1700308303150666,13.0,,,,,,,0.2,1.090384328196852e-05,5.0,0.7717846862118062,0.0,20.0,4.0,255.0,-1.0,,
npboost-in_context-protein-seed3,2iw36qy6,2026-07-21T08:26:39Z,npboost,in_context,3,rmse,0.342810780329156,0.2912460984053458,0.3521206021724262,0.3254807817881658,55.39898228645325,0.3378157615661621,0.3378353118896484,2.917245563659027,10.0,,,,,,,0.2,1.343677338411072e-05,5.0,0.1113002415673063,1.0,10.0,4.0,255.0,-1.0,,
npboost-in_context-protein-seed3,3w7jvsub,2026-07-21T09:29:18Z,npboost,in_context,3,rmse,0.1320957290170915,0.2362674633934975,0.1572966093801039,0.2810207708371705,256.68403673172,0.3371105194091797,0.332362413406372,3.44467041597506,72.0,,,,,,,0.2,0.000956484407922,10.0,0.0109977032995056,0.0,100.0,4.0,255.0,-1.0,,
npboost-in_context-protein-seed3,49dq32lc,2026-07-21T10:59:41Z,npboost,in_context,3,rmse,0.1343002186419656,0.2167561238697972,0.1480516108070931,0.2483350085501788,518.6350154876709,0.346510648727417,0.3452391624450683,3.444742547638676,177.0,,,,,,,0.2,0.0001496922341954,10.0,0.0831211929407696,1.0,1000.0,4.0,255.0,-1.0,,
npboost-in_context-protein-seed3,629xhmyf,2026-07-21T08:31:01Z,npboost,in_context,3,rmse,0.153897707470618,0.2371767362243355,0.1753222767899676,0.2872173237975325,195.4760720729828,0.3474147319793701,0.3241777420043945,3.176988999172988,53.0,,,,,,,0.0,0.0004242243954166,10.0,0.5800570688908553,1.0,20.0,4.0,255.0,-1.0,,
npboost-in_context-protein-seed3,76305mjw,2026-07-21T11:37:38Z,npboost,in_context,3,rmse,0.250660062251606,0.2492521946128731,0.2613268463453764,0.283699646510021,116.06880140304564,0.2864439487457275,0.2839541435241699,2.135947212520776,51.0,,,,,,,0.0,3.9184339457363744e-05,5.0,0.7978205565731539,1.0,100.0,16.0,255.0,-1.0,,
npboost-in_context-protein-seed3,844bo7yf,2026-07-21T08:25:26Z,npboost,in_context,3,rmse,0.2599464310170881,0.2778101703880901,0.2740370255314099,0.3238937692130332,68.07321786880493,0.3255379199981689,0.3353798389434814,3.5950901626249725,2.0,,,,,,,0.2,0.0004385170256085,10.0,0.8972612866432508,1.0,20.0,8.0,255.0,-1.0,,
npboost-in_context-protein-seed3,8iofkjiz,2026-07-21T10:09:10Z,npboost,in_context,3,rmse,0.2263317108154297,0.248223735624006,0.2371691461224173,0.2799110633596034,153.34492754936218,0.2718126773834228,0.282275915145874,3.4350892228083487,37.0,,,,,,,0.0,0.0001083323625032,10.0,0.1351582698334605,0.0,100.0,8.0,255.0,-1.0,,
npboost-in_context-protein-seed3,b1na6q3y,2026-07-21T08:34:23Z,npboost,in_context,3,rmse,0.151953594194472,0.2050851927921642,0.1676767661596424,0.2493102574214235,365.1333210468292,0.3443083763122558,0.3161904811859131,3.444742547638676,212.0,,,,,,,0.0,0.0001721990923545,5.0,0.1380161223304589,0.0,1000.0,16.0,255.0,-1.0,,
npboost-in_context-protein-seed3,bfsqgjrn,2026-07-21T10:29:30Z,npboost,in_context,3,rmse,0.2480667459840143,0.2409437923257387,0.262100159914236,0.2910809919244267,209.68731260299683,0.3465526103973388,0.3234171867370605,2.377891661107373,60.0,,,,,,,0.0,1.8406671834517417e-05,10.0,0.3476654204795515,0.0,20.0,8.0,255.0,-1.0,,
npboost-in_context-protein-seed3,e2iugpxa,2026-07-21T09:12:56Z,npboost,in_context,3,rmse,0.1115893453671126,0.2010599142220849,0.1368413320401819,0.2494886803231068,636.3210291862488,0.3558700084686279,0.3279647827148437,3.444742547638676,113.0,,,,,,,0.2,0.0002563473332261,20.0,0.1427109105814198,1.0,1000.0,8.0,255.0,-1.0,,
npboost-in_context-protein-seed3,e3vxgi1s,2026-07-21T09:33:41Z,npboost,in_context,3,rmse,0.1116739233196404,0.2031756075732549,0.1358294503614046,0.2514047365468779,2097.252610206604,0.3184573650360107,0.3120689392089844,3.4413345744809267,278.0,,,,,,,0.2,0.0002371245680478,10.0,0.0322020325894309,1.0,100.0,16.0,255.0,-1.0,,
npboost-in_context-protein-seed3,elwzp495,2026-07-21T11:11:16Z,npboost,in_context,3,rmse,0.1098299624612522,0.1920334374856335,0.1326583270827236,0.2422118746673202,518.8930592536926,0.3423280715942383,0.347367525100708,3.46476039137842,184.0,,,,,,,0.0,0.0002507518284371,10.0,0.0302023368339538,1.0,10.0,8.0,255.0,-1.0,,
npboost-in_context-protein-seed3,fnv868vy,2026-07-21T11:29:10Z,npboost,in_context,3,rmse,0.236395859136814,0.2369324546031338,0.2507872299034836,0.2868413962363526,409.2928285598755,0.3499050140380859,0.3468985557556152,3.2971222620222926,68.0,,,,,,,0.0,1.702035422361917e-05,20.0,0.0657821692431908,1.0,20.0,16.0,255.0,-1.0,,
npboost-in_context-protein-seed3,frbs7dvn,2026-07-21T10:11:50Z,npboost,in_context,3,rmse,0.1351187303921902,0.2372936927711138,0.1573397274216708,0.2773898410736723,203.97235703468323,0.3332672119140625,0.3325710296630859,3.4438026514838787,103.0,,,,,,,0.2,0.0008392140711648,5.0,0.0107859712708854,0.0,10.0,8.0,255.0,-1.0,,
npboost-in_context-protein-seed3,i1hz0hpq,2026-07-21T07:56:21Z,npboost,in_context,3,rmse,0.1112644381639434,0.2030376515463696,0.1414331708635602,0.2563834058139766,1045.4765589237213,0.294443130493164,0.327221155166626,3.3764680153606026,194.0,,,,,,,0.2,0.0001605191133358,20.0,0.0750195444362012,1.0,20.0,4.0,255.0,-1.0,,
npboost-in_context-protein-seed3,jspcvcgr,2026-07-21T12:09:46Z,npboost,in_context,3,rmse,0.2458776015437853,0.2372448170188579,0.2589663528814548,0.2829062964513091,164.28712940216064,0.3541202545166015,0.3394615650177002,2.895505069745371,80.0,,,,,,,0.0,3.1392574253118284e-05,5.0,0.1121865737283773,0.0,10.0,4.0,255.0,-1.0,,
npboost-in_context-protein-seed3,mrbh89nk,2026-07-21T11:09:22Z,npboost,in_context,3,rmse,0.2482605777966436,0.2793432486998362,0.2622562700863083,0.3233155899570885,92.38680481910706,0.3464701175689697,0.3326969146728515,3.554067186077789,33.0,,,,,,,0.2,0.0001181285816262,5.0,0.0610030224551816,0.0,10.0,8.0,255.0,-1.0,,
npboost-in_context-protein-seed3,n7nw4wyo,2026-07-21T09:23:39Z,npboost,in_context,3,rmse,0.1392585541728481,0.2252448755899177,0.1569133884815388,0.2644354586927758,330.6808271408081,0.3370568752288818,0.3632640838623047,3.4743554590332684,176.0,,,,,,,0.2,0.0003013710908533,5.0,0.0130634630331783,0.0,10.0,8.0,255.0,-1.0,,
npboost-in_context-protein-seed3,nokzzfq3,2026-07-21T08:40:35Z,npboost,in_context,3,rmse,0.1781209453888471,0.2002152801290549,0.1908025508973656,0.2417430217793264,1601.6247692108154,0.3365736007690429,0.3396670818328857,3.360968106317442,342.0,,,,,,,0.0,1.5865500409725956e-05,20.0,0.019901994840577,0.0,100.0,4.0,255.0,-1.0,,
npboost-in_context-protein-seed3,o7bxy2mx,2026-07-21T11:20:02Z,npboost,in_context,3,rmse,0.1164417898198038,0.2107982950266419,0.1352800708199212,0.2473865211677804,479.38849210739136,0.3514752388000488,0.3299431800842285,3.453979736059201,161.0,,,,,,,0.2,0.0004276097878757,10.0,0.0133482983182945,0.0,100.0,4.0,255.0,-1.0,,
npboost-in_context-protein-seed3,qai7qjw0,2026-07-21T11:39:39Z,npboost,in_context,3,rmse,0.2353168846422786,0.2377131544333173,0.2491353663002572,0.2842698356555801,137.0124135017395,0.3114910125732422,0.2887454032897949,3.394038885355926,31.0,,,,,,,0.0,7.917412954846521e-05,10.0,0.1011064623519062,0.0,20.0,8.0,255.0,-1.0,,
npboost-in_context-protein-seed3,qnof02cc,2026-07-21T08:27:41Z,npboost,in_context,3,rmse,0.1509415031725521,0.2358964382535471,0.1719745177425158,0.2842784021894362,193.99282264709475,0.3139958381652832,0.3383400440216064,3.3572387236413017,53.0,,,,,,,0.0,0.0004548624208721,10.0,0.2953847324956156,0.0,20.0,4.0,255.0,-1.0,,
npboost-in_context-protein-seed3,u3l2ssk9,2026-07-21T10:33:05Z,npboost,in_context,3,rmse,0.1884228178017646,0.1917090639088093,0.2035562069989247,0.2473787233034929,1572.4069952964785,0.3380391597747803,0.3411750793457031,2.467792624853223,327.0,,,,,,,0.0,1.2904721633073898e-05,20.0,0.2325748079967941,0.0,100.0,8.0,255.0,-1.0,,
npboost-in_context-protein-seed3,vfv2xrfe,2026-07-21T11:28:07Z,npboost,in_context,3,rmse,0.3384819429510561,0.3031479061609269,0.3468728082105258,0.3317690269548635,56.76076626777649,0.6829404830932617,0.3408131599426269,3.232477876788582,11.0,,,,,,,0.2,1.5820851730418417e-05,5.0,0.0450196136386975,1.0,100.0,16.0,255.0,-1.0,,
npboost-in_context-protein-seed3,vsta8idf,2026-07-21T08:13:57Z,npboost,in_context,3,rmse,0.1424858478718933,0.2474563907550219,0.1598067466390257,0.2796812638835654,314.0789248943329,0.3475885391235351,0.3263041973114013,3.5307990522694803,98.0,,,,,,,0.2,0.0003600091192911,10.0,0.083744968684368,0.0,100.0,16.0,255.0,-1.0,,
npboost-in_context-protein-seed3,y0r9b9vy,2026-07-21T10:18:05Z,npboost,in_context,3,rmse,0.1761856843370178,0.2412138842517346,0.1935739550440984,0.2866098861290556,678.4274237155914,0.3013384342193603,0.2952640056610107,4.337351371322408,233.0,,,,,,,0.2,5.4597054376998136e-05,10.0,0.1053508308667582,0.0,20.0,4.0,255.0,-1.0,,
npboost-in_context-protein-seed3,ydpg0jb5,2026-07-21T08:20:21Z,npboost,in_context,3,rmse,0.1770502648702482,0.2393682789885242,0.1930980217166063,0.2811561803087599,296.5116260051728,0.3407883644104004,0.3488748073577881,3.5391946616028256,91.0,,,,,,,0.2,0.0001381635682257,10.0,0.0261669745608544,1.0,20.0,8.0,255.0,-1.0,,
npboost-in_context-protein-seed4,2r6oahet,2026-07-21T15:52:31Z,npboost,in_context,4,rmse,0.195274645443162,0.2622337153019892,0.2007480913753709,0.279168825213638,176.9150583744049,0.3299002647399902,0.3317592144012451,3.4937690234095364,44.0,,,,,,,0.2,0.0002371245680478,10.0,0.0322020325894309,1.0,100.0,16.0,255.0,-1.0,,
npboost-in_context-protein-seed4,3ph8znyu,2026-07-21T16:47:01Z,npboost,in_context,4,rmse,0.2550744644856204,0.2657110330277816,0.2590200178299216,0.2785364169240379,122.52100229263306,0.3364138603210449,0.3286466598510742,2.0040153622500583,50.0,,,,,,,0.0,3.9184339457363744e-05,5.0,0.7978205565731539,1.0,100.0,16.0,255.0,-1.0,,
npboost-in_context-protein-seed4,41uig1ak,2026-07-21T15:05:27Z,npboost,in_context,4,rmse,0.2044724520905923,0.2616907679972221,0.207871712874037,0.2718066951288203,116.91608095169067,0.3596558570861816,0.3399102687835693,3.5536418830586145,21.0,,,,,,,0.0,0.0004242243954166,10.0,0.5800570688908553,1.0,20.0,4.0,255.0,-1.0,,
npboost-in_context-protein-seed4,4ycm4s5i,2026-07-21T14:57:04Z,npboost,in_context,4,rmse,0.2059685178750068,0.2545520515678264,0.2098886709180028,0.2666172052724319,201.38426756858823,0.2856161594390869,0.2847917079925537,3.506579666523439,55.0,,,,,,,0.2,0.0001381635682257,10.0,0.0261669745608544,1.0,20.0,8.0,255.0,-1.0,,
npboost-in_context-protein-seed4,4yeumg29,2026-07-21T15:34:40Z,npboost,in_context,4,rmse,0.1341259786891604,0.2317622017642047,0.1479272343971172,0.2613700402564123,430.2417585849762,0.3443691730499267,0.3539197444915771,3.430096452357261,68.0,,,,,,,0.2,0.0002563473332261,20.0,0.1427109105814198,1.0,1000.0,8.0,255.0,-1.0,,
npboost-in_context-protein-seed4,5d7tghqn,2026-07-21T14:48:08Z,npboost,in_context,4,rmse,0.1978733581117636,0.2561769422712177,0.2014631078633697,0.2654993613838571,257.3633637428284,0.3577208518981933,0.3399875164031982,3.5109587164979725,29.0,,,,,,,0.2,0.0001605191133358,20.0,0.0750195444362012,1.0,20.0,4.0,255.0,-1.0,,
npboost-in_context-protein-seed4,88ctqi06,2026-07-21T16:17:41Z,npboost,in_context,4,rmse,0.1464279453928877,0.2355138003120508,0.1552633159251994,0.2572086239253789,482.9938175678253,0.3422701358795166,0.3343691825866699,3.430096452357261,163.0,,,,,,,0.2,0.0001496922341954,10.0,0.0831211929407696,1.0,1000.0,4.0,255.0,-1.0,,
npboost-in_context-protein-seed4,8lomacfq,2026-07-21T16:11:45Z,npboost,in_context,4,rmse,0.2505360247781468,0.2641399852524743,0.2542063217960583,0.2768640268321856,350.07587361335754,0.3293278217315674,0.3304986953735351,2.8055370757503786,56.0,,,,,,,0.0,1.2904721633073898e-05,20.0,0.2325748079967941,0.0,100.0,8.0,255.0,-1.0,,
npboost-in_context-protein-seed4,a6x90trk,2026-07-21T16:01:50Z,npboost,in_context,4,rmse,0.3502066608920745,0.3081651460587988,0.3510495694256825,0.3050918596326216,46.36799454689026,0.3476438522338867,0.340040922164917,2.68235517199066,4.0,,,,,,,0.2,2.9067203620664195e-05,5.0,0.1823458458254781,0.0,10.0,8.0,255.0,-1.0,,
npboost-in_context-protein-seed4,ajdmmka4,2026-07-21T16:40:42Z,npboost,in_context,4,rmse,0.2527867360397498,0.2588939414667325,0.2554649326444088,0.2666277724981556,245.538836479187,0.204906940460205,0.2121896743774414,3.278977733504481,32.0,,,,,,,0.0,1.702035422361917e-05,20.0,0.0657821692431908,1.0,20.0,16.0,255.0,-1.0,,
npboost-in_context-protein-seed4,asheo66h,2026-07-21T14:53:25Z,npboost,in_context,4,rmse,0.1870788946384337,0.2617258685770189,0.1933913280739601,0.2798747224086841,155.51627397537231,0.3575160503387451,0.327930212020874,3.4993553820202283,35.0,,,,,,,0.2,0.0003600091192911,10.0,0.083744968684368,0.0,100.0,16.0,255.0,-1.0,,
npboost-in_context-protein-seed4,bmze8e9f,2026-07-21T16:08:48Z,npboost,in_context,4,rmse,0.2574051448277065,0.2673786520118695,0.2593723190786116,0.2724419521276031,171.36663174629211,0.3341028690338135,0.3415942192077636,2.363195333335802,44.0,,,,,,,0.0,1.8406671834517417e-05,10.0,0.3476654204795515,0.0,20.0,8.0,255.0,-1.0,,
npboost-in_context-protein-seed4,c51luaj9,2026-07-21T15:00:35Z,npboost,in_context,4,rmse,0.2756341010435948,0.2969817399503353,0.2766988003295473,0.2940062592944672,64.93743228912354,0.2942800521850586,0.287832498550415,3.522404167197853,1.0,,,,,,,0.2,0.0004385170256085,10.0,0.8972612866432508,1.0,20.0,8.0,255.0,-1.0,,
npboost-in_context-protein-seed4,dcstpu36,2026-07-21T15:01:46Z,npboost,in_context,4,rmse,0.3460065197030841,0.3064628344843597,0.3477813640953356,0.3078114647215177,56.020792961120605,0.3717691898345947,0.3516311645507812,2.8905698360073,10.0,,,,,,,0.2,1.343677338411072e-05,5.0,0.1113002415673063,1.0,10.0,4.0,255.0,-1.0,,
npboost-in_context-protein-seed4,eo3beru9,2026-07-21T16:39:38Z,npboost,in_context,4,rmse,0.3418918569744256,0.3188302125486823,0.344430664275166,0.3239455143872217,58.46714115142822,0.3531010150909424,0.3329122066497803,3.2115873386361944,11.0,,,,,,,0.2,1.5820851730418417e-05,5.0,0.0450196136386975,1.0,100.0,16.0,255.0,-1.0,,
npboost-in_context-protein-seed4,fk06y220,2026-07-21T15:09:05Z,npboost,in_context,4,rmse,0.2031452564412293,0.2278326342338353,0.2099730794022723,0.2537657627258858,1181.016714334488,0.3248722553253174,0.3332333564758301,3.3462325823806136,237.0,,,,,,,0.0,1.5865500409725956e-05,20.0,0.019901994840577,0.0,100.0,4.0,255.0,-1.0,,
npboost-in_context-protein-seed4,fs8bz3sf,2026-07-21T15:07:30Z,npboost,in_context,4,rmse,0.2434640279630335,0.2746198736222897,0.2469859571822429,0.2862971413872408,88.34388303756714,0.2889645099639892,0.3011095523834228,3.430096452357261,31.0,,,,,,,0.0,0.0001721990923545,5.0,0.1380161223304589,0.0,1000.0,16.0,255.0,-1.0,,
npboost-in_context-protein-seed4,fy2r9ol8,2026-07-21T15:55:34Z,npboost,in_context,4,rmse,0.2477826573707501,0.2616223655182017,0.2520955580867541,0.2774253509150075,106.81533980369568,0.3421523571014404,0.3398292064666748,3.3769121374782016,16.0,,,,,,,0.0,0.0001083323625032,10.0,0.1351582698334605,0.0,100.0,8.0,255.0,-1.0,,
npboost-in_context-protein-seed4,lpdtlma1,2026-07-21T14:56:10Z,npboost,in_context,4,rmse,0.3174761861874251,0.3026646726043028,0.3189485264156753,0.3019977833587649,48.37091517448425,0.2956240177154541,0.2904636859893799,1.3206741346673951,6.0,,,,,,,0.2,1.090384328196852e-05,5.0,0.7717846862118062,0.0,20.0,4.0,255.0,-1.0,,
npboost-in_context-protein-seed4,lppz3nod,2026-07-21T15:44:46Z,npboost,in_context,4,rmse,0.1379767859854349,0.2468067702863234,0.1502561868275499,0.2713717369927388,458.3011400699616,0.3138868808746338,0.2891108989715576,3.4206984886022656,154.0,,,,,,,0.2,0.000956484407922,10.0,0.0109977032995056,0.0,100.0,4.0,255.0,-1.0,,
npboost-in_context-protein-seed4,lyawn9a3,2026-07-21T16:33:15Z,npboost,in_context,4,rmse,0.1305155604558539,0.2332618585158968,0.1420009858932229,0.2551040370004255,376.4745349884033,0.3008284568786621,0.3032302856445312,3.428979418668645,116.0,,,,,,,0.2,0.0004276097878757,10.0,0.0133482983182945,0.0,100.0,4.0,255.0,-1.0,,
npboost-in_context-protein-seed4,mzwja1t8,2026-07-21T17:03:10Z,npboost,in_context,4,rmse,0.2580476953592865,0.2589639580472724,0.2609891060752736,0.2675750187848738,100.13881969451904,0.3542647361755371,0.3547329902648926,2.8707627449995874,40.0,,,,,,,0.0,3.1392574253118284e-05,5.0,0.1121865737283773,0.0,10.0,4.0,255.0,-1.0,,
npboost-in_context-protein-seed4,nm04sjqi,2026-07-21T16:29:12Z,npboost,in_context,4,rmse,0.1653931913475541,0.2338568576092324,0.1744187119115105,0.2589973304716343,236.6057951450348,0.3235399723052978,0.3240747451782226,3.4232893004989955,68.0,,,,,,,0.0,0.0002507518284371,10.0,0.0302023368339538,1.0,10.0,8.0,255.0,-1.0,,
npboost-in_context-protein-seed4,o59hcgd1,2026-07-21T15:41:57Z,npboost,in_context,4,rmse,0.1890456967237519,0.2590040417344147,0.193028958416982,0.2702239830620015,163.10887789726257,0.3339447975158691,0.3383193016052246,3.458126945086162,78.0,,,,,,,0.2,0.0003013710908533,5.0,0.0130634630331783,0.0,10.0,8.0,255.0,-1.0,,
npboost-in_context-protein-seed4,q482s3js,2026-07-21T15:28:52Z,npboost,in_context,4,rmse,0.1362951790414205,0.2259458118409965,0.1426291050395899,0.2408970069446188,342.7145929336548,0.343733549118042,0.3360223770141601,3.432758226094799,112.0,,,,,,,0.0,0.0002780425090632,10.0,0.0105542692281163,1.0,20.0,8.0,255.0,-1.0,,
npboost-in_context-protein-seed4,t581a32n,2026-07-21T16:25:50Z,npboost,in_context,4,rmse,0.2185798671602787,0.2654159442459983,0.2211382929040995,0.2712408531889045,196.0678119659424,0.3340964317321777,0.3201184272766113,3.7186604322803216,98.0,,,,,,,0.2,0.0001181285816262,5.0,0.0610030224551816,0.0,10.0,8.0,255.0,-1.0,,
npboost-in_context-protein-seed4,vue1awfq,2026-07-21T15:57:27Z,npboost,in_context,4,rmse,0.1451357034025291,0.2589878893591095,0.1505139978920541,0.2675770288144956,255.6236667633057,0.2803997993469238,0.2922825813293457,3.445128434546098,135.0,,,,,,,0.2,0.0008392140711648,5.0,0.0107859712708854,0.0,10.0,8.0,255.0,-1.0,,
npboost-in_context-protein-seed4,x4eph17c,2026-07-21T15:02:51Z,npboost,in_context,4,rmse,0.1773234011819553,0.2576739112002399,0.1805752411952002,0.266091218907489,150.20331954956055,0.3117430210113525,0.3580775260925293,3.3107702352409447,35.0,,,,,,,0.0,0.0004548624208721,10.0,0.2953847324956156,0.0,20.0,4.0,255.0,-1.0,,
npboost-in_context-protein-seed4,x8qbv10q,2026-07-21T16:02:42Z,npboost,in_context,4,rmse,0.2157519735941072,0.2625489500890078,0.2183779008712502,0.2691540789022812,359.2408742904663,0.3452415466308594,0.3454551696777344,4.081670255836006,112.0,,,,,,,0.2,5.4597054376998136e-05,10.0,0.1053508308667582,0.0,20.0,4.0,255.0,-1.0,,
npboost-in_context-protein-seed4,xbsk0vvu,2026-07-21T16:51:10Z,npboost,in_context,4,rmse,0.2252530021534564,0.2760820708680566,0.2285578325650417,0.2868994219072719,714.2258865833282,0.3504743576049804,0.3418140411376953,3.430096452357261,128.0,,,,,,,0.2,2.017016316297149e-05,20.0,0.0582929613195039,1.0,1000.0,8.0,255.0,-1.0,,
npboost-in_context-protein-seed4,y8cagi83,2026-07-21T16:44:54Z,npboost,in_context,4,rmse,0.2650604380963156,0.3051975182346549,0.265799864659326,0.3007989115898374,87.30853152275085,0.3145928382873535,0.2794492244720459,3.5711234652945505,8.0,,,,,,,0.2,0.0001082971516786,10.0,0.2589103504433043,0.0,20.0,16.0,255.0,-1.0,,
npboost-in_context-protein-seed4,ylcojq6s,2026-07-21T16:49:09Z,npboost,in_context,4,rmse,0.2491866454014794,0.2568595041275848,0.2529618931148941,0.2701996019215968,112.45742654800416,0.2930903434753418,0.2852456569671631,3.342900749709029,18.0,,,,,,,0.0,7.917412954846521e-05,10.0,0.1011064623519062,0.0,20.0,8.0,255.0,-1.0,,
npboost-few_shot-protein-seed0,03x67i9b,2026-07-21T13:42:26Z,npboost,few_shot,0,rmse,0.2808625489255807,0.2919504997200703,0.2880131036807329,0.3149321867136407,46.54415583610535,0.1015665531158447,0.097414493560791,2.755533365424752,13.0,,,,,,,0.0,3.1392574253118284e-05,5.0,0.1121865737283773,0.0,10.0,4.0,255.0,-1.0,,
npboost-few_shot-protein-seed0,2kn7a4ji,2026-07-21T11:58:26Z,npboost,few_shot,0,rmse,0.3396330984839558,0.2914010593943842,0.3499863270001533,0.3339561495375288,42.83192729949951,0.1003646850585937,0.0949149131774902,2.2983917712150883,10.0,,,,,,,0.2,1.343677338411072e-05,5.0,0.1113002415673063,1.0,10.0,4.0,255.0,-1.0,,
npboost-few_shot-protein-seed0,37i6g9pc,2026-07-21T12:34:08Z,npboost,few_shot,0,rmse,0.2628615964068113,0.2991498996049397,0.2772382237972357,0.3467508078188725,64.86952543258667,0.0897774696350097,0.0999877452850341,3.4324183210480217,6.0,,,,,,,0.2,0.0002371245680478,10.0,0.0322020325894309,1.0,100.0,16.0,255.0,-1.0,,
npboost-few_shot-protein-seed0,43ssb4bm,2026-07-21T12:48:33Z,npboost,few_shot,0,rmse,0.2337432795197424,0.2432682658789698,0.2440249079313033,0.2794361956978949,663.0427048206329,0.1025354862213134,0.0962047576904296,2.5170420293703435,171.0,,,,,,,0.0,1.2904721633073898e-05,20.0,0.2325748079967941,0.0,100.0,8.0,255.0,-1.0,,
npboost-few_shot-protein-seed0,43zreb2u,2026-07-21T11:46:53Z,npboost,few_shot,0,rmse,0.262787264629002,0.2979832868719993,0.2765010549471928,0.3428455089265037,59.576297760009766,0.0961842536926269,0.0992379188537597,3.4511035770273897,4.0,,,,,,,0.2,0.0003600091192911,10.0,0.083744968684368,0.0,100.0,16.0,255.0,-1.0,,
npboost-few_shot-protein-seed0,5qke730t,2026-07-21T12:31:50Z,npboost,few_shot,0,rmse,0.2379387242950662,0.2864088947645034,0.25183155750617,0.3300514040933575,73.15207004547119,0.0931062698364257,0.0862822532653808,3.451691985719811,36.0,,,,,,,0.2,0.0003013710908533,5.0,0.0130634630331783,0.0,10.0,8.0,255.0,-1.0,,
npboost-few_shot-protein-seed0,5tjt9qlg,2026-07-21T13:33:22Z,npboost,few_shot,0,rmse,0.2707633650215872,0.3021877314762858,0.2782905957637689,0.321161566714495,63.30862903594971,0.102219820022583,0.0979115962982177,3.529418801952444,6.0,,,,,,,0.2,0.0001082971516786,10.0,0.2589103504433043,0.0,20.0,16.0,255.0,-1.0,,
npboost-few_shot-protein-seed0,712pdmjr,2026-07-21T12:41:28Z,npboost,few_shot,0,rmse,0.1963323589659085,0.2864153063268661,0.2136714809980148,0.3302514042063815,81.90525102615356,0.1049368381500244,0.1005048751831054,3.440669170725207,43.0,,,,,,,0.2,0.0008392140711648,5.0,0.0107859712708854,0.0,10.0,8.0,255.0,-1.0,,
npboost-few_shot-protein-seed0,8jg61w42,2026-07-21T12:04:22Z,npboost,few_shot,0,rmse,0.1844822255364299,0.2074050505419968,0.2047142203037555,0.276233384083525,227.1347794532776,0.1080720424652099,0.1081879138946533,3.402152710519243,181.0,,,,,,,0.0,0.0001721990923545,5.0,0.1380161223304589,0.0,1000.0,16.0,255.0,-1.0,,
npboost-few_shot-protein-seed0,8pznsdeb,2026-07-21T12:08:14Z,npboost,few_shot,0,rmse,0.2182310297541374,0.230409907364163,0.2324485794091836,0.2810808280400631,839.165867805481,0.101137638092041,0.1036512851715088,3.329537501998264,228.0,,,,,,,0.0,1.5865500409725956e-05,20.0,0.019901994840577,0.0,100.0,4.0,255.0,-1.0,,
npboost-few_shot-protein-seed0,9bj0qk7w,2026-07-21T11:57:30Z,npboost,few_shot,0,rmse,0.2893610679320175,0.3015083175559577,0.2960216158475631,0.3195198436562598,50.54072976112366,0.106029987335205,0.0984783172607422,3.5420272715742764,1.0,,,,,,,0.2,0.0004385170256085,10.0,0.8972612866432508,1.0,20.0,8.0,255.0,-1.0,,
npboost-few_shot-protein-seed0,afmic7za,2026-07-21T12:42:55Z,npboost,few_shot,0,rmse,0.3385947760004196,0.2980664301715663,0.3480856067095047,0.3330914427546626,39.60285973548889,0.1143293380737304,0.1020166873931884,2.515171323734501,6.0,,,,,,,0.2,2.9067203620664195e-05,5.0,0.1823458458254781,0.0,10.0,8.0,255.0,-1.0,,
npboost-few_shot-protein-seed0,d0fx2v8y,2026-07-21T12:35:18Z,npboost,few_shot,0,rmse,0.1779049965586975,0.2199396160534995,0.1927425188895983,0.2652459370194782,363.7008693218231,0.1010029315948486,0.1020870208740234,3.364417044640512,167.0,,,,,,,0.0,0.0001083323625032,10.0,0.1351582698334605,0.0,100.0,8.0,255.0,-1.0,,
npboost-few_shot-protein-seed0,fvascw7n,2026-07-21T13:36:01Z,npboost,few_shot,0,rmse,0.2090068046193923,0.2221490240466738,0.2214518693777231,0.2662277927966051,268.3411498069763,0.1073865890502929,0.0985059738159179,3.337692704443713,114.0,,,,,,,0.0,7.917412954846521e-05,10.0,0.1011064623519062,0.0,20.0,8.0,255.0,-1.0,,
npboost-few_shot-protein-seed0,h2b9qi42,2026-07-21T11:59:18Z,npboost,few_shot,0,rmse,0.1683493983136476,0.2540283535398711,0.1876355440188677,0.3009624611205037,166.6554410457611,0.1038081645965576,0.0990195274353027,3.5537607277542462,63.0,,,,,,,0.0,0.0004548624208721,10.0,0.2953847324956156,0.0,20.0,4.0,255.0,-1.0,,
npboost-few_shot-protein-seed0,hai5me4m,2026-07-21T13:19:02Z,npboost,few_shot,0,rmse,0.3406177733066308,0.3042761750032656,0.3517645658590855,0.3494295890506598,48.19706583023071,0.0979015827178955,0.0984184741973877,2.847757867061816,13.0,,,,,,,0.2,1.5820851730418417e-05,5.0,0.0450196136386975,1.0,100.0,16.0,255.0,-1.0,,
npboost-few_shot-protein-seed0,her2unes,2026-07-21T12:22:19Z,npboost,few_shot,0,rmse,0.161612863958317,0.2065921588606107,0.1899374387203118,0.2886254501006295,209.69440388679504,0.0903384685516357,0.1089091300964355,3.416774588601533,86.0,,,,,,,0.0,0.0002780425090632,10.0,0.0105542692281163,1.0,20.0,8.0,255.0,-1.0,,
npboost-few_shot-protein-seed0,jaio93y1,2026-07-21T12:33:08Z,npboost,few_shot,0,rmse,0.2593686859103015,0.292565222459521,0.2770226521369738,0.3548114314116096,54.86564207077026,0.1120321750640869,0.1146914958953857,3.404417272314371,2.0,,,,,,,0.2,0.000956484407922,10.0,0.0109977032995056,0.0,100.0,4.0,255.0,-1.0,,
npboost-few_shot-protein-seed0,jcwmtdtx,2026-07-21T11:42:16Z,npboost,few_shot,0,rmse,0.2028739965745132,0.2535312318294218,0.2130334713520148,0.2860869957456614,271.7994644641876,0.1070749759674072,0.0993118286132812,3.5824682676074846,38.0,,,,,,,0.2,0.0001605191133358,20.0,0.0750195444362012,1.0,20.0,4.0,255.0,-1.0,,
npboost-few_shot-protein-seed0,k28tgyjx,2026-07-21T13:40:36Z,npboost,few_shot,0,rmse,0.3285769189361238,0.2988937014040299,0.3423988482890985,0.3575684926864042,104.39552807807922,0.1101241111755371,0.0963480472564697,3.402152710519243,4.0,,,,,,,0.2,2.017016316297149e-05,20.0,0.0582929613195039,1.0,1000.0,8.0,255.0,-1.0,,
npboost-few_shot-protein-seed0,ko94irdm,2026-07-21T11:48:49Z,npboost,few_shot,0,rmse,0.143653881375807,0.2219437197224442,0.1641624906124212,0.268760378047523,514.3415057659149,0.101553201675415,0.0918271541595459,3.5347540617592768,246.0,,,,,,,0.2,0.0001381635682257,10.0,0.0261669745608544,1.0,20.0,8.0,255.0,-1.0,,
npboost-few_shot-protein-seed0,kp1arp7w,2026-07-21T13:34:30Z,npboost,few_shot,0,rmse,0.2588569822102567,0.269170859018754,0.2689545078155322,0.3050722218653731,86.03645181655884,0.0964400768280029,0.095494270324707,1.2913963581811936,47.0,,,,,,,0.0,3.9184339457363744e-05,5.0,0.7978205565731539,1.0,100.0,16.0,255.0,-1.0,,
npboost-few_shot-protein-seed0,l9kcz6na,2026-07-21T11:47:58Z,npboost,few_shot,0,rmse,0.3052053138287398,0.3030111917603054,0.3127300815704541,0.3240193174332859,45.667475938797,0.0910747051239013,0.0978455543518066,1.646783138132067,13.0,,,,,,,0.2,1.090384328196852e-05,5.0,0.7717846862118062,0.0,20.0,4.0,255.0,-1.0,,
npboost-few_shot-protein-seed0,niboewrf,2026-07-21T12:43:40Z,npboost,few_shot,0,rmse,0.2647643872421153,0.297301865534718,0.2721443481934376,0.3162384827345083,87.09415435791016,0.0950250625610351,0.0983502864837646,3.51461588036602,18.0,,,,,,,0.2,5.4597054376998136e-05,10.0,0.1053508308667582,0.0,20.0,4.0,255.0,-1.0,,
npboost-few_shot-protein-seed0,olvcjiya,2026-07-21T12:59:41Z,npboost,few_shot,0,rmse,0.1524257068216365,0.2143002504591136,0.1891162746991866,0.3086649665349321,412.6288540363312,0.1143581867218017,0.1058273315429687,3.402152710519243,185.0,,,,,,,0.2,0.0001496922341954,10.0,0.0831211929407696,1.0,1000.0,4.0,255.0,-1.0,,
npboost-few_shot-protein-seed0,pcrrdes5,2026-07-21T12:45:13Z,npboost,few_shot,0,rmse,0.2519499759604461,0.2515690549039887,0.2594809929529826,0.2799983120040165,194.9587745666504,0.0989959239959716,0.0872929096221923,2.021638684056265,77.0,,,,,,,0.0,1.8406671834517417e-05,10.0,0.3476654204795515,0.0,20.0,8.0,255.0,-1.0,,
npboost-few_shot-protein-seed0,ptgqipb2,2026-07-21T13:06:39Z,npboost,few_shot,0,rmse,0.263182147575991,0.2918927672819293,0.2727279938184298,0.3199808201635301,51.57167553901672,0.0989782810211181,0.097121000289917,3.4759649377975426,18.0,,,,,,,0.2,0.0001181285816262,5.0,0.0610030224551816,0.0,10.0,8.0,255.0,-1.0,,
npboost-few_shot-protein-seed0,sef9trtf,2026-07-21T12:25:59Z,npboost,few_shot,0,rmse,0.1360005205565125,0.2067819692100707,0.1761764494272378,0.2991085684117371,345.96156120300293,0.1003279685974121,0.0968446731567382,3.402152710519243,75.0,,,,,,,0.2,0.0002563473332261,20.0,0.1427109105814198,1.0,1000.0,8.0,255.0,-1.0,,
npboost-few_shot-protein-seed0,unctrnyi,2026-07-21T13:08:34Z,npboost,few_shot,0,rmse,0.1606043738170262,0.2090611516583084,0.1815291215211917,0.2678824610336301,226.73692274093628,0.1060812473297119,0.1115329265594482,3.43051938693116,97.0,,,,,,,0.0,0.0002507518284371,10.0,0.0302023368339538,1.0,10.0,8.0,255.0,-1.0,,
npboost-few_shot-protein-seed0,vajruam5,2026-07-21T13:20:09Z,npboost,few_shot,0,rmse,0.2182412887141652,0.2231175585109445,0.2249620480415148,0.245058451641522,787.2548027038574,0.0962357521057128,0.0956842899322509,3.15185865538673,205.0,,,,,,,0.0,1.702035422361917e-05,20.0,0.0657821692431908,1.0,20.0,16.0,255.0,-1.0,,
npboost-few_shot-protein-seed0,vek2bbc6,2026-07-21T12:02:14Z,npboost,few_shot,0,rmse,0.2020761566440554,0.2569270707737173,0.2116022461499923,0.2852776244319229,106.49017333984376,0.1009254455566406,0.0957667827606201,3.427219179485987,31.0,,,,,,,0.0,0.0004242243954166,10.0,0.5800570688908553,1.0,20.0,4.0,255.0,-1.0,,
npboost-few_shot-protein-seed0,wr2hefaw,2026-07-21T13:12:26Z,npboost,few_shot,0,rmse,0.1259570815702424,0.2250431560939427,0.1657701616103832,0.2919495625298307,390.7205193042755,0.1101739406585693,0.0979158878326416,3.4342138597688026,176.0,,,,,,,0.2,0.0004276097878757,10.0,0.0133482983182945,0.0,100.0,4.0,255.0,-1.0,,
npboost-few_shot-protein-seed1,0328bvte,2026-07-21T16:58:47Z,npboost,few_shot,1,rmse,0.1656446315191842,0.2423561570831494,0.16839524243502,0.2449954854914098,403.2137477397918,0.1118416786193847,0.1013314723968506,3.4004659285851595,309.0,,,,,,,0.0,0.0001721990923545,5.0,0.1380161223304589,0.0,1000.0,16.0,255.0,-1.0,,
npboost-few_shot-protein-seed1,0619hh3z,2026-07-21T17:43:44Z,npboost,few_shot,1,rmse,0.2388602086714097,0.2898743656015502,0.2353946538579544,0.2663688775424105,253.21031999588013,0.1108632087707519,0.0834949016571044,3.924338453382757,97.0,,,,,,,0.2,5.4597054376998136e-05,10.0,0.1053508308667582,0.0,20.0,4.0,255.0,-1.0,,
npboost-few_shot-protein-seed1,2a9871uw,2026-07-21T16:46:45Z,npboost,few_shot,1,rmse,0.209606320707948,0.2877175657771347,0.2023465329368642,0.256486901305176,255.6909077167511,0.1216795444488525,0.1001665592193603,3.537914063696525,95.0,,,,,,,0.2,0.0001381635682257,10.0,0.0261669745608544,1.0,20.0,8.0,255.0,-1.0,,
npboost-few_shot-protein-seed1,3awp4bl4,2026-07-21T18:15:47Z,npboost,few_shot,1,rmse,0.2607827903507472,0.2872479940734643,0.2562499942395511,0.2544178145591263,237.67360138893127,0.1107938289642334,0.0949652194976806,3.2019057649723366,38.0,,,,,,,0.0,1.702035422361917e-05,20.0,0.0657821692431908,1.0,20.0,16.0,255.0,-1.0,,
npboost-few_shot-protein-seed1,6dbwyx3u,2026-07-21T18:21:52Z,npboost,few_shot,1,rmse,0.2738163071078854,0.3111591258437189,0.2696316450234227,0.2840734139531866,58.51404666900635,0.1041457653045654,0.0976614952087402,1.676993976220992,24.0,,,,,,,0.0,3.9184339457363744e-05,5.0,0.7978205565731539,1.0,100.0,16.0,255.0,-1.0,,
npboost-few_shot-protein-seed1,6iytejh3,2026-07-21T18:03:35Z,npboost,few_shot,1,rmse,0.2571349244017701,0.3159790123462972,0.2518914369928757,0.2875989359774875,95.0154721736908,0.1124627590179443,0.0960166454315185,3.570595632551601,52.0,,,,,,,0.2,0.0001181285816262,5.0,0.0610030224551816,0.0,10.0,8.0,255.0,-1.0,,
npboost-few_shot-protein-seed1,77oit4f2,2026-07-21T16:51:07Z,npboost,few_shot,1,rmse,0.2631096398080145,0.3183023955504603,0.2576818994227672,0.2886328854247348,64.34602451324463,0.1092371940612793,0.0981926918029785,3.658236745689606,5.0,,,,,,,0.2,0.0004385170256085,10.0,0.8972612866432508,1.0,20.0,8.0,255.0,-1.0,,
npboost-few_shot-protein-seed1,8j3sf30m,2026-07-21T18:23:11Z,npboost,few_shot,1,rmse,0.2315649294353031,0.2742812419656072,0.2277155778552062,0.2485670251081969,213.8234541416168,0.1197485923767089,0.0983877182006836,3.273893437616995,80.0,,,,,,,0.0,7.917412954846521e-05,10.0,0.1011064623519062,0.0,20.0,8.0,255.0,-1.0,,
npboost-few_shot-protein-seed1,9wjhwu6w,2026-07-21T18:10:53Z,npboost,few_shot,1,rmse,0.1826229879072496,0.3016342550412025,0.175187011693148,0.2790379987043456,205.86165571212769,0.1132733821868896,0.1010198593139648,3.4334543136220086,70.0,,,,,,,0.2,0.0004276097878757,10.0,0.0133482983182945,0.0,100.0,4.0,255.0,-1.0,,
npboost-few_shot-protein-seed1,b2gl7fpu,2026-07-21T17:30:31Z,npboost,few_shot,1,rmse,0.1696321664156613,0.306431395392771,0.1577942355367161,0.2793327814019968,217.0135397911072,0.0798957347869873,0.0708715915679931,3.4189036661584065,78.0,,,,,,,0.2,0.000956484407922,10.0,0.0109977032995056,0.0,100.0,4.0,255.0,-1.0,,
npboost-few_shot-protein-seed1,d9wzv8xz,2026-07-21T17:40:49Z,npboost,few_shot,1,rmse,0.1886370548835167,0.310624744874913,0.1853121471085004,0.300417807596152,116.45256352424622,0.1060395240783691,0.1034865379333496,3.438781973977149,68.0,,,,,,,0.2,0.0008392140711648,5.0,0.0107859712708854,0.0,10.0,8.0,255.0,-1.0,,
npboost-few_shot-protein-seed1,dhrf7ri7,2026-07-21T16:53:06Z,npboost,few_shot,1,rmse,0.1958562085678527,0.2846776144141425,0.1885839508683889,0.2564638291122403,133.1760380268097,0.1150391101837158,0.0985312461853027,3.3897382053250453,42.0,,,,,,,0.0,0.0004548624208721,10.0,0.2953847324956156,0.0,20.0,4.0,255.0,-1.0,,
npboost-few_shot-protein-seed1,gnzff7xj,2026-07-21T17:27:14Z,npboost,few_shot,1,rmse,0.1946680762551047,0.2871441878346612,0.1874487544066154,0.2594139944024345,191.56132888793945,0.0986902713775634,0.106332778930664,3.4677690359721507,126.0,,,,,,,0.2,0.0003013710908533,5.0,0.0130634630331783,0.0,10.0,8.0,255.0,-1.0,,
npboost-few_shot-protein-seed1,heb6xpee,2026-07-21T16:36:56Z,npboost,few_shot,1,rmse,0.2048812062590272,0.2825777160793057,0.1994738226768954,0.2588177884368736,267.8201985359192,0.1208977699279785,0.0951635837554931,3.491061971284772,44.0,,,,,,,0.2,0.0001605191133358,20.0,0.0750195444362012,1.0,20.0,4.0,255.0,-1.0,,
npboost-few_shot-protein-seed1,it0l63ah,2026-07-21T16:52:15Z,npboost,few_shot,1,rmse,0.3486704226140376,0.3147775814746379,0.3479424883055207,0.2946695022732682,45.86103892326355,0.1051397323608398,0.0914664268493652,2.592402860592595,12.0,,,,,,,0.2,1.343677338411072e-05,5.0,0.1113002415673063,1.0,10.0,4.0,255.0,-1.0,,
npboost-few_shot-protein-seed1,kxxynqmg,2026-07-21T17:06:04Z,npboost,few_shot,1,rmse,0.2652639008902169,0.3045901609177094,0.2626928099049818,0.2825405829791756,236.2668755054474,0.1126852035522461,0.0983860492706298,3.3286127648526453,38.0,,,,,,,0.0,1.5865500409725956e-05,20.0,0.019901994840577,0.0,100.0,4.0,255.0,-1.0,,
npboost-few_shot-protein-seed1,mw01eujm,2026-07-21T17:10:05Z,npboost,few_shot,1,rmse,0.1702350690648272,0.2576979937969359,0.1698278220707938,0.2538650617894568,255.9629991054535,0.1100413799285888,0.0967910289764404,3.4075743043831315,100.0,,,,,,,0.0,0.0002780425090632,10.0,0.0105542692281163,1.0,20.0,8.0,255.0,-1.0,,
npboost-few_shot-protein-seed1,njuuzd9v,2026-07-21T17:54:53Z,npboost,few_shot,1,rmse,0.1644705508972381,0.2702678461709854,0.161529691427346,0.2581563762907602,516.054220199585,0.1179525852203369,0.0968439579010009,3.4004659285851595,216.0,,,,,,,0.2,0.0001496922341954,10.0,0.0831211929407696,1.0,1000.0,4.0,255.0,-1.0,,
npboost-few_shot-protein-seed1,pluqv67p,2026-07-21T17:37:07Z,npboost,few_shot,1,rmse,0.2266740623887602,0.2888255633119418,0.2202342508623264,0.2570101134953516,217.6352813243866,0.1111094951629638,0.0925650596618652,3.3283421494700747,80.0,,,,,,,0.0,0.0001083323625032,10.0,0.1351582698334605,0.0,100.0,8.0,255.0,-1.0,,
npboost-few_shot-protein-seed1,qre0liu5,2026-07-21T16:55:47Z,npboost,few_shot,1,rmse,0.1999044251608681,0.2852967422030724,0.1941040674312002,0.2608710941627587,137.37327885627747,0.111311674118042,0.1042220592498779,3.2993973324378905,41.0,,,,,,,0.0,0.0004242243954166,10.0,0.5800570688908553,1.0,20.0,4.0,255.0,-1.0,,
npboost-few_shot-protein-seed1,r7wkhicp,2026-07-21T18:05:15Z,npboost,few_shot,1,rmse,0.1536027693248295,0.2432744014162764,0.1561391249599072,0.2437154333625274,332.4833214282989,0.0938568115234375,0.0814433097839355,3.409983053690857,141.0,,,,,,,0.0,0.0002507518284371,10.0,0.0302023368339538,1.0,10.0,8.0,255.0,-1.0,,
npboost-few_shot-protein-seed1,raef7vni,2026-07-21T17:50:19Z,npboost,few_shot,1,rmse,0.2660279057242654,0.306250667699798,0.2593054467399648,0.2684669909311714,260.7802472114563,0.0921163558959961,0.0814943313598632,2.5896524982499294,46.0,,,,,,,0.0,1.2904721633073898e-05,20.0,0.2325748079967941,0.0,100.0,8.0,255.0,-1.0,,
npboost-few_shot-protein-seed1,sd19elit,2026-07-21T18:28:52Z,npboost,few_shot,1,rmse,0.2875766645778309,0.3115183635582148,0.2844130096819577,0.2872767660808414,46.0847635269165,0.1269781589508056,0.1006453037261962,2.713759990602198,12.0,,,,,,,0.0,3.1392574253118284e-05,5.0,0.1121865737283773,0.0,10.0,4.0,255.0,-1.0,,
npboost-few_shot-protein-seed1,sgt4gmwk,2026-07-21T17:43:03Z,npboost,few_shot,1,rmse,0.353440626517876,0.3210159749881255,0.3516203141052451,0.2945824813039831,36.75630593299866,0.1140666007995605,0.0984768867492675,2.464959508817101,5.0,,,,,,,0.2,2.9067203620664195e-05,5.0,0.1823458458254781,0.0,10.0,8.0,255.0,-1.0,,
npboost-few_shot-protein-seed1,t5v7nl27,2026-07-21T16:41:31Z,npboost,few_shot,1,rmse,0.1836887222903592,0.3050240694702206,0.1721966282633327,0.2748223330723907,237.45546507835388,0.115659475326538,0.1002438068389892,3.5845895531453515,87.0,,,,,,,0.2,0.0003600091192911,10.0,0.083744968684368,0.0,100.0,16.0,255.0,-1.0,,
npboost-few_shot-protein-seed1,u1fq1avz,2026-07-21T17:34:14Z,npboost,few_shot,1,rmse,0.2289745032370507,0.3360491486585616,0.2191290031343498,0.3019738367562447,158.42344999313354,0.1094076633453369,0.0963048934936523,3.4939130681332418,50.0,,,,,,,0.2,0.0002371245680478,10.0,0.0322020325894309,1.0,100.0,16.0,255.0,-1.0,,
npboost-few_shot-protein-seed1,u5vdubp0,2026-07-21T16:45:34Z,npboost,few_shot,1,rmse,0.3074068422917719,0.3212769059930828,0.3056032369600846,0.2991204259713462,48.87958264350891,0.0813486576080322,0.0664358139038086,1.5403048567559223,13.0,,,,,,,0.2,1.090384328196852e-05,5.0,0.7717846862118062,0.0,20.0,4.0,255.0,-1.0,,
npboost-few_shot-protein-seed1,vz82wl1t,2026-07-21T17:48:03Z,npboost,few_shot,1,rmse,0.2685400564353782,0.2912340372115249,0.2667974321634177,0.272371351517239,100.19739174842834,0.1095654964447021,0.1007716655731201,2.0243135588221723,25.0,,,,,,,0.0,1.8406671834517417e-05,10.0,0.3476654204795515,0.0,20.0,8.0,255.0,-1.0,,
npboost-few_shot-protein-seed1,wmjhm7jn,2026-07-21T18:19:53Z,npboost,few_shot,1,rmse,0.2600936931330007,0.320125289745829,0.2545605073839226,0.2901742999855192,104.11374568939208,0.1101295948028564,0.0853290557861328,3.7780046678348898,25.0,,,,,,,0.2,0.0001082971516786,10.0,0.2589103504433043,0.0,20.0,16.0,255.0,-1.0,,
npboost-few_shot-protein-seed1,xq231t1k,2026-07-21T18:14:34Z,npboost,few_shot,1,rmse,0.3498792414898639,0.3343247066186374,0.3487096696892041,0.3123080335433991,50.76850628852844,0.1114537715911865,0.1119050979614257,3.029529112276925,14.0,,,,,,,0.2,1.5820851730418417e-05,5.0,0.0450196136386975,1.0,100.0,16.0,255.0,-1.0,,
npboost-few_shot-protein-seed1,y1dptcgl,2026-07-21T18:26:53Z,npboost,few_shot,1,rmse,0.3384581020662001,0.3505202721793967,0.3382448382025597,0.3354458648904661,114.60518503189088,0.1157572269439697,0.1068418025970459,3.4004659285851595,4.0,,,,,,,0.2,2.017016316297149e-05,20.0,0.0582929613195039,1.0,1000.0,8.0,255.0,-1.0,,
npboost-few_shot-protein-seed1,y58n2jej,2026-07-21T17:14:26Z,npboost,few_shot,1,rmse,0.1302461607472879,0.2372053994926636,0.1443549546619389,0.2546939785717496,763.179815530777,0.1131544113159179,0.1099512577056884,3.4004659285851595,177.0,,,,,,,0.2,0.0002563473332261,20.0,0.1427109105814198,1.0,1000.0,8.0,255.0,-1.0,,
npboost-few_shot-protein-seed2,02t6ir9q,2026-07-21T23:13:45Z,npboost,few_shot,2,rmse,0.3440530330706865,0.3170914767711634,0.3473207323979109,0.3105461982558631,46.63386058807373,0.0437972545623779,0.0511739253997802,2.8883444523266304,15.0,,,,,,,0.2,1.343677338411072e-05,5.0,0.1113002415673063,1.0,10.0,4.0,255.0,-1.0,,
npboost-few_shot-protein-seed2,0bvx4msg,2026-07-22T00:11:13Z,npboost,few_shot,2,rmse,0.1762982851419693,0.3092216107690889,0.1701003343631059,0.2948871695442288,239.9263858795166,0.0501711368560791,0.044299840927124,3.468583357988116,182.0,,,,,,,0.2,0.0008392140711648,5.0,0.0107859712708854,0.0,10.0,8.0,255.0,-1.0,,
npboost-few_shot-protein-seed2,1fa7omc1,2026-07-21T23:57:24Z,npboost,few_shot,2,rmse,0.1783522612009293,0.2837923168846786,0.1740916004547706,0.2707968419343718,280.2532103061676,0.0488464832305908,0.0493762493133544,3.53319145066262,113.0,,,,,,,0.2,0.0002371245680478,10.0,0.0322020325894309,1.0,100.0,16.0,255.0,-1.0,,
npboost-few_shot-protein-seed2,2c70mdcl,2026-07-21T23:37:58Z,npboost,few_shot,2,rmse,0.1720161544970977,0.2486666600450816,0.171792711967077,0.2428447876420439,220.7553849220276,0.0504758358001709,0.0457100868225097,3.442346469381837,88.0,,,,,,,0.0,0.0002780425090632,10.0,0.0105542692281163,1.0,20.0,8.0,255.0,-1.0,,
npboost-few_shot-protein-seed2,2eijjl2m,2026-07-22T00:15:19Z,npboost,few_shot,2,rmse,0.350551901719509,0.3217267494412976,0.3510760099459917,0.2972072571146578,35.14198279380798,0.0442450046539306,0.0462481975555419,2.476114959732598,5.0,,,,,,,0.2,2.9067203620664195e-05,5.0,0.1823458458254781,0.0,10.0,8.0,255.0,-1.0,,
npboost-few_shot-protein-seed2,2hb46h8d,2026-07-21T23:26:13Z,npboost,few_shot,2,rmse,0.2346577797180567,0.2672450424381496,0.2349744805922875,0.2578840425440638,698.8131518363953,0.0504302978515625,0.0488984584808349,3.334544480424529,158.0,,,,,,,0.0,1.5865500409725956e-05,20.0,0.019901994840577,0.0,100.0,4.0,255.0,-1.0,,
npboost-few_shot-protein-seed2,3u8zsnt3,2026-07-21T23:14:37Z,npboost,few_shot,2,rmse,0.1413149940661895,0.2452675311334003,0.1324145839764521,0.2251073302972509,337.1669464111328,0.0537362098693847,0.0547702312469482,3.655461778235068,143.0,,,,,,,0.0,0.0004548624208721,10.0,0.2953847324956156,0.0,20.0,4.0,255.0,-1.0,,
npboost-few_shot-protein-seed2,6a7s2mys,2026-07-22T01:09:09Z,npboost,few_shot,2,rmse,0.1935862119381244,0.2715264276886028,0.1917215157777835,0.2572084356466833,376.2575244903565,0.0460631847381591,0.04451584815979,4.750889123703557,153.0,,,,,,,0.2,0.0001082971516786,10.0,0.2589103504433043,0.0,20.0,16.0,255.0,-1.0,,
npboost-few_shot-protein-seed2,8m3nkrbn,2026-07-22T01:15:31Z,npboost,few_shot,2,rmse,0.2579012727126097,0.2839476431150319,0.2575331926345825,0.2668983819184075,101.62634944915771,0.0505802631378173,0.0412182807922363,1.7728594981362202,67.0,,,,,,,0.0,3.9184339457363744e-05,5.0,0.7978205565731539,1.0,100.0,16.0,255.0,-1.0,,
npboost-few_shot-protein-seed2,agbd3tib,2026-07-22T00:58:25Z,npboost,few_shot,2,rmse,0.2325751903729561,0.2538549868682504,0.2331687334256294,0.2441745257821572,638.8005135059357,0.0502471923828125,0.0434694290161132,3.256369504209764,142.0,,,,,,,0.0,1.702035422361917e-05,20.0,0.0657821692431908,1.0,20.0,16.0,255.0,-1.0,,
npboost-few_shot-protein-seed2,c0v0k028,2026-07-21T23:22:36Z,npboost,few_shot,2,rmse,0.1971253156661987,0.2536904094754542,0.1962588857381772,0.2419127278320568,212.37241387367249,0.0550365447998046,0.0436086654663085,3.444961947614635,168.0,,,,,,,0.0,0.0001721990923545,5.0,0.1380161223304589,0.0,1000.0,16.0,255.0,-1.0,,
npboost-few_shot-protein-seed2,d3xcyydh,2026-07-21T23:20:20Z,npboost,few_shot,2,rmse,0.1938227430368081,0.2688888914286737,0.191216433659578,0.2530105985143022,131.51665210723877,0.0529649257659912,0.0427672863006591,3.6989407567025614,41.0,,,,,,,0.0,0.0004242243954166,10.0,0.5800570688908553,1.0,20.0,4.0,255.0,-1.0,,
npboost-few_shot-protein-seed2,g311fz1k,2026-07-22T01:24:55Z,npboost,few_shot,2,rmse,0.247812827428182,0.2624754915464343,0.2481101934726421,0.2482933374631681,186.04583549499512,0.0499367713928222,0.0500617027282714,2.60291968787024,143.0,,,,,,,0.0,3.1392574253118284e-05,5.0,0.1121865737283773,0.0,10.0,4.0,255.0,-1.0,,
npboost-few_shot-protein-seed2,g5of2yv0,2026-07-22T00:16:00Z,npboost,few_shot,2,rmse,0.214307699448023,0.2692636362182394,0.2133157161565927,0.2533690400510757,423.87807512283325,0.0530128479003906,0.0527942180633544,4.3572837637085575,176.0,,,,,,,0.2,5.4597054376998136e-05,10.0,0.1053508308667582,0.0,20.0,4.0,255.0,-1.0,,
npboost-few_shot-protein-seed2,gu1a2lbj,2026-07-22T00:57:31Z,npboost,few_shot,2,rmse,0.3420638885253515,0.3316946783913616,0.3446284685379419,0.3234886523287572,48.13733673095703,0.0509359836578369,0.0450780391693115,3.2123540445228853,16.0,,,,,,,0.2,1.5820851730418417e-05,5.0,0.0450196136386975,1.0,100.0,16.0,255.0,-1.0,,
npboost-few_shot-protein-seed2,h29ydatm,2026-07-21T22:56:16Z,npboost,few_shot,2,rmse,0.1752452789208828,0.2659244634519907,0.1720097156671377,0.2535714241221443,404.246072769165,0.047687292098999,0.0503308773040771,3.5730583807241505,75.0,,,,,,,0.2,0.0001605191133358,20.0,0.0750195444362012,1.0,20.0,4.0,255.0,-1.0,,
npboost-few_shot-protein-seed2,h7os6m2f,2026-07-21T23:07:14Z,npboost,few_shot,2,rmse,0.1878356887744023,0.2667543862925601,0.1873852946819403,0.259926855711353,319.1752984523773,0.0480990409851074,0.0493364334106445,3.545544339398584,131.0,,,,,,,0.2,0.0001381635682257,10.0,0.0261669745608544,1.0,20.0,8.0,255.0,-1.0,,
npboost-few_shot-protein-seed2,hldam3z1,2026-07-22T00:31:43Z,npboost,few_shot,2,rmse,0.1692770184614719,0.2564734039266806,0.1696764887907566,0.2543535633881749,392.5447664260864,0.0438425540924072,0.0557489395141601,3.444961947614635,170.0,,,,,,,0.2,0.0001496922341954,10.0,0.0831211929407696,1.0,1000.0,4.0,255.0,-1.0,,
npboost-few_shot-protein-seed2,iab19mx4,2026-07-22T00:02:10Z,npboost,few_shot,2,rmse,0.165530230754461,0.2449889883231526,0.161343202376977,0.2299820935608298,537.6743359565735,0.0489983558654785,0.0492422580718994,3.385592706186703,246.0,,,,,,,0.0,0.0001083323625032,10.0,0.1351582698334605,0.0,100.0,8.0,255.0,-1.0,,
npboost-few_shot-protein-seed2,iqo7e4gj,2026-07-22T00:38:21Z,npboost,few_shot,2,rmse,0.2086123946385505,0.2697537834157853,0.2078522321505424,0.2557447944579412,251.3294916152954,0.0483684539794921,0.0457732677459716,3.8251851835096113,192.0,,,,,,,0.2,0.0001181285816262,5.0,0.0610030224551816,0.0,10.0,8.0,255.0,-1.0,,
npboost-few_shot-protein-seed2,kc2job8q,2026-07-21T23:50:03Z,npboost,few_shot,2,rmse,0.1995521310048225,0.2731431201430629,0.1966965183233603,0.2561189874978113,142.8760006427765,0.0471715927124023,0.0453512668609619,3.483811301045216,98.0,,,,,,,0.2,0.0003013710908533,5.0,0.0130634630331783,0.0,10.0,8.0,255.0,-1.0,,
npboost-few_shot-protein-seed2,lo32ko12,2026-07-21T23:06:35Z,npboost,few_shot,2,rmse,0.3333750810378637,0.3016386253380725,0.3371306963455983,0.292828358352583,33.80524301528931,0.0392653942108154,0.0389413833618164,0.9427939099209957,4.0,,,,,,,0.2,1.090384328196852e-05,5.0,0.7717846862118062,0.0,20.0,4.0,255.0,-1.0,,
npboost-few_shot-protein-seed2,nb5m85wy,2026-07-22T00:42:38Z,npboost,few_shot,2,rmse,0.1463265449572832,0.2419229583678295,0.1356105521703377,0.2153137914797737,368.19842004776,0.0460753440856933,0.0460133552551269,3.4151779209603457,171.0,,,,,,,0.0,0.0002507518284371,10.0,0.0302023368339538,1.0,10.0,8.0,255.0,-1.0,,
npboost-few_shot-protein-seed2,ohjl0lsp,2026-07-21T23:03:08Z,npboost,few_shot,2,rmse,0.1810204615959754,0.2846747860849007,0.1748044070525047,0.2640930090923484,200.6718933582306,0.0490069389343261,0.0546340942382812,3.603177110954995,70.0,,,,,,,0.2,0.0003600091192911,10.0,0.083744968684368,0.0,100.0,16.0,255.0,-1.0,,
npboost-few_shot-protein-seed2,olylluom,2026-07-21T23:52:31Z,npboost,few_shot,2,rmse,0.1598264085940825,0.2828157493798762,0.1444662717672495,0.2614629607966531,288.0845592021942,0.0481150150299072,0.0445647239685058,3.446521266224471,113.0,,,,,,,0.2,0.000956484407922,10.0,0.0109977032995056,0.0,100.0,4.0,255.0,-1.0,,
npboost-few_shot-protein-seed2,sgkf4c9r,2026-07-22T01:17:18Z,npboost,few_shot,2,rmse,0.2014829348295163,0.2407336567689997,0.1997308669946133,0.2220835310444023,331.4490821361542,0.0450007915496826,0.0436875820159912,3.314256819591666,148.0,,,,,,,0.0,7.917412954846521e-05,10.0,0.1011064623519062,0.0,20.0,8.0,255.0,-1.0,,
npboost-few_shot-protein-seed2,tqo5wr0j,2026-07-21T23:41:44Z,npboost,few_shot,2,rmse,0.142857388808177,0.2462696720387559,0.1390595046373514,0.2380609193828916,491.8968849182129,0.0506253242492675,0.0468907356262207,3.444961947614635,98.0,,,,,,,0.2,0.0002563473332261,20.0,0.1427109105814198,1.0,1000.0,8.0,255.0,-1.0,,
npboost-few_shot-protein-seed2,uygw994v,2026-07-22T00:23:08Z,npboost,few_shot,2,rmse,0.2502307952978672,0.2643372446094342,0.2508609432440538,0.2509191954945359,251.790137052536,0.0509173870086669,0.0493261814117431,1.8428471923073988,101.0,,,,,,,0.0,1.8406671834517417e-05,10.0,0.3476654204795515,0.0,20.0,8.0,255.0,-1.0,,
npboost-few_shot-protein-seed2,w6yprvye,2026-07-21T23:12:38Z,npboost,few_shot,2,rmse,0.2608178364924895,0.3026673077329231,0.2618246231323633,0.2921901391018553,61.4906485080719,0.0549008846282959,0.0436742305755615,3.7114146974907047,4.0,,,,,,,0.2,0.0004385170256085,10.0,0.8972612866432508,1.0,20.0,8.0,255.0,-1.0,,
npboost-few_shot-protein-seed2,wd5txqlg,2026-07-22T00:27:25Z,npboost,few_shot,2,rmse,0.260158957579197,0.2842931149521036,0.2593367649958684,0.2657532774493463,253.83543395996097,0.0489225387573242,0.0485537052154541,2.5906060649952862,42.0,,,,,,,0.0,1.2904721633073898e-05,20.0,0.2325748079967941,0.0,100.0,8.0,255.0,-1.0,,
npboost-few_shot-protein-seed2,xxconp3w,2026-07-22T00:48:52Z,npboost,few_shot,2,rmse,0.143464649334932,0.2547642491388937,0.1374276624276088,0.2453056058863888,513.6280150413513,0.0471882820129394,0.0452601909637451,3.438008899807464,220.0,,,,,,,0.2,0.0004276097878757,10.0,0.0133482983182945,0.0,100.0,4.0,255.0,-1.0,,
npboost-few_shot-protein-seed2,y3cxkfpo,2026-07-22T01:22:54Z,npboost,few_shot,2,rmse,0.3333175197625772,0.3447853544952516,0.3388794568868783,0.3531571502553491,116.25831294059752,0.0548377037048339,0.0447771549224853,3.444961947614635,4.0,,,,,,,0.2,2.017016316297149e-05,20.0,0.0582929613195039,1.0,1000.0,8.0,255.0,-1.0,,
npboost-few_shot-protein-seed3,1gbsdvon,2026-07-21T13:42:06Z,npboost,few_shot,3,rmse,0.2090083575248718,0.2482570530420801,0.2187440107071321,0.279237647934472,253.8285458087921,0.092393159866333,0.0905663967132568,3.1499560871996555,96.0,,,,,,,0.0,0.0001083323625032,10.0,0.1351582698334605,0.0,100.0,8.0,255.0,-1.0,,
npboost-few_shot-protein-seed3,1sh4f9vh,2026-07-21T14:28:45Z,npboost,few_shot,3,rmse,0.2474802589416504,0.268557058149746,0.2508195311415429,0.2734180275997702,358.16526913642883,0.1024553775787353,0.0954389572143554,3.1560525240758968,74.0,,,,,,,0.0,1.702035422361917e-05,20.0,0.0657821692431908,1.0,20.0,16.0,255.0,-1.0,,
npboost-few_shot-protein-seed3,3mc62a9o,2026-07-21T13:46:25Z,npboost,few_shot,3,rmse,0.1529483254750569,0.2705435067805544,0.1581027071460399,0.2790991696930837,248.8883500099182,0.0979535579681396,0.1027054786682128,3.406116988237014,178.0,,,,,,,0.2,0.0008392140711648,5.0,0.0107859712708854,0.0,10.0,8.0,255.0,-1.0,,
npboost-few_shot-protein-seed3,3xpypqti,2026-07-21T13:09:30Z,npboost,few_shot,3,rmse,0.1620226073265075,0.2403409326368552,0.171199531337015,0.2639435311116692,256.05363750457764,0.0911507606506347,0.0904417037963867,3.3919829134622907,102.0,,,,,,,0.0,0.0002780425090632,10.0,0.0105542692281163,1.0,20.0,8.0,255.0,-1.0,,
npboost-few_shot-protein-seed3,6mo7nz5w,2026-07-21T13:51:36Z,npboost,few_shot,3,rmse,0.2380405553181966,0.2850988020557027,0.2328519548466003,0.2552272262916779,249.8541247844696,0.0879445075988769,0.0991902351379394,3.908745684544583,92.0,,,,,,,0.2,5.4597054376998136e-05,10.0,0.1053508308667582,0.0,20.0,4.0,255.0,-1.0,,
npboost-few_shot-protein-seed3,818gjx75,2026-07-21T13:58:35Z,npboost,few_shot,3,rmse,0.2520625162124634,0.2744943026881827,0.2550371674930348,0.2765650307629245,360.87585186958313,0.1066925525665283,0.102562665939331,2.4951923399371263,74.0,,,,,,,0.0,1.2904721633073898e-05,20.0,0.2325748079967941,0.0,100.0,8.0,255.0,-1.0,,
npboost-few_shot-protein-seed3,8qlw8kqc,2026-07-21T12:33:38Z,npboost,few_shot,3,rmse,0.1334866189956665,0.2397705792305366,0.1458399393200095,0.2608493044312668,405.9889676570892,0.0797288417816162,0.0815761089324951,3.096639145892885,180.0,,,,,,,0.0,0.0004548624208721,10.0,0.2953847324956156,0.0,20.0,4.0,255.0,-1.0,,
npboost-few_shot-protein-seed3,a5nft4qx,2026-07-21T12:26:26Z,npboost,few_shot,3,rmse,0.1947287718454997,0.2716092698801137,0.1963542364781199,0.2733718196509474,296.3154482841492,0.0966618061065673,0.103022813796997,3.541596971526176,119.0,,,,,,,0.2,0.0001381635682257,10.0,0.0261669745608544,1.0,20.0,8.0,255.0,-1.0,,
npboost-few_shot-protein-seed3,aoxr8oes,2026-07-21T12:31:28Z,npboost,few_shot,3,rmse,0.240132614771525,0.300604184345106,0.2352229886584812,0.2723985204809967,71.69937777519226,0.0817060470581054,0.0810620784759521,3.602023641650585,12.0,,,,,,,0.2,0.0004385170256085,10.0,0.8972612866432508,1.0,20.0,8.0,255.0,-1.0,,
npboost-few_shot-protein-seed3,b8068di6,2026-07-21T12:40:29Z,npboost,few_shot,3,rmse,0.1450187357266744,0.2404934899833394,0.1532449137930776,0.2570571541950062,260.80843329429626,0.0944626331329345,0.0992112159729004,2.820641652460998,104.0,,,,,,,0.0,0.0004242243954166,10.0,0.5800570688908553,1.0,20.0,4.0,255.0,-1.0,,
npboost-few_shot-protein-seed3,bv8ervd3,2026-07-21T14:27:49Z,npboost,few_shot,3,rmse,0.3423810720443725,0.3182469388945524,0.3401404782837512,0.2843965291571264,49.89753699302673,0.1031610965728759,0.098292589187622,3.122405990323505,15.0,,,,,,,0.2,1.5820851730418417e-05,5.0,0.0450196136386975,1.0,100.0,16.0,255.0,-1.0,,
npboost-few_shot-protein-seed3,cjuvxvdg,2026-07-21T12:32:45Z,npboost,few_shot,3,rmse,0.3422082694371541,0.3080098323510145,0.3398748706368839,0.2701951647682309,47.11247968673706,0.0941059589385986,0.1003565788269043,2.763195266864564,14.0,,,,,,,0.2,1.343677338411072e-05,5.0,0.1113002415673063,1.0,10.0,4.0,255.0,-1.0,,
npboost-few_shot-protein-seed3,cnnwlym5,2026-07-21T12:12:57Z,npboost,few_shot,3,rmse,0.1505088527997334,0.2442370819671641,0.16715899947422,0.2817757647752594,531.9735860824585,0.0949985980987548,0.1049976348876953,3.672387943391362,113.0,,,,,,,0.2,0.0001605191133358,20.0,0.0750195444362012,1.0,20.0,4.0,255.0,-1.0,,
npboost-few_shot-protein-seed3,cxfpfw7r,2026-07-21T14:37:42Z,npboost,few_shot,3,rmse,0.1982341543833415,0.2334551979229403,0.2040260071847953,0.2520993576369088,366.2133388519287,0.0853323936462402,0.0859434604644775,3.18274758883465,154.0,,,,,,,0.0,7.917412954846521e-05,10.0,0.1011064623519062,0.0,20.0,8.0,255.0,-1.0,,
npboost-few_shot-protein-seed3,fix0oaj3,2026-07-21T12:21:57Z,npboost,few_shot,3,rmse,0.1738035607337951,0.2751929071137522,0.1767450874926997,0.2811182012540724,219.29561710357663,0.0883677005767822,0.0894052982330322,3.6405639875701152,80.0,,,,,,,0.2,0.0003600091192911,10.0,0.083744968684368,0.0,100.0,16.0,255.0,-1.0,,
npboost-few_shot-protein-seed3,fw31qvfw,2026-07-21T13:56:08Z,npboost,few_shot,3,rmse,0.259152705669403,0.2706637912415114,0.2603948061762292,0.2649676935966849,135.54004669189453,0.0705769062042236,0.0703125,1.9974436969977465,42.0,,,,,,,0.0,1.8406671834517417e-05,10.0,0.3476654204795515,0.0,20.0,8.0,255.0,-1.0,,
npboost-few_shot-protein-seed3,gj6k9sir,2026-07-21T12:25:42Z,npboost,few_shot,3,rmse,0.3188890091578166,0.3057457199177552,0.3173390104879741,0.2791036374349541,38.322885513305664,0.1050834655761718,0.0914535522460937,1.1076017002259362,7.0,,,,,,,0.2,1.090384328196852e-05,5.0,0.7717846862118062,0.0,20.0,4.0,255.0,-1.0,,
npboost-few_shot-protein-seed3,gzzjcgua,2026-07-21T14:44:07Z,npboost,few_shot,3,rmse,0.3324358026186625,0.3428442536431857,0.3280954594705619,0.3031606472045666,111.807302236557,0.0919506549835205,0.09476900100708,3.3935356193798825,4.0,,,,,,,0.2,2.017016316297149e-05,20.0,0.0582929613195039,1.0,1000.0,8.0,255.0,-1.0,,
npboost-few_shot-protein-seed3,l8nevxgt,2026-07-21T14:04:41Z,npboost,few_shot,3,rmse,0.164399668375651,0.2460525205942784,0.1744270223418092,0.2702199755438321,402.2294824123383,0.1130836009979248,0.1088554859161377,3.3935356193798825,176.0,,,,,,,0.2,0.0001496922341954,10.0,0.0831211929407696,1.0,1000.0,4.0,255.0,-1.0,,
npboost-few_shot-protein-seed3,lr1y66fa,2026-07-21T14:11:30Z,npboost,few_shot,3,rmse,0.2213582094510396,0.2768896758709959,0.2192206242505242,0.2626172464479637,211.0048017501831,0.0817623138427734,0.0853404998779296,3.8035888658065655,146.0,,,,,,,0.2,0.0001181285816262,5.0,0.0610030224551816,0.0,10.0,8.0,255.0,-1.0,,
npboost-few_shot-protein-seed3,m8br3pj9,2026-07-21T13:24:57Z,npboost,few_shot,3,rmse,0.1884051696459452,0.2757044688480236,0.1877848400789148,0.2705682799044527,196.791015625,0.0922536849975586,0.1116118431091308,3.439078553025964,133.0,,,,,,,0.2,0.0003013710908533,5.0,0.0130634630331783,0.0,10.0,8.0,255.0,-1.0,,
npboost-few_shot-protein-seed3,mwyzpo7d,2026-07-21T12:46:12Z,npboost,few_shot,3,rmse,0.1999686495463053,0.2220059412369387,0.2067360067679212,0.245441804895463,1393.2706894874573,0.1067221164703369,0.1024713516235351,3.27696336711482,356.0,,,,,,,0.0,1.5865500409725956e-05,20.0,0.019901994840577,0.0,100.0,4.0,255.0,-1.0,,
npboost-few_shot-protein-seed3,nn7snayr,2026-07-21T13:30:22Z,npboost,few_shot,3,rmse,0.1286400469144185,0.2314020152645849,0.1533091582503973,0.2796298744344609,698.7367854118347,0.109633207321167,0.1015949249267578,3.436011031869714,304.0,,,,,,,0.2,0.0002371245680478,10.0,0.0322020325894309,1.0,100.0,16.0,255.0,-1.0,,
npboost-few_shot-protein-seed3,nri5b3fs,2026-07-21T14:15:07Z,npboost,few_shot,3,rmse,0.13217041015625,0.2214046507432036,0.1388812805312911,0.2344502392404808,435.1648797988891,0.090653657913208,0.0792546272277832,3.3691017233096394,190.0,,,,,,,0.0,0.0002507518284371,10.0,0.0302023368339538,1.0,10.0,8.0,255.0,-1.0,,
npboost-few_shot-protein-seed3,szsf4w7c,2026-07-21T14:34:53Z,npboost,few_shot,3,rmse,0.2631891361872355,0.3033025842207342,0.2582775190764782,0.2696735067683247,76.13278841972351,0.1046123504638672,0.0931775569915771,3.54886142126022,11.0,,,,,,,0.2,0.0001082971516786,10.0,0.2589103504433043,0.0,20.0,16.0,255.0,-1.0,,
npboost-few_shot-protein-seed3,tngk4emq,2026-07-21T13:50:39Z,npboost,few_shot,3,rmse,0.3477473211288452,0.3100597779026705,0.3468844391941245,0.2801239808663205,35.105236768722534,0.0963866710662841,0.0904052257537841,2.4452808480737183,5.0,,,,,,,0.2,2.9067203620664195e-05,5.0,0.1823458458254781,0.0,10.0,8.0,255.0,-1.0,,
npboost-few_shot-protein-seed3,uc6rvuv7,2026-07-21T13:14:39Z,npboost,few_shot,3,rmse,0.128007005850474,0.2313748992295612,0.142275694928138,0.2583182740316893,612.6108574867249,0.1106815338134765,0.109285831451416,3.3935356193798825,138.0,,,,,,,0.2,0.0002563473332261,20.0,0.1427109105814198,1.0,1000.0,8.0,255.0,-1.0,,
npboost-few_shot-protein-seed3,uji88hiv,2026-07-21T12:44:57Z,npboost,few_shot,3,rmse,0.2530474416414897,0.2966799640048362,0.2514809798571019,0.2820304716911532,69.91096353530884,0.1034352779388427,0.097447395324707,3.3935356193798825,32.0,,,,,,,0.0,0.0001721990923545,5.0,0.1380161223304589,0.0,1000.0,16.0,255.0,-1.0,,
npboost-few_shot-protein-seed3,ustyzjnd,2026-07-21T14:46:04Z,npboost,few_shot,3,rmse,0.2583746250470479,0.2698125604391935,0.2599669453365351,0.2654348256580882,103.73274230957033,0.099562406539917,0.0997316837310791,2.6400065653330267,60.0,,,,,,,0.0,3.1392574253118284e-05,5.0,0.1121865737283773,0.0,10.0,4.0,255.0,-1.0,,
npboost-few_shot-protein-seed3,wr00i01s,2026-07-21T14:36:15Z,npboost,few_shot,3,rmse,0.2600416127840678,0.2789218689711789,0.2618470643860063,0.273431958579887,81.87506556510925,0.0957927703857422,0.1006209850311279,1.580270795338601,42.0,,,,,,,0.0,3.9184339457363744e-05,5.0,0.7978205565731539,1.0,100.0,16.0,255.0,-1.0,,
npboost-few_shot-protein-seed3,xrhrme4s,2026-07-21T14:22:29Z,npboost,few_shot,3,rmse,0.1381479636828104,0.240004782174608,0.1507379428233975,0.265437798686881,315.97843194007874,0.1061742305755615,0.1067147254943847,3.4219690202327366,126.0,,,,,,,0.2,0.0004276097878757,10.0,0.0133482983182945,0.0,100.0,4.0,255.0,-1.0,,
npboost-few_shot-protein-seed3,zw863fzb,2026-07-21T13:28:20Z,npboost,few_shot,3,rmse,0.1855676388740539,0.3031929269627818,0.1803385720533483,0.2880726695582475,116.91380596160889,0.1012306213378906,0.1044530868530273,3.406964595813727,29.0,,,,,,,0.2,0.000956484407922,10.0,0.0109977032995056,0.0,100.0,4.0,255.0,-1.0,,
npboost-few_shot-protein-seed4,1l72hmsw,2026-07-21T18:36:10Z,npboost,few_shot,4,rmse,0.1755532133273589,0.2441128228013064,0.1938565563272546,0.3039275139681786,411.3300096988678,0.098358154296875,0.0949072837829589,3.4339331377986664,140.0,,,,,,,0.2,0.0001496922341954,10.0,0.0831211929407696,1.0,1000.0,4.0,255.0,-1.0,,
npboost-few_shot-protein-seed4,1puw1k2p,2026-07-21T17:47:31Z,npboost,few_shot,4,rmse,0.1748719895497346,0.2367147692032059,0.1887084139717949,0.2835482683979686,236.7463221549988,0.0978865623474121,0.1071548461914062,3.4223671531989264,77.0,,,,,,,0.0,0.0002780425090632,10.0,0.0105542692281163,1.0,20.0,8.0,255.0,-1.0,,
npboost-few_shot-protein-seed4,1r1ttbw0,2026-07-21T17:15:38Z,npboost,few_shot,4,rmse,0.2940759444848085,0.2813961437183944,0.3033306316093162,0.3373689346058772,66.00118064880371,0.1126754283905029,0.1104030609130859,2.38672329945737,21.0,,,,,,,0.2,1.090384328196852e-05,5.0,0.7717846862118062,0.0,20.0,4.0,255.0,-1.0,,
npboost-few_shot-protein-seed4,2hptgl2r,2026-07-21T17:36:33Z,npboost,few_shot,4,rmse,0.2383956748705644,0.2507030489791763,0.2465876226071958,0.2953114364911797,652.3566596508026,0.0975110530853271,0.0977325439453125,3.3308878137551465,124.0,,,,,,,0.0,1.5865500409725956e-05,20.0,0.019901994840577,0.0,100.0,4.0,255.0,-1.0,,
npboost-few_shot-protein-seed4,384sr6zj,2026-07-21T17:05:18Z,npboost,few_shot,4,rmse,0.2121969828238854,0.2516843815535876,0.2213385661443074,0.2935319992552371,248.7849361896515,0.0990848541259765,0.0929632186889648,3.5164321360982966,30.0,,,,,,,0.2,0.0001605191133358,20.0,0.0750195444362012,1.0,20.0,4.0,255.0,-1.0,,
npboost-few_shot-protein-seed4,3qckl6oo,2026-07-21T18:02:27Z,npboost,few_shot,4,rmse,0.1459039021760989,0.2572386670912694,0.1662712454795837,0.2975434138266695,459.581654548645,0.0775501728057861,0.086216926574707,3.435753479076144,165.0,,,,,,,0.2,0.000956484407922,10.0,0.0109977032995056,0.0,100.0,4.0,255.0,-1.0,,
npboost-few_shot-protein-seed4,3reraya3,2026-07-21T18:16:37Z,npboost,few_shot,4,rmse,0.2173008376207107,0.2472003861524649,0.2271226529721861,0.2927373203428235,240.08905839920044,0.1078073978424072,0.098123550415039,3.2038572598505555,78.0,,,,,,,0.0,0.0001083323625032,10.0,0.1351582698334605,0.0,100.0,8.0,255.0,-1.0,,
npboost-few_shot-protein-seed4,4r8urlyj,2026-07-21T19:17:36Z,npboost,few_shot,4,rmse,0.2261740412467565,0.2452277788389452,0.2363178376798276,0.2959339601229547,242.20548105239868,0.1032605171203613,0.0970098972320556,3.245274204573528,78.0,,,,,,,0.0,7.917412954846521e-05,10.0,0.1011064623519062,0.0,20.0,8.0,255.0,-1.0,,
npboost-few_shot-protein-seed4,4uqs50gv,2026-07-21T18:57:39Z,npboost,few_shot,4,rmse,0.340038762642787,0.3062383961951176,0.3427656703525119,0.3371017778910766,57.674357652664185,0.1051304340362548,0.1176116466522216,3.1642359205727515,16.0,,,,,,,0.2,1.5820851730418417e-05,5.0,0.0450196136386975,1.0,100.0,16.0,255.0,-1.0,,
npboost-few_shot-protein-seed4,8zvszeru,2026-07-21T17:52:02Z,npboost,few_shot,4,rmse,0.1592594996476785,0.2454203797585705,0.1764332912586353,0.2917592680959008,371.6604132652282,0.1029245853424072,0.1073780059814453,3.4339331377986664,59.0,,,,,,,0.2,0.0002563473332261,20.0,0.1427109105814198,1.0,1000.0,8.0,255.0,-1.0,,
npboost-few_shot-protein-seed4,9y1glpg0,2026-07-21T18:47:30Z,npboost,few_shot,4,rmse,0.1722661508963658,0.2346032089558393,0.1875186116607101,0.2857553299947105,270.38950634002686,0.1131994724273681,0.0935213565826416,3.429404263680824,87.0,,,,,,,0.0,0.0002507518284371,10.0,0.0302023368339538,1.0,10.0,8.0,255.0,-1.0,,
npboost-few_shot-protein-seed4,bexpgzkr,2026-07-21T19:23:59Z,npboost,few_shot,4,rmse,0.2544591442132607,0.2526170178146361,0.262801221564964,0.3003559074508192,148.40160703659058,0.1086606979370117,0.1035892963409423,2.675963007268736,80.0,,,,,,,0.0,3.1392574253118284e-05,5.0,0.1121865737283773,0.0,10.0,4.0,255.0,-1.0,,
npboost-few_shot-protein-seed4,daowwbp2,2026-07-21T18:10:25Z,npboost,few_shot,4,rmse,0.1611346518382048,0.247891882760766,0.1752169648806254,0.2889929285298319,366.6399273872375,0.1006278991699218,0.0955681800842285,3.493595534921928,124.0,,,,,,,0.2,0.0002371245680478,10.0,0.0322020325894309,1.0,100.0,16.0,255.0,-1.0,,
npboost-few_shot-protein-seed4,duqbr2yo,2026-07-21T18:27:27Z,npboost,few_shot,4,rmse,0.2580898816768939,0.2770564119291171,0.2658876772280092,0.3184225802927911,124.80537247657776,0.1017146110534668,0.0993735790252685,3.535946600129235,26.0,,,,,,,0.2,5.4597054376998136e-05,10.0,0.1053508308667582,0.0,20.0,4.0,255.0,-1.0,,
npboost-few_shot-protein-seed4,e3mtev3l,2026-07-21T18:59:00Z,npboost,few_shot,4,rmse,0.2341964833247356,0.248252374379368,0.2441978172019676,0.298380877425995,690.5538864135742,0.1102063655853271,0.1004793643951416,3.1705126378973856,135.0,,,,,,,0.0,1.702035422361917e-05,20.0,0.0657821692431908,1.0,20.0,16.0,255.0,-1.0,,
npboost-few_shot-protein-seed4,eabt6xt5,2026-07-21T18:31:55Z,npboost,few_shot,4,rmse,0.2612392902374267,0.2679632786760372,0.2672474631556758,0.3046616775490608,245.3043532371521,0.0954427719116211,0.0755038261413574,2.6283596274554726,32.0,,,,,,,0.0,1.2904721633073898e-05,20.0,0.2325748079967941,0.0,100.0,8.0,255.0,-1.0,,
npboost-few_shot-protein-seed4,f09jzdop,2026-07-21T18:20:56Z,npboost,few_shot,4,rmse,0.1461307398783854,0.2540288149007717,0.1707312601583975,0.303821751948037,259.63227581977844,0.1001131534576416,0.1088495254516601,3.4371383008982046,157.0,,,,,,,0.2,0.0008392140711648,5.0,0.0107859712708854,0.0,10.0,8.0,255.0,-1.0,,
npboost-few_shot-protein-seed4,g7m6yjvu,2026-07-21T17:09:35Z,npboost,few_shot,4,rmse,0.1474333176246056,0.2462320324538973,0.1726834862320511,0.3054109385870215,357.0628983974457,0.0999073982238769,0.1002449989318847,3.583143534603756,119.0,,,,,,,0.2,0.0003600091192911,10.0,0.083744968684368,0.0,100.0,16.0,255.0,-1.0,,
npboost-few_shot-protein-seed4,m5ykytvx,2026-07-21T17:16:50Z,npboost,few_shot,4,rmse,0.2027735916467813,0.2571555641254787,0.2119076914257473,0.2955822653167961,283.41599774360657,0.0978651046752929,0.0955610275268554,3.507907915764896,91.0,,,,,,,0.2,0.0001381635682257,10.0,0.0261669745608544,1.0,20.0,8.0,255.0,-1.0,,
npboost-few_shot-protein-seed4,mbm03n82,2026-07-21T18:52:08Z,npboost,few_shot,4,rmse,0.1512972078262231,0.2471077234958773,0.1767949082233287,0.3085836706184737,282.63769483566284,0.0936126708984375,0.1085257530212402,3.4419653627478506,93.0,,,,,,,0.2,0.0004276097878757,10.0,0.0133482983182945,0.0,100.0,4.0,255.0,-1.0,,
npboost-few_shot-protein-seed4,o1ezpwwx,2026-07-21T17:22:55Z,npboost,few_shot,4,rmse,0.3455319374035566,0.2905922964052678,0.3489137102056432,0.3277119570510098,50.318469524383545,0.1076283454895019,0.1011803150177002,2.805556331532609,14.0,,,,,,,0.2,1.343677338411072e-05,5.0,0.1113002415673063,1.0,10.0,4.0,255.0,-1.0,,
npboost-few_shot-protein-seed4,p7wilbo5,2026-07-21T19:15:35Z,npboost,few_shot,4,rmse,0.2582267920176188,0.2667874230822107,0.266273922390408,0.3111351528493385,114.68116450309752,0.0828826427459716,0.0886833667755127,1.944126121136845,55.0,,,,,,,0.0,3.9184339457363744e-05,5.0,0.7978205565731539,1.0,100.0,16.0,255.0,-1.0,,
npboost-few_shot-protein-seed4,plcvv49c,2026-07-21T18:43:25Z,npboost,few_shot,4,rmse,0.2189820317121652,0.254053465108197,0.2361662529132984,0.3253045064261555,230.09603118896484,0.1004314422607422,0.1026599407196044,3.7442453233724193,138.0,,,,,,,0.2,0.0001181285816262,5.0,0.0610030224551816,0.0,10.0,8.0,255.0,-1.0,,
npboost-few_shot-protein-seed4,qdzazqxa,2026-07-21T17:23:50Z,npboost,few_shot,4,rmse,0.1509875762156951,0.235048348832643,0.1744549424559982,0.2965685031175324,251.5889358520508,0.1090044975280761,0.1001572608947754,3.349387006802428,80.0,,,,,,,0.0,0.0004548624208721,10.0,0.2953847324956156,0.0,20.0,4.0,255.0,-1.0,,
npboost-few_shot-protein-seed4,r9xxaljf,2026-07-21T17:28:07Z,npboost,few_shot,4,rmse,0.1370323812350248,0.2328002003647186,0.1618452451847217,0.2880184911333152,352.18325114250183,0.0889158248901367,0.095280647277832,3.3030411946463256,127.0,,,,,,,0.0,0.0004242243954166,10.0,0.5800570688908553,1.0,20.0,4.0,255.0,-1.0,,
npboost-few_shot-protein-seed4,rkuvvkad,2026-07-21T17:58:28Z,npboost,few_shot,4,rmse,0.1823376172628158,0.2566590220530416,0.1964555431295324,0.3039367608881091,227.91515183448792,0.0963742733001709,0.0942656993865966,3.47639747704906,132.0,,,,,,,0.2,0.0003013710908533,5.0,0.0130634630331783,0.0,10.0,8.0,255.0,-1.0,,
npboost-few_shot-protein-seed4,vmdsqsjm,2026-07-21T18:25:22Z,npboost,few_shot,4,rmse,0.2654259999593099,0.2849117697432004,0.2765294119163796,0.3379015025110121,118.90682005882265,0.106034517288208,0.1002883911132812,3.93551276961363,57.0,,,,,,,0.2,2.9067203620664195e-05,5.0,0.1823458458254781,0.0,10.0,8.0,255.0,-1.0,,
npboost-few_shot-protein-seed4,wjhiwprz,2026-07-21T19:10:37Z,npboost,few_shot,4,rmse,0.2107793367826021,0.2514544071410259,0.2278489227648134,0.321045507326342,292.96359157562256,0.1026749610900878,0.099292516708374,4.321093403707928,93.0,,,,,,,0.2,0.0001082971516786,10.0,0.2589103504433043,0.0,20.0,16.0,255.0,-1.0,,
npboost-few_shot-protein-seed4,xi3y3lo8,2026-07-21T18:29:38Z,npboost,few_shot,4,rmse,0.2610233196845421,0.2555263939758549,0.2698017076209739,0.3054355900520893,131.4145166873932,0.097813606262207,0.0993432998657226,2.0748119558145555,30.0,,,,,,,0.0,1.8406671834517417e-05,10.0,0.3476654204795515,0.0,20.0,8.0,255.0,-1.0,,
npboost-few_shot-protein-seed4,xl0wpv3p,2026-07-21T17:34:34Z,npboost,few_shot,4,rmse,0.2416211244387504,0.2765611127801983,0.2486552211973402,0.316961840399827,109.11975955963136,0.0909953117370605,0.0819594860076904,3.4339331377986664,54.0,,,,,,,0.0,0.0001721990923545,5.0,0.1380161223304589,0.0,1000.0,16.0,255.0,-1.0,,
npboost-few_shot-protein-seed4,y01u1v6k,2026-07-21T17:21:39Z,npboost,few_shot,4,rmse,0.2569530392304445,0.2768503780423168,0.2668642185352466,0.3259973562276272,70.98985934257507,0.1029324531555175,0.1036639213562011,3.757255928715429,4.0,,,,,,,0.2,0.0004385170256085,10.0,0.8972612866432508,1.0,20.0,8.0,255.0,-1.0,,
npboost-few_shot-protein-seed4,zwtzmmq5,2026-07-21T19:21:46Z,npboost,few_shot,4,rmse,0.3330570535782056,0.3240111932763619,0.3342916206077293,0.3454523816435075,128.37248969078064,0.1113314628601074,0.1178870201110839,3.4339331377986664,4.0,,,,,,,0.2,2.017016316297149e-05,20.0,0.0582929613195039,1.0,1000.0,8.0,255.0,-1.0,,
anpboost-in_context-protein-seed0,07dd38sk,2026-07-21T08:40:34Z,anpboost,in_context,0,rmse,0.1235028110730108,0.2180965134366432,0.1225485618936891,0.2178635498504343,510.9465391635895,0.3151359558105469,0.3033065795898437,3.6752371305837945,127.0,,,,,,,0.0,0.0004242243954166,10.0,0.5800570688908553,1.0,20.0,4.0,255.0,-1.0,,
anpboost-in_context-protein-seed0,28jkqqwl,2026-07-21T11:18:05Z,anpboost,in_context,0,rmse,0.1780688854044738,0.2166305718775481,0.1783930648910044,0.2203779853985127,245.44844365119937,0.363955020904541,0.3454689979553222,3.425835550297398,47.0,,,,,,,0.0,0.0002507518284371,10.0,0.0302023368339538,1.0,10.0,8.0,255.0,-1.0,,
anpboost-in_context-protein-seed0,3a3l92g3,2026-07-21T08:35:17Z,anpboost,in_context,0,rmse,0.3128832242214721,0.3034987895123227,0.3121888296944754,0.3001003240900887,75.75454545021057,0.3499250411987304,0.3592500686645508,2.9016349682515457,10.0,,,,,,,0.2,1.343677338411072e-05,5.0,0.1113002415673063,1.0,10.0,4.0,255.0,-1.0,,
anpboost-in_context-protein-seed0,6n6e72h6,2026-07-21T10:21:19Z,anpboost,in_context,0,rmse,0.3230952020306205,0.3095761821119176,0.3216268692282434,0.3037465217783142,61.92849779129028,0.354154109954834,0.349940538406372,2.706097987814481,4.0,,,,,,,0.2,2.9067203620664195e-05,5.0,0.1823458458254781,0.0,10.0,8.0,255.0,-1.0,,
anpboost-in_context-protein-seed0,6u79zw0j,2026-07-21T09:30:15Z,anpboost,in_context,0,rmse,0.1445981168580803,0.2269733985829854,0.1442636363597697,0.2267531904196739,376.02714109420776,0.3849773406982422,0.3829350471496582,3.4549144104695,159.0,,,,,,,0.2,0.0003013710908533,5.0,0.0130634630331783,0.0,10.0,8.0,255.0,-1.0,,
anpboost-in_context-protein-seed0,8hycdi0a,2026-07-21T11:30:33Z,anpboost,in_context,0,rmse,0.3080641716614833,0.3167105063835976,0.3067038665665151,0.310128548220373,77.08572268486023,0.3649296760559082,0.354006290435791,3.270643098521841,11.0,,,,,,,0.2,1.5820851730418417e-05,5.0,0.0450196136386975,1.0,100.0,16.0,255.0,-1.0,,
anpboost-in_context-protein-seed0,9w0dr6pt,2026-07-21T11:12:10Z,anpboost,in_context,0,rmse,0.1971398330316311,0.2445896493545676,0.1945797790633676,0.2374385555494941,348.3142988681793,0.3170332908630371,0.3025310039520263,3.721225113129488,150.0,,,,,,,0.2,0.0001181285816262,5.0,0.0610030224551816,0.0,10.0,8.0,255.0,-1.0,,
anpboost-in_context-protein-seed0,ahjjhf3o,2026-07-21T11:02:38Z,anpboost,in_context,0,rmse,0.148939564668343,0.2192644731520096,0.1487363489662728,0.2196955471512722,538.7991557121277,0.3490777015686035,0.3518650531768799,3.439946164800365,130.0,,,,,,,0.2,0.0001496922341954,10.0,0.0831211929407696,1.0,1000.0,4.0,255.0,-1.0,,
anpboost-in_context-protein-seed0,ap5ht76t,2026-07-21T08:49:11Z,anpboost,in_context,0,rmse,0.2036974305475215,0.2211015198299173,0.2023672841567195,0.2173239428227139,214.38759088516235,0.3538599014282226,0.3595936298370361,3.439946164800365,80.0,,,,,,,0.0,0.0001721990923545,5.0,0.1380161223304589,0.0,1000.0,16.0,255.0,-1.0,,
anpboost-in_context-protein-seed0,b52tgcbo,2026-07-21T10:44:55Z,anpboost,in_context,0,rmse,0.2221678158962768,0.2153973533077571,0.2208499974905406,0.2112351279585184,1057.1590797901154,0.3515117168426513,0.3547768592834472,2.904545528387924,148.0,,,,,,,0.0,1.2904721633073898e-05,20.0,0.2325748079967941,0.0,100.0,8.0,255.0,-1.0,,
anpboost-in_context-protein-seed0,bp4r8sow,2026-07-21T08:21:32Z,anpboost,in_context,0,rmse,0.2971977938343008,0.2969290253745291,0.2977983694043309,0.2985044101280033,69.72124218940735,0.3566036224365234,0.3620457649230957,1.7122845750415512,7.0,,,,,,,0.2,1.090384328196852e-05,5.0,0.7717846862118062,0.0,20.0,4.0,255.0,-1.0,,
anpboost-in_context-protein-seed0,cxbpf5xb,2026-07-21T09:36:47Z,anpboost,in_context,0,rmse,0.1739939845812861,0.3079384070539027,0.1680144034196275,0.298515316094695,267.35931181907654,0.3619580268859863,0.3397378921508789,3.444752214600752,53.0,,,,,,,0.2,0.000956484407922,10.0,0.0109977032995056,0.0,100.0,4.0,255.0,-1.0,,
anpboost-in_context-protein-seed0,dldvqash,2026-07-21T10:22:31Z,anpboost,in_context,0,rmse,0.209775911390989,0.2436233430351809,0.2076996859773111,0.2373892425376774,489.65636014938354,0.3417403697967529,0.3412821292877197,4.009719860709652,118.0,,,,,,,0.2,5.4597054376998136e-05,10.0,0.1053508308667582,0.0,20.0,4.0,255.0,-1.0,,
anpboost-in_context-protein-seed0,e7oe8lyg,2026-07-21T11:22:29Z,anpboost,in_context,0,rmse,0.1249823354262508,0.2219382741285633,0.122060277320782,0.2168955380652319,477.043550491333,0.3470830917358398,0.3394484519958496,3.4405755907482862,111.0,,,,,,,0.2,0.0004276097878757,10.0,0.0133482983182945,0.0,100.0,4.0,255.0,-1.0,,
anpboost-in_context-protein-seed0,ekgjclw6,2026-07-21T08:22:48Z,anpboost,in_context,0,rmse,0.1414590563092913,0.2226878690078767,0.1400685925101569,0.220575014564843,641.3569486141205,0.365732192993164,0.3449575901031494,3.518155623546785,169.0,,,,,,,0.2,0.0001381635682257,10.0,0.0261669745608544,1.0,20.0,8.0,255.0,-1.0,,
anpboost-in_context-protein-seed0,f2z4ddkc,2026-07-21T12:24:21Z,anpboost,in_context,0,rmse,0.2226319861328975,0.2136732352461742,0.2223896132944353,0.214145544724878,517.2077901363373,0.3813221454620361,0.3523657321929931,2.8679917602796863,235.0,,,,,,,0.0,3.1392574253118284e-05,5.0,0.1121865737283773,0.0,10.0,4.0,255.0,-1.0,,
anpboost-in_context-protein-seed0,g5sf3k3e,2026-07-21T09:41:21Z,anpboost,in_context,0,rmse,0.1317362037685274,0.2215000726302005,0.131711168986995,0.2220680571123555,1830.6150567531583,0.3073666095733642,0.2900075912475586,3.5041816647577826,130.0,,,,,,,0.2,0.0002371245680478,10.0,0.0322020325894309,1.0,100.0,16.0,255.0,-1.0,,
anpboost-in_context-protein-seed0,h8anqnqb,2026-07-21T08:36:39Z,anpboost,in_context,0,rmse,0.1535100405224524,0.2209131977319894,0.1515005756338299,0.2171982757506051,228.2548704147339,0.365114688873291,0.3339300155639648,3.4040201131473347,45.0,,,,,,,0.0,0.0004548624208721,10.0,0.2953847324956156,0.0,20.0,4.0,255.0,-1.0,,
anpboost-in_context-protein-seed0,ixr4nwe3,2026-07-21T09:12:18Z,anpboost,in_context,0,rmse,0.1718847228259575,0.2205021051857353,0.1727805287165093,0.2259726165497531,249.7794542312622,0.3460266590118408,0.326460599899292,3.4376618321089523,49.0,,,,,,,0.0,0.0002780425090632,10.0,0.0105542692281163,1.0,20.0,8.0,255.0,-1.0,,
anpboost-in_context-protein-seed0,k86mbos6,2026-07-21T11:31:56Z,anpboost,in_context,0,rmse,0.2246808307926829,0.2175678442163935,0.2234264865569536,0.2150519167080981,796.4616756439209,0.37778639793396,0.3567540645599365,3.316720893666301,104.0,,,,,,,0.0,1.702035422361917e-05,20.0,0.0657821692431908,1.0,20.0,16.0,255.0,-1.0,,
anpboost-in_context-protein-seed0,kcpza8f0,2026-07-21T11:45:19Z,anpboost,in_context,0,rmse,0.2454691365205452,0.2956199866591371,0.2454673820256356,0.2985514953973321,185.4646577835083,0.3278112411499023,0.3526017665863037,3.882246589555482,28.0,,,,,,,0.2,0.0001082971516786,10.0,0.2589103504433043,0.0,20.0,16.0,255.0,-1.0,,
anpboost-in_context-protein-seed0,lf91q6ef,2026-07-21T11:48:31Z,anpboost,in_context,0,rmse,0.2312740099970056,0.2313925191863204,0.229944421854584,0.2295736117998636,364.9097752571106,0.3630151748657226,0.3699746131896972,2.317911085446508,158.0,,,,,,,0.0,3.9184339457363744e-05,5.0,0.7978205565731539,1.0,100.0,16.0,255.0,-1.0,,
anpboost-in_context-protein-seed0,mft9evby,2026-07-21T12:01:54Z,anpboost,in_context,0,rmse,0.1973419521743827,0.2325592587953406,0.1960775926968777,0.2286245161615128,1340.9328317642212,0.3239212036132812,0.3047668933868408,3.439946164800365,198.0,,,,,,,0.2,2.017016316297149e-05,20.0,0.0582929613195039,1.0,1000.0,8.0,255.0,-1.0,,
anpboost-in_context-protein-seed0,r4v3fj83,2026-07-21T09:16:35Z,anpboost,in_context,0,rmse,0.1183401898639958,0.2133884506529394,0.11695495632052,0.2098450129692983,814.2022016048431,0.3433241844177246,0.3441064357757568,3.439946164800365,110.0,,,,,,,0.2,0.0002563473332261,20.0,0.1427109105814198,1.0,1000.0,8.0,255.0,-1.0,,
anpboost-in_context-protein-seed0,r6t94j9p,2026-07-21T10:17:14Z,anpboost,in_context,0,rmse,0.1635119640868715,0.2863040490365753,0.1664890927304789,0.2931579983147035,238.94227933883667,0.3601846694946289,0.3392276763916015,3.4410613582669547,92.0,,,,,,,0.2,0.0008392140711648,5.0,0.0107859712708854,0.0,10.0,8.0,255.0,-1.0,,
anpboost-in_context-protein-seed0,rbxwhtok,2026-07-21T08:13:38Z,anpboost,in_context,0,rmse,0.1249302322440861,0.2198533726002319,0.1256853096991881,0.2204989936587744,468.2145233154297,0.3704557418823242,0.3578324317932129,3.5387406323828854,115.0,,,,,,,0.2,0.0003600091192911,10.0,0.083744968684368,0.0,100.0,16.0,255.0,-1.0,,
anpboost-in_context-protein-seed0,sgmqbtle,2026-07-21T07:56:21Z,anpboost,in_context,0,rmse,0.12075535844012,0.2137888154201752,0.1195741547109358,0.2131592319643963,1010.0270199775696,0.3216133117675781,0.3032174110412597,3.523124484199747,132.0,,,,,,,0.2,0.0001605191133358,20.0,0.0750195444362012,1.0,20.0,4.0,255.0,-1.0,,
anpboost-in_context-protein-seed0,sqc7yr3y,2026-07-21T11:54:42Z,anpboost,in_context,0,rmse,0.1954169788427054,0.2159784580632719,0.1939915248325892,0.2125789794984398,425.9257650375366,0.3588831424713135,0.3565256595611572,3.34070603085296,101.0,,,,,,,0.0,7.917412954846521e-05,10.0,0.1011064623519062,0.0,20.0,8.0,255.0,-1.0,,
anpboost-in_context-protein-seed0,vn5sxsjq,2026-07-21T08:52:52Z,anpboost,in_context,0,rmse,0.2104794439123067,0.211504803994434,0.2090566282903691,0.2072438310427418,1159.5487294197085,0.3737356662750244,0.3594508171081543,3.3914147110314747,170.0,,,,,,,0.0,1.5865500409725956e-05,20.0,0.019901994840577,0.0,100.0,4.0,255.0,-1.0,,
anpboost-in_context-protein-seed0,vsvageh8,2026-07-21T08:33:36Z,anpboost,in_context,0,rmse,0.2627875962739207,0.2890477247392206,0.2637888944938207,0.2949044214406152,95.08243155479433,0.3280565738677978,0.3308610916137695,3.5683082306107536,2.0,,,,,,,0.2,0.0004385170256085,10.0,0.8972612866432508,1.0,20.0,8.0,255.0,-1.0,,
anpboost-in_context-protein-seed0,xisms56p,2026-07-21T10:30:47Z,anpboost,in_context,0,rmse,0.2187062904809825,0.2141431438564932,0.2185405106494651,0.2158515948386505,839.4751198291779,0.3521604537963867,0.3545136451721191,2.3429798645463777,229.0,,,,,,,0.0,1.8406671834517417e-05,10.0,0.3476654204795515,0.0,20.0,8.0,255.0,-1.0,,
anpboost-in_context-protein-seed0,ygdvdgae,2026-07-21T10:12:09Z,anpboost,in_context,0,rmse,0.2007800643867732,0.2122113349536677,0.2007100839648097,0.214371388214076,298.4185235500336,0.3675730228424072,0.3474493026733398,3.329322857774321,64.0,,,,,,,0.0,0.0001083323625032,10.0,0.1351582698334605,0.0,100.0,8.0,255.0,-1.0,,
anpboost-in_context-protein-seed1,023urdn2,2026-07-21T15:33:54Z,anpboost,in_context,1,rmse,0.1875516047461107,0.2243332078440804,0.1917184038860042,0.2338949453147163,281.00810980796814,0.3150010108947754,0.3150637149810791,3.449714677895118,116.0,,,,,,,0.0,0.0001721990923545,5.0,0.1380161223304589,0.0,1000.0,16.0,255.0,-1.0,,
anpboost-in_context-protein-seed1,0hxxcvjz,2026-07-21T17:59:21Z,anpboost,in_context,1,rmse,0.2105404657769286,0.237969419606401,0.2136025113095805,0.2424816149281413,1057.8718197345734,0.3464565277099609,0.3666191101074219,3.449714677895118,150.0,,,,,,,0.2,2.017016316297149e-05,20.0,0.0582929613195039,1.0,1000.0,8.0,255.0,-1.0,,
anpboost-in_context-protein-seed1,22ihgic8,2026-07-21T17:16:03Z,anpboost,in_context,1,rmse,0.2550465520666036,0.3027976132910685,0.2608295998922208,0.3184595627093681,113.63834023475648,0.367194652557373,0.3567230701446533,3.546720028179182,33.0,,,,,,,0.2,0.0001181285816262,5.0,0.0610030224551816,0.0,10.0,8.0,255.0,-1.0,,
anpboost-in_context-protein-seed1,3g8u55a2,2026-07-21T16:43:22Z,anpboost,in_context,1,rmse,0.2329936143828601,0.2313239484127887,0.2366820212440623,0.242132646175709,566.6801645755768,0.3625619411468506,0.3570578098297119,2.610878636348851,151.0,,,,,,,0.0,1.8406671834517417e-05,10.0,0.3476654204795515,0.0,20.0,8.0,255.0,-1.0,,
anpboost-in_context-protein-seed1,4ayshm3n,2026-07-21T17:45:15Z,anpboost,in_context,1,rmse,0.2234178735819428,0.2272850086352041,0.2263554961839204,0.2331647642701135,430.7855670452118,0.307291030883789,0.3009798526763916,2.304278959494814,203.0,,,,,,,0.0,3.9184339457363744e-05,5.0,0.7978205565731539,1.0,100.0,16.0,255.0,-1.0,,
anpboost-in_context-protein-seed1,533nptct,2026-07-21T17:21:39Z,anpboost,in_context,1,rmse,0.1292392584504981,0.2283350933941282,0.1337902653923433,0.238557004170843,471.448620557785,0.3570113182067871,0.3418307304382324,3.463302335321248,117.0,,,,,,,0.2,0.0004276097878757,10.0,0.0133482983182945,0.0,100.0,4.0,255.0,-1.0,,
anpboost-in_context-protein-seed1,63urdk5v,2026-07-21T15:12:47Z,anpboost,in_context,1,rmse,0.1663104333113295,0.2346727389975346,0.1703118480456415,0.2418858923409327,452.3834662437439,0.3650319576263428,0.3692359924316406,3.5386539635811527,111.0,,,,,,,0.2,0.0001381635682257,10.0,0.0261669745608544,1.0,20.0,8.0,255.0,-1.0,,
anpboost-in_context-protein-seed1,7ift3ur3,2026-07-21T15:03:59Z,anpboost,in_context,1,rmse,0.1301576335255692,0.2263215655621555,0.1354081290108817,0.237551313515293,449.21139454841614,0.3774709701538086,0.3549447059631347,3.516128340651885,112.0,,,,,,,0.2,0.0003600091192911,10.0,0.083744968684368,0.0,100.0,16.0,255.0,-1.0,,
anpboost-in_context-protein-seed1,8h4x47m6,2026-07-21T17:42:46Z,anpboost,in_context,1,rmse,0.2662222061423059,0.3060098672970952,0.271901831809652,0.3206953773710063,107.39595365524292,0.2746117115020752,0.3090584278106689,3.57464351106864,7.0,,,,,,,0.2,0.0001082971516786,10.0,0.2589103504433043,0.0,20.0,16.0,255.0,-1.0,,
anpboost-in_context-protein-seed1,8syv334c,2026-07-21T15:38:41Z,anpboost,in_context,1,rmse,0.2359359820960706,0.2245047318782193,0.2403165039700498,0.2361943870722547,581.6132912635803,0.3395676612854004,0.3480658531188965,3.4004803309427616,72.0,,,,,,,0.0,1.5865500409725956e-05,20.0,0.019901994840577,0.0,100.0,4.0,255.0,-1.0,,
anpboost-in_context-protein-seed1,9f4yx2im,2026-07-21T17:18:03Z,anpboost,in_context,1,rmse,0.188108803087826,0.2318535768144054,0.1920447931057069,0.2407145869158718,209.8283421993256,0.3756334781646729,0.3547346591949463,3.445186281355775,41.0,,,,,,,0.0,0.0002507518284371,10.0,0.0302023368339538,1.0,10.0,8.0,255.0,-1.0,,
anpboost-in_context-protein-seed1,ayhli7ac,2026-07-21T15:20:26Z,anpboost,in_context,1,rmse,0.2642836819957773,0.2978515325847605,0.2700207673714136,0.3138612691771991,90.04180097579956,0.3663618564605713,0.3352291584014892,3.514053428885187,2.0,,,,,,,0.2,0.0004385170256085,10.0,0.8972612866432508,1.0,20.0,8.0,255.0,-1.0,,
anpboost-in_context-protein-seed1,d0grwz0e,2026-07-21T17:31:03Z,anpboost,in_context,1,rmse,0.2303486269110171,0.2275334812640269,0.2340843918431511,0.2390678515478127,690.6458787918091,0.3622288703918457,0.3552958965301513,3.32084529850875,90.0,,,,,,,0.0,1.702035422361917e-05,20.0,0.0657821692431908,1.0,20.0,16.0,255.0,-1.0,,
anpboost-in_context-protein-seed1,ernxvw0d,2026-07-21T15:23:20Z,anpboost,in_context,1,rmse,0.1288762375037429,0.2241656067741054,0.1332771287977903,0.2345708597777056,399.7608151435852,0.3884625434875488,0.367532730102539,3.59393174580412,97.0,,,,,,,0.0,0.0004548624208721,10.0,0.2953847324956156,0.0,20.0,4.0,255.0,-1.0,,
anpboost-in_context-protein-seed1,fw5cl2ug,2026-07-21T16:18:29Z,anpboost,in_context,1,rmse,0.1815220105108068,0.2211046374622487,0.1855494004093396,0.2318517982404127,417.1030123233795,0.3725595474243164,0.3621399402618408,3.409158964538349,102.0,,,,,,,0.0,0.0001083323625032,10.0,0.1351582698334605,0.0,100.0,8.0,255.0,-1.0,,
anpboost-in_context-protein-seed1,gqcbuzfx,2026-07-21T14:54:38Z,anpboost,in_context,1,rmse,0.1470986143637201,0.2229935726912599,0.1546028150498659,0.2416881260545697,552.2874443531036,0.376554012298584,0.3506991863250732,3.5278120938657325,65.0,,,,,,,0.2,0.0001605191133358,20.0,0.0750195444362012,1.0,20.0,4.0,255.0,-1.0,,
anpboost-in_context-protein-seed1,grk3mtpy,2026-07-21T15:11:35Z,anpboost,in_context,1,rmse,0.2963776272763774,0.2963463697393763,0.302850012164498,0.3151924023767828,65.3739082813263,0.3638074398040771,0.3548955917358398,1.7212061196362356,7.0,,,,,,,0.2,1.090384328196852e-05,5.0,0.7717846862118062,0.0,20.0,4.0,255.0,-1.0,,
anpboost-in_context-protein-seed1,hig5dat7,2026-07-21T18:17:09Z,anpboost,in_context,1,rmse,0.2353148244399227,0.2294471023387094,0.238992950226787,0.2409518035177881,357.4988920688629,0.3121356964111328,0.3083579540252685,2.9652991982639447,158.0,,,,,,,0.0,3.1392574253118284e-05,5.0,0.1121865737283773,0.0,10.0,4.0,255.0,-1.0,,
anpboost-in_context-protein-seed1,j818jkif,2026-07-21T16:34:34Z,anpboost,in_context,1,rmse,0.206244491949314,0.2482712539084093,0.2111085632536884,0.2608518408171395,521.9591863155365,0.3681952953338623,0.3383965492248535,4.185762502209457,132.0,,,,,,,0.2,5.4597054376998136e-05,10.0,0.1053508308667582,0.0,20.0,4.0,255.0,-1.0,,
anpboost-in_context-protein-seed1,jxqwsi67,2026-07-21T15:52:02Z,anpboost,in_context,1,rmse,0.1340593743407352,0.2293787066775114,0.1369110831815606,0.2374648854970322,545.4026234149933,0.3430192470550537,0.3338222503662109,3.449714677895118,65.0,,,,,,,0.2,0.0002563473332261,20.0,0.1427109105814198,1.0,1000.0,8.0,255.0,-1.0,,
anpboost-in_context-protein-seed1,ma1idjf8,2026-07-21T16:53:01Z,anpboost,in_context,1,rmse,0.2288269082843634,0.2279508800600019,0.2338206194834426,0.2434512296968287,892.6417441368103,0.3664929866790771,0.3603801727294922,2.844679759030584,126.0,,,,,,,0.0,1.2904721633073898e-05,20.0,0.2325748079967941,0.0,100.0,8.0,255.0,-1.0,,
anpboost-in_context-protein-seed1,pxqa99mv,2026-07-21T16:13:53Z,anpboost,in_context,1,rmse,0.1761007940312295,0.2373514874940398,0.1801712089299325,0.2453513702932711,269.0128331184387,0.353339672088623,0.3193433284759521,3.508690551872801,56.0,,,,,,,0.2,0.0002371245680478,10.0,0.0322020325894309,1.0,100.0,16.0,255.0,-1.0,,
anpboost-in_context-protein-seed1,s6n2akd7,2026-07-21T16:01:13Z,anpboost,in_context,1,rmse,0.1540475041193413,0.2401657129220691,0.1584171600873462,0.2490095509757218,340.4087917804718,0.3814558982849121,0.3491277694702148,3.480687103717069,145.0,,,,,,,0.2,0.0003013710908533,5.0,0.0130634630331783,0.0,10.0,8.0,255.0,-1.0,,
anpboost-in_context-protein-seed1,t9zabiw3,2026-07-21T15:48:29Z,anpboost,in_context,1,rmse,0.1910670011301073,0.2344146749820517,0.1946852614239949,0.2419272916155599,205.9939000606537,0.3791601657867432,0.3447375297546386,3.4492530519444164,36.0,,,,,,,0.0,0.0002780425090632,10.0,0.0105542692281163,1.0,20.0,8.0,255.0,-1.0,,
anpboost-in_context-protein-seed1,thp8ml3h,2026-07-21T16:07:00Z,anpboost,in_context,1,rmse,0.1308456248107272,0.2314022811996144,0.1388058379967453,0.243254634528666,406.0293350219727,0.3725476264953614,0.3443636894226074,3.4633534466293545,97.0,,,,,,,0.2,0.000956484407922,10.0,0.0109977032995056,0.0,100.0,4.0,255.0,-1.0,,
anpboost-in_context-protein-seed1,ti4qc5rh,2026-07-21T16:25:33Z,anpboost,in_context,1,rmse,0.1325623249758411,0.2354887732006225,0.1411138660816365,0.2514949278628606,336.41697001457214,0.3804471492767334,0.3606581687927246,3.4561617847637787,146.0,,,,,,,0.2,0.0008392140711648,5.0,0.0107859712708854,0.0,10.0,8.0,255.0,-1.0,,
anpboost-in_context-protein-seed1,usmeavqm,2026-07-21T17:29:47Z,anpboost,in_context,1,rmse,0.3128199427800727,0.3295017289529772,0.3168451860806668,0.3398017907466699,70.10311341285706,0.3208048343658447,0.3009474277496338,3.1744536606765084,10.0,,,,,,,0.2,1.5820851730418417e-05,5.0,0.0450196136386975,1.0,100.0,16.0,255.0,-1.0,,
anpboost-in_context-protein-seed1,uutjd4nx,2026-07-21T17:07:59Z,anpboost,in_context,1,rmse,0.1595127624086386,0.2321548075997223,0.1648486599274213,0.245772957006971,476.9125211238861,0.3525764942169189,0.3549931049346924,3.449714677895118,117.0,,,,,,,0.2,0.0001496922341954,10.0,0.0831211929407696,1.0,1000.0,4.0,255.0,-1.0,,
anpboost-in_context-protein-seed1,wjd6x620,2026-07-21T15:22:02Z,anpboost,in_context,1,rmse,0.305072385674985,0.313467278523737,0.3108169808204996,0.3280085163438007,70.96143674850464,0.372023344039917,0.3476390838623047,2.925939300506747,11.0,,,,,,,0.2,1.343677338411072e-05,5.0,0.1113002415673063,1.0,10.0,4.0,255.0,-1.0,,
anpboost-in_context-protein-seed1,wsgaw5li,2026-07-21T16:31:15Z,anpboost,in_context,1,rmse,0.2645201001848493,0.3108132319469472,0.2710987449938412,0.3286200933549033,193.2893624305725,0.392714262008667,0.3676021099090576,4.40136285403615,70.0,,,,,,,0.2,2.9067203620664195e-05,5.0,0.1823458458254781,0.0,10.0,8.0,255.0,-1.0,,
anpboost-in_context-protein-seed1,y5jmaoz9,2026-07-21T17:52:32Z,anpboost,in_context,1,rmse,0.2008813997594321,0.2336402815469765,0.2049837610862811,0.244827197160389,402.2280337810517,0.3565094470977783,0.3602323532104492,3.407338497668737,99.0,,,,,,,0.0,7.917412954846521e-05,10.0,0.1011064623519062,0.0,20.0,8.0,255.0,-1.0,,
anpboost-in_context-protein-seed1,yii2i1ej,2026-07-21T15:30:06Z,anpboost,in_context,1,rmse,0.1620473030967579,0.2351950328619623,0.1678233063594804,0.2480446934177494,221.25329399108887,0.3106791973114013,0.3487529754638672,3.489852132070708,44.0,,,,,,,0.0,0.0004242243954166,10.0,0.5800570688908553,1.0,20.0,4.0,255.0,-1.0,,
anpboost-in_context-protein-seed2,1h17vj8u,2026-07-22T00:03:13Z,anpboost,in_context,2,rmse,0.2052469552601671,0.2524233452951036,0.1985899961783911,0.2256311211308853,381.2824921607971,0.2061862945556641,0.1953122615814209,3.415441083511225,101.0,,,,,,,0.0,7.917412954846521e-05,10.0,0.1011064623519062,0.0,20.0,8.0,255.0,-1.0,,
anpboost-in_context-protein-seed2,3pxit8iu,2026-07-21T23:33:55Z,anpboost,in_context,2,rmse,0.1725661048490411,0.2602581903999717,0.1615495249784782,0.2245745579148184,265.98041009902954,0.1855528354644775,0.1840217113494873,3.437030717910742,68.0,,,,,,,0.0,0.0002507518284371,10.0,0.0302023368339538,1.0,10.0,8.0,255.0,-1.0,,
anpboost-in_context-protein-seed2,4qji2rly,2026-07-21T22:43:27Z,anpboost,in_context,2,rmse,0.1481401131128185,0.2659083654344902,0.1332632456922365,0.2332308812426976,299.24119305610657,0.1964499950408935,0.1800336837768554,3.433335720690224,159.0,,,,,,,0.2,0.0008392140711648,5.0,0.0107859712708854,0.0,10.0,8.0,255.0,-1.0,,
anpboost-in_context-protein-seed2,55tmqivs,2026-07-21T21:43:58Z,anpboost,in_context,2,rmse,0.3210720633795867,0.3377563622766497,0.312249299956531,0.2964956158270349,57.81856441497803,0.2179310321807861,0.2184062004089355,2.9050042470372666,10.0,,,,,,,0.2,1.343677338411072e-05,5.0,0.1113002415673063,1.0,10.0,4.0,255.0,-1.0,,
anpboost-in_context-protein-seed2,5tvr0u2j,2026-07-21T23:58:20Z,anpboost,in_context,2,rmse,0.241247901517755,0.2683450572508425,0.2325260946559573,0.2301463517465765,286.70202827453613,0.193474531173706,0.1853270530700683,2.125247286469273,150.0,,,,,,,0.0,3.9184339457363744e-05,5.0,0.7978205565731539,1.0,100.0,16.0,255.0,-1.0,,
anpboost-in_context-protein-seed2,6rh7jzf0,2026-07-21T22:58:47Z,anpboost,in_context,2,rmse,0.2360394840041104,0.2572003754364717,0.2289917577019136,0.2242377152287509,601.6908113956451,0.2041559219360351,0.1852006912231445,2.590105727585207,177.0,,,,,,,0.0,1.8406671834517417e-05,10.0,0.3476654204795515,0.0,20.0,8.0,255.0,-1.0,,
anpboost-in_context-protein-seed2,6s0qwkby,2026-07-21T21:33:49Z,anpboost,in_context,2,rmse,0.1638765268624867,0.2596470779040642,0.1528913783694808,0.2254217645331654,502.7053678035736,0.228055715560913,0.222684621810913,3.477742565495032,139.0,,,,,,,0.2,0.0001381635682257,10.0,0.0261669745608544,1.0,20.0,8.0,255.0,-1.0,,
anpboost-in_context-protein-seed2,7rrt6ksz,2026-07-21T21:45:49Z,anpboost,in_context,2,rmse,0.1497189558341528,0.2501037958746872,0.1389643373389692,0.2206752436107398,261.8186514377594,0.2202935218811035,0.215564489364624,3.31892148003895,64.0,,,,,,,0.0,0.0004548624208721,10.0,0.2953847324956156,0.0,20.0,4.0,255.0,-1.0,,
anpboost-in_context-protein-seed2,7ulcg0id,2026-07-21T21:50:25Z,anpboost,in_context,2,rmse,0.1738732500774104,0.2596558369255187,0.1626894980772862,0.2241785758735282,193.27656197547915,0.1898081302642822,0.1370887756347656,3.19571784387614,41.0,,,,,,,0.0,0.0004242243954166,10.0,0.5800570688908553,1.0,20.0,4.0,255.0,-1.0,,
anpboost-in_context-protein-seed2,80nq5lut,2026-07-21T23:23:56Z,anpboost,in_context,2,rmse,0.1624663947766666,0.2602190988622988,0.1506489610838142,0.2246192417860243,487.7332236766815,0.1972594261169433,0.1976675987243652,3.439709695229592,135.0,,,,,,,0.2,0.0001496922341954,10.0,0.0831211929407696,1.0,1000.0,4.0,255.0,-1.0,,
anpboost-in_context-protein-seed2,8db5qh9k,2026-07-21T23:45:43Z,anpboost,in_context,2,rmse,0.2381097481225841,0.2595169340118495,0.2304034482311288,0.2232703803526343,650.7303476333618,0.1919605731964111,0.1881725788116455,3.3050057200718856,90.0,,,,,,,0.0,1.702035422361917e-05,20.0,0.0657821692431908,1.0,20.0,16.0,255.0,-1.0,,
anpboost-in_context-protein-seed2,9k0icm3c,2026-07-22T00:38:15Z,anpboost,in_context,2,rmse,0.2371837735591449,0.2583167809675857,0.2296970247806988,0.2215405230148494,368.701642036438,0.1857330799102783,0.1798799037933349,2.911768426412705,199.0,,,,,,,0.0,3.1392574253118284e-05,5.0,0.1121865737283773,0.0,10.0,4.0,255.0,-1.0,,
anpboost-in_context-protein-seed2,a0zhaac0,2026-07-21T21:23:05Z,anpboost,in_context,2,rmse,0.1424946336380696,0.2570275428453222,0.1268737872718518,0.2231009500788472,584.333646774292,0.2221236228942871,0.2187466621398925,3.519389765421656,168.0,,,,,,,0.2,0.0003600091192911,10.0,0.083744968684368,0.0,100.0,16.0,255.0,-1.0,,
anpboost-in_context-protein-seed2,ap23epnw,2026-07-21T22:37:15Z,anpboost,in_context,2,rmse,0.1983439482047582,0.2539496111645687,0.1879584481907223,0.211915160880147,323.51982712745667,0.1741976737976074,0.1490285396575927,3.383368184076022,87.0,,,,,,,0.0,0.0001083323625032,10.0,0.1351582698334605,0.0,100.0,8.0,255.0,-1.0,,
anpboost-in_context-protein-seed2,cveydl89,2026-07-21T21:42:17Z,anpboost,in_context,2,rmse,0.2801396240340708,0.333815575240651,0.2703609665927156,0.2921276250244414,87.81176352500916,0.2276780605316162,0.2241504192352295,3.480138410849927,1.0,,,,,,,0.2,0.0004385170256085,10.0,0.8972612866432508,1.0,20.0,8.0,255.0,-1.0,,
anpboost-in_context-protein-seed2,dc6wbmuj,2026-07-22T00:09:40Z,anpboost,in_context,2,rmse,0.1903857719607469,0.2613731420022705,0.1805711374050233,0.2257824458066385,1708.963137626648,0.1839449405670166,0.1842343807220459,3.439709695229592,273.0,,,,,,,0.2,2.017016316297149e-05,20.0,0.0582929613195039,1.0,1000.0,8.0,255.0,-1.0,,
anpboost-in_context-protein-seed2,efdl7e7x,2026-07-21T22:30:25Z,anpboost,in_context,2,rmse,0.1545634718306804,0.2604432553819422,0.1420851850343498,0.2247369955398643,389.7147963047027,0.2018935680389404,0.1928887367248535,3.4856265390506023,107.0,,,,,,,0.2,0.0002371245680478,10.0,0.0322020325894309,1.0,100.0,16.0,255.0,-1.0,,
anpboost-in_context-protein-seed2,f21ocehf,2026-07-21T23:38:28Z,anpboost,in_context,2,rmse,0.1447149967898059,0.2594560822169702,0.1279995084224262,0.2188874774683042,363.24174451828,0.1841723918914795,0.2209737300872802,3.444252381263283,94.0,,,,,,,0.2,0.0004276097878757,10.0,0.0133482983182945,0.0,100.0,4.0,255.0,-1.0,,
anpboost-in_context-protein-seed2,hqmlzkgm,2026-07-21T23:32:10Z,anpboost,in_context,2,rmse,0.2640448580220186,0.3321059784940932,0.2536254776479475,0.291369339631717,99.77514147758484,0.2002959251403809,0.1836090087890625,3.5379597913382583,33.0,,,,,,,0.2,0.0001181285816262,5.0,0.0610030224551816,0.0,10.0,8.0,255.0,-1.0,,
anpboost-in_context-protein-seed2,hw3gn2dc,2026-07-21T23:44:37Z,anpboost,in_context,2,rmse,0.3140961783272879,0.3496017116914502,0.30570372471826,0.3128959214779911,61.17392039299011,0.1994149684906006,0.1824345588684082,3.2241544016298684,11.0,,,,,,,0.2,1.5820851730418417e-05,5.0,0.0450196136386975,1.0,100.0,16.0,255.0,-1.0,,
anpboost-in_context-protein-seed2,j5k92rse,2026-07-21T22:18:03Z,anpboost,in_context,2,rmse,0.1651624885585665,0.2630645506190442,0.1526392228927346,0.2257054200655296,272.6714234352112,0.1998922824859619,0.1840522289276123,3.4604557910725795,136.0,,,,,,,0.2,0.0003013710908533,5.0,0.0130634630331783,0.0,10.0,8.0,255.0,-1.0,,
anpboost-in_context-protein-seed2,jd90hzmk,2026-07-21T21:32:56Z,anpboost,in_context,2,rmse,0.3405693399781549,0.3322849802567579,0.3329802988298263,0.2916666586545055,47.48536396026611,0.2184484004974365,0.2199523448944092,1.2586880950431805,3.0,,,,,,,0.2,1.090384328196852e-05,5.0,0.7717846862118062,0.0,20.0,4.0,255.0,-1.0,,
anpboost-in_context-protein-seed2,jsvefl6r,2026-07-21T21:53:44Z,anpboost,in_context,2,rmse,0.2149801088127109,0.2572078592097742,0.2059947954237669,0.2194208936851391,164.52025866508484,0.1979336738586425,0.1817522048950195,3.439709695229592,77.0,,,,,,,0.0,0.0001721990923545,5.0,0.1380161223304589,0.0,1000.0,16.0,255.0,-1.0,,
anpboost-in_context-protein-seed2,ka8t4wam,2026-07-21T21:56:36Z,anpboost,in_context,2,rmse,0.243304674633704,0.2636798013745856,0.2346538450659775,0.2220789308095012,576.5145058631897,0.1920673847198486,0.1823744773864746,3.397509354255257,80.0,,,,,,,0.0,1.5865500409725956e-05,20.0,0.019901994840577,0.0,100.0,4.0,255.0,-1.0,,
anpboost-in_context-protein-seed2,ntjfzqau,2026-07-21T23:08:55Z,anpboost,in_context,2,rmse,0.2338769892782284,0.2628275629712169,0.2252158852819781,0.2235896530645849,895.8830680847168,0.2082135677337646,0.18475341796875,2.8167230780200643,146.0,,,,,,,0.0,1.2904721633073898e-05,20.0,0.2325748079967941,0.0,100.0,8.0,255.0,-1.0,,
anpboost-in_context-protein-seed2,ob3wv5nh,2026-07-21T22:50:13Z,anpboost,in_context,2,rmse,0.2114217605324988,0.2746654403318904,0.2004878479429238,0.2316969213831463,508.0966670513153,0.1978657245635986,0.1827907562255859,4.062170045588629,140.0,,,,,,,0.2,5.4597054376998136e-05,10.0,0.1053508308667582,0.0,20.0,4.0,255.0,-1.0,,
anpboost-in_context-protein-seed2,puiovi5n,2026-07-21T21:12:48Z,anpboost,in_context,2,rmse,0.1511482610935118,0.2590188442347158,0.1398773592108218,0.2285975199713834,608.5188286304474,0.227452278137207,0.2130742073059082,3.4816604267845,83.0,,,,,,,0.2,0.0001605191133358,20.0,0.0750195444362012,1.0,20.0,4.0,255.0,-1.0,,
anpboost-in_context-protein-seed2,q0rwehtq,2026-07-21T22:09:40Z,anpboost,in_context,2,rmse,0.1463515318229223,0.2585246769993406,0.130223400501424,0.2181473952952951,497.1520066261291,0.2126805782318115,0.1915750503540039,3.439709695229592,64.0,,,,,,,0.2,0.0002563473332261,20.0,0.1427109105814198,1.0,1000.0,8.0,255.0,-1.0,,
anpboost-in_context-protein-seed2,q2erlhye,2026-07-21T23:56:40Z,anpboost,in_context,2,rmse,0.2751226990065092,0.3358720850567857,0.2652752175148355,0.2955143740652728,94.30802750587463,0.210700511932373,0.177103042602539,3.561543233564728,7.0,,,,,,,0.2,0.0001082971516786,10.0,0.2589103504433043,0.0,20.0,16.0,255.0,-1.0,,
anpboost-in_context-protein-seed2,ryu2mxai,2026-07-21T22:06:19Z,anpboost,in_context,2,rmse,0.1902056836915764,0.257039829078272,0.1796280598391224,0.2181526509819646,195.662930727005,0.1956048011779785,0.1752381324768066,3.433115975240225,42.0,,,,,,,0.0,0.0002780425090632,10.0,0.0105542692281163,1.0,20.0,8.0,255.0,-1.0,,
anpboost-in_context-protein-seed2,s0cufzxd,2026-07-21T22:49:19Z,anpboost,in_context,2,rmse,0.3310947617587312,0.3443339177490473,0.3221274053593546,0.3026178934133094,48.861106634140015,0.2073092460632324,0.1797778606414795,2.7107841539742528,4.0,,,,,,,0.2,2.9067203620664195e-05,5.0,0.1823458458254781,0.0,10.0,8.0,255.0,-1.0,,
anpboost-in_context-protein-seed2,vscwq1q3,2026-07-21T22:22:47Z,anpboost,in_context,2,rmse,0.1438246570813116,0.2574710591834357,0.1260344242800403,0.2208939567898418,450.44859862327576,0.1737229824066162,0.1787018775939941,3.4328073791004097,126.0,,,,,,,0.2,0.000956484407922,10.0,0.0109977032995056,0.0,100.0,4.0,255.0,-1.0,,
anpboost-in_context-protein-seed3,25mflu4v,2026-07-21T08:55:18Z,anpboost,in_context,3,rmse,0.1706238191717593,0.1980765926032085,0.1861595525974181,0.2504162918472916,238.3550219535828,0.3476922512054443,0.3411650657653808,3.4462478826082728,44.0,,,,,,,0.0,0.0002780425090632,10.0,0.0105542692281163,1.0,20.0,8.0,255.0,-1.0,,
anpboost-in_context-protein-seed3,5qlv33pr,2026-07-21T10:20:45Z,anpboost,in_context,3,rmse,0.220023371201359,0.1988653936909779,0.2341014715852638,0.2531377907226826,688.7298738956451,0.3372766971588135,0.3396742343902588,2.46720970021714,187.0,,,,,,,0.0,1.8406671834517417e-05,10.0,0.3476654204795515,0.0,20.0,8.0,255.0,-1.0,,
anpboost-in_context-protein-seed3,aqv8gbda,2026-07-21T11:27:17Z,anpboost,in_context,3,rmse,0.2172524920739363,0.1967619235859031,0.2316706255337917,0.2524916389899224,419.7585828304291,0.3243741989135742,0.3325893878936767,2.370362404353107,194.0,,,,,,,0.0,3.9184339457363744e-05,5.0,0.7978205565731539,1.0,100.0,16.0,255.0,-1.0,,
anpboost-in_context-protein-seed3,ar2f2xuq,2026-07-21T10:47:11Z,anpboost,in_context,3,rmse,0.1755618982614125,0.2118400995666189,0.1906435497961808,0.2581831805167466,327.40079379081726,0.3415126800537109,0.3515076637268066,3.444742547638676,75.0,,,,,,,0.2,0.0001496922341954,10.0,0.0831211929407696,1.0,1000.0,4.0,255.0,-1.0,,
anpboost-in_context-protein-seed3,ari0pfc5,2026-07-21T08:26:43Z,anpboost,in_context,3,rmse,0.1130195046135772,0.2011220951061553,0.1416725364711641,0.2578809315103497,602.459981918335,0.3222010135650635,0.3010518550872803,3.4806420823541866,156.0,,,,,,,0.0,0.0004548624208721,10.0,0.2953847324956156,0.0,20.0,4.0,255.0,-1.0,,
anpboost-in_context-protein-seed3,ax4rfg31,2026-07-21T08:13:17Z,anpboost,in_context,3,rmse,0.2926749252691502,0.2820312632986009,0.3062557127417588,0.3274076502437985,57.78624725341797,0.325258731842041,0.3323254585266113,1.729314371478219,7.0,,,,,,,0.2,1.090384328196852e-05,5.0,0.7717846862118062,0.0,20.0,4.0,255.0,-1.0,,
anpboost-in_context-protein-seed3,b0hh4syy,2026-07-21T10:09:45Z,anpboost,in_context,3,rmse,0.185949913716067,0.2206105811608744,0.1988916961988921,0.2587685899672523,652.8634207248688,0.3537788391113281,0.3462364673614502,4.241766001174814,171.0,,,,,,,0.2,5.4597054376998136e-05,10.0,0.1053508308667582,0.0,20.0,4.0,255.0,-1.0,,
anpboost-in_context-protein-seed3,bqf1agqz,2026-07-21T08:14:21Z,anpboost,in_context,3,rmse,0.1416181371602447,0.2033618122235942,0.1609382396791039,0.2562269900431204,566.0315537452698,0.3687412738800049,0.3537907600402832,3.515075927545648,142.0,,,,,,,0.2,0.0001381635682257,10.0,0.0261669745608544,1.0,20.0,8.0,255.0,-1.0,,
anpboost-in_context-protein-seed3,bt3e79cc,2026-07-21T08:59:22Z,anpboost,in_context,3,rmse,0.11468647747505,0.2012093341391127,0.1422070559724282,0.2574427627102784,645.0761466026306,0.3633205890655517,0.3663315773010254,3.444742547638676,79.0,,,,,,,0.2,0.0002563473332261,20.0,0.1427109105814198,1.0,1000.0,8.0,255.0,-1.0,,
anpboost-in_context-protein-seed3,cbi1scdb,2026-07-21T09:44:06Z,anpboost,in_context,3,rmse,0.2566004630165233,0.2857117614453326,0.2722231901481176,0.3359173004887215,1510.568336725235,0.3451943397521972,0.3433330059051513,4.5405872495542505,79.0,,,,,,,0.2,2.9067203620664195e-05,5.0,0.1823458458254781,0.0,10.0,8.0,255.0,-1.0,,
anpboost-in_context-protein-seed3,dvrutxkx,2026-07-21T10:52:52Z,anpboost,in_context,3,rmse,0.2484785604975364,0.2792821898911339,0.2625474564289797,0.3235726988465791,115.4976270198822,0.3566617965698242,0.3386647701263428,3.556275710225947,33.0,,,,,,,0.2,0.0001181285816262,5.0,0.0610030224551816,0.0,10.0,8.0,255.0,-1.0,,
anpboost-in_context-protein-seed3,g8qvoke3,2026-07-21T08:25:27Z,anpboost,in_context,3,rmse,0.3095793109322259,0.2946822113527189,0.3186484014531046,0.3244889489564641,70.31952118873596,0.3229713439941406,0.3042399883270263,2.916408814153083,10.0,,,,,,,0.2,1.343677338411072e-05,5.0,0.1113002415673063,1.0,10.0,4.0,255.0,-1.0,,
anpboost-in_context-protein-seed3,h4ec1zdg,2026-07-21T10:32:22Z,anpboost,in_context,3,rmse,0.222957823750034,0.2065894074544381,0.2342186638702499,0.2476426363679837,882.8230142593384,0.3610448837280273,0.3568408489227295,2.855817754508234,128.0,,,,,,,0.0,1.2904721633073898e-05,20.0,0.2325748079967941,0.0,100.0,8.0,255.0,-1.0,,
anpboost-in_context-protein-seed3,hwrglx0v,2026-07-21T10:54:53Z,anpboost,in_context,3,rmse,0.1567130238336968,0.203607738486785,0.1771010289208814,0.264171394978745,292.6697344779968,0.3535504341125488,0.3435521125793457,3.457973240356081,65.0,,,,,,,0.0,0.0002507518284371,10.0,0.0302023368339538,1.0,10.0,8.0,255.0,-1.0,,
anpboost-in_context-protein-seed3,jb3376in,2026-07-21T08:40:47Z,anpboost,in_context,3,rmse,0.215292249407087,0.203324980357975,0.2293321164227529,0.2560028443557988,157.13784742355347,0.3509426116943359,0.3478541374206543,3.444742547638676,51.0,,,,,,,0.0,0.0001721990923545,5.0,0.1380161223304589,0.0,1000.0,16.0,255.0,-1.0,,
anpboost-in_context-protein-seed3,jnwctcsc,2026-07-21T08:36:53Z,anpboost,in_context,3,rmse,0.1549887773467273,0.2098920306180526,0.1749160879580401,0.2656231705651411,226.5830957889557,0.3446049690246582,0.3484454154968261,3.605720695553439,42.0,,,,,,,0.0,0.0004242243954166,10.0,0.5800570688908553,1.0,20.0,4.0,255.0,-1.0,,
anpboost-in_context-protein-seed3,lhkv2olq,2026-07-21T09:10:40Z,anpboost,in_context,3,rmse,0.129886942873433,0.2010298202569932,0.1502724424887201,0.2505420272370576,397.8696777820587,0.382286787033081,0.3596305847167969,3.478652578501937,172.0,,,,,,,0.2,0.0003013710908533,5.0,0.0130634630331783,0.0,10.0,8.0,255.0,-1.0,,
anpboost-in_context-protein-seed3,m7rqtvvm,2026-07-21T11:07:33Z,anpboost,in_context,3,rmse,0.3019503085040049,0.305349402058322,0.3108307443014005,0.3334506729741281,69.23323726654053,0.3064429759979248,0.3014905452728271,3.23089796667591,11.0,,,,,,,0.2,1.5820851730418417e-05,5.0,0.0450196136386975,1.0,100.0,16.0,255.0,-1.0,,
anpboost-in_context-protein-seed3,nzh5nne8,2026-07-21T12:07:45Z,anpboost,in_context,3,rmse,0.2213838557333065,0.199319475038338,0.2349531991141183,0.2513579912220706,461.9136276245117,0.352748155593872,0.3561828136444092,2.954882909060668,210.0,,,,,,,0.0,3.1392574253118284e-05,5.0,0.1121865737283773,0.0,10.0,4.0,255.0,-1.0,,
anpboost-in_context-protein-seed3,p1as773g,2026-07-21T09:41:02Z,anpboost,in_context,3,rmse,0.1664753425412061,0.2818636098537349,0.1863002511267047,0.321331169929176,176.704487323761,0.3641088008880615,0.3606550693511963,3.454802597443405,63.0,,,,,,,0.2,0.0008392140711648,5.0,0.0107859712708854,0.0,10.0,8.0,255.0,-1.0,,
anpboost-in_context-protein-seed3,q0vcql3a,2026-07-21T08:43:40Z,anpboost,in_context,3,rmse,0.2256613741352998,0.1982350852830897,0.2400435936160204,0.2564164585356299,687.2148852348328,0.3756692409515381,0.3659460544586181,3.3983003635432403,88.0,,,,,,,0.0,1.5865500409725956e-05,20.0,0.019901994840577,0.0,100.0,4.0,255.0,-1.0,,
anpboost-in_context-protein-seed3,q6u9b3fr,2026-07-21T10:59:53Z,anpboost,in_context,3,rmse,0.1155976484876892,0.2042973117220044,0.1428547503640843,0.2586404036817857,428.23033452034,0.3579695224761963,0.3636445999145508,3.4476996247653378,106.0,,,,,,,0.2,0.0004276097878757,10.0,0.0133482983182945,0.0,100.0,4.0,255.0,-1.0,,
anpboost-in_context-protein-seed3,r3ska8ec,2026-07-21T11:25:24Z,anpboost,in_context,3,rmse,0.2594768909627137,0.2802113585602472,0.2742493459987308,0.32867554529899,103.658518075943,0.3369655609130859,0.3281688690185547,3.57573128770924,7.0,,,,,,,0.2,0.0001082971516786,10.0,0.2589103504433043,0.0,20.0,16.0,255.0,-1.0,,
anpboost-in_context-protein-seed3,sdl0k5fv,2026-07-21T08:23:53Z,anpboost,in_context,3,rmse,0.264882795486716,0.2789599720967601,0.2782496409133752,0.3231268954022437,88.15189981460571,0.3089406490325928,0.315018892288208,3.529069109751287,1.0,,,,,,,0.2,0.0004385170256085,10.0,0.8972612866432508,1.0,20.0,8.0,255.0,-1.0,,
anpboost-in_context-protein-seed3,sj0pe2hk,2026-07-21T09:26:18Z,anpboost,in_context,3,rmse,0.1120832223925441,0.1969263619445916,0.1385068627600055,0.253012610203074,653.5072679519653,0.3517451286315918,0.3333022594451904,3.4741301784708254,174.0,,,,,,,0.2,0.0002371245680478,10.0,0.0322020325894309,1.0,100.0,16.0,255.0,-1.0,,
anpboost-in_context-protein-seed3,soiw3zhu,2026-07-21T11:40:58Z,anpboost,in_context,3,rmse,0.1808879400379566,0.210689524534714,0.1957312062226937,0.2572683767785057,1600.9406485557556,0.3699965476989746,0.3621563911437988,3.444742547638676,242.0,,,,,,,0.2,2.017016316297149e-05,20.0,0.0582929613195039,1.0,1000.0,8.0,255.0,-1.0,,
anpboost-in_context-protein-seed3,vmkkrvj2,2026-07-21T09:17:25Z,anpboost,in_context,3,rmse,0.1182090945360137,0.211181918270306,0.1495070175011399,0.2686101612421523,526.804408788681,0.3634274005889892,0.351628303527832,3.4490311557657143,126.0,,,,,,,0.2,0.000956484407922,10.0,0.0109977032995056,0.0,100.0,4.0,255.0,-1.0,,
anpboost-in_context-protein-seed3,we3z9jl5,2026-07-21T11:08:49Z,anpboost,in_context,3,rmse,0.2081725755219675,0.1969671245520934,0.2224216527639781,0.2506643066653418,988.9961738586426,0.3516967296600342,0.3322010040283203,3.312090826661817,149.0,,,,,,,0.0,1.702035422361917e-05,20.0,0.0657821692431908,1.0,20.0,16.0,255.0,-1.0,,
anpboost-in_context-protein-seed3,y6qg8w1v,2026-07-21T11:34:23Z,anpboost,in_context,3,rmse,0.1915614031748489,0.1945680895237194,0.2061945553025302,0.2483688751404088,389.3552074432373,0.2772371768951416,0.2977781295776367,3.418893827834912,96.0,,,,,,,0.0,7.917412954846521e-05,10.0,0.1011064623519062,0.0,20.0,8.0,255.0,-1.0,,
anpboost-in_context-protein-seed3,y8icrbby,2026-07-21T08:06:18Z,anpboost,in_context,3,rmse,0.1251424796074525,0.2107031062850418,0.1450703684045878,0.2545479629527851,413.25135684013367,0.3620576858520508,0.3653051853179931,3.525547456650425,95.0,,,,,,,0.2,0.0003600091192911,10.0,0.083744968684368,0.0,100.0,16.0,255.0,-1.0,,
anpboost-in_context-protein-seed3,ybwf3jl4,2026-07-21T09:37:18Z,anpboost,in_context,3,rmse,0.2151513980240772,0.2039582711172707,0.2296039435090919,0.2579993191544192,211.4175055027008,0.3515694141387939,0.3515317440032959,3.465347555047909,40.0,,,,,,,0.0,0.0001083323625032,10.0,0.1351582698334605,0.0,100.0,8.0,255.0,-1.0,,
anpboost-in_context-protein-seed3,z6wmpo4t,2026-07-21T07:56:21Z,anpboost,in_context,3,rmse,0.1370147744953009,0.2045514413555737,0.1553441057637178,0.2515102798775077,586.3448932170868,0.3504819869995117,0.3606991767883301,3.533675360147296,68.0,,,,,,,0.2,0.0001605191133358,20.0,0.0750195444362012,1.0,20.0,4.0,255.0,-1.0,,
anpboost-in_context-protein-seed4,12kh77nw,2026-07-21T17:23:18Z,anpboost,in_context,4,rmse,0.3218776025007826,0.3108038806063459,0.3228294292808825,0.3074907009216869,56.58188509941101,0.3606014251708984,0.3436486721038818,2.699074367142168,4.0,,,,,,,0.2,2.9067203620664195e-05,5.0,0.1823458458254781,0.0,10.0,8.0,255.0,-1.0,,
anpboost-in_context-protein-seed4,1tjfv3az,2026-07-21T18:28:02Z,anpboost,in_context,4,rmse,0.235078844874578,0.2318690163077755,0.2383220154233926,0.2448183702296648,304.54143619537354,0.3577971458435058,0.3564484119415283,2.140095137553625,130.0,,,,,,,0.0,3.9184339457363744e-05,5.0,0.7978205565731539,1.0,100.0,16.0,255.0,-1.0,,
anpboost-in_context-protein-seed4,4pqg4014,2026-07-21T15:58:35Z,anpboost,in_context,4,rmse,0.1903396300737866,0.2283618566796005,0.1959464707856394,0.2467597432734502,320.86925983428955,0.3599710464477539,0.3424479961395263,3.5095078714713472,29.0,,,,,,,0.2,0.0001605191133358,20.0,0.0750195444362012,1.0,20.0,4.0,255.0,-1.0,,
anpboost-in_context-protein-seed4,5e2ruvtk,2026-07-21T17:15:27Z,anpboost,in_context,4,rmse,0.128744264928306,0.2319963587235252,0.137517360860047,0.2460594082039933,464.0151338577271,0.3706870079040527,0.355720043182373,3.4231636408370165,210.0,,,,,,,0.2,0.0008392140711648,5.0,0.0107859712708854,0.0,10.0,8.0,255.0,-1.0,,
anpboost-in_context-protein-seed4,6d71osno,2026-07-21T17:30:22Z,anpboost,in_context,4,rmse,0.244298110855581,0.2355411773555469,0.2474897298247972,0.2475419645372778,340.1807918548584,0.3706932067871094,0.3704376220703125,2.524326048045584,80.0,,,,,,,0.0,1.8406671834517417e-05,10.0,0.3476654204795515,0.0,20.0,8.0,255.0,-1.0,,
anpboost-in_context-protein-seed4,8veuqtlg,2026-07-21T16:28:35Z,anpboost,in_context,4,rmse,0.2226381069276391,0.2297386481762242,0.2279307003220614,0.2491753451897513,139.81856203079224,0.3846349716186523,0.3609585762023926,3.430096452357261,49.0,,,,,,,0.0,0.0001721990923545,5.0,0.1380161223304589,0.0,1000.0,16.0,255.0,-1.0,,
anpboost-in_context-protein-seed4,axqjr7fh,2026-07-21T16:40:24Z,anpboost,in_context,4,rmse,0.1678295401330609,0.2305192520718307,0.1770984470221223,0.2578760807360985,258.93719124794006,0.3176169395446777,0.3050475120544433,3.4281544220685496,56.0,,,,,,,0.0,0.0002780425090632,10.0,0.0105542692281163,1.0,20.0,8.0,255.0,-1.0,,
anpboost-in_context-protein-seed4,cpnelewy,2026-07-21T18:36:59Z,anpboost,in_context,4,rmse,0.2480198531200661,0.2667533575537562,0.2498948565758894,0.2693800065811152,403.94134402275085,0.3702552318572998,0.3581593036651611,3.430096452357261,42.0,,,,,,,0.2,2.017016316297149e-05,20.0,0.0582929613195039,1.0,1000.0,8.0,255.0,-1.0,,
anpboost-in_context-protein-seed4,ctj7rsme,2026-07-21T18:08:53Z,anpboost,in_context,4,rmse,0.3057403497994984,0.3216680954618217,0.3090166364397321,0.328685002884925,72.16897511482239,0.3189718723297119,0.3079805374145508,3.2110504765559336,11.0,,,,,,,0.2,1.5820851730418417e-05,5.0,0.0450196136386975,1.0,100.0,16.0,255.0,-1.0,,
anpboost-in_context-protein-seed4,d7lt0uxl,2026-07-21T16:57:47Z,anpboost,in_context,4,rmse,0.1539571210482394,0.2309393403741947,0.1603167430864394,0.2467865057715652,320.3334548473358,0.313594102859497,0.3099517822265625,3.475057737860736,134.0,,,,,,,0.2,0.0003013710908533,5.0,0.0130634630331783,0.0,10.0,8.0,255.0,-1.0,,
anpboost-in_context-protein-seed4,douop60z,2026-07-21T16:20:26Z,anpboost,in_context,4,rmse,0.3121917604984722,0.3050446355919503,0.3141931141710447,0.3069283711266047,70.10026907920837,0.3525164127349853,0.3517792224884033,2.890480932134276,10.0,,,,,,,0.2,1.343677338411072e-05,5.0,0.1113002415673063,1.0,10.0,4.0,255.0,-1.0,,
anpboost-in_context-protein-seed4,e84bfirs,2026-07-21T18:33:25Z,anpboost,in_context,4,rmse,0.2320905745237131,0.2316812543609146,0.2363156973277234,0.2490471956785832,199.5210227966309,0.3986499309539795,0.3873052597045898,3.335993065581249,37.0,,,,,,,0.0,7.917412954846521e-05,10.0,0.1011064623519062,0.0,20.0,8.0,255.0,-1.0,,
anpboost-in_context-protein-seed4,ezcn9ail,2026-07-21T16:31:01Z,anpboost,in_context,4,rmse,0.237327230101263,0.2275279624841365,0.2408232605831133,0.2416769464056925,556.5316514968872,0.363095760345459,0.3555002212524414,3.3880526632219508,68.0,,,,,,,0.0,1.5865500409725956e-05,20.0,0.019901994840577,0.0,100.0,4.0,255.0,-1.0,,
anpboost-in_context-protein-seed4,gcwldpfu,2026-07-21T17:52:36Z,anpboost,in_context,4,rmse,0.2544860706927469,0.3031278162330993,0.2552602415716191,0.2994466797459036,116.62143898010254,0.3686943054199219,0.3551483154296875,3.531782734909405,33.0,,,,,,,0.2,0.0001181285816262,5.0,0.0610030224551816,0.0,10.0,8.0,255.0,-1.0,,
anpboost-in_context-protein-seed4,kl7hglzn,2026-07-21T16:04:04Z,anpboost,in_context,4,rmse,0.1376021282182753,0.2336154705990962,0.1446318377185781,0.248405318793158,377.46306228637695,0.3333539962768554,0.3440840244293213,3.51440990420142,88.0,,,,,,,0.2,0.0003600091192911,10.0,0.083744968684368,0.0,100.0,16.0,255.0,-1.0,,
anpboost-in_context-protein-seed4,l9bjlla2,2026-07-21T17:36:24Z,anpboost,in_context,4,rmse,0.2428942424495045,0.2363055938946912,0.247425969884786,0.2553542285326678,530.5527274608612,0.2641761302947998,0.2642426490783691,2.8792411055479,65.0,,,,,,,0.0,1.2904721633073898e-05,20.0,0.2325748079967941,0.0,100.0,8.0,255.0,-1.0,,
anpboost-in_context-protein-seed4,mbvqsx0n,2026-07-21T17:55:19Z,anpboost,in_context,4,rmse,0.1661221108785489,0.226841245276882,0.1735163432795827,0.2485825701168579,282.0695235729217,0.3545625209808349,0.3562698364257812,3.4208160952445805,62.0,,,,,,,0.0,0.0002507518284371,10.0,0.0302023368339538,1.0,10.0,8.0,255.0,-1.0,,
anpboost-in_context-protein-seed4,n60a8ymp,2026-07-21T16:24:28Z,anpboost,in_context,4,rmse,0.1581107814137528,0.2364791914643744,0.1641976260142044,0.2515414594055636,240.70566129684448,0.3666315078735352,0.3430650234222412,3.0776747374605744,48.0,,,,,,,0.0,0.0004242243954166,10.0,0.5800570688908553,1.0,20.0,4.0,255.0,-1.0,,
anpboost-in_context-protein-seed4,o5kcuqy2,2026-07-21T17:24:21Z,anpboost,in_context,4,rmse,0.2205092931873707,0.2414007620804969,0.2236006467599902,0.2502976537861933,355.3372278213501,0.3583834171295166,0.3574066162109375,3.9017706246896906,84.0,,,,,,,0.2,5.4597054376998136e-05,10.0,0.1053508308667582,0.0,20.0,4.0,255.0,-1.0,,
anpboost-in_context-protein-seed4,p09smvox,2026-07-21T16:18:54Z,anpboost,in_context,4,rmse,0.2695478911183852,0.2986655160513645,0.2706333386358068,0.2964909083341087,85.87778663635254,0.3131728172302246,0.3139111995697021,3.511436958234697,1.0,,,,,,,0.2,0.0004385170256085,10.0,0.8972612866432508,1.0,20.0,8.0,255.0,-1.0,,
anpboost-in_context-protein-seed4,px90e8ns,2026-07-21T17:04:17Z,anpboost,in_context,4,rmse,0.177476723435033,0.3033551320255767,0.1795461103060519,0.3049680293209053,174.76486015319824,0.3701608180999756,0.3606817722320556,3.431879640540486,27.0,,,,,,,0.2,0.000956484407922,10.0,0.0109977032995056,0.0,100.0,4.0,255.0,-1.0,,
anpboost-in_context-protein-seed4,qe8ltsey,2026-07-21T18:00:25Z,anpboost,in_context,4,rmse,0.1261870055248513,0.2272244716965649,0.1354319276710005,0.2423814079622182,500.6153383255005,0.3817939758300781,0.3556568622589111,3.43737208920974,126.0,,,,,,,0.2,0.0004276097878757,10.0,0.0133482983182945,0.0,100.0,4.0,255.0,-1.0,,
anpboost-in_context-protein-seed4,rj0y86he,2026-07-21T16:44:50Z,anpboost,in_context,4,rmse,0.124561555709573,0.2251663270869205,0.1424413674384459,0.2619567528520333,770.6313579082489,0.3685600757598877,0.3618476390838623,3.430096452357261,103.0,,,,,,,0.2,0.0002563473332261,20.0,0.1427109105814198,1.0,1000.0,8.0,255.0,-1.0,,
anpboost-in_context-protein-seed4,ry181xdc,2026-07-21T16:11:30Z,anpboost,in_context,4,rmse,0.1687617218868242,0.2326150355757892,0.1772439870269456,0.2581404420004672,438.02205419540405,0.3410069942474365,0.3421406745910644,3.526817037130597,104.0,,,,,,,0.2,0.0001381635682257,10.0,0.0261669745608544,1.0,20.0,8.0,255.0,-1.0,,
anpboost-in_context-protein-seed4,sb5270ha,2026-07-21T18:11:04Z,anpboost,in_context,4,rmse,0.2214328885493793,0.2300091881473174,0.2254473656312098,0.2455845593801399,895.8641338348389,0.355130672454834,0.3519394397735595,3.2842362088411834,128.0,,,,,,,0.0,1.702035422361917e-05,20.0,0.0657821692431908,1.0,20.0,16.0,255.0,-1.0,,
anpboost-in_context-protein-seed4,sc1d0axg,2026-07-21T17:07:18Z,anpboost,in_context,4,rmse,0.1770160954173018,0.2339322038037881,0.1835886858896926,0.2541980309683478,261.86860847473145,0.3789069652557373,0.3519389629364013,3.483032115388551,54.0,,,,,,,0.2,0.0002371245680478,10.0,0.0322020325894309,1.0,100.0,16.0,255.0,-1.0,,
anpboost-in_context-protein-seed4,vbewr1ja,2026-07-21T17:46:06Z,anpboost,in_context,4,rmse,0.1788155259986372,0.2344534028073906,0.1881841832337063,0.2634973142389552,351.5766570568085,0.2967817783355713,0.3008620738983154,3.430096452357261,81.0,,,,,,,0.2,0.0001496922341954,10.0,0.0831211929407696,1.0,1000.0,4.0,255.0,-1.0,,
anpboost-in_context-protein-seed4,vr1rm3r5,2026-07-21T18:26:06Z,anpboost,in_context,4,rmse,0.2654096224582153,0.3044723756209514,0.2662800047871128,0.3009064590807396,109.99839973449708,0.361281156539917,0.356236457824707,3.5440034134811755,7.0,,,,,,,0.2,0.0001082971516786,10.0,0.2589103504433043,0.0,20.0,16.0,255.0,-1.0,,
anpboost-in_context-protein-seed4,wi242lss,2026-07-21T18:44:05Z,anpboost,in_context,4,rmse,0.2558205900291947,0.2580445984740231,0.2585906450756751,0.2674409872671742,136.7002890110016,0.3640189170837402,0.376286268234253,2.9149267125303178,45.0,,,,,,,0.0,3.1392574253118284e-05,5.0,0.1121865737283773,0.0,10.0,4.0,255.0,-1.0,,
anpboost-in_context-protein-seed4,wkdyb7n0,2026-07-21T16:21:42Z,anpboost,in_context,4,rmse,0.1881513329748493,0.2311789747264453,0.1917537330335025,0.2421348728421729,158.500657081604,0.3682186603546142,0.3653485774993897,3.296767655442283,24.0,,,,,,,0.0,0.0004548624208721,10.0,0.2953847324956156,0.0,20.0,4.0,255.0,-1.0,,
anpboost-in_context-protein-seed4,wov5hat9,2026-07-21T16:10:27Z,anpboost,in_context,4,rmse,0.3333928975494066,0.3053969610113958,0.3340751435283169,0.3005709703556723,56.36913013458252,0.3430390357971191,0.3478991985321045,1.232720169271405,3.0,,,,,,,0.2,1.090384328196852e-05,5.0,0.7717846862118062,0.0,20.0,4.0,255.0,-1.0,,
anpboost-in_context-protein-seed4,y1mc5tc3,2026-07-21T17:11:47Z,anpboost,in_context,4,rmse,0.2202343159851712,0.2279417270630878,0.2237679684203676,0.2398413851597725,212.09122681617737,0.3655130863189697,0.3580880165100097,3.3654570640853056,41.0,,,,,,,0.0,0.0001083323625032,10.0,0.1351582698334605,0.0,100.0,8.0,255.0,-1.0,,
anpboost-few_shot-protein-seed0,0ez8a9kx,2026-07-21T14:15:25Z,anpboost,few_shot,0,rmse,0.2673909464021669,0.3013391684767785,0.274949862406804,0.3203593997593834,82.30620861053467,0.117889404296875,0.1106879711151123,3.475834437573729,6.0,,,,,,,0.2,0.0001082971516786,10.0,0.2589103504433043,0.0,20.0,16.0,255.0,-1.0,,
anpboost-few_shot-protein-seed0,114oxtuz,2026-07-21T12:33:19Z,anpboost,few_shot,0,rmse,0.1853233836863162,0.2089857276656419,0.197617463576488,0.2514524924599156,326.8847303390503,0.1050076484680175,0.1041972637176513,3.569967824498391,44.0,,,,,,,0.2,0.0001605191133358,20.0,0.0750195444362012,1.0,20.0,4.0,255.0,-1.0,,
anpboost-few_shot-protein-seed0,2i42q9fa,2026-07-21T14:20:30Z,anpboost,few_shot,0,rmse,0.1790370223295949,0.2018677899037209,0.1940971742837857,0.2509752922743291,566.5060522556305,0.112358808517456,0.1051368713378906,3.3248229127773907,198.0,,,,,,,0.0,7.917412954846521e-05,10.0,0.1011064623519062,0.0,20.0,8.0,255.0,-1.0,,
anpboost-few_shot-protein-seed0,3nx5251f,2026-07-21T12:40:15Z,anpboost,few_shot,0,rmse,0.3419436677528994,0.3204931383408105,0.3445873932960706,0.3214057362006329,45.06546425819397,0.1062729358673095,0.103356122970581,1.1108748111726798,3.0,,,,,,,0.2,1.090384328196852e-05,5.0,0.7717846862118062,0.0,20.0,4.0,255.0,-1.0,,
anpboost-few_shot-protein-seed0,5qh3trad,2026-07-21T12:57:13Z,anpboost,few_shot,0,rmse,0.2369593355777489,0.2123983738767761,0.2482421306463388,0.260553546172263,502.2727255821228,0.1065912246704101,0.1048049926757812,3.358761353829176,85.0,,,,,,,0.0,1.5865500409725956e-05,20.0,0.019901994840577,0.0,100.0,4.0,255.0,-1.0,,
anpboost-few_shot-protein-seed0,6e974n85,2026-07-21T13:21:06Z,anpboost,few_shot,0,rmse,0.2322984794630621,0.2128795919783725,0.2456480279946938,0.2684762214608395,151.3239929676056,0.1191647052764892,0.1126372814178466,3.440425341150129,33.0,,,,,,,0.0,0.0001083323625032,10.0,0.1351582698334605,0.0,100.0,8.0,255.0,-1.0,,
anpboost-few_shot-protein-seed0,75bjybb4,2026-07-21T14:53:17Z,anpboost,few_shot,0,rmse,0.271096306125613,0.2937182059510736,0.2792396285595038,0.3180964304545779,57.798850297927856,0.1207392215728759,0.1022830009460449,2.8047574298098312,13.0,,,,,,,0.0,3.1392574253118284e-05,5.0,0.1121865737283773,0.0,10.0,4.0,255.0,-1.0,,
anpboost-few_shot-protein-seed0,882m9w69,2026-07-21T13:23:59Z,anpboost,few_shot,0,rmse,0.1156037654319818,0.2006499795863015,0.1408271590868632,0.2477456420632345,296.24953532218933,0.1034858226776123,0.0909860134124756,3.449792104815067,182.0,,,,,,,0.2,0.0008392140711648,5.0,0.0107859712708854,0.0,10.0,8.0,255.0,-1.0,,
anpboost-few_shot-protein-seed0,8h32i0zs,2026-07-21T13:56:43Z,anpboost,few_shot,0,rmse,0.261670695604199,0.2913392770328664,0.2708484606865124,0.3181219203934852,68.92525267601013,0.0984294414520263,0.0973908901214599,3.4600653730143933,19.0,,,,,,,0.2,0.0001181285816262,5.0,0.0610030224551816,0.0,10.0,8.0,255.0,-1.0,,
anpboost-few_shot-protein-seed0,8wn7z7ah,2026-07-21T14:06:54Z,anpboost,few_shot,0,rmse,0.2361689292601425,0.2149139239218521,0.2449485506766881,0.2516595821661196,505.4790949821472,0.1077218055725097,0.0975737571716308,3.260192825843188,85.0,,,,,,,0.0,1.702035422361917e-05,20.0,0.0657821692431908,1.0,20.0,16.0,255.0,-1.0,,
anpboost-few_shot-protein-seed0,8xbd4ai8,2026-07-21T12:41:05Z,anpboost,few_shot,0,rmse,0.188108379823448,0.2122152402099862,0.2012834411401015,0.2569047014422712,310.5403256416321,0.1125204563140869,0.1024420261383056,3.551100363363163,97.0,,,,,,,0.2,0.0001381635682257,10.0,0.0261669745608544,1.0,20.0,8.0,255.0,-1.0,,
anpboost-few_shot-protein-seed0,9jvrn55j,2026-07-21T13:39:29Z,anpboost,few_shot,0,rmse,0.2387975175885388,0.2317313219978684,0.2496501268484653,0.27450081584893,616.8259291648865,0.1074848175048828,0.1028518676757812,2.604176683724331,114.0,,,,,,,0.0,1.2904721633073898e-05,20.0,0.2325748079967941,0.0,100.0,8.0,255.0,-1.0,,
anpboost-few_shot-protein-seed0,an93t0hm,2026-07-21T12:48:38Z,anpboost,few_shot,0,rmse,0.1665807614361282,0.2179430389313167,0.179042249917984,0.2544388585285547,194.27621173858645,0.1161613464355468,0.1082592010498046,3.7095059817077662,51.0,,,,,,,0.0,0.0004548624208721,10.0,0.2953847324956156,0.0,20.0,4.0,255.0,-1.0,,
anpboost-few_shot-protein-seed0,ckpfe0ui,2026-07-21T14:17:09Z,anpboost,few_shot,0,rmse,0.2455693648679413,0.2329282357982624,0.258127518189259,0.2824700665759665,170.044606924057,0.0884754657745361,0.1067674160003662,1.2199785559020246,91.0,,,,,,,0.0,3.9184339457363744e-05,5.0,0.7978205565731539,1.0,100.0,16.0,255.0,-1.0,,
anpboost-few_shot-protein-seed0,cl9i87hn,2026-07-21T12:47:36Z,anpboost,few_shot,0,rmse,0.3143877173862318,0.2941299964508435,0.3227838659897828,0.3227806058781253,56.12288594245911,0.1133697032928466,0.1082894802093506,2.3587742616781724,10.0,,,,,,,0.2,1.343677338411072e-05,5.0,0.1113002415673063,1.0,10.0,4.0,255.0,-1.0,,
anpboost-few_shot-protein-seed0,d8lxyaal,2026-07-21T13:05:53Z,anpboost,few_shot,0,rmse,0.1913545157787573,0.2014678890288892,0.2102613433813437,0.2691417772318715,176.3019256591797,0.1182992458343506,0.1080234050750732,3.426021841699354,46.0,,,,,,,0.0,0.0002780425090632,10.0,0.0105542692281163,1.0,20.0,8.0,255.0,-1.0,,
anpboost-few_shot-protein-seed0,dyoqczv8,2026-07-21T13:49:51Z,anpboost,few_shot,0,rmse,0.1633622776852907,0.1939933279088165,0.1887243909713549,0.2739866683875569,406.2392315864563,0.0992512702941894,0.0942153930664062,3.402152710519243,134.0,,,,,,,0.2,0.0001496922341954,10.0,0.0831211929407696,1.0,1000.0,4.0,255.0,-1.0,,
anpboost-few_shot-protein-seed0,gsbos1el,2026-07-21T12:51:57Z,anpboost,few_shot,0,rmse,0.1820277136607762,0.2196506755472688,0.1917368784928933,0.2494005879095295,160.986718416214,0.0996296405792236,0.0986509323120117,3.635567205167827,41.0,,,,,,,0.0,0.0004242243954166,10.0,0.5800570688908553,1.0,20.0,4.0,255.0,-1.0,,
anpboost-few_shot-protein-seed0,hl95w1co,2026-07-21T13:29:00Z,anpboost,few_shot,0,rmse,0.3079118876561631,0.2939587425125312,0.3163151236680838,0.3220578743115657,47.72929906845093,0.1117758750915527,0.1030812263488769,2.5441229307087365,6.0,,,,,,,0.2,2.9067203620664195e-05,5.0,0.1823458458254781,0.0,10.0,8.0,255.0,-1.0,,
anpboost-few_shot-protein-seed0,jn35323m,2026-07-21T13:08:55Z,anpboost,few_shot,0,rmse,0.1470293424425334,0.1910224676954597,0.1687376751349522,0.2550887609218885,362.130925655365,0.1147854328155517,0.1049747467041015,3.402152710519243,53.0,,,,,,,0.2,0.0002563473332261,20.0,0.1427109105814198,1.0,1000.0,8.0,255.0,-1.0,,
anpboost-few_shot-protein-seed0,jz6av01u,2026-07-21T13:31:52Z,anpboost,few_shot,0,rmse,0.2355280566389543,0.2111897136460351,0.2440578998663486,0.2471353523863631,452.13256669044495,0.120967149734497,0.1113553047180175,1.9821519307764643,155.0,,,,,,,0.0,1.8406671834517417e-05,10.0,0.3476654204795515,0.0,20.0,8.0,255.0,-1.0,,
anpboost-few_shot-protein-seed0,mkxilq9e,2026-07-21T14:00:29Z,anpboost,few_shot,0,rmse,0.1429645118922212,0.206991249937286,0.1635364148861322,0.2589387948788307,274.4292221069336,0.0781881809234619,0.096318244934082,3.4598131410235853,78.0,,,,,,,0.2,0.0004276097878757,10.0,0.0133482983182945,0.0,100.0,4.0,255.0,-1.0,,
anpboost-few_shot-protein-seed0,o6fnnzfp,2026-07-21T13:15:32Z,anpboost,few_shot,0,rmse,0.2420118664302965,0.2865267291946504,0.2561881053142058,0.3320805344477813,87.69914507865906,0.1079750061035156,0.1041042804718017,3.443896960244076,31.0,,,,,,,0.2,0.0003013710908533,5.0,0.0130634630331783,0.0,10.0,8.0,255.0,-1.0,,
anpboost-few_shot-protein-seed0,o9ph8nm9,2026-07-21T12:38:51Z,anpboost,few_shot,0,rmse,0.2624434250114608,0.2998062965717853,0.2759014490323189,0.343146813861548,78.92089915275574,0.1043934822082519,0.1085312366485595,3.446303232791226,4.0,,,,,,,0.2,0.0003600091192911,10.0,0.083744968684368,0.0,100.0,16.0,255.0,-1.0,,
anpboost-few_shot-protein-seed0,oxf8ge6r,2026-07-21T12:46:20Z,anpboost,few_shot,0,rmse,0.2737784463993824,0.301019894066276,0.2805597048539381,0.318714346187497,71.46036195755005,0.1033828258514404,0.1156537532806396,3.5782038135978373,1.0,,,,,,,0.2,0.0004385170256085,10.0,0.8972612866432508,1.0,20.0,8.0,255.0,-1.0,,
anpboost-few_shot-protein-seed0,qydh9g6u,2026-07-21T13:19:20Z,anpboost,few_shot,0,rmse,0.2614837893604362,0.2956405251840031,0.2765618929496178,0.3467522838840492,76.40135955810547,0.1065754890441894,0.1022343635559082,3.430148700912242,6.0,,,,,,,0.2,0.0002371245680478,10.0,0.0322020325894309,1.0,100.0,16.0,255.0,-1.0,,
anpboost-few_shot-protein-seed0,r3q3scl9,2026-07-21T12:54:44Z,anpboost,few_shot,0,rmse,0.2177095282686888,0.198646411706614,0.2338511332487448,0.2668975218598024,143.6548306941986,0.111335277557373,0.1122844219207763,3.402152710519243,70.0,,,,,,,0.0,0.0001721990923545,5.0,0.1380161223304589,0.0,1000.0,16.0,255.0,-1.0,,
anpboost-few_shot-protein-seed0,sv7y0nna,2026-07-21T14:05:09Z,anpboost,few_shot,0,rmse,0.3060675276456958,0.3034630317395991,0.3165142597296299,0.3407815753349547,56.43914556503296,0.1133384704589843,0.1074810028076172,2.865011210033325,13.0,,,,,,,0.2,1.5820851730418417e-05,5.0,0.0450196136386975,1.0,100.0,16.0,255.0,-1.0,,
anpboost-few_shot-protein-seed0,uskilw5x,2026-07-21T14:30:01Z,anpboost,few_shot,0,rmse,0.1946674089362151,0.1967612526942175,0.2134007001534486,0.269033812152742,1355.527586936951,0.1051263809204101,0.0910320281982422,3.402152710519243,264.0,,,,,,,0.2,2.017016316297149e-05,20.0,0.0582929613195039,1.0,1000.0,8.0,255.0,-1.0,,
anpboost-few_shot-protein-seed0,y2f9spzs,2026-07-21T13:29:52Z,anpboost,few_shot,0,rmse,0.2630704389001331,0.2969359538583417,0.2703877687454223,0.3153707330287008,114.33946776390076,0.1081912517547607,0.1018567085266113,3.514611252648097,19.0,,,,,,,0.2,5.4597054376998136e-05,10.0,0.1053508308667582,0.0,20.0,4.0,255.0,-1.0,,
anpboost-few_shot-protein-seed0,ycctz25b,2026-07-21T13:57:59Z,anpboost,few_shot,0,rmse,0.2085263180906755,0.1979088549338254,0.225574710430243,0.2664931603268059,143.45210480690002,0.0905239582061767,0.0871260166168212,3.442952981586337,33.0,,,,,,,0.0,0.0002507518284371,10.0,0.0302023368339538,1.0,10.0,8.0,255.0,-1.0,,
anpboost-few_shot-protein-seed0,zp9lumz9,2026-07-21T13:17:05Z,anpboost,few_shot,0,rmse,0.176757753765496,0.2666125102788998,0.1969811014640025,0.3150336163665184,128.47456216812134,0.1140646934509277,0.1053714752197265,3.42659609621995,26.0,,,,,,,0.2,0.000956484407922,10.0,0.0109977032995056,0.0,100.0,4.0,255.0,-1.0,,
anpboost-few_shot-protein-seed1,0b99ylzm,2026-07-21T18:57:32Z,anpboost,few_shot,1,rmse,0.2314385884291642,0.2432049417143016,0.2314984574413939,0.2353102682006377,894.6205296516418,0.1194491386413574,0.0991642475128173,3.339027536543311,154.0,,,,,,,0.0,1.5865500409725956e-05,20.0,0.019901994840577,0.0,100.0,4.0,255.0,-1.0,,
anpboost-few_shot-protein-seed1,0dxrhabf,2026-07-21T20:47:19Z,anpboost,few_shot,1,rmse,0.2552705261257145,0.2859545707148495,0.2489901085027912,0.2468819678239743,185.4307632446289,0.0890202522277832,0.0746407508850097,1.2620336475719705,104.0,,,,,,,0.0,3.9184339457363744e-05,5.0,0.7978205565731539,1.0,100.0,16.0,255.0,-1.0,,
anpboost-few_shot-protein-seed1,0qq9lvnp,2026-07-21T19:48:28Z,anpboost,few_shot,1,rmse,0.1558362599853035,0.2701952874363433,0.1489192551414438,0.2531597955311394,230.09665513038635,0.1104164123535156,0.0953338146209716,3.441286913223049,125.0,,,,,,,0.2,0.0008392140711648,5.0,0.0107859712708854,0.0,10.0,8.0,255.0,-1.0,,
anpboost-few_shot-protein-seed1,19es7sl4,2026-07-21T19:53:16Z,anpboost,few_shot,1,rmse,0.2681663986686226,0.3193648552025541,0.2644371554355493,0.2963450631184786,135.13495111465454,0.1099133491516113,0.0954833030700683,3.514351566110744,23.0,,,,,,,0.2,5.4597054376998136e-05,10.0,0.1053508308667582,0.0,20.0,4.0,255.0,-1.0,,
anpboost-few_shot-protein-seed1,2xiw3gbx,2026-07-21T18:43:50Z,anpboost,few_shot,1,rmse,0.1955679546702992,0.2633967461749396,0.1876700636524482,0.2277983903590576,166.51910257339478,0.0933825969696044,0.0879843235015869,3.439224142708611,37.0,,,,,,,0.0,0.0004548624208721,10.0,0.2953847324956156,0.0,20.0,4.0,255.0,-1.0,,
anpboost-few_shot-protein-seed1,422ysrt2,2026-07-21T20:11:47Z,anpboost,few_shot,1,rmse,0.1720436019497317,0.2464936823722592,0.1712468230484316,0.2383715222216475,468.26274490356445,0.1033644676208496,0.0856812000274658,3.4004659285851595,148.0,,,,,,,0.2,0.0001496922341954,10.0,0.0831211929407696,1.0,1000.0,4.0,255.0,-1.0,,
anpboost-few_shot-protein-seed1,48m4yais,2026-07-21T20:19:40Z,anpboost,few_shot,1,rmse,0.2547319585626775,0.3160729874454617,0.2493348345660523,0.2873782416048878,126.64337539672852,0.1011319160461425,0.0931212902069091,3.592439047746136,61.0,,,,,,,0.2,0.0001181285816262,5.0,0.0610030224551816,0.0,10.0,8.0,255.0,-1.0,,
anpboost-few_shot-protein-seed1,4byc42t7,2026-07-21T19:31:43Z,anpboost,few_shot,1,rmse,0.1421098475689654,0.250251372199692,0.1467015791259356,0.2555460488695237,261.06303453445435,0.1241505146026611,0.0871365070343017,3.423706610554625,70.0,,,,,,,0.2,0.000956484407922,10.0,0.0109977032995056,0.0,100.0,4.0,255.0,-1.0,,
anpboost-few_shot-protein-seed1,4v7nsdhl,2026-07-21T19:17:35Z,anpboost,few_shot,1,rmse,0.1445056516807396,0.2478546934999491,0.1463572858964036,0.2449754016072045,544.1934750080109,0.0997223854064941,0.0892777442932128,3.4004659285851595,83.0,,,,,,,0.2,0.0002563473332261,20.0,0.1427109105814198,1.0,1000.0,8.0,255.0,-1.0,,
anpboost-few_shot-protein-seed1,8htzurtz,2026-07-21T18:32:09Z,anpboost,few_shot,1,rmse,0.2407185339427494,0.3377121452668483,0.230759583863636,0.3005711699496045,137.03877711296082,0.1210677623748779,0.1035313606262207,3.532261501760701,24.0,,,,,,,0.2,0.0003600091192911,10.0,0.083744968684368,0.0,100.0,16.0,255.0,-1.0,,
anpboost-few_shot-protein-seed1,apofugmh,2026-07-21T20:21:51Z,anpboost,few_shot,1,rmse,0.169582975494278,0.2379923083631676,0.1696872743184134,0.2317150667009035,303.33456230163574,0.095529556274414,0.1001317501068115,3.4296140802751025,91.0,,,,,,,0.0,0.0002507518284371,10.0,0.0302023368339538,1.0,10.0,8.0,255.0,-1.0,,
anpboost-few_shot-protein-seed1,c2ypur2r,2026-07-21T20:45:44Z,anpboost,few_shot,1,rmse,0.2688231593245393,0.319154653306303,0.2643916126865668,0.2925156068669042,90.14910793304443,0.072556734085083,0.0674011707305908,3.5697065164509376,11.0,,,,,,,0.2,0.0001082971516786,10.0,0.2589103504433043,0.0,20.0,16.0,255.0,-1.0,,
anpboost-few_shot-protein-seed1,d82ews7f,2026-07-21T18:42:43Z,anpboost,few_shot,1,rmse,0.3210878105430336,0.3166261267048404,0.3177941229519428,0.2906143510086336,59.19062232971192,0.1117391586303711,0.0929765701293945,2.613299452946443,12.0,,,,,,,0.2,1.343677338411072e-05,5.0,0.1113002415673063,1.0,10.0,4.0,255.0,-1.0,,
anpboost-few_shot-protein-seed1,ehibtvko,2026-07-21T20:27:11Z,anpboost,few_shot,1,rmse,0.1590863391235991,0.2473539395174624,0.1591051600923474,0.2435159398454725,260.39877009391785,0.1112592220306396,0.0947983264923095,3.4492857319562464,75.0,,,,,,,0.2,0.0004276097878757,10.0,0.0133482983182945,0.0,100.0,4.0,255.0,-1.0,,
anpboost-few_shot-protein-seed1,entwwfg3,2026-07-21T18:41:16Z,anpboost,few_shot,1,rmse,0.2683077467071426,0.31708081754274,0.2637482617525446,0.2894800463041429,79.2862560749054,0.1253964900970459,0.1036691665649414,3.61781096217368,3.0,,,,,,,0.2,0.0004385170256085,10.0,0.8972612866432508,1.0,20.0,8.0,255.0,-1.0,,
anpboost-few_shot-protein-seed1,eww7eghu,2026-07-21T18:35:30Z,anpboost,few_shot,1,rmse,0.2017315901242769,0.2649160474213762,0.1959145189131666,0.2377543601314643,339.0578317642212,0.130763292312622,0.1031150817871093,3.5331140717421574,97.0,,,,,,,0.2,0.0001381635682257,10.0,0.0261669745608544,1.0,20.0,8.0,255.0,-1.0,,
anpboost-few_shot-protein-seed1,g4fi4o4r,2026-07-21T19:26:48Z,anpboost,few_shot,1,rmse,0.1725759481216644,0.2570798717278255,0.170748023378769,0.245177907588037,287.2894585132599,0.1024587154388427,0.0920608043670654,3.481422071250248,161.0,,,,,,,0.2,0.0003013710908533,5.0,0.0130634630331783,0.0,10.0,8.0,255.0,-1.0,,
anpboost-few_shot-protein-seed1,gq93yvrb,2026-07-21T21:08:14Z,anpboost,few_shot,1,rmse,0.2464061233547184,0.2576926032524168,0.2429170256493075,0.2283812048253557,253.3026831150055,0.0627863407135009,0.0549025535583496,2.6867405785579783,156.0,,,,,,,0.0,3.1392574253118284e-05,5.0,0.1121865737283773,0.0,10.0,4.0,255.0,-1.0,,
anpboost-few_shot-protein-seed1,hte5exr0,2026-07-21T18:52:10Z,anpboost,few_shot,1,rmse,0.1943761310377321,0.2320524211898173,0.1983273909395973,0.2413283247979661,283.66540932655334,0.1019282341003418,0.0892555713653564,3.4004659285851595,156.0,,,,,,,0.0,0.0001721990923545,5.0,0.1380161223304589,0.0,1000.0,16.0,255.0,-1.0,,
anpboost-few_shot-protein-seed1,j728mx5t,2026-07-21T18:23:37Z,anpboost,few_shot,1,rmse,0.1675751517702649,0.2407743953399455,0.166639326402805,0.2327273917115914,498.8884305953979,0.1274962425231933,0.1065764427185058,3.6023310666805486,73.0,,,,,,,0.2,0.0001605191133358,20.0,0.0750195444362012,1.0,20.0,4.0,255.0,-1.0,,
anpboost-few_shot-protein-seed1,k3h6quks,2026-07-21T18:46:44Z,anpboost,few_shot,1,rmse,0.1522564221095372,0.2479125815676257,0.1454034611682763,0.2253759800552276,321.2413721084595,0.1020727157592773,0.0911171436309814,3.635875772941303,92.0,,,,,,,0.0,0.0004242243954166,10.0,0.5800570688908553,1.0,20.0,4.0,255.0,-1.0,,
anpboost-few_shot-protein-seed1,l4u2pcni,2026-07-21T19:52:24Z,anpboost,few_shot,1,rmse,0.3314556508631139,0.3279381752735458,0.3277190067624085,0.2961223072442812,46.248586654663086,0.1066272258758544,0.0931274890899658,2.497778910381052,5.0,,,,,,,0.2,2.9067203620664195e-05,5.0,0.1823458458254781,0.0,10.0,8.0,255.0,-1.0,,
anpboost-few_shot-protein-seed1,maqmpp8n,2026-07-21T18:34:31Z,anpboost,few_shot,1,rmse,0.319183676392882,0.3188800108627024,0.3152167237044981,0.2891968712947081,50.06204390525818,0.1167199611663818,0.1093251705169677,1.2704408090131372,6.0,,,,,,,0.2,1.090384328196852e-05,5.0,0.7717846862118062,0.0,20.0,4.0,255.0,-1.0,,
anpboost-few_shot-protein-seed1,mvayrh7r,2026-07-21T20:57:18Z,anpboost,few_shot,1,rmse,0.2405229023286512,0.2697714463172418,0.2427774755746726,0.2696211627284397,596.47465467453,0.0957496166229248,0.0730209350585937,3.4004659285851595,100.0,,,,,,,0.2,2.017016316297149e-05,20.0,0.0582929613195039,1.0,1000.0,8.0,255.0,-1.0,,
anpboost-few_shot-protein-seed1,nlr5mivo,2026-07-21T20:50:39Z,anpboost,few_shot,1,rmse,0.2121053875743092,0.2488561535464194,0.2078291033738411,0.2208714729150507,364.893404006958,0.0856518745422363,0.0652570724487304,3.282741920599091,121.0,,,,,,,0.0,7.917412954846521e-05,10.0,0.1011064623519062,0.0,20.0,8.0,255.0,-1.0,,
anpboost-few_shot-protein-seed1,q2rndvj6,2026-07-21T19:41:22Z,anpboost,few_shot,1,rmse,0.1953446031450391,0.2436210033676054,0.1962717755528904,0.240964483333954,420.7925198078155,0.1026725769042968,0.0875027179718017,3.329437477259248,129.0,,,,,,,0.0,0.0001083323625032,10.0,0.1351582698334605,0.0,100.0,8.0,255.0,-1.0,,
anpboost-few_shot-protein-seed1,sjka6mcj,2026-07-21T19:36:15Z,anpboost,few_shot,1,rmse,0.1825163597827191,0.2583918136642602,0.1779745865188189,0.2383724775814329,301.2316882610321,0.1070330142974853,0.0918745994567871,3.5452853063861727,84.0,,,,,,,0.2,0.0002371245680478,10.0,0.0322020325894309,1.0,100.0,16.0,255.0,-1.0,,
anpboost-few_shot-protein-seed1,uhek3dn6,2026-07-21T19:55:35Z,anpboost,few_shot,1,rmse,0.265518311854009,0.2913135419407957,0.2605195109476179,0.2557221905847686,149.67429542541504,0.0910723209381103,0.080751895904541,2.16305758834911,30.0,,,,,,,0.0,1.8406671834517417e-05,10.0,0.3476654204795515,0.0,20.0,8.0,255.0,-1.0,,
anpboost-few_shot-protein-seed1,x3sqm0kh,2026-07-21T19:58:10Z,anpboost,few_shot,1,rmse,0.2445216762436019,0.2754678037323271,0.2382413684921776,0.2376385530066187,811.9364440441132,0.083651065826416,0.0685546398162841,2.6254369850543022,140.0,,,,,,,0.0,1.2904721633073898e-05,20.0,0.2325748079967941,0.0,100.0,8.0,255.0,-1.0,,
anpboost-few_shot-protein-seed1,xws2r3kw,2026-07-21T19:12:34Z,anpboost,few_shot,1,rmse,0.1689881919980883,0.2383269187791455,0.1714396204724408,0.2388798184593288,295.9344747066498,0.1120262145996093,0.1045289039611816,3.4274804981944342,84.0,,,,,,,0.0,0.0002780425090632,10.0,0.0105542692281163,1.0,20.0,8.0,255.0,-1.0,,
anpboost-few_shot-protein-seed1,zaglp11y,2026-07-21T20:32:50Z,anpboost,few_shot,1,rmse,0.2333644728560547,0.2493526496124861,0.2305618676563237,0.2233503100710708,767.4613618850708,0.0833880901336669,0.0690279006958007,3.1986504854624607,135.0,,,,,,,0.0,1.702035422361917e-05,20.0,0.0657821692431908,1.0,20.0,16.0,255.0,-1.0,,
anpboost-few_shot-protein-seed1,zhr3wohn,2026-07-21T20:31:45Z,anpboost,few_shot,1,rmse,0.315397220058041,0.3364858728532949,0.3124841635659237,0.3113372206488869,58.96373534202576,0.101346731185913,0.0778803825378418,3.030954475594378,14.0,,,,,,,0.2,1.5820851730418417e-05,5.0,0.0450196136386975,1.0,100.0,16.0,255.0,-1.0,,
anpboost-few_shot-protein-seed2,17i9ihr9,2026-07-22T01:43:36Z,anpboost,few_shot,2,rmse,0.1719167981392298,0.2493900441849046,0.16582985719045,0.2246370894689681,251.3919379711151,0.0466053485870361,0.037128210067749,3.478580048841568,155.0,,,,,,,0.2,0.0003013710908533,5.0,0.0130634630331783,0.0,10.0,8.0,255.0,-1.0,,
anpboost-few_shot-protein-seed2,29al0tov,2026-07-22T01:48:00Z,anpboost,few_shot,2,rmse,0.1424816525899447,0.2480100707592215,0.1325765466078733,0.2312363972323695,259.5226821899414,0.04292893409729,0.0387566089630126,3.451252637488535,70.0,,,,,,,0.2,0.000956484407922,10.0,0.0109977032995056,0.0,100.0,4.0,255.0,-1.0,,
anpboost-few_shot-protein-seed2,30vij9qo,2026-07-22T02:05:47Z,anpboost,few_shot,2,rmse,0.2060689223118317,0.2571529028116323,0.2059035102526346,0.2449427530772356,626.7613432407379,0.044910192489624,0.0517616271972656,4.430318488580521,201.0,,,,,,,0.2,5.4597054376998136e-05,10.0,0.1053508308667582,0.0,20.0,4.0,255.0,-1.0,,
anpboost-few_shot-protein-seed2,4a64eizt,2026-07-22T01:01:54Z,anpboost,few_shot,2,rmse,0.3281901952547905,0.3094110781342244,0.3303022094261952,0.2935804757154368,40.844133138656616,0.0565669536590576,0.0496129989624023,1.1293657977577949,4.0,,,,,,,0.2,1.090384328196852e-05,5.0,0.7717846862118062,0.0,20.0,4.0,255.0,-1.0,,
anpboost-few_shot-protein-seed2,6lbykwaz,2026-07-22T01:35:22Z,anpboost,few_shot,2,rmse,0.2270621642088278,0.2512518111519327,0.2261915848805354,0.2344605145421585,122.16935276985168,0.0417726039886474,0.0381004810333251,3.4404765101899875,22.0,,,,,,,0.0,0.0002780425090632,10.0,0.0105542692281163,1.0,20.0,8.0,255.0,-1.0,,
anpboost-few_shot-protein-seed2,8jyhsj34,2026-07-22T00:44:51Z,anpboost,few_shot,2,rmse,0.1701891116606883,0.2439245197701687,0.1647173678263639,0.2209901849845706,522.1084594726562,0.0499305725097656,0.0501186847686767,3.5185015933444177,70.0,,,,,,,0.2,0.0001605191133358,20.0,0.0750195444362012,1.0,20.0,4.0,255.0,-1.0,,
anpboost-few_shot-protein-seed2,97nv4h8i,2026-07-22T03:01:58Z,anpboost,few_shot,2,rmse,0.1821132974746899,0.2542670003443758,0.1791361715549077,0.2372951656408286,542.6052329540253,0.0353829860687255,0.0302977561950683,4.8769323031690925,175.0,,,,,,,0.2,0.0001082971516786,10.0,0.2589103504433043,0.0,20.0,16.0,255.0,-1.0,,
anpboost-few_shot-protein-seed2,adnwsehr,2026-07-22T02:04:57Z,anpboost,few_shot,2,rmse,0.3121341268221537,0.3172454357532457,0.3167525285329574,0.3226909968573633,45.19571852684021,0.0377576351165771,0.0378360748291015,2.517572818162078,6.0,,,,,,,0.2,2.9067203620664195e-05,5.0,0.1823458458254781,0.0,10.0,8.0,255.0,-1.0,,
anpboost-few_shot-protein-seed2,c1gm3jof,2026-07-22T01:13:26Z,anpboost,few_shot,2,rmse,0.1405722560026706,0.2369981351016604,0.1377029296679374,0.2312473359211603,368.7209017276764,0.0558340549468994,0.0556216239929199,3.562705736491534,110.0,,,,,,,0.0,0.0004548624208721,10.0,0.2953847324956156,0.0,20.0,4.0,255.0,-1.0,,
anpboost-few_shot-protein-seed2,c9rng36o,2026-07-22T02:16:20Z,anpboost,few_shot,2,rmse,0.2453650297262729,0.2381849924515872,0.2468031339156322,0.230235596892438,320.116405248642,0.0377049446105957,0.0386035442352294,1.9937740008112284,98.0,,,,,,,0.0,1.8406671834517417e-05,10.0,0.3476654204795515,0.0,20.0,8.0,255.0,-1.0,,
anpboost-few_shot-protein-seed2,crff9y1n,2026-07-22T02:52:10Z,anpboost,few_shot,2,rmse,0.3086815934914809,0.3323066942676883,0.3093535227653308,0.3199719064772786,56.11225342750549,0.0207953453063964,0.0205411911010742,3.163982547777461,15.0,,,,,,,0.2,1.5820851730418417e-05,5.0,0.0450196136386975,1.0,100.0,16.0,255.0,-1.0,,
anpboost-few_shot-protein-seed2,cyyqgzwd,2026-07-22T02:40:11Z,anpboost,few_shot,2,rmse,0.2426899457589174,0.3025262125360718,0.2429206783954914,0.2915306735996424,156.1512370109558,0.0392875671386718,0.0397491455078125,3.6424102016737576,84.0,,,,,,,0.2,0.0001181285816262,5.0,0.0610030224551816,0.0,10.0,8.0,255.0,-1.0,,
anpboost-few_shot-protein-seed2,dd21hq1y,2026-07-22T03:18:49Z,anpboost,few_shot,2,rmse,0.2247498127130361,0.2529028586756355,0.2238259560022598,0.2360710287823594,925.7859084606172,0.0302026271820068,0.030198335647583,3.444961947614635,155.0,,,,,,,0.2,2.017016316297149e-05,20.0,0.0582929613195039,1.0,1000.0,8.0,255.0,-1.0,,
anpboost-few_shot-protein-seed2,dj3aw6qz,2026-07-22T02:01:52Z,anpboost,few_shot,2,rmse,0.1525764029759627,0.2501943387311496,0.1439095261769417,0.2275730146295033,179.049382686615,0.051450490951538,0.0400176048278808,3.4738633466996607,98.0,,,,,,,0.2,0.0008392140711648,5.0,0.0107859712708854,0.0,10.0,8.0,255.0,-1.0,,
anpboost-few_shot-protein-seed2,f2jlu5d8,2026-07-22T02:21:45Z,anpboost,few_shot,2,rmse,0.2424713159218813,0.2586370877621083,0.2431077086008512,0.2473992994807069,713.6173477172852,0.0415050983428955,0.0372529029846191,2.620950451594565,116.0,,,,,,,0.0,1.2904721633073898e-05,20.0,0.2325748079967941,0.0,100.0,8.0,255.0,-1.0,,
anpboost-few_shot-protein-seed2,gsk6644g,2026-07-22T01:10:56Z,anpboost,few_shot,2,rmse,0.2601331778061695,0.3015786810399627,0.2611661003186152,0.2915846676562703,81.87247467041016,0.0625061988830566,0.0497922897338867,3.5872809244076715,4.0,,,,,,,0.2,0.0004385170256085,10.0,0.8972612866432508,1.0,20.0,8.0,255.0,-1.0,,
anpboost-few_shot-protein-seed2,i0obkgut,2026-07-22T01:25:30Z,anpboost,few_shot,2,rmse,0.2410186040095794,0.2501083445399779,0.2397667780900612,0.2281969421021213,587.1137051582336,0.0548551082611084,0.0490281581878662,3.378513080961961,96.0,,,,,,,0.0,1.5865500409725956e-05,20.0,0.019901994840577,0.0,100.0,4.0,255.0,-1.0,,
anpboost-few_shot-protein-seed2,idyag6gx,2026-07-22T01:19:42Z,anpboost,few_shot,2,rmse,0.1757703255384396,0.2429897803431746,0.17119150971755,0.2215303904514817,208.605096578598,0.0483646392822265,0.0480282306671142,3.489153744352655,51.0,,,,,,,0.0,0.0004242243954166,10.0,0.5800570688908553,1.0,20.0,4.0,255.0,-1.0,,
anpboost-few_shot-protein-seed2,l7qb6z71,2026-07-22T01:52:25Z,anpboost,few_shot,2,rmse,0.1671118338902791,0.2390158256231883,0.1657420794169108,0.2305252856361801,353.2206690311432,0.0393722057342529,0.0385169982910156,3.542538579157413,100.0,,,,,,,0.2,0.0002371245680478,10.0,0.0322020325894309,1.0,100.0,16.0,255.0,-1.0,,
anpboost-few_shot-protein-seed2,lnatpd7a,2026-07-22T03:15:12Z,anpboost,few_shot,2,rmse,0.2330567255998269,0.2450747424734748,0.2341439112638816,0.2355592345524306,210.92799353599548,0.0404434204101562,0.0350306034088134,3.343413713521697,56.0,,,,,,,0.0,7.917412954846521e-05,10.0,0.1011064623519062,0.0,20.0,8.0,255.0,-1.0,,
anpboost-few_shot-protein-seed2,mukoyxn8,2026-07-22T02:47:27Z,anpboost,few_shot,2,rmse,0.1551053585150303,0.2443513431741859,0.1480013070962368,0.2230203218910567,277.80188632011414,0.0327494144439697,0.0294485092163085,3.4714472970614905,79.0,,,,,,,0.2,0.0004276097878757,10.0,0.0133482983182945,0.0,100.0,4.0,255.0,-1.0,,
anpboost-few_shot-protein-seed2,n48v8urn,2026-07-22T02:53:11Z,anpboost,few_shot,2,rmse,0.2392832300601861,0.2382680512759103,0.2419918118379055,0.2357386983130577,521.2767353057861,0.033818244934082,0.0287256240844726,3.3479537565236592,85.0,,,,,,,0.0,1.702035422361917e-05,20.0,0.0657821692431908,1.0,20.0,16.0,255.0,-1.0,,
anpboost-few_shot-protein-seed2,nltvawl6,2026-07-22T01:58:23Z,anpboost,few_shot,2,rmse,0.2258184827291048,0.2452935776749445,0.2264746809617067,0.2361920175780366,203.8210287094116,0.040485143661499,0.0387020111083984,3.3914379013629783,56.0,,,,,,,0.0,0.0001083323625032,10.0,0.1351582698334605,0.0,100.0,8.0,255.0,-1.0,,
anpboost-few_shot-protein-seed2,ovqesiku,2026-07-22T01:23:16Z,anpboost,few_shot,2,rmse,0.2297894694866278,0.2499671132926883,0.2283554902443519,0.2298433456866572,129.87464094161987,0.0572321414947509,0.0486001968383789,3.444961947614635,63.0,,,,,,,0.0,0.0001721990923545,5.0,0.1380161223304589,0.0,1000.0,16.0,255.0,-1.0,,
anpboost-few_shot-protein-seed2,re9f3le7,2026-07-22T03:11:06Z,anpboost,few_shot,2,rmse,0.2405013426756247,0.2460705257141208,0.2413968260471637,0.2338481249704376,241.4876446723938,0.0343306064605712,0.0299274921417236,1.6600392623189772,149.0,,,,,,,0.0,3.9184339457363744e-05,5.0,0.7978205565731539,1.0,100.0,16.0,255.0,-1.0,,
anpboost-few_shot-protein-seed2,rs0feuun,2026-07-22T00:53:41Z,anpboost,few_shot,2,rmse,0.1430515639292888,0.2460621696314191,0.1383047531812619,0.2367400434446462,473.562225818634,0.0410900115966796,0.0377929210662841,3.57714168212502,143.0,,,,,,,0.2,0.0003600091192911,10.0,0.083744968684368,0.0,100.0,16.0,255.0,-1.0,,
anpboost-few_shot-protein-seed2,ukta2tfn,2026-07-22T01:12:23Z,anpboost,few_shot,2,rmse,0.3096427031052418,0.3177886543283213,0.3105440216186719,0.3057568540024835,58.32202959060669,0.0518305301666259,0.0486516952514648,2.882783557868486,15.0,,,,,,,0.2,1.343677338411072e-05,5.0,0.1113002415673063,1.0,10.0,4.0,255.0,-1.0,,
anpboost-few_shot-protein-seed2,unqgp5a6,2026-07-22T03:34:20Z,anpboost,few_shot,2,rmse,0.2409952252339094,0.2389569327874258,0.2421255539625119,0.2298695502625066,256.0021438598633,0.0321686267852783,0.0295991897583007,2.6662408756696765,166.0,,,,,,,0.0,3.1392574253118284e-05,5.0,0.1121865737283773,0.0,10.0,4.0,255.0,-1.0,,
anpboost-few_shot-protein-seed2,wyts2slw,2026-07-22T02:33:43Z,anpboost,few_shot,2,rmse,0.1818468295610868,0.240653133972181,0.1796148052582374,0.2258299064458839,382.3820691108704,0.0425751209259033,0.0405077934265136,3.444961947614635,116.0,,,,,,,0.2,0.0001496922341954,10.0,0.0831211929407696,1.0,1000.0,4.0,255.0,-1.0,,
anpboost-few_shot-protein-seed2,ze04zl4l,2026-07-22T01:02:39Z,anpboost,few_shot,2,rmse,0.1729300174957666,0.2397919968371583,0.1705893858885153,0.2265472111775295,491.0412323474884,0.0624480247497558,0.0523028373718261,3.541376397386529,148.0,,,,,,,0.2,0.0001381635682257,10.0,0.0261669745608544,1.0,20.0,8.0,255.0,-1.0,,
anpboost-few_shot-protein-seed2,zsrebss8,2026-07-22T02:42:53Z,anpboost,few_shot,2,rmse,0.1791726457766997,0.2474629605619153,0.1745979839410537,0.2292278958718095,268.6940488815308,0.03340744972229,0.0291602611541748,3.441448864671361,80.0,,,,,,,0.0,0.0002507518284371,10.0,0.0302023368339538,1.0,10.0,8.0,255.0,-1.0,,
anpboost-few_shot-protein-seed2,zu25rs9h,2026-07-22T01:37:30Z,anpboost,few_shot,2,rmse,0.1718127200236687,0.2456518126362271,0.166769938591199,0.2262678821743093,360.45078563690186,0.0384986400604248,0.03877854347229,3.444961947614635,44.0,,,,,,,0.2,0.0002563473332261,20.0,0.1427109105814198,1.0,1000.0,8.0,255.0,-1.0,,
anpboost-few_shot-protein-seed3,1x6g1jvg,2026-07-21T15:26:11Z,anpboost,few_shot,3,rmse,0.2314325753847758,0.2248869432671801,0.2357935102936489,0.2369653615248541,354.1074197292328,0.1059541702270507,0.1057658195495605,1.716894486202449,195.0,,,,,,,0.0,3.9184339457363744e-05,5.0,0.7978205565731539,1.0,100.0,16.0,255.0,-1.0,,
anpboost-few_shot-protein-seed3,2qbkop4g,2026-07-21T14:22:27Z,anpboost,few_shot,3,rmse,0.2410637148221333,0.229716278222883,0.2463961816301532,0.2474729644048313,384.85674691200256,0.0938696861267089,0.114321231842041,1.837583274071196,119.0,,,,,,,0.0,1.8406671834517417e-05,10.0,0.3476654204795515,0.0,20.0,8.0,255.0,-1.0,,
anpboost-few_shot-protein-seed3,48b4aqeo,2026-07-21T13:33:29Z,anpboost,few_shot,3,rmse,0.127851722240448,0.2234980248425514,0.1446856938156427,0.2589894286052225,665.5896575450897,0.1204874515533447,0.1056158542633056,3.3935356193798825,103.0,,,,,,,0.2,0.0002563473332261,20.0,0.1427109105814198,1.0,1000.0,8.0,255.0,-1.0,,
anpboost-few_shot-protein-seed3,51phwk3m,2026-07-21T14:11:05Z,anpboost,few_shot,3,rmse,0.1350738978385925,0.2243370932858274,0.1403769387139214,0.2344348606581669,233.98859548568728,0.1029813289642334,0.1064224243164062,3.4137038234091093,121.0,,,,,,,0.2,0.0008392140711648,5.0,0.0107859712708854,0.0,10.0,8.0,255.0,-1.0,,
anpboost-few_shot-protein-seed3,569v53rd,2026-07-21T14:47:45Z,anpboost,few_shot,3,rmse,0.2098107894261678,0.2378097661707069,0.2166848322924445,0.2583848023294224,292.65025877952576,0.0837104320526123,0.0789763927459716,3.7868229433466665,154.0,,,,,,,0.2,0.0001181285816262,5.0,0.0610030224551816,0.0,10.0,8.0,255.0,-1.0,,
anpboost-few_shot-protein-seed3,5a0vfc4y,2026-07-21T12:15:50Z,anpboost,few_shot,3,rmse,0.1334174958864847,0.2164310392113593,0.1452704403135511,0.2420810870945759,746.3222062587738,0.1075153350830078,0.096963882446289,3.604907896773769,122.0,,,,,,,0.2,0.0001605191133358,20.0,0.0750195444362012,1.0,20.0,4.0,255.0,-1.0,,
anpboost-few_shot-protein-seed3,5owzsj9r,2026-07-21T14:56:37Z,anpboost,few_shot,3,rmse,0.1493900386492411,0.2232489817054507,0.1544221998040193,0.2341103996587582,279.155396938324,0.1108758449554443,0.1068527698516845,3.4296599324575583,75.0,,,,,,,0.2,0.0004276097878757,10.0,0.0133482983182945,0.0,100.0,4.0,255.0,-1.0,,
anpboost-few_shot-protein-seed3,6cpjlyig,2026-07-21T14:41:33Z,anpboost,few_shot,3,rmse,0.1825092140833537,0.2252425269588457,0.1881995606266595,0.2394269339265949,366.8724212646485,0.1091494560241699,0.0894789695739746,3.3935356193798825,106.0,,,,,,,0.2,0.0001496922341954,10.0,0.0831211929407696,1.0,1000.0,4.0,255.0,-1.0,,
anpboost-few_shot-protein-seed3,6jevr0c6,2026-07-21T15:19:05Z,anpboost,few_shot,3,rmse,0.197441664536794,0.2463141153014363,0.2002311033361098,0.2524443060052915,420.3094639778137,0.1063191890716552,0.0971949100494384,4.818232347780597,122.0,,,,,,,0.2,0.0001082971516786,10.0,0.2589103504433043,0.0,20.0,16.0,255.0,-1.0,,
anpboost-few_shot-protein-seed3,6tonxnxa,2026-07-21T15:32:11Z,anpboost,few_shot,3,rmse,0.1837594747543335,0.2145456794779992,0.1894968592263514,0.2310407349933713,587.9175078868866,0.122953176498413,0.1032407283782959,3.129316450689102,186.0,,,,,,,0.0,7.917412954846521e-05,10.0,0.1011064623519062,0.0,20.0,8.0,255.0,-1.0,,
anpboost-few_shot-protein-seed3,b0uqi9dp,2026-07-21T12:50:01Z,anpboost,few_shot,3,rmse,0.12561421473821,0.2280832532391302,0.1407298987207849,0.2515307448978042,616.290531873703,0.1130092144012451,0.1104524135589599,3.3582257276814365,190.0,,,,,,,0.2,0.0004385170256085,10.0,0.8972612866432508,1.0,20.0,8.0,255.0,-1.0,,
anpboost-few_shot-protein-seed3,i9zdrxk1,2026-07-21T14:53:01Z,anpboost,few_shot,3,rmse,0.2033342798550923,0.2240575282943779,0.2106272138022129,0.2487378593249516,181.26908135414124,0.1086258888244628,0.0900046825408935,3.3975114391808345,42.0,,,,,,,0.0,0.0002507518284371,10.0,0.0302023368339538,1.0,10.0,8.0,255.0,-1.0,,
anpboost-few_shot-protein-seed3,jakvvopp,2026-07-21T14:06:25Z,anpboost,few_shot,3,rmse,0.2173117287953694,0.2258797174748069,0.2243041703903597,0.2488930544322214,248.3877115249633,0.0964307785034179,0.0884087085723877,3.365131416379054,64.0,,,,,,,0.0,0.0001083323625032,10.0,0.1351582698334605,0.0,100.0,8.0,255.0,-1.0,,
anpboost-few_shot-protein-seed3,jejq4atc,2026-07-21T13:05:23Z,anpboost,few_shot,3,rmse,0.1628279582659403,0.2152778703527733,0.1693218299765992,0.235810527459561,222.9013602733612,0.1150436401367187,0.1047899723052978,3.3279428243781304,57.0,,,,,,,0.0,0.0004242243954166,10.0,0.5800570688908553,1.0,20.0,4.0,255.0,-1.0,,
anpboost-few_shot-protein-seed3,jq1r76xt,2026-07-21T12:41:34Z,anpboost,few_shot,3,rmse,0.1675227944056193,0.2268081471967772,0.1749506090201583,0.2491034703988572,501.58861446380615,0.1298372745513916,0.1060326099395752,3.517876095964154,155.0,,,,,,,0.2,0.0001381635682257,10.0,0.0261669745608544,1.0,20.0,8.0,255.0,-1.0,,
anpboost-few_shot-protein-seed3,k78nxedg,2026-07-21T13:13:02Z,anpboost,few_shot,3,rmse,0.2236694622039794,0.2199827653307468,0.2313412872015261,0.2486459183689141,976.591454744339,0.1047346591949462,0.1074769496917724,3.345340962514603,167.0,,,,,,,0.0,1.5865500409725956e-05,20.0,0.019901994840577,0.0,100.0,4.0,255.0,-1.0,,
anpboost-few_shot-protein-seed3,lqcd56j1,2026-07-21T13:29:24Z,anpboost,few_shot,3,rmse,0.1789547514915466,0.2167898603790901,0.1851595589538025,0.2369342252665828,240.45655798912048,0.0764756202697753,0.0748417377471923,3.3984732709170253,62.0,,,,,,,0.0,0.0002780425090632,10.0,0.0105542692281163,1.0,20.0,8.0,255.0,-1.0,,
anpboost-few_shot-protein-seed3,ocx2g69r,2026-07-21T12:36:51Z,anpboost,few_shot,3,rmse,0.2670981939633687,0.3019898571172085,0.2630419731140136,0.2715565502545237,278.552086353302,0.1098518371582031,0.0946626663208007,5.6145330788965735,149.0,,,,,,,0.2,1.090384328196852e-05,5.0,0.7717846862118062,0.0,20.0,4.0,255.0,-1.0,,
anpboost-few_shot-protein-seed3,pq6u7e6h,2026-07-21T13:00:23Z,anpboost,few_shot,3,rmse,0.3121676786740621,0.3049957384911576,0.3088530278673358,0.2686856086069679,63.12792420387268,0.1105177402496338,0.1086652278900146,2.687317110436072,13.0,,,,,,,0.2,1.343677338411072e-05,5.0,0.1113002415673063,1.0,10.0,4.0,255.0,-1.0,,
anpboost-few_shot-protein-seed3,ps8owwcx,2026-07-21T15:01:22Z,anpboost,few_shot,3,rmse,0.3098303238550822,0.3186711534006201,0.3067016726225809,0.2870779997886483,63.14632058143616,0.1161792278289794,0.1120662689208984,3.07072088365264,14.0,,,,,,,0.2,1.5820851730418417e-05,5.0,0.0450196136386975,1.0,100.0,16.0,255.0,-1.0,,
anpboost-few_shot-protein-seed3,qd1fl1ln,2026-07-21T14:15:59Z,anpboost,few_shot,3,rmse,0.2243276580174764,0.2470658460429475,0.2275008477416693,0.2519087273919217,382.4974799156189,0.1165428161621093,0.106130838394165,4.02521006112225,113.0,,,,,,,0.2,5.4597054376998136e-05,10.0,0.1053508308667582,0.0,20.0,4.0,255.0,-1.0,,
anpboost-few_shot-protein-seed3,sp65q5hl,2026-07-21T14:15:05Z,anpboost,few_shot,3,rmse,0.3245529508590698,0.3114357076445792,0.3233308496038898,0.2854081022557165,49.34237360954285,0.112189769744873,0.1031742095947265,2.4742292532932675,5.0,,,,,,,0.2,2.9067203620664195e-05,5.0,0.1823458458254781,0.0,10.0,8.0,255.0,-1.0,,
anpboost-few_shot-protein-seed3,sqwbsg1u,2026-07-21T15:02:30Z,anpboost,few_shot,3,rmse,0.2216719611485799,0.2214659541886373,0.2291777687135085,0.2503742140229424,985.452962398529,0.1042852401733398,0.1138503551483154,3.145904422903806,167.0,,,,,,,0.0,1.702035422361917e-05,20.0,0.0657821692431908,1.0,20.0,16.0,255.0,-1.0,,
anpboost-few_shot-protein-seed3,t0nz1ogj,2026-07-21T13:09:11Z,anpboost,few_shot,3,rmse,0.2042700926462809,0.2185356419088633,0.2094073170929952,0.2347874393247993,225.6170079708099,0.1094062328338623,0.1100885868072509,3.3935356193798825,115.0,,,,,,,0.0,0.0001721990923545,5.0,0.1380161223304589,0.0,1000.0,16.0,255.0,-1.0,,
anpboost-few_shot-protein-seed3,t5d12g10,2026-07-21T12:28:24Z,anpboost,few_shot,3,rmse,0.1272581720352172,0.2194095745070932,0.1376401318444146,0.2399551932156687,502.17377400398254,0.113091230392456,0.1087284088134765,3.652119926585349,153.0,,,,,,,0.2,0.0003600091192911,10.0,0.083744968684368,0.0,100.0,16.0,255.0,-1.0,,
anpboost-few_shot-protein-seed3,u4v0hnkx,2026-07-21T13:58:02Z,anpboost,few_shot,3,rmse,0.1420778115590413,0.2250034515900906,0.1541575793347327,0.2539017426587713,498.5187413692474,0.0911943912506103,0.0861845016479492,3.538432984103681,153.0,,,,,,,0.2,0.0002371245680478,10.0,0.0322020325894309,1.0,100.0,16.0,255.0,-1.0,,
anpboost-few_shot-protein-seed3,udp1q19c,2026-07-21T15:54:04Z,anpboost,few_shot,3,rmse,0.2423976945877075,0.2308519182037973,0.2478043316236508,0.2473557488721202,251.03600406646729,0.1164548397064209,0.1019515991210937,2.6476458924909783,132.0,,,,,,,0.0,3.1392574253118284e-05,5.0,0.1121865737283773,0.0,10.0,4.0,255.0,-1.0,,
anpboost-few_shot-protein-seed3,uu7uoi9n,2026-07-21T13:44:40Z,anpboost,few_shot,3,rmse,0.1575771299997965,0.2272637911399146,0.1668924669814265,0.251758122807852,335.4791877269745,0.1126880645751953,0.1057093143463134,3.452001296200881,181.0,,,,,,,0.2,0.0003013710908533,5.0,0.0130634630331783,0.0,10.0,8.0,255.0,-1.0,,
anpboost-few_shot-protein-seed3,uyqerjo7,2026-07-21T13:01:33Z,anpboost,few_shot,3,rmse,0.1632995255788167,0.220664575393524,0.1701956173173742,0.2414401780955294,224.76418709754944,0.1060802936553955,0.1034026145935058,3.324734347482352,54.0,,,,,,,0.0,0.0004548624208721,10.0,0.2953847324956156,0.0,20.0,4.0,255.0,-1.0,,
anpboost-few_shot-protein-seed3,x4cc5pxm,2026-07-21T14:28:58Z,anpboost,few_shot,3,rmse,0.2373605338732401,0.232668920455624,0.2451651517082663,0.2622585627716041,720.6149859428406,0.100616455078125,0.0918915271759033,2.607326253641791,116.0,,,,,,,0.0,1.2904721633073898e-05,20.0,0.2325748079967941,0.0,100.0,8.0,255.0,-1.0,,
anpboost-few_shot-protein-seed3,yi4korpb,2026-07-21T13:50:21Z,anpboost,few_shot,3,rmse,0.1237754948933919,0.2257257380909717,0.1355695942648096,0.2427096670127208,453.25219559669495,0.1098635196685791,0.0991849899291992,3.417958275286253,135.0,,,,,,,0.2,0.000956484407922,10.0,0.0109977032995056,0.0,100.0,4.0,255.0,-1.0,,
anpboost-few_shot-protein-seed3,yx5821pd,2026-07-21T15:42:04Z,anpboost,few_shot,3,rmse,0.2328064441680908,0.2511010169243135,0.2332402483310574,0.2405502402264188,714.7619259357452,0.1231350898742675,0.0967292785644531,3.3935356193798825,112.0,,,,,,,0.2,2.017016316297149e-05,20.0,0.0582929613195039,1.0,1000.0,8.0,255.0,-1.0,,
anpboost-few_shot-protein-seed4,18duek8v,2026-07-21T21:09:28Z,anpboost,few_shot,4,rmse,0.2320700899148598,0.2264237473343179,0.2407893551720513,0.2747308228512958,749.0092992782593,0.0745599269866943,0.0674324035644531,3.2025592477617173,119.0,,,,,,,0.0,1.702035422361917e-05,20.0,0.0657821692431908,1.0,20.0,16.0,255.0,-1.0,,
anpboost-few_shot-protein-seed4,1axuf1gh,2026-07-21T20:35:41Z,anpboost,few_shot,4,rmse,0.2591985693344703,0.2557805759102909,0.2687298827701144,0.3072031287718539,171.6122977733612,0.0959711074829101,0.091712474822998,2.2097096156179568,30.0,,,,,,,0.0,1.8406671834517417e-05,10.0,0.3476654204795515,0.0,20.0,8.0,255.0,-1.0,,
anpboost-few_shot-protein-seed4,6ahbtwvy,2026-07-21T20:43:09Z,anpboost,few_shot,4,rmse,0.1771378754041133,0.2288233655735384,0.1914293832249111,0.2798092916221759,450.4561939239502,0.0916845798492431,0.0763912200927734,3.4339331377986664,120.0,,,,,,,0.2,0.0001496922341954,10.0,0.0831211929407696,1.0,1000.0,4.0,255.0,-1.0,,
anpboost-few_shot-protein-seed4,7paid9j7,2026-07-21T20:26:44Z,anpboost,few_shot,4,rmse,0.3247377887750283,0.3019068167692387,0.3285300661016394,0.3347507949126875,54.37257647514343,0.1012790203094482,0.0981824398040771,2.504627683601324,5.0,,,,,,,0.2,2.9067203620664195e-05,5.0,0.1823458458254781,0.0,10.0,8.0,255.0,-1.0,,
anpboost-few_shot-protein-seed4,7re7zena,2026-07-21T20:08:12Z,anpboost,few_shot,4,rmse,0.1488617628048627,0.2223536972587324,0.1656704655400029,0.2701008819954962,476.4873101711273,0.1062314510345459,0.0940086841583252,3.5028462680399826,127.0,,,,,,,0.2,0.0002371245680478,10.0,0.0322020325894309,1.0,100.0,16.0,255.0,-1.0,,
anpboost-few_shot-protein-seed4,8or6l1l3,2026-07-21T21:37:32Z,anpboost,few_shot,4,rmse,0.2440181374549865,0.2531105195659845,0.2526365403775815,0.2992852766441274,520.9042413234711,0.0828688144683837,0.0735542774200439,3.4339331377986664,71.0,,,,,,,0.2,2.017016316297149e-05,20.0,0.0582929613195039,1.0,1000.0,8.0,255.0,-1.0,,
anpboost-few_shot-protein-seed4,90ntd9v6,2026-07-21T19:24:49Z,anpboost,few_shot,4,rmse,0.2268334520168793,0.2207539277882839,0.2351858951427318,0.2665422706435085,1021.8587005138396,0.0902991294860839,0.090782880783081,3.3658635702721416,155.0,,,,,,,0.0,1.5865500409725956e-05,20.0,0.019901994840577,0.0,100.0,4.0,255.0,-1.0,,
anpboost-few_shot-protein-seed4,a4z82kdo,2026-07-21T21:29:49Z,anpboost,few_shot,4,rmse,0.2452369951284848,0.2411310313394854,0.2543774534154821,0.2917908118819253,218.07425951957703,0.0761053562164306,0.0689451694488525,2.1408905962241445,113.0,,,,,,,0.0,3.9184339457363744e-05,5.0,0.7978205565731539,1.0,100.0,16.0,255.0,-1.0,,
anpboost-few_shot-protein-seed4,biryoxpe,2026-07-21T19:22:30Z,anpboost,few_shot,4,rmse,0.2351409594217936,0.2416906601079722,0.2458564820113005,0.2984474346505227,134.3865103721619,0.1030292510986328,0.1021111011505127,3.4339331377986664,52.0,,,,,,,0.0,0.0001721990923545,5.0,0.1380161223304589,0.0,1000.0,16.0,255.0,-1.0,,
anpboost-few_shot-protein-seed4,d76maair,2026-07-21T19:02:00Z,anpboost,few_shot,4,rmse,0.3095032908977606,0.2759932768853488,0.3148775736490885,0.3133867089118646,56.04961585998535,0.1280052661895752,0.1153311729431152,1.2947539954487062,6.0,,,,,,,0.2,1.090384328196852e-05,5.0,0.7717846862118062,0.0,20.0,4.0,255.0,-1.0,,
anpboost-few_shot-protein-seed4,dus5glsz,2026-07-21T18:56:00Z,anpboost,few_shot,4,rmse,0.1523687900641025,0.2305940544028857,0.1680713476958098,0.2753872909751887,350.04929637908936,0.1081647872924804,0.1088249683380127,3.652381100073708,88.0,,,,,,,0.2,0.0003600091192911,10.0,0.083744968684368,0.0,100.0,16.0,255.0,-1.0,,
anpboost-few_shot-protein-seed4,dvk8k7oo,2026-07-21T20:27:46Z,anpboost,few_shot,4,rmse,0.222094293588247,0.2390235484389433,0.2355491479237874,0.3000957944302878,468.5993511676788,0.0883166790008544,0.0922698974609375,4.149143104090797,120.0,,,,,,,0.2,5.4597054376998136e-05,10.0,0.1053508308667582,0.0,20.0,4.0,255.0,-1.0,,
anpboost-few_shot-protein-seed4,extkrhj8,2026-07-21T20:00:34Z,anpboost,few_shot,4,rmse,0.1274843521607228,0.2264613986983213,0.1530046039157443,0.2747651057871701,453.5659804344177,0.0985698699951172,0.1029520034790039,3.4517042842735184,118.0,,,,,,,0.2,0.000956484407922,10.0,0.0109977032995056,0.0,100.0,4.0,255.0,-1.0,,
anpboost-few_shot-protein-seed4,f9g1vvby,2026-07-21T20:58:50Z,anpboost,few_shot,4,rmse,0.2046819283412053,0.2252899905810929,0.2176067599543818,0.2821676230732699,193.46023297309875,0.090696096420288,0.0770509243011474,3.41706227532358,41.0,,,,,,,0.0,0.0002507518284371,10.0,0.0302023368339538,1.0,10.0,8.0,255.0,-1.0,,
anpboost-few_shot-protein-seed4,hi8uqpg7,2026-07-21T21:07:41Z,anpboost,few_shot,4,rmse,0.3027319388511853,0.3102917516395544,0.3061766333050198,0.3379046414190425,69.28108954429626,0.0669388771057128,0.0653142929077148,3.1605636765198826,16.0,,,,,,,0.2,1.5820851730418417e-05,5.0,0.0450196136386975,1.0,100.0,16.0,255.0,-1.0,,
anpboost-few_shot-protein-seed4,i0cosmbo,2026-07-21T19:03:01Z,anpboost,few_shot,4,rmse,0.1814362108707428,0.2293982012470099,0.1953676656440452,0.2811750517966356,451.3479752540589,0.086965799331665,0.0864269733428955,3.508772303890076,120.0,,,,,,,0.2,0.0001381635682257,10.0,0.0261669745608544,1.0,20.0,8.0,255.0,-1.0,,
anpboost-few_shot-protein-seed4,kvu0myak,2026-07-21T21:02:29Z,anpboost,few_shot,4,rmse,0.1477612799558884,0.2256269683206756,0.1675093085677535,0.2800296401479056,307.2490041255951,0.0677134990692138,0.0675776004791259,3.448398771106443,77.0,,,,,,,0.2,0.0004276097878757,10.0,0.0133482983182945,0.0,100.0,4.0,255.0,-1.0,,
anpboost-few_shot-protein-seed4,lsjyenn7,2026-07-21T20:51:50Z,anpboost,few_shot,4,rmse,0.1974395062678899,0.2325114047345901,0.2113900661468505,0.2901442268212135,389.5691258907318,0.094559907913208,0.0799164772033691,3.7682373600430985,206.0,,,,,,,0.2,0.0001181285816262,5.0,0.0610030224551816,0.0,10.0,8.0,255.0,-1.0,,
anpboost-few_shot-protein-seed4,lw2xku84,2026-07-21T20:38:37Z,anpboost,few_shot,4,rmse,0.2619406183560689,0.2664433600963428,0.2687606811523437,0.3066357538721342,266.8069705963135,0.0840520858764648,0.0771243572235107,2.723962763902266,21.0,,,,,,,0.0,1.2904721633073898e-05,20.0,0.2325748079967941,0.0,100.0,8.0,255.0,-1.0,,
anpboost-few_shot-protein-seed4,m4cngj7z,2026-07-21T19:47:32Z,anpboost,few_shot,4,rmse,0.1779931157063215,0.2274948141947935,0.1925255793112295,0.2802575342831693,356.512179851532,0.1008327007293701,0.1063020229339599,3.4339331377986664,35.0,,,,,,,0.2,0.0002563473332261,20.0,0.1427109105814198,1.0,1000.0,8.0,255.0,-1.0,,
anpboost-few_shot-protein-seed4,nl3h64zr,2026-07-21T19:17:19Z,anpboost,few_shot,4,rmse,0.1474517965928102,0.2200978675478792,0.1719405218406959,0.2885813157350561,302.44810605049133,0.1020140647888183,0.1032924652099609,2.774900197238156,76.0,,,,,,,0.0,0.0004242243954166,10.0,0.5800570688908553,1.0,20.0,4.0,255.0,-1.0,,
anpboost-few_shot-protein-seed4,nsnjuspn,2026-07-21T20:22:36Z,anpboost,few_shot,4,rmse,0.1412729980089725,0.2327987414478197,0.1620914808026066,0.2831357706288472,243.2043046951294,0.100102424621582,0.0880279541015625,3.4360364397975784,110.0,,,,,,,0.2,0.0008392140711648,5.0,0.0107859712708854,0.0,10.0,8.0,255.0,-1.0,,
anpboost-few_shot-protein-seed4,oa1zi0wq,2026-07-21T19:41:57Z,anpboost,few_shot,4,rmse,0.1663268980307456,0.224912403339993,0.1763891710175408,0.2599392031622655,329.1374590396881,0.0854527950286865,0.0882027149200439,3.428671818505076,82.0,,,,,,,0.0,0.0002780425090632,10.0,0.0105542692281163,1.0,20.0,8.0,255.0,-1.0,,
anpboost-few_shot-protein-seed4,ofkqzh60,2026-07-21T19:53:34Z,anpboost,few_shot,4,rmse,0.1516911838299189,0.2305776895748207,0.1707397765583462,0.2823019486833207,414.24639344215393,0.0848612785339355,0.0905561447143554,3.4653496660888456,202.0,,,,,,,0.2,0.0003013710908533,5.0,0.0130634630331783,0.0,10.0,8.0,255.0,-1.0,,
anpboost-few_shot-protein-seed4,p3gx7ez4,2026-07-21T21:33:42Z,anpboost,few_shot,4,rmse,0.2327233621707329,0.2310827751463939,0.2413675131621184,0.2792396392680802,221.90934443473816,0.0656917095184326,0.0646002292633056,3.2904364475743435,53.0,,,,,,,0.0,7.917412954846521e-05,10.0,0.1011064623519062,0.0,20.0,8.0,255.0,-1.0,,
anpboost-few_shot-protein-seed4,pa9hmyui,2026-07-21T19:10:37Z,anpboost,few_shot,4,rmse,0.2507857527488317,0.2748941335836878,0.2605978347637035,0.3231159845822348,98.17991757392883,0.0965039730072021,0.0911445617675781,3.762820847933676,6.0,,,,,,,0.2,0.0004385170256085,10.0,0.8972612866432508,1.0,20.0,8.0,255.0,-1.0,,
anpboost-few_shot-protein-seed4,qz7gi9ip,2026-07-21T21:46:32Z,anpboost,few_shot,4,rmse,0.2417776385943094,0.2305661488508596,0.250047727867409,0.2790466607522232,289.38966035842896,0.0733077526092529,0.0781977176666259,2.7437361875625466,157.0,,,,,,,0.0,3.1392574253118284e-05,5.0,0.1121865737283773,0.0,10.0,4.0,255.0,-1.0,,
anpboost-few_shot-protein-seed4,txun4pes,2026-07-21T19:12:20Z,anpboost,few_shot,4,rmse,0.3116494997953757,0.2915690284501874,0.3159347295761108,0.3265377578063405,70.87848353385925,0.0985438823699951,0.0947833061218261,2.807222179665948,14.0,,,,,,,0.2,1.343677338411072e-05,5.0,0.1113002415673063,1.0,10.0,4.0,255.0,-1.0,,
anpboost-few_shot-protein-seed4,urwy6ba5,2026-07-21T19:13:37Z,anpboost,few_shot,4,rmse,0.1729114399506495,0.2264722867706227,0.185501534850509,0.2743687065695696,217.322212934494,0.123091459274292,0.1022727489471435,3.3645919009972864,45.0,,,,,,,0.0,0.0004548624208721,10.0,0.2953847324956156,0.0,20.0,4.0,255.0,-1.0,,
anpboost-few_shot-protein-seed4,v0xlwcmp,2026-07-21T18:46:53Z,anpboost,few_shot,4,rmse,0.1671693172210302,0.2247023495980181,0.1814809234054,0.2736050646261316,519.8866226673126,0.0909490585327148,0.0877432823181152,3.558487811715059,66.0,,,,,,,0.2,0.0001605191133358,20.0,0.0750195444362012,1.0,20.0,4.0,255.0,-1.0,,
anpboost-few_shot-protein-seed4,wg6jyrma,2026-07-21T21:22:23Z,anpboost,few_shot,4,rmse,0.1965289222888457,0.2388599400027393,0.2118974844614664,0.2994632042477256,427.77024006843567,0.0675647258758544,0.0647399425506591,4.669666948702288,120.0,,,,,,,0.2,0.0001082971516786,10.0,0.2589103504433043,0.0,20.0,16.0,255.0,-1.0,,
anpboost-few_shot-protein-seed4,xalryxtp,2026-07-21T20:16:42Z,anpboost,few_shot,4,rmse,0.2115271282501709,0.2241953769680637,0.2238608554557517,0.2796214221596959,318.3955976963043,0.0890784263610839,0.0982069969177246,3.335362447166364,76.0,,,,,,,0.0,0.0001083323625032,10.0,0.1351582698334605,0.0,100.0,8.0,255.0,-1.0,,
np-in_context-protein-seed0,05hl82l5,2026-07-21T13:15:31Z,np,in_context,0,rmse,0.1784709471858752,0.2330482351473217,0.177675785503321,0.2325194863491039,1469.9108686447144,0.3075244426727295,0.3303887844085693,,,3.082131641442947e-05,,,,,,,,,,,,,,,4000.0,0.0932621545712612
np-in_context-protein-seed0,1t6jqd4d,2026-07-21T09:38:57Z,np,in_context,0,rmse,0.1201565539795347,0.2181680719231192,0.1217291629272886,0.2206091934225024,1965.129677772522,0.2970845699310303,0.30438232421875,,,0.0003965675081771,,,,,,,,,,,,,,,1841.0,0.1957236684465528
np-in_context-protein-seed0,20jnu9hh,2026-07-21T12:44:27Z,np,in_context,0,rmse,0.3076329513709304,0.3270026638229388,0.3054433749527881,0.3180037025564812,111.30963706970216,0.2657537460327148,0.3002810478210449,,,1.5998881492631487e-05,,,,,,,,,,,,,,,284.0,0.1976747676118452
np-in_context-protein-seed0,40qd1tnc,2026-07-21T10:55:22Z,np,in_context,0,rmse,0.1374763262811853,0.2246875092151617,0.1382330518981721,0.2286819046690244,377.5083429813385,0.2978942394256592,0.307999849319458,,,0.0003535634629148,,,,,,,,,,,,,,,1044.0,0.0529111224209254
np-in_context-protein-seed0,4plyxz02,2026-07-21T11:58:48Z,np,in_context,0,rmse,0.1383752324439922,0.2260836322796387,0.1398252294454009,0.2316805486273846,536.2305600643158,0.2619140148162842,0.2429556846618652,,,0.00021941976179,,,,,,,,,,,,,,,1457.0,0.1333533430891335
np-in_context-protein-seed0,4sebym8w,2026-07-21T08:07:11Z,np,in_context,0,rmse,0.1609155342553966,0.2335947601910296,0.1602014614729931,0.2337081215206267,581.9005787372589,0.2735950946807861,0.2813711166381836,,,0.0001229607110732,,,,,,,,,,,,,,,1600.0,0.1205526752143287
np-in_context-protein-seed0,5b8x8r34,2026-07-21T10:22:59Z,np,in_context,0,rmse,0.1412015509522335,0.2151223396516609,0.1470316710787783,0.233435099764057,516.9494941234589,0.282510757446289,0.2910397052764892,,,0.0001904767808428,,,,,,,,,,,,,,,1431.0,0.0236548851737866
np-in_context-protein-seed0,5qqa9fg3,2026-07-21T12:32:49Z,np,in_context,0,rmse,0.1752215528322014,0.232437467075146,0.1750003236511443,0.234556246828008,692.9088764190674,0.3104801177978515,0.2961277961730957,,,7.537078298264379e-05,,,,,,,,,,,,,,,1897.0,0.1140393540835759
np-in_context-protein-seed0,70u0ose6,2026-07-21T13:40:07Z,np,in_context,0,rmse,0.2488180884916193,0.2764167565552442,0.247192522374595,0.2733370875570996,523.2664151191711,0.3146755695343017,0.322246789932251,,,1.6624564693643617e-05,,,,,,,,,,,,,,,1421.0,0.0317939167291039
np-in_context-protein-seed0,79kdfi14,2026-07-21T12:16:33Z,np,in_context,0,rmse,0.1726454425771892,0.2273547395879104,0.1714080883650829,0.2254763700363897,971.2079243659972,0.2431437969207763,0.2474563121795654,,,5.338528208876637e-05,,,,,,,,,,,,,,,2646.0,0.0630856701848367
np-in_context-protein-seed0,8i8yediz,2026-07-21T12:53:34Z,np,in_context,0,rmse,0.1847886274915954,0.2401245430188588,0.1839396413610372,0.2394721426985393,1311.4889388084412,0.2565431594848633,0.2563235759735107,,,3.210577849550394e-05,,,,,,,,,,,,,,,3623.0,0.1306216650930796
np-in_context-protein-seed0,8nq4p0nl,2026-07-21T08:26:59Z,np,in_context,0,rmse,0.1287748788707347,0.2283566057789336,0.1283098180950311,0.2282659126553039,402.1055414676666,0.2943766117095947,0.3021225929260254,,,0.0006074996073425,,,,,,,,,,,,,,,1078.0,0.0875174422525385
np-in_context-protein-seed0,amx833ej,2026-07-21T11:44:11Z,np,in_context,0,rmse,0.1686081105408352,0.2247594504332793,0.1682578562028732,0.2260938428189834,748.0268876552582,0.3026185035705566,0.310551643371582,,,7.4827960376208e-05,,,,,,,,,,,,,,,2059.0,0.0719015801147572
np-in_context-protein-seed0,bb2s5w4g,2026-07-21T12:07:49Z,np,in_context,0,rmse,0.247065806638073,0.2755728169811345,0.2456880230521491,0.2731871701372598,517.9778754711151,0.2612428665161133,0.2541723251342773,,,1.810725406663106e-05,,,,,,,,,,,,,,,1421.0,0.0420765122147681
np-in_context-protein-seed0,c22t6nax,2026-07-21T07:56:21Z,np,in_context,0,rmse,0.1285894440441596,0.2247638434536533,0.1330088572219689,0.235255971214172,641.8670582771301,0.2849929332733154,0.2770063877105713,,,0.0002693883019285,,,,,,,,,,,,,,,1640.0,0.1097627007854649
np-in_context-protein-seed0,cq2i6rhf,2026-07-21T08:16:59Z,np,in_context,0,rmse,0.1371467969143432,0.2250261850821394,0.1381728840206558,0.2276447667877653,594.8965473175049,0.2468633651733398,0.243361234664917,,,0.0001957889720121,,,,,,,,,,,,,,,1612.0,0.0847309598677809
np-in_context-protein-seed0,d07zssq9,2026-07-21T09:00:35Z,np,in_context,0,rmse,0.1188425535939711,0.2148657862715075,0.1243700632234899,0.2222659735125061,621.467901468277,0.3084332942962646,0.2969908714294433,,,0.0007098936257405,,,,,,,,,,,,,,,1675.0,0.1136089122187864
np-in_context-protein-seed0,fxwfeiij,2026-07-21T13:49:16Z,np,in_context,0,rmse,0.3018254735328594,0.3270269244232299,0.2996841988912442,0.3183445782371426,106.37042999267578,0.3187539577484131,0.3148705959320068,,,1.889582693802601e-05,,,,,,,,,,,,,,,271.0,0.1312659178930547
np-in_context-protein-seed0,grh3cwg7,2026-07-21T11:01:45Z,np,in_context,0,rmse,0.1630253243529422,0.22949137476954,0.1633599145071847,0.2326666564699015,496.9974706172943,0.3007125854492187,0.3078999519348144,,,0.0001370464839284,,,,,,,,,,,,,,,1381.0,0.0912300664433097
np-in_context-protein-seed0,gxrao3qy,2026-07-21T09:11:02Z,np,in_context,0,rmse,0.2535307282770137,0.2757322641327231,0.251873813855108,0.2722696950179963,434.0975131988525,0.3106331825256347,0.3082811832427978,,,1.4936835544198446e-05,,,,,,,,,,,,,,,1170.0,0.0142072116395773
np-in_context-protein-seed0,hlwwaw6i,2026-07-21T10:11:57Z,np,in_context,0,rmse,0.1203826877713618,0.2170020941765038,0.1227394429648794,0.2216290554476209,656.6475400924683,0.2922263145446777,0.3048667907714844,,,0.0003639639356786,,,,,,,,,,,,,,,1845.0,0.0922958724505863
np-in_context-protein-seed0,i53t66bb,2026-07-21T11:10:07Z,np,in_context,0,rmse,0.1516848275055038,0.2155730462136589,0.1543016566632101,0.2260737390587461,467.90799832344055,0.3077056407928467,0.300152063369751,,,0.0001718980674331,,,,,,,,,,,,,,,1312.0,0.003757960087271
np-in_context-protein-seed0,kiupbggd,2026-07-21T08:33:47Z,np,in_context,0,rmse,0.1803301701562329,0.241832323304254,0.1812790727781501,0.2475791086954983,830.4001250267029,0.2663450241088867,0.2587995529174804,,,5.846326121643416e-05,,,,,,,,,,,,,,,2285.0,0.1927325521002058
np-in_context-protein-seed0,nha76spy,2026-07-21T09:18:22Z,np,in_context,0,rmse,0.1198195713322337,0.2165248366676219,0.1278925041703812,0.2313769758513797,634.5127017498016,0.2999255657196045,0.298837661743164,,,0.0004626362841475,,,,,,,,,,,,,,,1738.0,0.0040436794880651
np-in_context-protein-seed0,plcaaf67,2026-07-21T09:29:02Z,np,in_context,0,rmse,0.1213710532371175,0.217963745030574,0.123908714134934,0.2227538793036145,589.0589964389801,0.2999579906463623,0.3041222095489502,,,0.0005495716186411,,,,,,,,,,,,,,,1619.0,0.1556313501899701
np-in_context-protein-seed0,qedjprsp,2026-07-21T08:47:43Z,np,in_context,0,rmse,0.1492424875186295,0.2306378419699253,0.1491141202973156,0.2321358410955246,763.5019266605377,0.2963130474090576,0.2939839363098144,,,0.000114232541556,,,,,,,,,,,,,,,2046.0,0.1583450076165329
np-in_context-protein-seed0,ralxufj2,2026-07-21T10:31:41Z,np,in_context,0,rmse,0.1176987591520834,0.2111219635975837,0.1249663788267129,0.2251517922250311,667.758727312088,0.306485652923584,0.304473876953125,,,0.0007750644796341,,,,,,,,,,,,,,,1857.0,0.0286706574818092
np-in_context-protein-seed0,tcd6pvc3,2026-07-21T11:56:44Z,np,in_context,0,rmse,0.3016694298189276,0.3270489297704999,0.2997959549003361,0.319408379161622,116.1478123664856,0.2672662734985351,0.2953071594238281,,,1.3196262418422204e-05,,,,,,,,,,,,,,,301.0,0.1395262391854529
np-in_context-protein-seed0,uyf1pjne,2026-07-21T11:27:43Z,np,in_context,0,rmse,0.12060007234899,0.2152935893042294,0.1220471252547739,0.2205541172427951,982.8202619552612,0.262587308883667,0.2654592990875244,,,0.0002310152225018,,,,,,,,,,,,,,,2785.0,0.1887496157029248
np-in_context-protein-seed0,w0dr7ifn,2026-07-21T12:46:25Z,np,in_context,0,rmse,0.2493518071722901,0.2763686109629102,0.2478600080004968,0.2738788698767478,421.693213224411,0.3102638721466064,0.302924633026123,,,2.1019338091154404e-05,,,,,,,,,,,,,,,1126.0,0.0417753512189669
np-in_context-protein-seed0,xsumzj6v,2026-07-21T11:18:02Z,np,in_context,0,rmse,0.1439667911064334,0.2285766448852699,0.1431148874635065,0.2274222803870199,575.5163621902466,0.2894680500030517,0.2896437644958496,,,0.0001713436419711,,,,,,,,,,,,,,,1600.0,0.1224191445444842
np-in_context-protein-seed0,y28x8ddm,2026-07-21T10:42:54Z,np,in_context,0,rmse,0.1760449359641258,0.2319845398732301,0.1754078084168118,0.2326081594273201,742.9856190681458,0.2789452075958252,0.2825732231140136,,,6.75031252159592e-05,,,,,,,,,,,,,,,2060.0,0.1043696643500143
np-in_context-protein-seed1,15ngrcz4,2026-07-21T17:03:32Z,np,in_context,1,rmse,0.131661464943703,0.2325248691842247,0.141056366498462,0.2569636016141681,567.3688206672668,0.2961213588714599,0.2884032726287842,,,0.0007750644796341,,,,,,,,,,,,,,,1644.0,0.0286706574818092
np-in_context-protein-seed1,179ed5a2,2026-07-21T16:13:52Z,np,in_context,1,rmse,0.2522745830256764,0.2825974806716567,0.2587323737061398,0.3037803880477157,469.9264755249024,0.2435300350189209,0.2508509159088135,,,1.4936835544198446e-05,,,,,,,,,,,,,,,1344.0,0.0142072116395773
np-in_context-protein-seed1,1x0148z9,2026-07-21T16:21:48Z,np,in_context,1,rmse,0.13455883384997,0.2395131229476061,0.1372458959705738,0.246045969975074,468.9938886165619,0.3138940334320068,0.2906320095062256,,,0.0004626362841475,,,,,,,,,,,,,,,1360.0,0.0040436794880651
np-in_context-protein-seed1,1xbcn036,2026-07-21T15:33:48Z,np,in_context,1,rmse,0.1339557195789722,0.2338023387818533,0.1426238847526523,0.2594410833505003,629.495747089386,0.2468562126159668,0.2534849643707275,,,0.0006074996073425,,,,,,,,,,,,,,,1807.0,0.0875174422525385
np-in_context-protein-seed1,2krbecbp,2026-07-21T19:26:07Z,np,in_context,1,rmse,0.1980672430909053,0.2580724604055422,0.2068798716475324,0.2835293201174685,990.923419713974,0.2654919624328613,0.2583038806915283,,,3.210577849550394e-05,,,,,,,,,,,,,,,3077.0,0.1306216650930796
np-in_context-protein-seed1,3pa46g2g,2026-07-21T19:18:10Z,np,in_context,1,rmse,0.2468365393449205,0.2835922239095141,0.2532846603659387,0.3043664554120809,471.0372941493988,0.3003075122833252,0.3096613883972168,,,2.1019338091154404e-05,,,,,,,,,,,,,,,1344.0,0.0417753512189669
np-in_context-protein-seed1,87qruf64,2026-07-21T15:18:47Z,np,in_context,1,rmse,0.1788764780822116,0.2562339867473296,0.1864053081552326,0.2760982482144872,468.5002086162567,0.2730782032012939,0.3003830909729004,,,0.0001229607110732,,,,,,,,,,,,,,,1341.0,0.1205526752143287
np-in_context-protein-seed1,8nfavola,2026-07-21T16:29:42Z,np,in_context,1,rmse,0.1347579989283757,0.238128115587644,0.1435179760231789,0.2560164638877916,593.931521654129,0.2589290142059326,0.2610480785369873,,,0.0005495716186411,,,,,,,,,,,,,,,1713.0,0.1556313501899701
np-in_context-protein-seed1,bxuyc6pg,2026-07-21T15:09:17Z,np,in_context,1,rmse,0.1398633930325923,0.2442521175406595,0.1469057927148267,0.2595132435351295,563.6731929779053,0.3149864673614502,0.3337934017181396,,,0.0002693883019285,,,,,,,,,,,,,,,1601.0,0.1097627007854649
np-in_context-protein-seed1,dug68ckx,2026-07-21T16:47:19Z,np,in_context,1,rmse,0.1412590006918026,0.2457957084703008,0.1468409096322408,0.2582323092323283,437.9328317642212,0.2503361701965332,0.2527070045471191,,,0.0003639639356786,,,,,,,,,,,,,,,1262.0,0.0922958724505863
np-in_context-protein-seed1,g6fgmp8n,2026-07-21T16:01:14Z,np,in_context,1,rmse,0.1831834440862675,0.2589306850244252,0.1918900054506308,0.2830712471132896,464.4821105003357,0.2953219413757324,0.2858414649963379,,,0.000114232541556,,,,,,,,,,,,,,,1341.0,0.1583450076165329
np-in_context-protein-seed1,hfcv46iu,2026-07-21T17:56:09Z,np,in_context,1,rmse,0.1342114305662361,0.2393929394516726,0.1432224566097459,0.2566821592497599,831.6322531700134,0.3030390739440918,0.2805089950561523,,,0.0002310152225018,,,,,,,,,,,,,,,2379.0,0.1887496157029248
np-in_context-protein-seed1,jx16571s,2026-07-21T17:31:40Z,np,in_context,1,rmse,0.1727206864838816,0.2517174996902221,0.1787776681188922,0.2662585306458183,465.6235525608063,0.3044512271881103,0.3056786060333252,,,0.0001370464839284,,,,,,,,,,,,,,,1334.0,0.0912300664433097
np-in_context-protein-seed1,ld3le763,2026-07-21T17:22:40Z,np,in_context,1,rmse,0.1363214698818087,0.2388887120913923,0.1422216734404348,0.2541415405463724,495.664231300354,0.2487306594848632,0.2468795776367187,,,0.0003535634629148,,,,,,,,,,,,,,,1420.0,0.0529111224209254
np-in_context-protein-seed1,lv20p8l6,2026-07-21T18:19:05Z,np,in_context,1,rmse,0.3018261048851943,0.3340549849941009,0.3055578490998271,0.3423435115980448,106.25118470191956,0.265977144241333,0.2658488750457763,,,1.3196262418422204e-05,,,,,,,,,,,,,,,302.0,0.1395262391854529
np-in_context-protein-seed1,m17x50ru,2026-07-21T19:04:47Z,np,in_context,1,rmse,0.1808409474867977,0.2547633543440102,0.1881093613362063,0.27362365575327,689.4017896652222,0.3032059669494629,0.3088130950927734,,,7.537078298264379e-05,,,,,,,,,,,,,,,1947.0,0.1140393540835759
np-in_context-protein-seed1,m3e9o9e9,2026-07-21T18:10:32Z,np,in_context,1,rmse,0.2026786671282937,0.257692251339168,0.2105283172288422,0.2808620143716845,462.1497585773468,0.2525126934051513,0.2480049133300781,,,7.4827960376208e-05,,,,,,,,,,,,,,,1335.0,0.0719015801147572
np-in_context-protein-seed1,n6dmqvmw,2026-07-21T17:13:04Z,np,in_context,1,rmse,0.196540805936275,0.2573209046700394,0.2039572685853114,0.278731091477051,569.9877223968506,0.2776899337768554,0.2910103797912597,,,6.75031252159592e-05,,,,,,,,,,,,,,,1625.0,0.1043696643500143
np-in_context-protein-seed1,ob9hkrn2,2026-07-21T18:36:07Z,np,in_context,1,rmse,0.2189351989001762,0.258232008497299,0.2264453342982701,0.2816143841538978,1150.7715773582458,0.2509875297546386,0.2442405223846435,,,1.810725406663106e-05,,,,,,,,,,,,,,,3295.0,0.0420765122147681
np-in_context-protein-seed1,pygv2nhj,2026-07-21T19:58:09Z,np,in_context,1,rmse,0.2422166884153146,0.281653411068712,0.2489057800080302,0.3032133083456167,656.42085313797,0.2607631683349609,0.2577338218688965,,,1.6624564693643617e-05,,,,,,,,,,,,,,,2002.0,0.0317939167291039
np-in_context-protein-seed1,q8t6pzf4,2026-07-21T15:44:23Z,np,in_context,1,rmse,0.1736663027507503,0.2590964699626414,0.1824404553669255,0.2811379432549556,1005.450784921646,0.2511079311370849,0.2444772720336914,,,5.846326121643416e-05,,,,,,,,,,,,,,,2850.0,0.1927325521002058
np-in_context-protein-seed1,r8y8et7v,2026-07-21T18:21:16Z,np,in_context,1,rmse,0.1342402866908482,0.2380794425985005,0.1399141736977607,0.2523828400617606,875.1919486522675,0.3155310153961181,0.2991719245910644,,,0.00021941976179,,,,,,,,,,,,,,,2515.0,0.1333533430891335
np-in_context-protein-seed1,tetcn2r7,2026-07-21T16:54:46Z,np,in_context,1,rmse,0.1495803341217572,0.2420808348012566,0.1544269069977338,0.2553937348611887,522.2955827713013,0.2461729049682617,0.254561185836792,,,0.0001904767808428,,,,,,,,,,,,,,,1498.0,0.0236548851737866
np-in_context-protein-seed1,twrg6hy1,2026-07-21T20:09:11Z,np,in_context,1,rmse,0.2091225015992487,0.2649690744045555,0.2177671106850228,0.2911095592590584,1291.5244181156158,0.259073257446289,0.2599928379058838,,,1.889582693802601e-05,,,,,,,,,,,,,,,4000.0,0.1312659178930547
np-in_context-protein-seed1,u16qjnyj,2026-07-21T17:39:31Z,np,in_context,1,rmse,0.179511352698562,0.248441401921199,0.1839911165137739,0.2589661769912615,334.82324957847595,0.2155053615570068,0.2098805904388427,,,0.0001718980674331,,,,,,,,,,,,,,,988.0,0.003757960087271
np-in_context-protein-seed1,uvm7v2t2,2026-07-21T16:09:03Z,np,in_context,1,rmse,0.1483113491576723,0.2604743261453845,0.160505600507251,0.2815355406102571,283.60449600219727,0.2858490943908691,0.2638866901397705,,,0.0007098936257405,,,,,,,,,,,,,,,826.0,0.1136089122187864
np-in_context-protein-seed1,v5g5piip,2026-07-21T18:55:40Z,np,in_context,1,rmse,0.2088897518995331,0.2587927184924674,0.2156537551082385,0.2789776148838825,540.967268705368,0.3053836822509765,0.3085074424743652,,,5.338528208876637e-05,,,,,,,,,,,,,,,1572.0,0.0630856701848367
np-in_context-protein-seed1,vqnqrqay,2026-07-21T19:16:22Z,np,in_context,1,rmse,0.3064542364991085,0.3339286915461197,0.310151442418115,0.3423281819394521,101.58325219154358,0.2930402755737304,0.3051843643188476,,,1.5998881492631487e-05,,,,,,,,,,,,,,,286.0,0.1976747676118452
np-in_context-protein-seed1,vsm7riay,2026-07-21T16:39:41Z,np,in_context,1,rmse,0.1404176173725194,0.2477788211618811,0.1491190348768068,0.2637494510106655,453.004632472992,0.2456557750701904,0.2541842460632324,,,0.0003965675081771,,,,,,,,,,,,,,,1335.0,0.1957236684465528
np-in_context-protein-seed1,wyqvkmol,2026-07-21T19:42:43Z,np,in_context,1,rmse,0.2037965395724732,0.2583036639116707,0.2117806411370998,0.2813916965779388,919.4932963848114,0.2640318870544433,0.2603561878204345,,,3.082131641442947e-05,,,,,,,,,,,,,,,2851.0,0.0932621545712612
np-in_context-protein-seed1,yyv2gfnu,2026-07-21T15:26:42Z,np,in_context,1,rmse,0.1616870534544622,0.2488333476541042,0.1675852931750361,0.262921173532548,420.4452431201935,0.2997140884399414,0.3059160709381103,,,0.0001957889720121,,,,,,,,,,,,,,,1202.0,0.0847309598677809
np-in_context-protein-seed1,zyvateei,2026-07-21T17:45:44Z,np,in_context,1,rmse,0.148513348675771,0.2475434612185258,0.1546369778569982,0.2618640284299298,600.7080080509186,0.3029847145080566,0.2980215549468994,,,0.0001713436419711,,,,,,,,,,,,,,,1763.0,0.1224191445444842
np-in_context-protein-seed2,0nml9e9f,2026-07-21T22:29:26Z,np,in_context,2,rmse,0.1572199632066467,0.2647446491636214,0.1489540392513474,0.2421691702731072,541.4776930809021,0.1386895179748535,0.1409084796905517,,,0.0001229607110732,,,,,,,,,,,,,,,2172.0,0.1205526752143287
np-in_context-protein-seed2,0vlim2ze,2026-07-21T23:38:30Z,np,in_context,2,rmse,0.1431174926226147,0.2561624160043811,0.1269073619244406,0.2202886048166514,317.1010332107544,0.129202127456665,0.1355400085449218,,,0.0004626362841475,,,,,,,,,,,,,,,1244.0,0.0040436794880651
np-in_context-protein-seed2,1pgfnxg7,2026-07-22T01:53:40Z,np,in_context,2,rmse,0.2055763816168914,0.2837018339718914,0.1938377074663647,0.2417990534102472,744.3647282123566,0.1051993370056152,0.1010341644287109,,,3.210577849550394e-05,,,,,,,,,,,,,,,3121.0,0.1306216650930796
np-in_context-protein-seed2,1qlnvezg,2026-07-21T23:07:10Z,np,in_context,2,rmse,0.1686767418625462,0.2703288240235555,0.1580275425927564,0.2393327352883154,484.0863652229309,0.1393206119537353,0.1398594379425048,,,0.000114232541556,,,,,,,,,,,,,,,1889.0,0.1583450076165329
np-in_context-protein-seed2,2d0kwoln,2026-07-22T00:51:58Z,np,in_context,2,rmse,0.1883884390056756,0.2697141470879222,0.1792243000522307,0.2382653173511013,480.0223650932312,0.1498160362243652,0.1457216739654541,,,7.4827960376208e-05,,,,,,,,,,,,,,,1876.0,0.0719015801147572
np-in_context-protein-seed2,4f6a6cke,2026-07-22T01:31:23Z,np,in_context,2,rmse,0.1810138582767925,0.2696864388546944,0.1716303709076672,0.2387834452979881,502.45407247543335,0.1042985916137695,0.1006290912628173,,,7.537078298264379e-05,,,,,,,,,,,,,,,2121.0,0.1140393540835759
np-in_context-protein-seed2,4p2ukciq,2026-07-22T01:41:04Z,np,in_context,2,rmse,0.2229377268083419,0.2832003672429914,0.2119506211230979,0.2407490796981567,750.8244261741638,0.1019480228424072,0.1016321182250976,,,2.1019338091154404e-05,,,,,,,,,,,,,,,3146.0,0.0417753512189669
np-in_context-protein-seed2,7fjdtp5y,2026-07-22T00:01:10Z,np,in_context,2,rmse,0.1680753023366895,0.2627312986221111,0.1573617782326941,0.2302323502113576,291.2352056503296,0.1363382339477539,0.1383650302886963,,,0.0001904767808428,,,,,,,,,,,,,,,1203.0,0.0236548851737866
np-in_context-protein-seed2,81xtoipt,2026-07-22T00:40:20Z,np,in_context,2,rmse,0.158672741481236,0.2640953208427187,0.15084800321466,0.2427146114184226,400.8342087268829,0.1355359554290771,0.1381213665008545,,,0.0001713436419711,,,,,,,,,,,,,,,1583.0,0.1224191445444842
np-in_context-protein-seed2,8edskzx0,2026-07-22T02:06:09Z,np,in_context,2,rmse,0.2055423882780174,0.2785924746579105,0.1946432465875605,0.2384124843653277,752.492095708847,0.1045570373535156,0.103513479232788,,,3.082131641442947e-05,,,,,,,,,,,,,,,3146.0,0.0932621545712612
np-in_context-protein-seed2,aihkxuow,2026-07-22T00:10:27Z,np,in_context,2,rmse,0.1779812071796909,0.2678633218703105,0.1704874603590483,0.2438619830122402,612.9304761886597,0.1390740871429443,0.1387882232666015,,,6.75031252159592e-05,,,,,,,,,,,,,,,2446.0,0.1043696643500143
np-in_context-protein-seed2,ayc86rac,2026-07-22T00:26:43Z,np,in_context,2,rmse,0.1615659667224419,0.2617444269645069,0.149874537664008,0.2289892049866242,433.5823616981506,0.1436266899108886,0.1353507041931152,,,0.0001370464839284,,,,,,,,,,,,,,,1758.0,0.0912300664433097
np-in_context-protein-seed2,cbxw5blo,2026-07-22T01:06:36Z,np,in_context,2,rmse,0.2206130875112287,0.2835756755255718,0.2102788865358572,0.2438509981659542,956.4731805324554,0.1403243541717529,0.1379358768463134,,,1.810725406663106e-05,,,,,,,,,,,,,,,3842.0,0.0420765122147681
np-in_context-protein-seed2,co5xp9zu,2026-07-22T00:34:03Z,np,in_context,2,rmse,0.1588745648852624,0.2560103559926786,0.1467522544727923,0.2185298712511884,372.4393010139465,0.1378452777862548,0.1417052745819091,,,0.0001718980674331,,,,,,,,,,,,,,,1484.0,0.003757960087271
np-in_context-protein-seed2,df1ojbnp,2026-07-21T22:24:13Z,np,in_context,2,rmse,0.1568290497783169,0.2648718215060438,0.1437499282252082,0.2309395517012558,306.51175713539124,0.1398665904998779,0.1390304565429687,,,0.0002693883019285,,,,,,,,,,,,,,,1180.0,0.1097627007854649
np-in_context-protein-seed2,f4r86gxf,2026-07-21T23:49:09Z,np,in_context,2,rmse,0.1497936581069999,0.2664205494237044,0.1346736336418976,0.2334447054163078,305.0695478916168,0.1421756744384765,0.131272554397583,,,0.0003965675081771,,,,,,,,,,,,,,,1209.0,0.1957236684465528
np-in_context-protein-seed2,fn02n43k,2026-07-22T00:06:06Z,np,in_context,2,rmse,0.1448932541372053,0.2606029107718658,0.129948612704925,0.229014503564311,255.9429790973664,0.1389467716217041,0.1380674839019775,,,0.0007750644796341,,,,,,,,,,,,,,,1005.0,0.0286706574818092
np-in_context-protein-seed2,g3f7c75a,2026-07-21T23:21:57Z,np,in_context,2,rmse,0.2205657560235532,0.2687305529460042,0.211361276978815,0.2299873175972823,987.6365087032318,0.1051888465881347,0.1038079261779785,,,1.4936835544198446e-05,,,,,,,,,,,,,,,4000.0,0.0142072116395773
np-in_context-protein-seed2,hpiteiem,2026-07-21T23:43:53Z,np,in_context,2,rmse,0.1460588966927877,0.2639879104045008,0.1306060631516087,0.2313898427254857,311.22969675064087,0.1416170597076416,0.138772964477539,,,0.0005495716186411,,,,,,,,,,,,,,,1235.0,0.1556313501899701
np-in_context-protein-seed2,i2f7842d,2026-07-21T23:54:19Z,np,in_context,2,rmse,0.1410149796914556,0.2545704468507005,0.1288343123857983,0.2274634029400582,406.6501123905182,0.1299188137054443,0.1331117153167724,,,0.0003639639356786,,,,,,,,,,,,,,,1642.0,0.0922958724505863
np-in_context-protein-seed2,jfhbnx05,2026-07-22T02:24:52Z,np,in_context,2,rmse,0.3087383961428333,0.3562169889756147,0.2993286877143674,0.3179106044397958,65.18962168693542,0.0989975929260254,0.1014356613159179,,,1.889582693802601e-05,,,,,,,,,,,,,,,272.0,0.1312659178930547
np-in_context-protein-seed2,kxlme18t,2026-07-22T01:00:04Z,np,in_context,2,rmse,0.3090580597987158,0.3563343157331289,0.2996960085028139,0.3181625658561218,78.28404211997986,0.1395771503448486,0.1402051448822021,,,1.3196262418422204e-05,,,,,,,,,,,,,,,302.0,0.1395262391854529
np-in_context-protein-seed2,l4h7jfjj,2026-07-21T22:38:33Z,np,in_context,2,rmse,0.149386764818783,0.2593916320847861,0.1378770821601256,0.2316123428279442,425.2829082012177,0.1315548419952392,0.1366817951202392,,,0.0001957889720121,,,,,,,,,,,,,,,1758.0,0.0847309598677809
np-in_context-protein-seed2,lbdw0v5u,2026-07-22T01:22:39Z,np,in_context,2,rmse,0.1975916287624877,0.2713234340849223,0.1873155354622764,0.2347052233113868,519.5045955181122,0.1016407012939453,0.1019203662872314,,,5.338528208876637e-05,,,,,,,,,,,,,,,2152.0,0.0630856701848367
np-in_context-protein-seed2,lxvsk4ch,2026-07-22T00:20:47Z,np,in_context,2,rmse,0.1430913346985076,0.2562860207698967,0.129135327887452,0.2246147731695666,350.8131904602051,0.1357359886169433,0.1391968727111816,,,0.0003535634629148,,,,,,,,,,,,,,,1407.0,0.0529111224209254
np-in_context-protein-seed2,nwp5n0jo,2026-07-22T01:39:51Z,np,in_context,2,rmse,0.3162130894145899,0.3565729046989739,0.3070861204991357,0.3187270045119405,68.2032699584961,0.1021454334259033,0.0950469970703125,,,1.5998881492631487e-05,,,,,,,,,,,,,,,283.0,0.1976747676118452
np-in_context-protein-seed2,ur43zp68,2026-07-22T01:01:34Z,np,in_context,2,rmse,0.1645614012608544,0.2697126748443565,0.1508225032261439,0.2321690231604386,296.7822639942169,0.1399223804473877,0.139965534210205,,,0.00021941976179,,,,,,,,,,,,,,,1208.0,0.1333533430891335
np-in_context-protein-seed2,v9ky6ma9,2026-07-22T00:47:06Z,np,in_context,2,rmse,0.1665208331383894,0.2714497884791255,0.1536544108640026,0.2365097277179998,286.71605682373047,0.1409106254577636,0.1315317153930664,,,0.0002310152225018,,,,,,,,,,,,,,,1119.0,0.1887496157029248
np-in_context-protein-seed2,voqco5ue,2026-07-21T23:15:20Z,np,in_context,2,rmse,0.1396159295005665,0.2508654983797675,0.1309912645027612,0.2346535677489745,392.3914368152618,0.1450505256652832,0.1395392417907714,,,0.0007098936257405,,,,,,,,,,,,,,,1595.0,0.1136089122187864
np-in_context-protein-seed2,wyu83yzc,2026-07-21T22:53:51Z,np,in_context,2,rmse,0.1715848371126926,0.2719449319084715,0.1588213086543598,0.2334489117423068,793.9901900291443,0.136735200881958,0.1388683319091797,,,5.846326121643416e-05,,,,,,,,,,,,,,,3234.0,0.1927325521002058
np-in_context-protein-seed2,x7o90jf3,2026-07-21T22:46:25Z,np,in_context,2,rmse,0.1418506309961192,0.2553819968191311,0.1293782357139454,0.2298981372066186,440.2684631347656,0.1018209457397461,0.100677490234375,,,0.0006074996073425,,,,,,,,,,,,,,,1880.0,0.0875174422525385
np-in_context-protein-seed2,zzku1y8g,2026-07-22T02:18:47Z,np,in_context,2,rmse,0.2565738797603168,0.3090218725888412,0.2466418103473942,0.2699389360776777,360.9733307361603,0.1024031639099121,0.1008052825927734,,,1.6624564693643617e-05,,,,,,,,,,,,,,,1501.0,0.0317939167291039
np-in_context-protein-seed3,28ejhs0f,2026-07-21T12:41:54Z,np,in_context,3,rmse,0.1699461122838462,0.210191837293508,0.1850891777862655,0.25710233792758,902.0840258598328,0.3134970664978027,0.302976131439209,,,5.338528208876637e-05,,,,,,,,,,,,,,,2503.0,0.0630856701848367
np-in_context-protein-seed3,338855ss,2026-07-21T10:52:53Z,np,in_context,3,rmse,0.11133457143963,0.2004254059930571,0.1497932261290866,0.2717062473650878,666.5880291461945,0.2845678329467773,0.2919404506683349,,,0.0007750644796341,,,,,,,,,,,,,,,1912.0,0.0286706574818092
np-in_context-protein-seed3,3vuf4jbw,2026-07-21T12:03:27Z,np,in_context,3,rmse,0.1514220221117398,0.2085046025252464,0.1690126080130866,0.2564244638273293,881.1191110610962,0.3033010959625244,0.2975225448608398,,,7.4827960376208e-05,,,,,,,,,,,,,,,2468.0,0.0719015801147572
np-in_context-protein-seed3,4j59lor4,2026-07-21T14:18:45Z,np,in_context,3,rmse,0.2448758514085297,0.262566781895144,0.2533050497234491,0.2872001693065729,478.8007340431213,0.2574427127838135,0.2627217769622803,,,1.6624564693643617e-05,,,,,,,,,,,,,,,1346.0,0.0317939167291039
np-in_context-protein-seed3,51ostn3s,2026-07-21T08:02:35Z,np,in_context,3,rmse,0.1381244127758704,0.2107080814065436,0.159516032149152,0.2642081421462892,731.3455226421356,0.2457807064056396,0.2877469062805176,,,0.0001229607110732,,,,,,,,,,,,,,,2036.0,0.1205526752143287
np-in_context-protein-seed3,5x8f0d0b,2026-07-21T12:57:01Z,np,in_context,3,rmse,0.1533614135370022,0.2102017325652792,0.1704254283306906,0.2571397449915537,851.7377362251282,0.3096728324890136,0.307197093963623,,,7.537078298264379e-05,,,,,,,,,,,,,,,2391.0,0.1140393540835759
np-in_context-protein-seed3,6krcgu3z,2026-07-21T11:44:08Z,np,in_context,3,rmse,0.1363200343859735,0.2105547067146885,0.1553467607664314,0.2569143531564252,564.7716062068939,0.2963829040527344,0.3117682933807373,,,0.0001713436419711,,,,,,,,,,,,,,,1598.0,0.1224191445444842
np-in_context-protein-seed3,6ydunega,2026-07-21T11:04:05Z,np,in_context,3,rmse,0.1749875138445598,0.2148034302854004,0.1883729276756791,0.2553074693306963,642.4324052333832,0.2991518974304199,0.2988781929016113,,,6.75031252159592e-05,,,,,,,,,,,,,,,1892.0,0.1043696643500143
np-in_context-protein-seed3,862yahy8,2026-07-21T13:37:05Z,np,in_context,3,rmse,0.1797384268730775,0.2202059937605236,0.194272582954646,0.2645536742958775,1248.4698452949524,0.2142188549041748,0.2129039764404297,,,3.210577849550394e-05,,,,,,,,,,,,,,,3498.0,0.1306216650930796
np-in_context-protein-seed3,8pidaxub,2026-07-21T08:35:31Z,np,in_context,3,rmse,0.1559956381129886,0.2163527211922716,0.1724788154043802,0.2613254268176895,1072.5656402111051,0.3040401935577392,0.2990314960479736,,,5.846326121643416e-05,,,,,,,,,,,,,,,2949.0,0.1927325521002058
np-in_context-protein-seed3,9bo4djmv,2026-07-21T11:53:40Z,np,in_context,3,rmse,0.1249292154345362,0.2102610806198207,0.1462178778565303,0.2569883920082919,572.0741376876831,0.2864913940429687,0.3005435466766357,,,0.0002310152225018,,,,,,,,,,,,,,,1607.0,0.1887496157029248
np-in_context-protein-seed3,ai4isezu,2026-07-21T11:14:53Z,np,in_context,3,rmse,0.1100841515570982,0.2006028368360067,0.142115995028293,0.2608415560703932,670.2566230297089,0.2924463748931885,0.3034589290618896,,,0.0003535634629148,,,,,,,,,,,,,,,1913.0,0.0529111224209254
np-in_context-protein-seed3,b5xkz5zb,2026-07-21T09:05:12Z,np,in_context,3,rmse,0.1076596954558369,0.1951519546805929,0.1397588444088394,0.2565442447062033,676.1208136081696,0.2913818359375,0.2838034629821777,,,0.0007098936257405,,,,,,,,,,,,,,,1891.0,0.1136089122187864
np-in_context-protein-seed3,c5z1bg9e,2026-07-21T13:11:19Z,np,in_context,3,rmse,0.3008449036069863,0.3148603052529172,0.3090217670081799,0.3398427469908306,103.1296248435974,0.3135123252868652,0.3245444297790527,,,1.5998881492631487e-05,,,,,,,,,,,,,,,287.0,0.1976747676118452
np-in_context-protein-seed3,ckh409i7,2026-07-21T09:16:34Z,np,in_context,3,rmse,0.2070867757764012,0.2206647040332453,0.2182424591808784,0.2571129396442165,1425.9680659770966,0.3071639537811279,0.2950983047485351,,,1.4936835544198446e-05,,,,,,,,,,,,,,,4000.0,0.0142072116395773
np-in_context-protein-seed3,fjprmxbh,2026-07-21T11:26:09Z,np,in_context,3,rmse,0.1509552301014757,0.2106172943413182,0.1677899111438711,0.257377418018871,521.7115244865417,0.2979474067687988,0.3070313930511474,,,0.0001370464839284,,,,,,,,,,,,,,,1502.0,0.0912300664433097
np-in_context-protein-seed3,h5m8j7wf,2026-07-21T10:43:39Z,np,in_context,3,rmse,0.1314689357106278,0.2031015321194264,0.1546591449697674,0.2613017982179387,549.3390662670135,0.2575316429138183,0.2546553611755371,,,0.0001904767808428,,,,,,,,,,,,,,,1561.0,0.0236548851737866
np-in_context-protein-seed3,hg673ngp,2026-07-21T08:26:20Z,np,in_context,3,rmse,0.1108938210517272,0.2006596466400496,0.1369769564904402,0.2515857354878208,545.9093933105469,0.2818398475646972,0.2591495513916015,,,0.0006074996073425,,,,,,,,,,,,,,,1578.0,0.0875174422525385
np-in_context-protein-seed3,hwmu2qbp,2026-07-21T13:13:08Z,np,in_context,3,rmse,0.1905244036418635,0.2148323139716614,0.2033701906636201,0.2561065905201495,1431.836174249649,0.2981154918670654,0.3072786331176758,,,2.1019338091154404e-05,,,,,,,,,,,,,,,4000.0,0.0417753512189669
np-in_context-protein-seed3,jrj8xwwx,2026-07-21T12:18:14Z,np,in_context,3,rmse,0.2963454349531114,0.3145156679718309,0.3046838580938997,0.3395500907884463,109.45163583755492,0.3009781837463379,0.2954208850860595,,,1.3196262418422204e-05,,,,,,,,,,,,,,,303.0,0.1395262391854529
np-in_context-protein-seed3,nm1wpzm8,2026-07-21T14:26:49Z,np,in_context,3,rmse,0.251954414287926,0.2793103429694539,0.2614010933799611,0.3075361051860378,365.1912450790405,0.3209807872772217,0.3193154335021972,,,1.889582693802601e-05,,,,,,,,,,,,,,,995.0,0.1312659178930547
np-in_context-protein-seed3,p5o287jn,2026-07-21T09:40:26Z,np,in_context,3,rmse,0.1132051620749231,0.2028511236793232,0.137904177144014,0.2536980097332125,1829.84037399292,0.2891299724578857,0.2900176048278808,,,0.0004626362841475,,,,,,,,,,,,,,,1514.0,0.0040436794880651
np-in_context-protein-seed3,pt8stvr1,2026-07-21T10:33:23Z,np,in_context,3,rmse,0.1124837855428768,0.2019821052178631,0.1418094502093484,0.260076051999373,609.4618566036224,0.2987458705902099,0.3025963306427002,,,0.0003639639356786,,,,,,,,,,,,,,,1714.0,0.0922958724505863
np-in_context-protein-seed3,rq0c4d8g,2026-07-21T11:34:56Z,np,in_context,3,rmse,0.1348228521047984,0.2012336554593671,0.1565336067917455,0.2588910104196248,546.7194769382477,0.3034901618957519,0.2988524436950683,,,0.0001718980674331,,,,,,,,,,,,,,,1597.0,0.003757960087271
np-in_context-protein-seed3,rqycjl5p,2026-07-21T07:56:21Z,np,in_context,3,rmse,0.1503051465396681,0.2188955443487484,0.1669437262239356,0.2607975796043988,364.0347201824188,0.302725076675415,0.2830650806427002,,,0.0002693883019285,,,,,,,,,,,,,,,924.0,0.1097627007854649
np-in_context-protein-seed3,slhfirhx,2026-07-21T12:20:09Z,np,in_context,3,rmse,0.1197117662595955,0.2076161653386921,0.1483451663824739,0.2691066244152545,686.8068790435791,0.3105089664459228,0.3023610115051269,,,0.00021941976179,,,,,,,,,,,,,,,1912.0,0.1333533430891335
np-in_context-protein-seed3,t39nf1uc,2026-07-21T12:31:42Z,np,in_context,3,rmse,0.2385951185060295,0.2621314498911071,0.2465818518130206,0.2845227928959261,605.2290761470795,0.3019247055053711,0.3082756996154785,,,1.810725406663106e-05,,,,,,,,,,,,,,,1686.0,0.0420765122147681
np-in_context-protein-seed3,t8w2crgc,2026-07-21T13:58:26Z,np,in_context,3,rmse,0.1815504479491337,0.2180846460670846,0.1960315106222438,0.2628025553363967,1213.5156044960022,0.2439937591552734,0.2582426071166992,,,3.082131641442947e-05,,,,,,,,,,,,,,,3492.0,0.0932621545712612
np-in_context-protein-seed3,t9uihgml,2026-07-21T08:53:30Z,np,in_context,3,rmse,0.1468338650693461,0.2134538042917485,0.162256307302867,0.254530606882109,688.774040222168,0.3057405948638916,0.2998688220977783,,,0.000114232541556,,,,,,,,,,,,,,,1890.0,0.1583450076165329
np-in_context-protein-seed3,u8q8srz9,2026-07-21T08:14:58Z,np,in_context,3,rmse,0.1206761536282529,0.2028380904697929,0.1503140652221254,0.2682530973159836,675.9586386680603,0.2905318737030029,0.2802817821502685,,,0.0001957889720121,,,,,,,,,,,,,,,1912.0,0.0847309598677809
np-in_context-protein-seed3,wcdnsvhs,2026-07-21T10:22:09Z,np,in_context,3,rmse,0.1111611821510235,0.20217844081845,0.1408537987632618,0.2614427157535234,668.9542391300201,0.2948081493377685,0.2964811325073242,,,0.0003965675081771,,,,,,,,,,,,,,,1912.0,0.1957236684465528
np-in_context-protein-seed3,yj69xf0a,2026-07-21T10:11:13Z,np,in_context,3,rmse,0.1103233776026071,0.2017383574908579,0.1374632340275036,0.2545778657623604,650.252748966217,0.2940256595611572,0.2876739501953125,,,0.0005495716186411,,,,,,,,,,,,,,,1882.0,0.1556313501899701
np-in_context-protein-seed4,2guoao3p,2026-07-21T16:50:02Z,np,in_context,4,rmse,0.1496319920343804,0.2377477494068485,0.1598043209168969,0.2631633376096682,269.5788061618805,0.3043265342712402,0.2960681915283203,,,0.0004626362841475,,,,,,,,,,,,,,,754.0,0.0040436794880651
np-in_context-protein-seed4,2okir5p4,2026-07-21T18:23:48Z,np,in_context,4,rmse,0.1414000148972568,0.238867800130207,0.1523141827732843,0.2657306201635469,542.087525844574,0.3007240295410156,0.3105697631835937,,,0.00021941976179,,,,,,,,,,,,,,,1521.0,0.1333533430891335
np-in_context-protein-seed4,3vcbwgzg,2026-07-21T19:04:31Z,np,in_context,4,rmse,0.2516601309959066,0.2826838398099702,0.254882427042785,0.2924426615874231,281.7260708808899,0.2984874248504638,0.3020215034484863,,,3.082131641442947e-05,,,,,,,,,,,,,,,750.0,0.0932621545712612
np-in_context-protein-seed4,4djgo24t,2026-07-21T17:01:28Z,np,in_context,4,rmse,0.1362684695147471,0.237561777561991,0.1491498515165641,0.2667900479498694,398.75102639198303,0.3039302825927734,0.312664270401001,,,0.0003965675081771,,,,,,,,,,,,,,,1118.0,0.1957236684465528
np-in_context-protein-seed4,4jgrwkbe,2026-07-21T16:11:54Z,np,in_context,4,rmse,0.1426497369693131,0.2386199789418918,0.1503920604958351,0.2603030833847388,586.8418965339661,0.2525973320007324,0.252587080001831,,,0.0001957889720121,,,,,,,,,,,,,,,1626.0,0.0847309598677809
np-in_context-protein-seed4,5k85btah,2026-07-21T16:39:32Z,np,in_context,4,rmse,0.1345798479140013,0.2381033382379458,0.1499820270604788,0.2683900719013005,313.1879532337189,0.2100176811218261,0.2048263549804687,,,0.0007098936257405,,,,,,,,,,,,,,,867.0,0.1136089122187864
np-in_context-protein-seed4,5nsy8mz4,2026-07-21T15:52:39Z,np,in_context,4,rmse,0.1423516489487492,0.2383043031636105,0.1510826037735889,0.2598977949701154,449.8313963413239,0.3069121837615967,0.2871351242065429,,,0.0002693883019285,,,,,,,,,,,,,,,1261.0,0.1097627007854649
np-in_context-protein-seed4,8tfq9865,2026-07-21T17:34:24Z,np,in_context,4,rmse,0.1521850213771913,0.2396031288464723,0.1640775128939426,0.2684943093991024,311.90645694732666,0.2954955101013183,0.3102352619171142,,,0.0003535634629148,,,,,,,,,,,,,,,866.0,0.0529111224209254
np-in_context-protein-seed4,98a6smfk,2026-07-21T18:48:59Z,np,in_context,4,rmse,0.3059691851147376,0.323874311702513,0.3089192353889917,0.331487498006862,105.18903255462646,0.2963089942932129,0.3116767406463623,,,1.5998881492631487e-05,,,,,,,,,,,,,,,284.0,0.1976747676118452
np-in_context-protein-seed4,9gipdahx,2026-07-21T18:57:41Z,np,in_context,4,rmse,0.2418451741182015,0.2823891074215378,0.2449168693728563,0.2921291327688877,398.8047230243683,0.3069419860839844,0.3115332126617431,,,3.210577849550394e-05,,,,,,,,,,,,,,,1120.0,0.1306216650930796
np-in_context-protein-seed4,9nma3nlx,2026-07-21T16:26:57Z,np,in_context,4,rmse,0.2381312739142972,0.282154041162183,0.2412314664196054,0.2919871275870899,281.5169277191162,0.3033134937286377,0.3017997741699219,,,5.846326121643416e-05,,,,,,,,,,,,,,,783.0,0.1927325521002058
np-in_context-protein-seed4,9u38xok7,2026-07-21T19:09:27Z,np,in_context,4,rmse,0.252570182188878,0.2802188318067795,0.2557381686433267,0.2910758728369594,413.0728449821472,0.244525671005249,0.2572543621063232,,,1.6624564693643617e-05,,,,,,,,,,,,,,,1137.0,0.0317939167291039
np-in_context-protein-seed4,a44iguqq,2026-07-21T17:46:55Z,np,in_context,4,rmse,0.1394952381944822,0.2310365507737053,0.1484535828700049,0.2531103696266573,650.9891533851624,0.2986550331115722,0.2792541980743408,,,0.0001718980674331,,,,,,,,,,,,,,,1825.0,0.003757960087271
np-in_context-protein-seed4,awfy75o7,2026-07-21T17:08:20Z,np,in_context,4,rmse,0.1525660857090966,0.2402791157809199,0.1596229400368933,0.2579468511908955,313.2424478530884,0.2905454635620117,0.3068950176239013,,,0.0003639639356786,,,,,,,,,,,,,,,841.0,0.0922958724505863
np-in_context-protein-seed4,do0x7bc5,2026-07-21T16:00:14Z,np,in_context,4,rmse,0.1540773836993174,0.242904698168717,0.1605715336284571,0.2625630696149107,694.0063989162445,0.293389081954956,0.2959225177764892,,,0.0001229607110732,,,,,,,,,,,,,,,1937.0,0.1205526752143287
np-in_context-protein-seed4,g64l6grs,2026-07-21T17:24:06Z,np,in_context,4,rmse,0.1960499128813527,0.2526338140801868,0.1987880082080589,0.2614608053138782,578.2335650920868,0.2844371795654297,0.313413143157959,,,6.75031252159592e-05,,,,,,,,,,,,,,,1596.0,0.1043696643500143
np-in_context-protein-seed4,h1uc5k3j,2026-07-21T18:45:24Z,np,in_context,4,rmse,0.2414721047006002,0.2795408606552395,0.2449774659053789,0.2909667741760949,208.8818359375,0.3033061027526855,0.3075048923492431,,,7.537078298264379e-05,,,,,,,,,,,,,,,587.0,0.1140393540835759
np-in_context-protein-seed4,hgy815jq,2026-07-21T17:18:46Z,np,in_context,4,rmse,0.1334302450306324,0.2357325187512111,0.1461276808682219,0.2612131819794653,302.41081857681274,0.2595906257629394,0.2636125087738037,,,0.0007750644796341,,,,,,,,,,,,,,,821.0,0.0286706574818092
np-in_context-protein-seed4,jgt2putk,2026-07-21T18:08:12Z,np,in_context,4,rmse,0.1398686997151125,0.241440291509131,0.1477474186063228,0.2612466623972513,573.7150466442108,0.3025262355804443,0.2946093082427978,,,0.0002310152225018,,,,,,,,,,,,,,,1587.0,0.1887496157029248
np-in_context-protein-seed4,jm82009j,2026-07-21T18:41:41Z,np,in_context,4,rmse,0.2484428990593355,0.2804659897517679,0.251675117306593,0.2917364040409635,216.5549681186676,0.2143874168395996,0.2162985801696777,,,5.338528208876637e-05,,,,,,,,,,,,,,,587.0,0.0630856701848367
np-in_context-protein-seed4,kli6xhli,2026-07-21T17:39:45Z,np,in_context,4,rmse,0.17620902111306,0.2447804541666561,0.1828495417737794,0.2656770607112757,425.0666887760162,0.294696569442749,0.3095881938934326,,,0.0001370464839284,,,,,,,,,,,,,,,1204.0,0.0912300664433097
np-in_context-protein-seed4,ku50irov,2026-07-21T16:44:50Z,np,in_context,4,rmse,0.2580347227302578,0.280867472458516,0.2611886865170575,0.2909314535839389,292.97268199920654,0.3058240413665771,0.2969353199005127,,,1.4936835544198446e-05,,,,,,,,,,,,,,,837.0,0.0142072116395773
np-in_context-protein-seed4,kwmkeztd,2026-07-21T18:18:17Z,np,in_context,4,rmse,0.2458959971570802,0.2798106268860411,0.248855909819387,0.2892210725009904,181.1416039466858,0.3003003597259521,0.300668716430664,,,7.4827960376208e-05,,,,,,,,,,,,,,,512.0,0.0719015801147572
np-in_context-protein-seed4,p39csjc7,2026-07-21T16:31:44Z,np,in_context,4,rmse,0.1817698927291179,0.2506634170184855,0.18530918081463,0.2619322178260424,462.30091547966,0.2832694053649902,0.2993371486663818,,,0.000114232541556,,,,,,,,,,,,,,,1306.0,0.1583450076165329
np-in_context-protein-seed4,pi9p9n3k,2026-07-21T18:50:51Z,np,in_context,4,rmse,0.2490442455437956,0.2798940788594133,0.2523621549174345,0.2912202554356549,405.0723087787628,0.2606875896453857,0.2523488998413086,,,2.1019338091154404e-05,,,,,,,,,,,,,,,1137.0,0.0417753512189669
np-in_context-protein-seed4,q0nvi3l2,2026-07-21T18:33:04Z,np,in_context,4,rmse,0.247486619583821,0.2794865461388302,0.2508386485668009,0.2907062158481643,511.6844110488891,0.2696559429168701,0.269449234008789,,,1.810725406663106e-05,,,,,,,,,,,,,,,1392.0,0.0420765122147681
np-in_context-protein-seed4,q4m7etw6,2026-07-21T17:58:00Z,np,in_context,4,rmse,0.1479796366409142,0.2401268518013059,0.1589284458226859,0.2694650937479588,587.1678194999695,0.3008937835693359,0.2991409301757812,,,0.0001713436419711,,,,,,,,,,,,,,,1626.0,0.1224191445444842
np-in_context-protein-seed4,sj8r28pb,2026-07-21T16:54:45Z,np,in_context,4,rmse,0.1351555880769204,0.2410097540789535,0.1447413574112417,0.263124801590015,381.9013273715973,0.3007864952087402,0.3051693439483642,,,0.0005495716186411,,,,,,,,,,,,,,,1068.0,0.1556313501899701
np-in_context-protein-seed4,v3mwj1lz,2026-07-21T16:21:46Z,np,in_context,4,rmse,0.137901090163387,0.2406377469885748,0.1518755424313428,0.2706381577210442,306.4145288467407,0.3035242557525635,0.3069593906402588,,,0.0006074996073425,,,,,,,,,,,,,,,865.0,0.0875174422525385
np-in_context-protein-seed4,w264nm42,2026-07-21T19:16:25Z,np,in_context,4,rmse,0.2993777404678823,0.3244073902239797,0.3025243672759691,0.3320689764119904,98.46646690368652,0.2874641418457031,0.3055896759033203,,,1.889582693802601e-05,,,,,,,,,,,,,,,272.0,0.1312659178930547
np-in_context-protein-seed4,xeh1l4h8,2026-07-21T17:13:38Z,np,in_context,4,rmse,0.1833849119392421,0.2406917520615924,0.1894807915238968,0.2594317415307813,302.45663690567017,0.3052301406860351,0.2977979183197021,,,0.0001904767808428,,,,,,,,,,,,,,,825.0,0.0236548851737866
np-in_context-protein-seed4,z3jc8ggy,2026-07-21T18:21:55Z,np,in_context,4,rmse,0.3006591132293595,0.3243176984419785,0.3036901427478325,0.331737466970272,104.35266852378844,0.3090667724609375,0.3111569881439209,,,1.3196262418422204e-05,,,,,,,,,,,,,,,300.0,0.1395262391854529
np-few_shot-protein-seed0,00cys596,2026-07-21T13:52:32Z,np,few_shot,0,rmse,0.3003416357249239,0.2940119327914358,0.315053200110411,0.3538183933692304,50.29817819595337,0.0821218490600586,0.0818331241607666,,,0.0001229607110732,,,,,,,,,,,,,,,219.0,0.1205526752143287
np-few_shot-protein-seed0,1zd0xetb,2026-07-21T15:01:43Z,np,few_shot,0,rmse,0.3006264067044223,0.2921063939382992,0.3162598395958925,0.3560137177764828,73.87453961372375,0.0810961723327636,0.0826380252838134,,,1.5998881492631487e-05,,,,,,,,,,,,,,,326.0,0.1976747676118452
np-few_shot-protein-seed0,2dm3t3ez,2026-07-21T13:51:35Z,np,few_shot,0,rmse,0.3102076488689784,0.2932487186420137,0.3253602859301445,0.3574589887833814,52.31557106971741,0.0914876461029052,0.0843806266784668,,,0.0002693883019285,,,,,,,,,,,,,,,209.0,0.1097627007854649
np-few_shot-protein-seed0,4bz1po1a,2026-07-21T14:57:52Z,np,few_shot,0,rmse,0.2844827993072732,0.2941105301668089,0.3006380185102805,0.3570772585229133,72.94512939453125,0.0863466262817382,0.0845320224761962,,,1.810725406663106e-05,,,,,,,,,,,,,,,320.0,0.0420765122147681
np-few_shot-protein-seed0,59y17aha,2026-07-21T13:53:27Z,np,few_shot,0,rmse,0.162123886773186,0.2272959725214859,0.1884931921958923,0.296330390500899,321.1082203388214,0.071073293685913,0.0715501308441162,,,0.0001957889720121,,,,,,,,,,,,,,,1459.0,0.0847309598677809
np-few_shot-protein-seed0,642nm850,2026-07-21T14:43:54Z,np,few_shot,0,rmse,0.1970117762140984,0.2317374672884633,0.216897203372075,0.2964898752538242,207.47126507759097,0.0837197303771972,0.0790820121765136,,,0.0001718980674331,,,,,,,,,,,,,,,935.0,0.003757960087271
np-few_shot-protein-seed0,6pwzfx82,2026-07-21T14:35:13Z,np,few_shot,0,rmse,0.1633816539806171,0.2264894457899956,0.1875643057700915,0.2904499797332498,195.27884149551392,0.0722949504852294,0.0704278945922851,,,0.0003535634629148,,,,,,,,,,,,,,,896.0,0.0529111224209254
np-few_shot-protein-seed0,6qinuw3s,2026-07-21T14:17:39Z,np,few_shot,0,rmse,0.1367891152409741,0.2247524174250549,0.1662227939336728,0.2866293584027127,285.42733693122864,0.0586476325988769,0.05983567237854,,,0.0003965675081771,,,,,,,,,,,,,,,1317.0,0.1957236684465528
np-few_shot-protein-seed0,6wshcgt3,2026-07-21T15:05:20Z,np,few_shot,0,rmse,0.2915630645125451,0.2932119699209651,0.3073562230819311,0.3562061588402116,58.89114022254944,0.085031509399414,0.085590124130249,,,3.082131641442947e-05,,,,,,,,,,,,,,,268.0,0.0932621545712612
np-few_shot-protein-seed0,b0rlev3b,2026-07-21T14:53:34Z,np,few_shot,0,rmse,0.3139787903667366,0.2934192943700959,0.3281798118200058,0.352830621743688,48.76441812515259,0.074007511138916,0.0658953189849853,,,0.0002310152225018,,,,,,,,,,,,,,,211.0,0.1887496157029248
np-few_shot-protein-seed0,b8iof3i9,2026-07-21T14:38:50Z,np,few_shot,0,rmse,0.1868702999866792,0.2278868716207118,0.2061376602221758,0.2880444709904581,289.9010555744171,0.084911823272705,0.0833992958068847,,,0.0001370464839284,,,,,,,,,,,,,,,1297.0,0.0912300664433097
np-few_shot-protein-seed0,bmd4nwmm,2026-07-21T14:27:29Z,np,few_shot,0,rmse,0.1953839228971161,0.2354754291129389,0.2147914920097742,0.2977767655416233,202.76673340797424,0.084902286529541,0.0853400230407714,,,0.0001904767808428,,,,,,,,,,,,,,,903.0,0.0236548851737866
np-few_shot-protein-seed0,clksjkrb,2026-07-21T14:04:05Z,np,few_shot,0,rmse,0.130139868624889,0.2249629536956602,0.1627830756016266,0.285879500797802,239.7350664138794,0.0876507759094238,0.0791206359863281,,,0.0007098936257405,,,,,,,,,,,,,,,1117.0,0.1136089122187864
np-few_shot-protein-seed0,huik2zgc,2026-07-21T14:02:51Z,np,few_shot,0,rmse,0.3044835363861418,0.2932743941113078,0.3191714653602013,0.3537191040083098,49.94395422935486,0.088963508605957,0.0829482078552246,,,0.000114232541556,,,,,,,,,,,,,,,220.0,0.1583450076165329
np-few_shot-protein-seed0,i1f2qz9z,2026-07-21T14:01:54Z,np,few_shot,0,rmse,0.3047104926004897,0.292737927264212,0.3199999087896102,0.3559147922944291,52.52777361869812,0.0849759578704834,0.0883924961090087,,,5.846326121643416e-05,,,,,,,,,,,,,,,237.0,0.1927325521002058
np-few_shot-protein-seed0,ib447lz3,2026-07-21T15:03:02Z,np,few_shot,0,rmse,0.2833147675451571,0.2939188640648517,0.2991248827714186,0.3547449935625371,68.39341711997986,0.085932970046997,0.0873825550079345,,,2.1019338091154404e-05,,,,,,,,,,,,,,,307.0,0.0417753512189669
np-few_shot-protein-seed0,jf0bwxhm,2026-07-21T14:23:15Z,np,few_shot,0,rmse,0.149556987477045,0.2269023209324704,0.1764372709469917,0.2911272645815556,249.4511594772339,0.0833687782287597,0.0852339267730712,,,0.0003639639356786,,,,,,,,,,,,,,,1101.0,0.0922958724505863
np-few_shot-protein-seed0,jotin1lh,2026-07-21T14:59:33Z,np,few_shot,0,rmse,0.2886966301576935,0.2942288704736486,0.3040984441072513,0.3547169934288712,54.68212080001831,0.059175968170166,0.0575067996978759,,,5.338528208876637e-05,,,,,,,,,,,,,,,242.0,0.0630856701848367
np-few_shot-protein-seed0,ncpq8o5c,2026-07-21T15:00:46Z,np,few_shot,0,rmse,0.2935976956012475,0.2946735593403395,0.3083279117559775,0.3525307889037316,51.99444627761841,0.0821361541748046,0.0845386981964111,,,7.537078298264379e-05,,,,,,,,,,,,,,,231.0,0.1140393540835759
np-few_shot-protein-seed0,nu12t1ee,2026-07-21T14:10:06Z,np,few_shot,0,rmse,0.1565510943858293,0.2246179789754669,0.1836667305383927,0.2936880945890431,179.53675270080566,0.0835602283477783,0.0844154357910156,,,0.0004626362841475,,,,,,,,,,,,,,,838.0,0.0040436794880651
np-few_shot-protein-seed0,pr3l1mfk,2026-07-21T14:34:14Z,np,few_shot,0,rmse,0.297298320018462,0.2948456669407941,0.3129976544624719,0.3586014818161305,52.96298289299011,0.0852296352386474,0.0791125297546386,,,6.75031252159592e-05,,,,,,,,,,,,,,,232.0,0.1043696643500143
np-few_shot-protein-seed0,qrule2sa,2026-07-21T14:55:35Z,np,few_shot,0,rmse,0.2927928475567894,0.2935286913105738,0.3079726833563584,0.3530130439449039,79.4549171924591,0.0847666263580322,0.0820543766021728,,,1.3196262418422204e-05,,,,,,,,,,,,,,,357.0,0.1395262391854529
np-few_shot-protein-seed0,ragg2yc4,2026-07-21T14:47:26Z,np,few_shot,0,rmse,0.1570635120364001,0.2223307305704961,0.1863496731489133,0.2986052276287088,362.71130871772766,0.0834183692932128,0.0857799053192138,,,0.0001713436419711,,,,,,,,,,,,,,,1728.0,0.1224191445444842
np-few_shot-protein-seed0,rci25ngg,2026-07-21T14:56:58Z,np,few_shot,0,rmse,0.3115468834438463,0.2935279372802787,0.3267979316222362,0.3583493896304096,48.780349016189575,0.0909981727600097,0.0916876792907714,,,0.00021941976179,,,,,,,,,,,,,,,211.0,0.1333533430891335
np-few_shot-protein-seed0,rylwgoti,2026-07-21T14:54:27Z,np,few_shot,0,rmse,0.2885206232975869,0.2945494949816443,0.303608619249784,0.3532978288319091,52.84037733078003,0.0814361572265625,0.0811095237731933,,,7.4827960376208e-05,,,,,,,,,,,,,,,232.0,0.0719015801147572
np-few_shot-protein-seed0,sa4x9kb4,2026-07-21T14:13:37Z,np,few_shot,0,rmse,0.1370269460399655,0.2279892020670556,0.1699002163532452,0.2953333270319125,236.49187588691711,0.0815727710723877,0.0863966941833496,,,0.0005495716186411,,,,,,,,,,,,,,,1082.0,0.1556313501899701
np-few_shot-protein-seed0,t523nnq3,2026-07-21T15:04:15Z,np,few_shot,0,rmse,0.294143748109358,0.2929530074644433,0.3095098978433853,0.3540209810627862,61.089958906173706,0.0806581974029541,0.0832126140594482,,,3.210577849550394e-05,,,,,,,,,,,,,,,266.0,0.1306216650930796
np-few_shot-protein-seed0,tdan0q56,2026-07-21T14:30:56Z,np,few_shot,0,rmse,0.1396941281583187,0.2282031403756138,0.1666222558571742,0.2841859812649852,188.76855564117432,0.087181806564331,0.0875589847564697,,,0.0007750644796341,,,,,,,,,,,,,,,854.0,0.0286706574818092
np-few_shot-protein-seed0,tv70fpvi,2026-07-21T15:06:24Z,np,few_shot,0,rmse,0.2788132646658124,0.2944704811341952,0.2944632646365043,0.3532851697994367,77.34401178359985,0.0866229534149169,0.0879924297332763,,,1.6624564693643617e-05,,,,,,,,,,,,,,,350.0,0.0317939167291039
np-few_shot-protein-seed0,uvb6h330,2026-07-21T13:58:52Z,np,few_shot,0,rmse,0.1444980880639849,0.2267727744502155,0.1795575527044443,0.3046934334887962,176.26049304008484,0.0828518867492675,0.0894010066986084,,,0.0006074996073425,,,,,,,,,,,,,,,839.0,0.0875174422525385
np-few_shot-protein-seed0,yow2vwxa,2026-07-21T14:08:25Z,np,few_shot,0,rmse,0.2774032397861898,0.2931668058826243,0.2936288699125632,0.3542299423111473,88.14075350761414,0.0903730392456054,0.0824873447418212,,,1.4936835544198446e-05,,,,,,,,,,,,,,,379.0,0.0142072116395773
np-few_shot-protein-seed0,zecwsvb5,2026-07-21T15:07:46Z,np,few_shot,0,rmse,0.2961970210945519,0.2930720591935134,0.3122921326221564,0.3581332635134031,68.7534110546112,0.0894818305969238,0.0749986171722412,,,1.889582693802601e-05,,,,,,,,,,,,,,,305.0,0.1312659178930547
np-few_shot-protein-seed1,1u18rshn,2026-07-21T20:51:54Z,np,few_shot,1,rmse,0.2480854854717121,0.3067357216970294,0.2486772841255136,0.2996590514680084,202.84771513938904,0.0678379535675048,0.0674622058868408,,,5.846326121643416e-05,,,,,,,,,,,,,,,922.0,0.1927325521002058
np-few_shot-protein-seed1,21ocrxq6,2026-07-21T22:01:34Z,np,few_shot,1,rmse,0.1826572384867635,0.265656330529647,0.1794657819223084,0.2514683008836749,224.1267421245575,0.0477552413940429,0.0401957035064697,,,0.00021941976179,,,,,,,,,,,,,,,1164.0,0.1333533430891335
np-few_shot-protein-seed1,45racd7l,2026-07-21T22:00:20Z,np,few_shot,1,rmse,0.3068817928954438,0.3379005354613721,0.3072797356035885,0.3260809801805479,69.53847217559814,0.0467512607574462,0.0399301052093505,,,1.3196262418422204e-05,,,,,,,,,,,,,,,351.0,0.1395262391854529
np-few_shot-protein-seed1,5tij7uwp,2026-07-21T22:22:50Z,np,few_shot,1,rmse,0.307722360104114,0.3381500000113819,0.3082169974410293,0.3266460284232788,56.926347732543945,0.0485849380493164,0.0403039455413818,,,1.889582693802601e-05,,,,,,,,,,,,,,,305.0,0.1312659178930547
np-few_shot-protein-seed1,9wuuc08q,2026-07-21T21:16:45Z,np,few_shot,1,rmse,0.1578381403342827,0.261832689204786,0.1550747380160645,0.2535569773125576,246.1276059150696,0.0518109798431396,0.0414438247680664,,,0.0003965675081771,,,,,,,,,,,,,,,1164.0,0.1957236684465528
np-few_shot-protein-seed1,crfsnae9,2026-07-21T20:43:00Z,np,few_shot,1,rmse,0.1880981155208774,0.2641143962320934,0.1857989786455295,0.2522997776752376,252.19642663002017,0.0655958652496337,0.0589411258697509,,,0.0001957889720121,,,,,,,,,,,,,,,1142.0,0.0847309598677809
np-few_shot-protein-seed1,d2ypa1m9,2026-07-21T22:05:23Z,np,few_shot,1,rmse,0.2959673871527185,0.3391649077209937,0.2958043501681129,0.3265255325546643,54.48236584663391,0.0276088714599609,0.0315217971801757,,,1.810725406663106e-05,,,,,,,,,,,,,,,322.0,0.0420765122147681
np-few_shot-protein-seed1,dhvgvuww,2026-07-21T21:31:27Z,np,few_shot,1,rmse,0.244281083553821,0.3012868503206038,0.2427550226249951,0.2866687269857998,186.787303686142,0.0554738044738769,0.0490939617156982,,,6.75031252159592e-05,,,,,,,,,,,,,,,919.0,0.1043696643500143
np-few_shot-protein-seed1,dl0xm208,2026-07-21T21:22:08Z,np,few_shot,1,rmse,0.1798821033297719,0.2572426741515258,0.1738021973795538,0.2329240890668076,267.3487296104431,0.0564346313476562,0.0518765449523925,,,0.0001904767808428,,,,,,,,,,,,,,,1318.0,0.0236548851737866
np-few_shot-protein-seed1,dqbypvgd,2026-07-21T21:44:30Z,np,few_shot,1,rmse,0.1938343581619796,0.2538115602156265,0.1908786240840118,0.2367549044807087,221.86826825141907,0.0586423873901367,0.0499570369720459,,,0.0001718980674331,,,,,,,,,,,,,,,1095.0,0.003757960087271
np-few_shot-protein-seed1,e42hbdvb,2026-07-21T21:34:39Z,np,few_shot,1,rmse,0.154787723834698,0.256552881616466,0.1475552840520871,0.2331490740599608,270.05851578712463,0.0574667453765869,0.0513794422149658,,,0.0003535634629148,,,,,,,,,,,,,,,1294.0,0.0529111224209254
np-few_shot-protein-seed1,emhsnxyr,2026-07-21T22:12:19Z,np,few_shot,1,rmse,0.3101763791971273,0.3383192430826249,0.3104580792804692,0.3261207581893335,65.66264820098877,0.0496864318847656,0.0462300777435302,,,1.5998881492631487e-05,,,,,,,,,,,,,,,331.0,0.1976747676118452
np-few_shot-protein-seed1,fu4btwdg,2026-07-21T22:06:22Z,np,few_shot,1,rmse,0.2488638512738101,0.3008156778670521,0.2470307942204827,0.2844101587075552,174.9915759563446,0.0397560596466064,0.0413880348205566,,,5.338528208876637e-05,,,,,,,,,,,,,,,922.0,0.0630856701848367
np-few_shot-protein-seed1,h2c9udd7,2026-07-21T21:52:26Z,np,few_shot,1,rmse,0.1660180883807736,0.2633995641191806,0.1621237001163047,0.2508076548807393,283.46204471588135,0.0492501258850097,0.0411288738250732,,,0.0002310152225018,,,,,,,,,,,,,,,1484.0,0.1887496157029248
np-few_shot-protein-seed1,heddcqmg,2026-07-21T22:20:18Z,np,few_shot,1,rmse,0.2670658851836945,0.3042315481363946,0.268092814707916,0.2994920805016041,145.38141083717346,0.0341427326202392,0.0288383960723876,,,1.6624564693643617e-05,,,,,,,,,,,,,,,737.0,0.0317939167291039
np-few_shot-protein-seed1,hjbymr04,2026-07-21T20:47:16Z,np,few_shot,1,rmse,0.1467220741552072,0.2612441575842958,0.1464097347835566,0.256816217125767,271.71881461143494,0.05126953125,0.052135944366455,,,0.0006074996073425,,,,,,,,,,,,,,,1282.0,0.0875174422525385
np-few_shot-protein-seed1,htdlv9qj,2026-07-21T22:09:22Z,np,few_shot,1,rmse,0.2419001114118349,0.3020870376899277,0.2405725485526475,0.2878792969766808,171.62466263771057,0.0465307235717773,0.0397593975067138,,,7.537078298264379e-05,,,,,,,,,,,,,,,919.0,0.1140393540835759
np-few_shot-protein-seed1,kozoaftm,2026-07-21T20:56:09Z,np,few_shot,1,rmse,0.2300635417858204,0.3019711987750566,0.227707706041784,0.2867218267131412,192.2972011566162,0.0685958862304687,0.0614726543426513,,,0.000114232541556,,,,,,,,,,,,,,,922.0,0.1583450076165329
np-few_shot-protein-seed1,lhblu0ac,2026-07-21T21:12:33Z,np,few_shot,1,rmse,0.1500201150253936,0.2613765662000533,0.1489920544144291,0.2583467959833017,248.1005153656006,0.0544085502624511,0.0522689819335937,,,0.0005495716186411,,,,,,,,,,,,,,,1164.0,0.1556313501899701
np-few_shot-protein-seed1,md2o1ypn,2026-07-21T21:08:41Z,np,few_shot,1,rmse,0.1561504398192559,0.2580956124098972,0.1504939706533547,0.2395093564970704,206.075266122818,0.0544242858886718,0.0516848564147949,,,0.0004626362841475,,,,,,,,,,,,,,,1043.0,0.0040436794880651
np-few_shot-protein-seed1,nttiu19g,2026-07-21T22:15:39Z,np,few_shot,1,rmse,0.308772700649875,0.3379029915173456,0.3093831939185226,0.3268006071762442,48.42586755752564,0.0416593551635742,0.040541648864746,,,3.210577849550394e-05,,,,,,,,,,,,,,,263.0,0.1306216650930796
np-few_shot-protein-seed1,o060xdun,2026-07-21T21:48:17Z,np,few_shot,1,rmse,0.191957176982106,0.2660924140482824,0.1881915194876242,0.2475824387085199,242.39200401306152,0.0460901260375976,0.0418250560760498,,,0.0001713436419711,,,,,,,,,,,,,,,1202.0,0.1224191445444842
np-few_shot-protein-seed1,p15s5la5,2026-07-21T20:35:49Z,np,few_shot,1,rmse,0.1824371456266283,0.2646693528175584,0.177869457526495,0.246108941737209,426.1637599468231,0.0742237567901611,0.0632762908935546,,,0.0001229607110732,,,,,,,,,,,,,,,1860.0,0.1205526752143287
np-few_shot-protein-seed1,rejge02b,2026-07-21T21:05:36Z,np,few_shot,1,rmse,0.2678524814285598,0.3063438807141447,0.2686822766425625,0.299880610871967,174.39708876609802,0.0653033256530761,0.0579814910888671,,,1.4936835544198446e-05,,,,,,,,,,,,,,,789.0,0.0142072116395773
np-few_shot-protein-seed1,seokwnac,2026-07-21T22:16:32Z,np,few_shot,1,rmse,0.2539951259439642,0.3048201359070514,0.2529954878275826,0.2902304156121441,221.32353949546817,0.0475833415985107,0.0412032604217529,,,3.082131641442947e-05,,,,,,,,,,,,,,,1176.0,0.0932621545712612
np-few_shot-protein-seed1,shdo9vuc,2026-07-21T22:13:29Z,np,few_shot,1,rmse,0.2664548600470269,0.3049699673385467,0.2665637739552747,0.2964916024175379,125.78275918960573,0.0466461181640625,0.0398721694946289,,,2.1019338091154404e-05,,,,,,,,,,,,,,,669.0,0.0417753512189669
np-few_shot-protein-seed1,svi570u6,2026-07-21T21:57:14Z,np,few_shot,1,rmse,0.2417872402217838,0.3011244834059682,0.2394752390432677,0.2838665518537879,181.8344783782959,0.0465874671936035,0.0412945747375488,,,7.4827960376208e-05,,,,,,,,,,,,,,,922.0,0.0719015801147572
np-few_shot-protein-seed1,uvwiy0v0,2026-07-21T21:39:36Z,np,few_shot,1,rmse,0.1953957597692529,0.2700092957422229,0.1920486352587706,0.2541688249967322,284.14428091049194,0.0550699234008789,0.0487115383148193,,,0.0001370464839284,,,,,,,,,,,,,,,1376.0,0.0912300664433097
np-few_shot-protein-seed1,uyem59r9,2026-07-21T21:20:56Z,np,few_shot,1,rmse,0.2482980656457114,0.3039224889017056,0.2481299854765002,0.2955606368095179,67.35305285453796,0.0468976497650146,0.0406126976013183,,,0.0003639639356786,,,,,,,,,,,,,,,317.0,0.0922958724505863
np-few_shot-protein-seed1,v6tp38lg,2026-07-21T21:26:41Z,np,few_shot,1,rmse,0.1413786402949086,0.2567349488343129,0.1328678851159627,0.2334718245757332,281.7611813545227,0.0597436428070068,0.0515351295471191,,,0.0007750644796341,,,,,,,,,,,,,,,1405.0,0.0286706574818092
np-few_shot-protein-seed1,wrgjod27,2026-07-21T20:31:08Z,np,few_shot,1,rmse,0.1745326485667195,0.2650211674094386,0.1709905486778924,0.2513789191669883,273.9198994636536,0.0791263580322265,0.0720818042755127,,,0.0002693883019285,,,,,,,,,,,,,,,1141.0,0.1097627007854649
np-few_shot-protein-seed1,zp8n8xwe,2026-07-21T21:00:40Z,np,few_shot,1,rmse,0.1440486353594106,0.2558236609807967,0.137449738163276,0.2426123554693009,270.91913771629333,0.0698418617248535,0.0569119453430175,,,0.0007098936257405,,,,,,,,,,,,,,,1281.0,0.1136089122187864
np-few_shot-protein-seed2,05uet52i,2026-07-22T03:08:05Z,np,few_shot,2,rmse,0.1470600802164811,0.2546800870583287,0.1411467011158283,0.2431386580415557,233.46417784690857,0.0194523334503173,0.0202333927154541,,,0.0005495716186411,,,,,,,,,,,,,,,1225.0,0.1556313501899701
np-few_shot-protein-seed2,1gj7c0to,2026-07-22T02:47:49Z,np,few_shot,2,rmse,0.1872718196648817,0.254892278559673,0.1901116264172089,0.258578941719271,316.477653503418,0.022557258605957,0.0184376239776611,,,0.000114232541556,,,,,,,,,,,,,,,1681.0,0.1583450076165329
np-few_shot-protein-seed2,2pfwqu0w,2026-07-22T03:52:45Z,np,few_shot,2,rmse,0.1879343038950211,0.2491214962061911,0.1880483489770155,0.2404445289476943,410.1341025829315,0.0181078910827636,0.0112388134002685,,,7.4827960376208e-05,,,,,,,,,,,,,,,2340.0,0.0719015801147572
np-few_shot-protein-seed2,3usi8jyt,2026-07-22T04:29:54Z,np,few_shot,2,rmse,0.2631853604928041,0.3197337187522518,0.2603451166397486,0.2945547103356147,134.35106372833252,0.0264904499053955,0.013200044631958,,,3.210577849550394e-05,,,,,,,,,,,,,,,748.0,0.1306216650930796
np-few_shot-protein-seed2,46upyugb,2026-07-22T04:18:09Z,np,few_shot,2,rmse,0.1981154114772112,0.2532045018507307,0.1984920593408438,0.2466230102836343,342.43202805519104,0.0263102054595947,0.0131959915161132,,,7.537078298264379e-05,,,,,,,,,,,,,,,1941.0,0.1140393540835759
np-few_shot-protein-seed2,632lcmm3,2026-07-22T02:57:59Z,np,few_shot,2,rmse,0.2575903045825469,0.3005204634292484,0.2549885786496676,0.2766846831941525,280.6998131275177,0.0201940536499023,0.0201056003570556,,,1.4936835544198446e-05,,,,,,,,,,,,,,,1479.0,0.0142072116395773
np-few_shot-protein-seed2,76u6vqoa,2026-07-22T02:26:25Z,np,few_shot,2,rmse,0.1682384946407416,0.251973769083795,0.1686446376335926,0.2487975260786683,235.2769858837128,0.0274851322174072,0.0286071300506591,,,0.0002693883019285,,,,,,,,,,,,,,,1165.0,0.1097627007854649
np-few_shot-protein-seed2,8osqqzz9,2026-07-22T03:59:40Z,np,few_shot,2,rmse,0.3000921683433728,0.3388067968436215,0.3027865764422294,0.3370213215629882,63.94844603538513,0.0177023410797119,0.0115742683410644,,,1.3196262418422204e-05,,,,,,,,,,,,,,,358.0,0.1395262391854529
np-few_shot-protein-seed2,8wwbopqf,2026-07-22T02:45:05Z,np,few_shot,2,rmse,0.2516903571593455,0.3157807331707296,0.249063172401526,0.2938784218269993,159.5721275806427,0.0304272174835205,0.0207889080047607,,,5.846326121643416e-05,,,,,,,,,,,,,,,831.0,0.1927325521002058
np-few_shot-protein-seed2,95vhktv2,2026-07-22T02:53:10Z,np,few_shot,2,rmse,0.1414588261873294,0.2469989680373493,0.1396401272370265,0.2498509984544479,283.9554042816162,0.0238134860992431,0.0198161602020263,,,0.0007098936257405,,,,,,,,,,,,,,,1492.0,0.1136089122187864
np-few_shot-protein-seed2,ak2uv1io,2026-07-22T03:25:38Z,np,few_shot,2,rmse,0.1905687573628548,0.2528382875452928,0.1914991354330992,0.2492327555714719,474.4021553993225,0.0239894390106201,0.0193886756896972,,,6.75031252159592e-05,,,,,,,,,,,,,,,2482.0,0.1043696643500143
np-few_shot-protein-seed2,bwcu17eu,2026-07-22T02:36:02Z,np,few_shot,2,rmse,0.1583089767358242,0.2456385871605629,0.1573666807932731,0.2413438818396673,349.70216941833496,0.0311713218688964,0.0269258022308349,,,0.0001957889720121,,,,,,,,,,,,,,,1754.0,0.0847309598677809
np-few_shot-protein-seed2,du31f22u,2026-07-22T03:44:35Z,np,few_shot,2,rmse,0.1784074077239403,0.2499339299039954,0.1782533511137351,0.2429010480452137,241.338146686554,0.0163326263427734,0.0114970207214355,,,0.0001713436419711,,,,,,,,,,,,,,,1368.0,0.1224191445444842
np-few_shot-protein-seed2,gamc6qy3,2026-07-22T03:16:25Z,np,few_shot,2,rmse,0.1742252997862987,0.2545554566141932,0.1759390326646658,0.2550186926584402,162.6598789691925,0.019454002380371,0.0192456245422363,,,0.0003639639356786,,,,,,,,,,,,,,,854.0,0.0922958724505863
np-few_shot-protein-seed2,gfgpbqak,2026-07-22T04:34:36Z,np,few_shot,2,rmse,0.2332471318733998,0.2814787982505529,0.2303430269926022,0.260594644319343,649.0324683189392,0.0171678066253662,0.0114002227783203,,,1.6624564693643617e-05,,,,,,,,,,,,,,,3774.0,0.0317939167291039
np-few_shot-protein-seed2,izko8s0r,2026-07-22T04:23:56Z,np,few_shot,2,rmse,0.3059047628671695,0.3389287224539439,0.3087404767672221,0.3367447998813824,57.76222538948059,0.0268123149871826,0.013256549835205,,,1.5998881492631487e-05,,,,,,,,,,,,,,,331.0,0.1976747676118452
np-few_shot-protein-seed2,jl9putqv,2026-07-22T03:02:44Z,np,few_shot,2,rmse,0.1355187877630576,0.236151415646461,0.1369492488029675,0.2450874739271484,315.21250343322754,0.0244462490081787,0.0201666355133056,,,0.0004626362841475,,,,,,,,,,,,,,,1655.0,0.0040436794880651
np-few_shot-protein-seed2,jud904vz,2026-07-22T04:24:59Z,np,few_shot,2,rmse,0.2514662406383416,0.3002166117611633,0.2483422328264285,0.2746543154764531,290.9011993408203,0.0185558795928955,0.0121424198150634,,,2.1019338091154404e-05,,,,,,,,,,,,,,,1635.0,0.0417753512189669
np-few_shot-protein-seed2,julkpgia,2026-07-22T04:05:55Z,np,few_shot,2,rmse,0.2539590963950524,0.3016613609023732,0.2512567196136865,0.2774698802481277,290.427227973938,0.0202462673187255,0.0125129222869873,,,1.810725406663106e-05,,,,,,,,,,,,,,,1635.0,0.0420765122147681
np-few_shot-protein-seed2,lyr9ptnf,2026-07-22T04:00:49Z,np,few_shot,2,rmse,0.1553956545316256,0.2467737016391433,0.153979099713839,0.2411007002868081,302.3895554542541,0.019754409790039,0.0127558708190917,,,0.00021941976179,,,,,,,,,,,,,,,1707.0,0.1333533430891335
np-few_shot-protein-seed2,m6eiqrpp,2026-07-22T02:30:25Z,np,few_shot,2,rmse,0.1832034893524952,0.2514184015566966,0.1836203810496208,0.2451077925782973,332.5896990299225,0.0293543338775634,0.0268487930297851,,,0.0001229607110732,,,,,,,,,,,,,,,1666.0,0.1205526752143287
np-few_shot-protein-seed2,pzq491do,2026-07-22T02:41:57Z,np,few_shot,2,rmse,0.1540938440041664,0.2572727576350656,0.1550708428407326,0.2582453062135165,181.3047239780426,0.0266647338867187,0.0275807380676269,,,0.0006074996073425,,,,,,,,,,,,,,,917.0,0.0875174422525385
np-few_shot-protein-seed2,r3pwpryp,2026-07-22T04:10:50Z,np,few_shot,2,rmse,0.2014991243680318,0.2511941940850148,0.2028454970090817,0.2473507950026313,433.628657579422,0.0166959762573242,0.012033462524414,,,5.338528208876637e-05,,,,,,,,,,,,,,,2442.0,0.0630856701848367
np-few_shot-protein-seed2,r9p8o7y8,2026-07-22T03:33:39Z,np,few_shot,2,rmse,0.1817436997707073,0.2554300668238804,0.182458772109105,0.2518212822404448,146.79351830482483,0.0249748229980468,0.0202813148498535,,,0.0003535634629148,,,,,,,,,,,,,,,773.0,0.0529111224209254
np-few_shot-protein-seed2,sdd83keb,2026-07-22T03:36:10Z,np,few_shot,2,rmse,0.1775267368707901,0.2500547118251121,0.177170869631645,0.2434172698366627,307.4753813743592,0.0152416229248046,0.0114274024963378,,,0.0001370464839284,,,,,,,,,,,,,,,1687.0,0.0912300664433097
np-few_shot-protein-seed2,sq7xdtil,2026-07-22T03:48:41Z,np,few_shot,2,rmse,0.1665759545106154,0.2530987587457849,0.1693481459067418,0.259050655247837,238.6764495372772,0.0173759460449218,0.0116949081420898,,,0.0002310152225018,,,,,,,,,,,,,,,1356.0,0.1887496157029248
np-few_shot-protein-seed2,sv20htl5,2026-07-22T03:41:23Z,np,few_shot,2,rmse,0.1930888310456887,0.2475012747316637,0.1942596114598787,0.2448719811830128,187.4179692268372,0.0175793170928955,0.0117487907409667,,,0.0001718980674331,,,,,,,,,,,,,,,1065.0,0.003757960087271
np-few_shot-protein-seed2,twjsxeb7,2026-07-22T03:19:12Z,np,few_shot,2,rmse,0.1910058214114262,0.2525120224021018,0.1914181281358767,0.2454485218513137,200.1781406402588,0.0311856269836425,0.0201992988586425,,,0.0001904767808428,,,,,,,,,,,,,,,1048.0,0.0236548851737866
np-few_shot-protein-seed2,txqqv7vo,2026-07-22T04:45:29Z,np,few_shot,2,rmse,0.3003518413274716,0.338999425902183,0.3032448169512626,0.3380554835784309,40.96085333824158,0.0115127563476562,0.0111229419708251,,,1.889582693802601e-05,,,,,,,,,,,,,,,311.0,0.1312659178930547
np-few_shot-protein-seed2,uqgwg114,2026-07-22T03:12:05Z,np,few_shot,2,rmse,0.14876767152395,0.251969752094153,0.1480280611759577,0.2512868798696342,254.7436146736145,0.0318412780761718,0.0188744068145751,,,0.0003965675081771,,,,,,,,,,,,,,,1341.0,0.1957236684465528
np-few_shot-protein-seed2,w1rrnbd0,2026-07-22T03:22:37Z,np,few_shot,2,rmse,0.1483675088637914,0.2534711968651193,0.1517879214042272,0.2619485883987421,174.94399499893188,0.0253164768218994,0.0181350708007812,,,0.0007750644796341,,,,,,,,,,,,,,,915.0,0.0286706574818092
np-few_shot-protein-seed2,wd4h14u6,2026-07-22T04:32:13Z,np,few_shot,2,rmse,0.2613339087901971,0.3156378629217762,0.2593475152284671,0.2938082348157559,138.92025232315063,0.0171313285827636,0.0116658210754394,,,3.082131641442947e-05,,,,,,,,,,,,,,,813.0,0.0932621545712612
np-few_shot-protein-seed3,0hungxjq,2026-07-21T15:25:20Z,np,few_shot,3,rmse,0.2385025723775228,0.2921564650687227,0.2398372506783678,0.2899053656228654,106.31669640541077,0.0855777263641357,0.0762405395507812,,,0.0002310152225018,,,,,,,,,,,,,,,431.0,0.1887496157029248
np-few_shot-protein-seed3,0v0sxcdx,2026-07-21T15:23:36Z,np,few_shot,3,rmse,0.2452791198094686,0.2894018773265747,0.2508095393772998,0.3038310916329771,100.07333636283876,0.0868837833404541,0.0860226154327392,,,0.0001713436419711,,,,,,,,,,,,,,,420.0,0.1224191445444842
np-few_shot-protein-seed3,1rdk8htg,2026-07-21T15:30:22Z,np,few_shot,3,rmse,0.2399533065160115,0.2924857881598273,0.2420410416484658,0.2927701991126857,105.8776228427887,0.0724320411682128,0.071146011352539,,,0.00021941976179,,,,,,,,,,,,,,,431.0,0.1333533430891335
np-few_shot-protein-seed3,1ue9a27b,2026-07-21T15:38:56Z,np,few_shot,3,rmse,0.3077998971939087,0.3299652585791017,0.304663200004428,0.3013999920474909,80.85183787345886,0.0799486637115478,0.0822193622589111,,,1.5998881492631487e-05,,,,,,,,,,,,,,,322.0,0.1976747676118452
np-few_shot-protein-seed3,21fkosy6,2026-07-21T15:35:31Z,np,few_shot,3,rmse,0.2614675076802571,0.293419857246091,0.2632201637317932,0.2920570119766254,98.8688862323761,0.0838887691497802,0.0792114734649658,,,5.338528208876637e-05,,,,,,,,,,,,,,,405.0,0.0630856701848367
np-few_shot-protein-seed3,2m2gtuh8,2026-07-21T15:32:13Z,np,few_shot,3,rmse,0.2616099691390991,0.2943032134037919,0.2646308420530331,0.2985855034699673,193.4990746974945,0.0869569778442382,0.0845086574554443,,,1.810725406663106e-05,,,,,,,,,,,,,,,797.0,0.0420765122147681
np-few_shot-protein-seed3,4z841tzh,2026-07-21T15:15:33Z,np,few_shot,3,rmse,0.2590757568677266,0.2923233279183307,0.2614717475729051,0.2936424332835068,101.99285054206848,0.0878891944885253,0.0783965587615966,,,6.75031252159592e-05,,,,,,,,,,,,,,,405.0,0.1043696643500143
np-few_shot-protein-seed3,57djxwwo,2026-07-21T15:43:14Z,np,few_shot,3,rmse,0.3011341301600138,0.3288488137100234,0.2971024256126553,0.2969673628166264,63.60591697692871,0.078155517578125,0.0808231830596923,,,3.210577849550394e-05,,,,,,,,,,,,,,,264.0,0.1306216650930796
np-few_shot-protein-seed3,5otd4hrn,2026-07-21T14:52:13Z,np,few_shot,3,rmse,0.2634577147165934,0.2950605666347135,0.2645540237426758,0.2913119918053915,179.90581965446472,0.0918562412261962,0.0826632976531982,,,1.4936835544198446e-05,,,,,,,,,,,,,,,779.0,0.0142072116395773
np-few_shot-protein-seed3,7dkgc632,2026-07-21T15:44:22Z,np,few_shot,3,rmse,0.2568753282229105,0.2958694333956705,0.2591318756926293,0.2963403077952081,193.8863217830658,0.0824508666992187,0.0818748474121093,,,3.082131641442947e-05,,,,,,,,,,,,,,,797.0,0.0932621545712612
np-few_shot-protein-seed3,7u0t6t0t,2026-07-21T15:47:41Z,np,few_shot,3,rmse,0.2621961108843486,0.2935144902713291,0.2651975474326439,0.2979705887565925,195.3509349822998,0.0810396671295166,0.083453893661499,,,1.6624564693643617e-05,,,,,,,,,,,,,,,797.0,0.0317939167291039
np-few_shot-protein-seed3,923lb3mo,2026-07-21T15:17:22Z,np,few_shot,3,rmse,0.1791554085413615,0.2458826602692058,0.1905945329105152,0.2777428217458361,188.84120655059817,0.0774917602539062,0.0896613597869873,,,0.0003535634629148,,,,,,,,,,,,,,,777.0,0.0529111224209254
np-few_shot-protein-seed3,9h1yyjqc,2026-07-21T15:11:12Z,np,few_shot,3,rmse,0.1392234086990356,0.2452340665156498,0.1705988030028499,0.3075482708586627,253.103444814682,0.0821623802185058,0.0840044021606445,,,0.0007750644796341,,,,,,,,,,,,,,,1028.0,0.0286706574818092
np-few_shot-protein-seed3,akrwerbk,2026-07-21T15:51:02Z,np,few_shot,3,rmse,0.300784265200297,0.3288102413587284,0.2970442522585002,0.2983077364601955,73.09186673164368,0.0866072177886962,0.0894331932067871,,,1.889582693802601e-05,,,,,,,,,,,,,,,305.0,0.1312659178930547
np-few_shot-protein-seed3,d0mn24h5,2026-07-21T14:48:00Z,np,few_shot,3,rmse,0.14019890944163,0.2441443959977975,0.1502553567387699,0.2623768030743518,248.20281291008,0.0888168811798095,0.0913453102111816,,,0.0007098936257405,,,,,,,,,,,,,,,1024.0,0.1136089122187864
np-few_shot-protein-seed3,ddvhu7kt,2026-07-21T15:20:35Z,np,few_shot,3,rmse,0.2502389812469482,0.2888581665265663,0.2579160406698588,0.312193889893212,98.14841556549072,0.079193115234375,0.0807015895843505,,,0.0001370464839284,,,,,,,,,,,,,,,405.0,0.0912300664433097
np-few_shot-protein-seed3,f7r99yhd,2026-07-21T15:09:48Z,np,few_shot,3,rmse,0.2537615458170573,0.2916110661756925,0.2558430144989412,0.2920800462902111,78.85925555229187,0.0833594799041748,0.0828750133514404,,,0.0001904767808428,,,,,,,,,,,,,,,319.0,0.0236548851737866
np-few_shot-protein-seed3,ght0bqvc,2026-07-21T14:42:38Z,np,few_shot,3,rmse,0.2471149595578511,0.2934793637208261,0.2505225449605704,0.2989553595741031,198.93609309196472,0.0891437530517578,0.0895707607269287,,,5.846326121643416e-05,,,,,,,,,,,,,,,797.0,0.1927325521002058
np-few_shot-protein-seed3,hzsb30e4,2026-07-21T15:37:14Z,np,few_shot,3,rmse,0.257884848912557,0.2918704486768118,0.2610012004578035,0.2964000374796396,97.41913866996764,0.0911438465118408,0.0830483436584472,,,7.537078298264379e-05,,,,,,,,,,,,,,,405.0,0.1140393540835759
np-few_shot-protein-seed3,k5ai6c3j,2026-07-21T15:28:55Z,np,few_shot,3,rmse,0.3028305053710937,0.3295999858742925,0.2995034035514383,0.300860930474075,82.65637588500977,0.088564395904541,0.0959336757659912,,,1.3196262418422204e-05,,,,,,,,,,,,,,,346.0,0.1395262391854529
np-few_shot-protein-seed3,n3atly0o,2026-07-21T14:38:48Z,np,few_shot,3,rmse,0.1530140511194865,0.2475022424235802,0.1698642937965642,0.2871333183868454,205.9496912956237,0.0934011936187744,0.0883431434631347,,,0.0006074996073425,,,,,,,,,,,,,,,827.0,0.0875174422525385
np-few_shot-protein-seed3,p7vnzech,2026-07-21T15:40:21Z,np,few_shot,3,rmse,0.2627260684967041,0.2976897171396714,0.2643436762242535,0.2958346142446725,167.00558280944824,0.0808393955230712,0.0859210491180419,,,2.1019338091154404e-05,,,,,,,,,,,,,,,684.0,0.0417753512189669
np-few_shot-protein-seed3,pbdscn1n,2026-07-21T15:06:33Z,np,few_shot,3,rmse,0.1785483201344808,0.2497928440690581,0.1884962000878028,0.2756727439682109,190.2103202342987,0.0904781818389892,0.0843405723571777,,,0.0003639639356786,,,,,,,,,,,,,,,777.0,0.0922958724505863
np-few_shot-protein-seed3,r2uvsu5n,2026-07-21T14:58:16Z,np,few_shot,3,rmse,0.1599733964602152,0.2513090942710774,0.1653095787646723,0.2610664829382091,184.04246592521667,0.0658650398254394,0.0663087368011474,,,0.0005495716186411,,,,,,,,,,,,,,,777.0,0.1556313501899701
np-few_shot-protein-seed3,rp20bsff,2026-07-21T14:55:17Z,np,few_shot,3,rmse,0.1721323156356811,0.2489356118905902,0.1825206408313676,0.275922851315909,174.60657048225403,0.0836520195007324,0.0899925231933593,,,0.0004626362841475,,,,,,,,,,,,,,,735.0,0.0040436794880651
np-few_shot-protein-seed3,rp3julur,2026-07-21T14:35:19Z,np,few_shot,3,rmse,0.2533667961756388,0.2921290956062088,0.256427201570249,0.2958338829582449,99.88130474090576,0.0865335464477539,0.0876448154449462,,,0.0001229607110732,,,,,,,,,,,,,,,388.0,0.1205526752143287
np-few_shot-protein-seed3,rv7q0yf6,2026-07-21T14:37:04Z,np,few_shot,3,rmse,0.2441713603337605,0.2890866043197748,0.249935975261763,0.3046804386388005,99.60627961158752,0.0630896091461181,0.05881929397583,,,0.0001957889720121,,,,,,,,,,,,,,,404.0,0.0847309598677809
np-few_shot-protein-seed3,sawgvg4y,2026-07-21T15:01:25Z,np,few_shot,3,rmse,0.1463936384518941,0.2451385763057881,0.1599430461335026,0.2735456162096741,303.44967246055603,0.0847580432891845,0.0841569900512695,,,0.0003965675081771,,,,,,,,,,,,,,,1271.0,0.1957236684465528
np-few_shot-protein-seed3,sygz7ral,2026-07-21T15:27:11Z,np,few_shot,3,rmse,0.2573113497098287,0.2888150194156289,0.2621666738410401,0.3007208117553939,100.4944348335266,0.0735876560211181,0.0723717212677002,,,7.4827960376208e-05,,,,,,,,,,,,,,,405.0,0.0719015801147572
np-few_shot-protein-seed3,thdavvq9,2026-07-21T14:33:29Z,np,few_shot,3,rmse,0.2374792838096618,0.2899450120688527,0.2434538532705868,0.3060551146954669,105.21590566635132,0.0912568569183349,0.0906572341918945,,,0.0002693883019285,,,,,,,,,,,,,,,404.0,0.1097627007854649
np-few_shot-protein-seed3,w27920p8,2026-07-21T14:46:15Z,np,few_shot,3,rmse,0.2534453217188517,0.2932687299126005,0.2582604386448081,0.3043366203123568,99.68255686759947,0.0704975128173828,0.071972370147705,,,0.000114232541556,,,,,,,,,,,,,,,405.0,0.1583450076165329
np-few_shot-protein-seed3,x2kahmya,2026-07-21T15:22:18Z,np,few_shot,3,rmse,0.2567927169799804,0.2910597762350381,0.2608821758257797,0.3009341236531355,72.71100497245789,0.0834064483642578,0.0790224075317382,,,0.0001718980674331,,,,,,,,,,,,,,,306.0,0.003757960087271
np-few_shot-protein-seed4,0q7n9l77,2026-07-21T19:33:22Z,np,few_shot,4,rmse,0.2510003279416989,0.2819206164108166,0.2608292738596598,0.3317286439081052,169.32527017593384,0.0600378513336181,0.0581521987915039,,,5.846326121643416e-05,,,,,,,,,,,,,,,662.0,0.1927325521002058
np-few_shot-protein-seed4,2n5onu99,2026-07-21T20:43:42Z,np,few_shot,4,rmse,0.247699743662125,0.2732853883005867,0.2572481526268853,0.3225574825780523,181.1642701625824,0.0637190341949462,0.0652170181274414,,,5.338528208876637e-05,,,,,,,,,,,,,,,770.0,0.0630856701848367
np-few_shot-protein-seed4,2zt4rhwd,2026-07-21T20:51:42Z,np,few_shot,4,rmse,0.2574519866552108,0.2781355556528688,0.2658748361799452,0.3243870918158236,221.38063955307007,0.0515143871307373,0.0515375137329101,,,2.1019338091154404e-05,,,,,,,,,,,,,,,936.0,0.0417753512189669
np-few_shot-protein-seed4,5o3ce2w3,2026-07-21T21:07:33Z,np,few_shot,4,rmse,0.3000145264160939,0.3207185442927464,0.3033231850023622,0.3517898348207314,72.59101009368896,0.057279348373413,0.0630626678466796,,,1.889582693802601e-05,,,,,,,,,,,,,,,308.0,0.1312659178930547
np-few_shot-protein-seed4,6m7c4dfs,2026-07-21T20:22:16Z,np,few_shot,4,rmse,0.2247408200532962,0.2663474092381877,0.2385584946031923,0.3260923748139943,157.0227689743042,0.0734615325927734,0.0733394622802734,,,0.0001713436419711,,,,,,,,,,,,,,,636.0,0.1224191445444842
np-few_shot-protein-seed4,8qz6392x,2026-07-21T20:00:58Z,np,few_shot,4,rmse,0.2054753127770546,0.2484153022483698,0.2252707119341249,0.3208666560348304,205.29083824157715,0.0707666873931884,0.072376012802124,,,0.0001904767808428,,,,,,,,,,,,,,,797.0,0.0236548851737866
np-few_shot-protein-seed4,and2c1s5,2026-07-21T20:34:22Z,np,few_shot,4,rmse,0.1834667332661457,0.2522145021577238,0.2011512924123693,0.3093453397875346,262.7213554382324,0.0677461624145507,0.0672283172607421,,,0.00021941976179,,,,,,,,,,,,,,,1050.0,0.1333533430891335
np-few_shot-protein-seed4,bxzlzpur,2026-07-21T20:24:57Z,np,few_shot,4,rmse,0.1790222311631227,0.2461693946212653,0.1973571587491918,0.3037661836750848,263.3118028640747,0.0759112834930419,0.0749704837799072,,,0.0002310152225018,,,,,,,,,,,,,,,1053.0,0.1887496157029248
np-few_shot-protein-seed4,deyqxxc1,2026-07-21T20:38:50Z,np,few_shot,4,rmse,0.2555909416614434,0.2774028002784806,0.2635179307725694,0.3213908880285097,288.1319043636322,0.0592854022979736,0.0593338012695312,,,1.810725406663106e-05,,,,,,,,,,,,,,,1206.0,0.0420765122147681
np-few_shot-protein-seed4,dr4x3ueo,2026-07-21T20:11:11Z,np,few_shot,4,rmse,0.1883806800230955,0.2488069329706334,0.2107255842950608,0.3231211115212468,170.73801922798157,0.0695409774780273,0.0737292766571044,,,0.0003535634629148,,,,,,,,,,,,,,,683.0,0.0529111224209254
np-few_shot-protein-seed4,elbf87yv,2026-07-21T19:53:50Z,np,few_shot,4,rmse,0.1642849101470067,0.2487049676837363,0.1847818401124742,0.3045283033432131,225.72713994979856,0.0730092525482177,0.0741310119628906,,,0.0003965675081771,,,,,,,,,,,,,,,911.0,0.1957236684465528
np-few_shot-protein-seed4,hybvav93,2026-07-21T19:48:09Z,np,few_shot,4,rmse,0.1840515090869023,0.2377931767723253,0.2045516504181756,0.3088792148498317,151.21756958961487,0.0629627704620361,0.0572590827941894,,,0.0004626362841475,,,,,,,,,,,,,,,587.0,0.0040436794880651
np-few_shot-protein-seed4,iis74c8w,2026-07-21T19:43:18Z,np,few_shot,4,rmse,0.2578470141459734,0.2752131346656358,0.2659564406783492,0.3205132851177895,286.67155146598816,0.070134162902832,0.0716612339019775,,,1.4936835544198446e-05,,,,,,,,,,,,,,,1138.0,0.0142072116395773
np-few_shot-protein-seed4,jlwp9ugw,2026-07-21T19:50:44Z,np,few_shot,4,rmse,0.1624153562081166,0.2472105603943351,0.1813450627856784,0.2986357180712529,179.32842135429382,0.0816986560821533,0.0779275894165039,,,0.0005495716186411,,,,,,,,,,,,,,,739.0,0.1556313501899701
np-few_shot-protein-seed4,l5upp9pv,2026-07-21T21:02:54Z,np,few_shot,4,rmse,0.2567389286481417,0.2780660926008469,0.2643130240616975,0.3210440222571027,275.0658004283905,0.0496308803558349,0.0481874942779541,,,1.6624564693643617e-05,,,,,,,,,,,,,,,1206.0,0.0317939167291039
np-few_shot-protein-seed4,ll9bv2uw,2026-07-21T19:36:38Z,np,few_shot,4,rmse,0.2295216413644644,0.2691860328821802,0.2421525866897018,0.3260178415418123,191.4105145931244,0.0771989822387695,0.0724461078643798,,,0.000114232541556,,,,,,,,,,,,,,,770.0,0.1583450076165329
np-few_shot-protein-seed4,nlrzem4s,2026-07-21T19:18:41Z,np,few_shot,4,rmse,0.1928832492767236,0.245910136738552,0.21459070664865,0.3198140939930927,206.3299160003662,0.0689208507537841,0.0722813606262207,,,0.0002693883019285,,,,,,,,,,,,,,,759.0,0.1097627007854649
np-few_shot-protein-seed4,oa9r30s8,2026-07-21T20:29:44Z,np,few_shot,4,rmse,0.2459708559207427,0.2717475025774404,0.2555433803134494,0.3210232973545386,159.19398045539856,0.0767710208892822,0.0774838924407959,,,7.4827960376208e-05,,,,,,,,,,,,,,,635.0,0.0719015801147572
np-few_shot-protein-seed4,odskcco1,2026-07-21T20:32:48Z,np,few_shot,4,rmse,0.2984933150120271,0.3197780741639793,0.3012251942246048,0.3474815742284075,89.54768419265747,0.0668795108795166,0.0715343952178955,,,1.3196262418422204e-05,,,,,,,,,,,,,,,357.0,0.1395262391854529
np-few_shot-protein-seed4,ovxxfyih,2026-07-21T19:29:00Z,np,few_shot,4,rmse,0.1483113826849521,0.244730054910759,0.1814707473472313,0.3187891989079584,236.30484008789065,0.074312686920166,0.0721809864044189,,,0.0006074996073425,,,,,,,,,,,,,,,913.0,0.0875174422525385
np-few_shot-protein-seed4,pwy7vmy4,2026-07-21T20:14:07Z,np,few_shot,4,rmse,0.1963843596287262,0.2436292877836819,0.2175942173710576,0.3185226221491888,291.60921001434326,0.0717494487762451,0.0683772563934326,,,0.0001370464839284,,,,,,,,,,,,,,,1172.0,0.0912300664433097
np-few_shot-protein-seed4,qqi5flnn,2026-07-21T20:07:52Z,np,few_shot,4,rmse,0.2424313861590165,0.2694492053359389,0.2531953546735975,0.3233431004900024,195.32747983932487,0.0744614601135253,0.0660154819488525,,,6.75031252159592e-05,,,,,,,,,,,,,,,769.0,0.1043696643500143
np-few_shot-protein-seed4,rqn3kym7,2026-07-21T19:25:10Z,np,few_shot,4,rmse,0.198103748070888,0.2463759987781121,0.2252588537004259,0.336316881620677,222.83735394477844,0.0784320831298828,0.0765368938446044,,,0.0001957889720121,,,,,,,,,,,,,,,866.0,0.0847309598677809
np-few_shot-protein-seed4,t6mlqar8,2026-07-21T19:57:40Z,np,few_shot,4,rmse,0.1768865058055291,0.2423178827506742,0.2066523300276862,0.3302982059163568,193.0517191886902,0.0706398487091064,0.0626158714294433,,,0.0003639639356786,,,,,,,,,,,,,,,765.0,0.0922958724505863
np-few_shot-protein-seed4,todsby7h,2026-07-21T20:50:17Z,np,few_shot,4,rmse,0.3054774434138567,0.3200511925829106,0.3087030516730414,0.3512896693292423,76.70214176177979,0.0553071498870849,0.0493111610412597,,,1.5998881492631487e-05,,,,,,,,,,,,,,,329.0,0.1976747676118452
np-few_shot-protein-seed4,tx0lykgh,2026-07-21T20:04:27Z,np,few_shot,4,rmse,0.1480148786153548,0.2435380452905822,0.1879429380098978,0.3317489613544308,199.4492039680481,0.073603868484497,0.071589708328247,,,0.0007750644796341,,,,,,,,,,,,,,,797.0,0.0286706574818092
np-few_shot-protein-seed4,u1cyw2uu,2026-07-21T20:19:03Z,np,few_shot,4,rmse,0.2106849352518717,0.2459122579879107,0.2323234469802291,0.3260131720055527,188.3514921665192,0.0601415634155273,0.0579278469085693,,,0.0001718980674331,,,,,,,,,,,,,,,765.0,0.003757960087271
np-few_shot-protein-seed4,u3f1r9la,2026-07-21T19:22:12Z,np,few_shot,4,rmse,0.2345432348740406,0.2682911758122558,0.2466869566175673,0.3244079193310131,172.23819494247437,0.0912189483642578,0.0885839462280273,,,0.0001229607110732,,,,,,,,,,,,,,,635.0,0.1205526752143287
np-few_shot-protein-seed4,w3psua6j,2026-07-21T19:39:54Z,np,few_shot,4,rmse,0.1516831150421729,0.2440043114169759,0.1810227067382247,0.3117750548899881,197.8531606197357,0.0705423355102539,0.0700364112854003,,,0.0007098936257405,,,,,,,,,,,,,,,774.0,0.1136089122187864
np-few_shot-protein-seed4,w629089i,2026-07-21T20:46:48Z,np,few_shot,4,rmse,0.2409670490484971,0.2725239669356022,0.2510687863385236,0.3230636232297364,181.54873323440552,0.0697772502899169,0.0612666606903076,,,7.537078298264379e-05,,,,,,,,,,,,,,,769.0,0.1140393540835759
np-few_shot-protein-seed4,w8yt68ci,2026-07-21T20:56:49Z,np,few_shot,4,rmse,0.2583666504957737,0.2807157001713669,0.2681433483406349,0.3324534151747434,152.7436125278473,0.0605647563934326,0.0578563213348388,,,3.210577849550394e-05,,,,,,,,,,,,,,,663.0,0.1306216650930796
np-few_shot-protein-seed4,zj4v4965,2026-07-21T20:59:27Z,np,few_shot,4,rmse,0.2565349218172905,0.2809262942178991,0.2665903188564159,0.3322795821911289,177.6095404624939,0.0522840023040771,0.0521867275238037,,,3.082131641442947e-05,,,,,,,,,,,,,,,770.0,0.0932621545712612
anp-in_context-protein-seed0,0wuudkt6,2026-07-21T12:52:01Z,anp,in_context,0,rmse,0.3185810727109477,0.3252081115548401,0.3171314545209399,0.3185967537078134,132.2371757030487,0.2736001014709472,0.2726931571960449,,,1.889582693802601e-05,,,,,,,,,,,,,,,271.0,0.1312659178930547
anp-in_context-protein-seed0,1wt6rxt6,2026-07-21T09:43:05Z,anp,in_context,0,rmse,0.1274378773227386,0.2203920213431276,0.1310141892383323,0.2296187822051352,1859.6789813041687,0.3065478801727295,0.3032448291778564,,,0.0003639639356786,,,,,,,,,,,,,,,1249.0,0.0922958724505863
anp-in_context-protein-seed0,48tdb3kw,2026-07-21T08:13:45Z,anp,in_context,0,rmse,0.1833351048858323,0.2262703357219078,0.1839349460934097,0.2313709222727447,336.3712565898895,0.3141288757324219,0.2849161624908447,,,0.0001957889720121,,,,,,,,,,,,,,,741.0,0.0847309598677809
anp-in_context-protein-seed0,4zco162l,2026-07-21T11:21:19Z,anp,in_context,0,rmse,0.3170169471448307,0.3255876342501587,0.3158299382970723,0.3202430271687848,143.09155797958374,0.3075041770935058,0.3086025714874267,,,1.3196262418422204e-05,,,,,,,,,,,,,,,302.0,0.1395262391854529
anp-in_context-protein-seed0,5bbp9y3d,2026-07-21T09:25:07Z,anp,in_context,0,rmse,0.1257935168435764,0.223998120201499,0.1323536198313643,0.2364656152251112,583.423356294632,0.3024706840515136,0.2933154106140136,,,0.0005495716186411,,,,,,,,,,,,,,,1282.0,0.1556313501899701
anp-in_context-protein-seed0,5e1usc4r,2026-07-21T11:57:48Z,anp,in_context,0,rmse,0.3271459785488009,0.325580838484077,0.3258320213610287,0.3190385682173021,138.07603859901428,0.3223388195037842,0.2990167140960693,,,1.5998881492631487e-05,,,,,,,,,,,,,,,284.0,0.1976747676118452
anp-in_context-protein-seed0,7k4zqsko,2026-07-21T12:00:18Z,anp,in_context,0,rmse,0.229727828128828,0.2301336437683345,0.2296251901766149,0.232753163412614,760.4859712123871,0.2619574069976806,0.263279914855957,,,2.1019338091154404e-05,,,,,,,,,,,,,,,1678.0,0.0417753512189669
anp-in_context-protein-seed0,8dvxjlki,2026-07-21T08:41:12Z,anp,in_context,0,rmse,0.1898436330336727,0.2315529510360564,0.1896605242420156,0.2323232750363112,468.791300535202,0.3209588527679443,0.3117949962615967,,,0.000114232541556,,,,,,,,,,,,,,,1016.0,0.1583450076165329
anp-in_context-protein-seed0,992wcjv1,2026-07-21T11:42:12Z,anp,in_context,0,rmse,0.2198959177794772,0.2290394929375992,0.2201027022836931,0.2334722361972632,463.9073975086212,0.3221344947814941,0.318941593170166,,,5.338528208876637e-05,,,,,,,,,,,,,,,1020.0,0.0630856701848367
anp-in_context-protein-seed0,9ky4ltuq,2026-07-21T11:29:37Z,anp,in_context,0,rmse,0.2335056743555368,0.2316852283560729,0.2335668224906257,0.2348093445788054,749.652871131897,0.2601842880249023,0.2658255100250244,,,1.810725406663106e-05,,,,,,,,,,,,,,,1678.0,0.0420765122147681
anp-in_context-protein-seed0,adyjp0ts,2026-07-21T10:25:49Z,anp,in_context,0,rmse,0.2123090896872277,0.2317359661489412,0.2121875244565957,0.2336491205406409,456.15227460861206,0.3181321620941162,0.3087208271026611,,,6.75031252159592e-05,,,,,,,,,,,,,,,1020.0,0.1043696643500143
anp-in_context-protein-seed0,cjegbxc9,2026-07-21T10:21:30Z,anp,in_context,0,rmse,0.1462397691680164,0.2326566672789962,0.148620615437471,0.2411880506232801,254.28365850448608,0.3105871677398681,0.2962727546691894,,,0.0007750644796341,,,,,,,,,,,,,,,561.0,0.0286706574818092
anp-in_context-protein-seed0,cue2pz7l,2026-07-21T10:40:16Z,anp,in_context,0,rmse,0.2019642288261174,0.2288155992826454,0.2016239232717906,0.2299782823923915,325.5010986328125,0.3045940399169922,0.2986276149749756,,,0.0001370464839284,,,,,,,,,,,,,,,723.0,0.0912300664433097
anp-in_context-protein-seed0,cuzxbite,2026-07-21T12:26:07Z,anp,in_context,0,rmse,0.2196483213311704,0.2340402893703092,0.219498132579418,0.2363639970810242,775.666574716568,0.3409826755523681,0.3039376735687256,,,3.082131641442947e-05,,,,,,,,,,,,,,,1678.0,0.0932621545712612
anp-in_context-protein-seed0,dd5ufr3x,2026-07-21T09:34:55Z,anp,in_context,0,rmse,0.1326805839139825,0.2282633615691721,0.1323404943486124,0.2269291447304655,483.73376274108887,0.3258595466613769,0.307178258895874,,,0.0003965675081771,,,,,,,,,,,,,,,1069.0,0.1957236684465528
anp-in_context-protein-seed0,ffq3u0uw,2026-07-21T10:51:27Z,anp,in_context,0,rmse,0.1559467515048249,0.2281085024738408,0.1546916130943165,0.2265063536088588,551.6758403778076,0.3255152702331543,0.3175048828125,,,0.0001713436419711,,,,,,,,,,,,,,,1251.0,0.1224191445444842
anp-in_context-protein-seed0,grzowp4u,2026-07-21T08:05:51Z,anp,in_context,0,rmse,0.1852300524296245,0.2276613636851894,0.1854957753357571,0.2301330204462405,468.2930781841278,0.3261618614196777,0.3298392295837402,,,0.0001229607110732,,,,,,,,,,,,,,,1018.0,0.1205526752143287
anp-in_context-protein-seed0,jigoqk51,2026-07-21T11:23:49Z,anp,in_context,0,rmse,0.1773300137669367,0.2276104610719469,0.1779220062681191,0.2308864674392858,343.20218682289124,0.3083589076995849,0.3058493137359619,,,0.00021941976179,,,,,,,,,,,,,,,746.0,0.1333533430891335
anp-in_context-protein-seed0,men0lhl1,2026-07-21T10:45:47Z,anp,in_context,0,rmse,0.191699190837581,0.2184352895862288,0.1928479929003566,0.227004435269895,334.3380033969879,0.3005626201629638,0.3128206729888916,,,0.0001718980674331,,,,,,,,,,,,,,,709.0,0.003757960087271
anp-in_context-protein-seed0,mlb9rpfe,2026-07-21T07:56:21Z,anp,in_context,0,rmse,0.1410668170410581,0.2264037750392056,0.1431596802502143,0.2332660913081303,561.5486178398132,0.3313567638397217,0.3117966651916504,,,0.0002693883019285,,,,,,,,,,,,,,,1143.0,0.1097627007854649
anp-in_context-protein-seed0,oplcb9nm,2026-07-21T10:14:30Z,anp,in_context,0,rmse,0.1690515391918009,0.2187625313681384,0.1709394621101406,0.2277001174816453,414.6837890148163,0.2614355087280273,0.2670533657073974,,,0.0001904767808428,,,,,,,,,,,,,,,912.0,0.0236548851737866
anp-in_context-protein-seed0,p0m28s4p,2026-07-21T12:39:08Z,anp,in_context,0,rmse,0.2351466587611607,0.2308274033358059,0.2353883670182178,0.2348193356247649,767.5860841274261,0.2838375568389892,0.2638070583343506,,,1.6624564693643617e-05,,,,,,,,,,,,,,,1679.0,0.0317939167291039
anp-in_context-protein-seed0,rwlr06cx,2026-07-21T08:49:06Z,anp,in_context,0,rmse,0.1247233580213806,0.2224225490419695,0.1277708060234681,0.2278188493716579,804.189603805542,0.3120315074920654,0.3124706745147705,,,0.0007098936257405,,,,,,,,,,,,,,,1796.0,0.1136089122187864
anp-in_context-protein-seed0,ti4pdtlg,2026-07-21T09:18:42Z,anp,in_context,0,rmse,0.1379491626593294,0.2217918194770265,0.1404301015342154,0.2307124915273677,379.0509145259857,0.3163509368896484,0.3130791187286377,,,0.0004626362841475,,,,,,,,,,,,,,,824.0,0.0040436794880651
anp-in_context-protein-seed0,uwt6liqq,2026-07-21T09:02:36Z,anp,in_context,0,rmse,0.2308918358141536,0.2271329504546106,0.2305333871874659,0.2280431827684637,960.5228796005248,0.3098242282867431,0.3164618015289306,,,1.4936835544198446e-05,,,,,,,,,,,,,,,2152.0,0.0142072116395773
anp-in_context-protein-seed0,uwxb2ufz,2026-07-21T11:50:02Z,anp,in_context,0,rmse,0.2077823997789974,0.2302718217707691,0.2079061913573368,0.2334289657907899,461.8310780525207,0.3035295009613037,0.3187692165374756,,,7.537078298264379e-05,,,,,,,,,,,,,,,1020.0,0.1140393540835759
anp-in_context-protein-seed0,ve9zkmdi,2026-07-21T08:19:27Z,anp,in_context,0,rmse,0.1211659634154848,0.216803841754937,0.1268896009863876,0.2283461861597544,615.345121383667,0.3219034671783447,0.3251197338104248,,,0.0006074996073425,,,,,,,,,,,,,,,1366.0,0.0875174422525385
anp-in_context-protein-seed0,w26oahwn,2026-07-21T10:33:31Z,anp,in_context,0,rmse,0.1438131000106758,0.2214911032474323,0.1465388308003389,0.2307808775295552,399.8768944740296,0.3202223777770996,0.3215615749359131,,,0.0003535634629148,,,,,,,,,,,,,,,876.0,0.0529111224209254
anp-in_context-protein-seed0,w9lcd4mt,2026-07-21T11:00:58Z,anp,in_context,0,rmse,0.1300594947894691,0.2206575266005551,0.1356910080859885,0.2339607732721796,712.9295704364777,0.3002004623413086,0.274132490158081,,,0.0002310152225018,,,,,,,,,,,,,,,1582.0,0.1887496157029248
anp-in_context-protein-seed0,xdxschbq,2026-07-21T12:13:04Z,anp,in_context,0,rmse,0.218484100979795,0.2351300018617005,0.2182798485307328,0.2373357182882863,777.5693402290344,0.3234457969665527,0.320350170135498,,,3.210577849550394e-05,,,,,,,,,,,,,,,1678.0,0.1306216650930796
anp-in_context-protein-seed0,y4i1revs,2026-07-21T11:12:56Z,anp,in_context,0,rmse,0.202311851421715,0.2278159912388431,0.2019159802161027,0.2295175559293192,497.94145154953,0.3051300048828125,0.3236455917358398,,,7.4827960376208e-05,,,,,,,,,,,,,,,1135.0,0.0719015801147572
anp-in_context-protein-seed0,zi48cmd4,2026-07-21T08:29:47Z,anp,in_context,0,rmse,0.1991831683115676,0.2345366347129061,0.1988326215577873,0.2358295531752435,679.7674169540405,0.2545995712280273,0.2327935695648193,,,5.846326121643416e-05,,,,,,,,,,,,,,,1526.0,0.1927325521002058
anp-in_context-protein-seed1,2lxric41,2026-07-21T17:45:10Z,anp,in_context,1,rmse,0.2289313671896266,0.2434863733847254,0.235619402097908,0.2665489164460468,588.8359706401825,0.2646009922027588,0.2658767700195312,,,3.082131641442947e-05,,,,,,,,,,,,,,,1347.0,0.0932621545712612
anp-in_context-protein-seed1,33vv794p,2026-07-21T16:05:05Z,anp,in_context,1,rmse,0.2199120870450648,0.2410852462856074,0.2264416259340292,0.2612967325380295,396.5741794109345,0.262749433517456,0.2573041915893554,,,6.75031252159592e-05,,,,,,,,,,,,,,,897.0,0.1043696643500143
anp-in_context-protein-seed1,42x2w53k,2026-07-21T14:54:48Z,anp,in_context,1,rmse,0.2112662152546208,0.2451736153010956,0.2178778831136351,0.2640410514362855,325.4472279548645,0.303844690322876,0.3249068260192871,,,0.000114232541556,,,,,,,,,,,,,,,744.0,0.1583450076165329
anp-in_context-protein-seed1,5jjnlstv,2026-07-21T15:59:21Z,anp,in_context,1,rmse,0.1376603322577393,0.2392906547624248,0.1498878126775761,0.2631164877423512,337.8836016654968,0.3096339702606201,0.3037419319152832,,,0.0007750644796341,,,,,,,,,,,,,,,774.0,0.0286706574818092
anp-in_context-protein-seed1,5pw78j1u,2026-07-21T17:04:34Z,anp,in_context,1,rmse,0.2223419295786149,0.2450092300312682,0.2278691069174311,0.2626945356527242,454.0329539775848,0.267519474029541,0.2712864875793457,,,5.338528208876637e-05,,,,,,,,,,,,,,,1042.0,0.0630856701848367
anp-in_context-protein-seed1,6to8v6p0,2026-07-21T16:28:25Z,anp,in_context,1,rmse,0.2177711912148505,0.2486165820119988,0.2241374424525669,0.2691606716967397,224.6181988716125,0.3110077381134033,0.3056178092956543,,,0.0001713436419711,,,,,,,,,,,,,,,513.0,0.1224191445444842
anp-in_context-protein-seed1,7vltxwsk,2026-07-21T16:23:51Z,anp,in_context,1,rmse,0.2047929929939296,0.2349564027742961,0.2101900320019871,0.2509818507275232,268.8160469532013,0.3283455371856689,0.3213481903076172,,,0.0001718980674331,,,,,,,,,,,,,,,612.0,0.003757960087271
anp-in_context-protein-seed1,95egx7p0,2026-07-21T14:20:12Z,anp,in_context,1,rmse,0.1636009980577209,0.2418841574502969,0.169417118776966,0.2555952040623467,386.6947093009949,0.3213474750518799,0.3217132091522217,,,0.0002693883019285,,,,,,,,,,,,,,,859.0,0.1097627007854649
anp-in_context-protein-seed1,9o63a4ey,2026-07-21T14:26:45Z,anp,in_context,1,rmse,0.2233587258368834,0.2473493708907476,0.2310188572581221,0.272462291817107,251.8787965774536,0.3207120895385742,0.3285589218139648,,,0.0001229607110732,,,,,,,,,,,,,,,562.0,0.1205526752143287
anp-in_context-protein-seed1,a18ag6f6,2026-07-21T14:44:24Z,anp,in_context,1,rmse,0.2077274721258608,0.2514981039012646,0.2141045826237376,0.2712338799205613,617.7014808654785,0.3169691562652588,0.3137679100036621,,,5.846326121643416e-05,,,,,,,,,,,,,,,1400.0,0.1927325521002058
anp-in_context-protein-seed1,asn69a05,2026-07-21T16:50:47Z,anp,in_context,1,rmse,0.2331656811544704,0.2443734912882352,0.2391770392760167,0.2651096944759151,822.0349340438843,0.315892219543457,0.3199231624603271,,,1.810725406663106e-05,,,,,,,,,,,,,,,1874.0,0.0420765122147681
anp-in_context-protein-seed1,d4p285vm,2026-07-21T15:29:20Z,anp,in_context,1,rmse,0.1343868534739424,0.238274431317395,0.1427695078301512,0.2556493490543856,551.6901268959045,0.3197505474090576,0.3159511089324951,,,0.0005495716186411,,,,,,,,,,,,,,,1246.0,0.1556313501899701
anp-in_context-protein-seed1,dat02ewa,2026-07-21T16:32:16Z,anp,in_context,1,rmse,0.2061678590674849,0.2491961061907947,0.2148126210069822,0.2753002943351565,226.4784450531006,0.3072764873504638,0.3134617805480957,,,0.0002310152225018,,,,,,,,,,,,,,,517.0,0.1887496157029248
anp-in_context-protein-seed1,dxk5kcpe,2026-07-21T17:22:16Z,anp,in_context,1,rmse,0.2288413363466694,0.2423226617592069,0.2344115320398417,0.2598655049344937,830.6133570671082,0.268146276473999,0.2635493278503418,,,2.1019338091154404e-05,,,,,,,,,,,,,,,1874.0,0.0417753512189669
anp-in_context-protein-seed1,dyw3xcgp,2026-07-21T17:55:04Z,anp,in_context,1,rmse,0.231151341561241,0.2399896371670277,0.2371351262002872,0.260362443190919,912.7579100131989,0.1836364269256592,0.182227611541748,,,1.6624564693643617e-05,,,,,,,,,,,,,,,2112.0,0.0317939167291039
anp-in_context-protein-seed1,eggmxjji,2026-07-21T15:24:17Z,anp,in_context,1,rmse,0.1564798188957187,0.2396758978200044,0.1635091495846206,0.2561871472634223,298.49669218063354,0.3099524974822998,0.3247227668762207,,,0.0004626362841475,,,,,,,,,,,,,,,675.0,0.0040436794880651
anp-in_context-protein-seed1,icrpew6l,2026-07-21T16:44:15Z,anp,in_context,1,rmse,0.3153251421991541,0.3327195878952433,0.3194751540127531,0.3423634731493108,125.4843888282776,0.3076586723327636,0.310755968093872,,,1.3196262418422204e-05,,,,,,,,,,,,,,,304.0,0.1395262391854529
anp-in_context-protein-seed1,k4m8einv,2026-07-21T17:12:14Z,anp,in_context,1,rmse,0.2114671514424712,0.2480177413899858,0.2173540401126449,0.2664770809554662,460.32792925834656,0.3160221576690674,0.3180458545684814,,,7.537078298264379e-05,,,,,,,,,,,,,,,1032.0,0.1140393540835759
anp-in_context-protein-seed1,l3jrq7a3,2026-07-21T16:11:47Z,anp,in_context,1,rmse,0.1613080958456112,0.2406007859792166,0.1674621329490316,0.2567142741749488,335.1642482280731,0.3045456409454345,0.3069403171539306,,,0.0003535634629148,,,,,,,,,,,,,,,743.0,0.0529111224209254
anp-in_context-protein-seed1,ltg2s8t2,2026-07-21T17:36:12Z,anp,in_context,1,rmse,0.2371656570700402,0.2633108117272114,0.2445359778321163,0.2877490465841892,493.06891441345215,0.3121800422668457,0.3234424591064453,,,3.210577849550394e-05,,,,,,,,,,,,,,,1136.0,0.1306216650930796
anp-in_context-protein-seed1,pfjkg2bc,2026-07-21T18:10:22Z,anp,in_context,1,rmse,0.2361969499222493,0.2626654759330714,0.2434828223251715,0.2864082138157212,817.149156332016,0.314079999923706,0.3179357051849365,,,1.889582693802601e-05,,,,,,,,,,,,,,,1860.0,0.1312659178930547
anp-in_context-protein-seed1,pk9snpdy,2026-07-21T15:46:41Z,anp,in_context,1,rmse,0.1419702091283499,0.2394759607988643,0.1517661224258901,0.2625340189468522,460.7301528453827,0.3108079433441162,0.3131437301635742,,,0.0003639639356786,,,,,,,,,,,,,,,1049.0,0.0922958724505863
anp-in_context-protein-seed1,q121aigo,2026-07-21T15:06:19Z,anp,in_context,1,rmse,0.2300447736467634,0.2392513406508016,0.2357229837557165,0.2579742672096229,1071.9377410411837,0.3246135711669922,0.3134162425994873,,,1.4936835544198446e-05,,,,,,,,,,,,,,,2430.0,0.0142072116395773
anp-in_context-protein-seed1,qnzcpyjw,2026-07-21T17:20:00Z,anp,in_context,1,rmse,0.3250589403956609,0.3330448997669518,0.3292205092798957,0.3425126558266959,130.16217517852783,0.3021435737609863,0.3076374530792236,,,1.5998881492631487e-05,,,,,,,,,,,,,,,286.0,0.1976747676118452
anp-in_context-protein-seed1,sbun9o14,2026-07-21T15:54:27Z,anp,in_context,1,rmse,0.1959856545052877,0.2366668273478409,0.2007303669892952,0.2486805408593997,289.19799184799194,0.3196489810943603,0.3127720355987549,,,0.0001904767808428,,,,,,,,,,,,,,,657.0,0.0236548851737866
anp-in_context-protein-seed1,ssay3is1,2026-07-21T16:17:28Z,anp,in_context,1,rmse,0.1962453197519122,0.2461508496996938,0.2016450037939623,0.26084476997732,375.431875705719,0.3350317478179931,0.3156018257141113,,,0.0001370464839284,,,,,,,,,,,,,,,860.0,0.0912300664433097
anp-in_context-protein-seed1,u19lmnjk,2026-07-21T14:31:04Z,anp,in_context,1,rmse,0.1700323151379096,0.2416069209584697,0.1771502145906774,0.2604847769820604,437.2978701591492,0.3179774284362793,0.3222670555114746,,,0.0001957889720121,,,,,,,,,,,,,,,980.0,0.0847309598677809
anp-in_context-protein-seed1,uvzl9qzw,2026-07-21T14:38:45Z,anp,in_context,1,rmse,0.1417966104966007,0.2405279841959978,0.1506786147061125,0.259285189510945,331.472279548645,0.3120875358581543,0.2838242053985595,,,0.0006074996073425,,,,,,,,,,,,,,,762.0,0.0875174422525385
anp-in_context-protein-seed1,v9e9gnhq,2026-07-21T16:46:50Z,anp,in_context,1,rmse,0.2079490635037837,0.247187533478593,0.2153638048869807,0.2698821809594946,225.40481114387512,0.3251378536224365,0.3142588138580322,,,0.00021941976179,,,,,,,,,,,,,,,516.0,0.1333533430891335
anp-in_context-protein-seed1,wi8vzr33,2026-07-21T15:00:36Z,anp,in_context,1,rmse,0.1412152446520868,0.2445170953377513,0.1515150834459045,0.2646791941870152,338.5445249080658,0.3079872131347656,0.3160715103149414,,,0.0007098936257405,,,,,,,,,,,,,,,774.0,0.1136089122187864
anp-in_context-protein-seed1,wqjo8l02,2026-07-21T16:36:08Z,anp,in_context,1,rmse,0.2114831877917778,0.24650704786873,0.2177650903575512,0.2663654775563993,459.8973662853241,0.3076107501983642,0.3017516136169433,,,7.4827960376208e-05,,,,,,,,,,,,,,,1032.0,0.0719015801147572
anp-in_context-protein-seed1,xllbshfg,2026-07-21T15:38:39Z,anp,in_context,1,rmse,0.1386602481483167,0.2384734327071933,0.1486232870547198,0.2602430934218811,476.10223031044006,0.3264544010162353,0.296792984008789,,,0.0003965675081771,,,,,,,,,,,,,,,1068.0,0.1957236684465528
anp-in_context-protein-seed2,031yvow2,2026-07-21T23:16:50Z,anp,in_context,2,rmse,0.2349958652403296,0.2645431286028828,0.2261439200477733,0.223463777709038,734.5260183811188,0.157034158706665,0.1525435447692871,,,1.810725406663106e-05,,,,,,,,,,,,,,,2162.0,0.0420765122147681
anp-in_context-protein-seed2,2c1b7za4,2026-07-21T21:45:51Z,anp,in_context,2,rmse,0.1529347456290747,0.2620608947876397,0.1391050790660472,0.2286514566782179,232.87772798538208,0.1928803920745849,0.1874072551727295,,,0.0007098936257405,,,,,,,,,,,,,,,658.0,0.1136089122187864
anp-in_context-protein-seed2,4wendvil,2026-07-21T21:49:49Z,anp,in_context,2,rmse,0.2435238137062418,0.2633884919228219,0.2356802644629927,0.2255855664759598,636.6033318042755,0.1517932415008545,0.1509809494018554,,,1.4936835544198446e-05,,,,,,,,,,,,,,,1820.0,0.0142072116395773
anp-in_context-protein-seed2,8nkf3yc9,2026-07-21T23:36:05Z,anp,in_context,2,rmse,0.2132390052183995,0.2677785226479813,0.2041417098626858,0.2292275893059317,388.83351826667786,0.1531715393066406,0.154306411743164,,,7.537078298264379e-05,,,,,,,,,,,,,,,1119.0,0.1140393540835759
anp-in_context-protein-seed2,8nwewe0z,2026-07-21T22:53:18Z,anp,in_context,2,rmse,0.1874475113606204,0.2665436827235805,0.1755626492384003,0.2243392815389557,312.3002915382385,0.155635118484497,0.1487114429473877,,,0.0001713436419711,,,,,,,,,,,,,,,932.0,0.1224191445444842
anp-in_context-protein-seed2,9qfw5u4p,2026-07-21T21:38:40Z,anp,in_context,2,rmse,0.1969923291887556,0.2716848900137152,0.1863300742172613,0.2324524365092833,384.9267504215241,0.1492142677307129,0.1461224555969238,,,0.000114232541556,,,,,,,,,,,,,,,1109.0,0.1583450076165329
anp-in_context-protein-seed2,ab6k3mc8,2026-07-21T22:26:43Z,anp,in_context,2,rmse,0.1485242677482578,0.2606344799126075,0.1379432213015672,0.2374835056345615,260.8297154903412,0.152308702468872,0.1522002220153808,,,0.0007750644796341,,,,,,,,,,,,,,,744.0,0.0286706574818092
anp-in_context-protein-seed2,aw0yjayn,2026-07-21T22:42:39Z,anp,in_context,2,rmse,0.1858907028357741,0.2650678406861134,0.1763488158116357,0.2300592828926185,371.8293342590332,0.1080362796783447,0.1117560863494873,,,0.0001370464839284,,,,,,,,,,,,,,,1118.0,0.0912300664433097
anp-in_context-protein-seed2,gadwowjn,2026-07-21T22:58:37Z,anp,in_context,2,rmse,0.1826852539275166,0.2707488022406736,0.1710733553258384,0.2317887531058584,284.7656011581421,0.1521754264831543,0.1532328128814697,,,0.0002310152225018,,,,,,,,,,,,,,,817.0,0.1887496157029248
anp-in_context-protein-seed2,hylzyebi,2026-07-21T21:16:26Z,anp,in_context,2,rmse,0.1768032034099725,0.263862066076058,0.1641204913734143,0.2215321203542184,359.2007451057434,0.1811068058013916,0.1887280941009521,,,0.0001957889720121,,,,,,,,,,,,,,,987.0,0.0847309598677809
anp-in_context-protein-seed2,j8dkryws,2026-07-21T23:10:12Z,anp,in_context,2,rmse,0.3246112982985865,0.3549706094859899,0.3161013267596839,0.3173115526392414,112.2115364074707,0.1550641059875488,0.1472096443176269,,,1.3196262418422204e-05,,,,,,,,,,,,,,,301.0,0.1395262391854529
anp-in_context-protein-seed2,jaxg4vxp,2026-07-22T00:18:21Z,anp,in_context,2,rmse,0.2421212744629756,0.2639419454121063,0.2340477866993549,0.2254261829773672,606.9230659008026,0.1599898338317871,0.1555113792419433,,,1.6624564693643617e-05,,,,,,,,,,,,,,,1753.0,0.0317939167291039
anp-in_context-protein-seed2,ksdoi584,2026-07-21T23:44:27Z,anp,in_context,2,rmse,0.2343129480342001,0.2652684402659036,0.224815661068162,0.2217440996310539,671.9404382705688,0.153787612915039,0.1515965461730957,,,2.1019338091154404e-05,,,,,,,,,,,,,,,1935.0,0.0417753512189669
anp-in_context-protein-seed2,lzkgok00,2026-07-21T21:22:30Z,anp,in_context,2,rmse,0.1469092418923195,0.261909234822907,0.1325126740990615,0.2276217185094919,322.328218460083,0.1892399787902832,0.1895532608032226,,,0.0006074996073425,,,,,,,,,,,,,,,872.0,0.0875174422525385
anp-in_context-protein-seed2,nco8vcpr,2026-07-22T00:28:33Z,anp,in_context,2,rmse,0.3273830214443938,0.3551475047965504,0.3189208532459645,0.3173908515615296,97.35629749298096,0.1535098552703857,0.1537375450134277,,,1.889582693802601e-05,,,,,,,,,,,,,,,270.0,0.1312659178930547
anp-in_context-protein-seed2,o8mcxckz,2026-07-21T23:29:12Z,anp,in_context,2,rmse,0.2234541464350364,0.2670724663299464,0.2151501087361511,0.2300472210990689,408.70444917678833,0.1525120735168457,0.1499514579772949,,,5.338528208876637e-05,,,,,,,,,,,,,,,1181.0,0.0630856701848367
anp-in_context-protein-seed2,o9qxd5qf,2026-07-21T22:18:04Z,anp,in_context,2,rmse,0.1595199465336284,0.2646485419863195,0.1439971392163,0.2221463964128957,287.11821961402893,0.148245096206665,0.1450207233428955,,,0.0003639639356786,,,,,,,,,,,,,,,874.0,0.0922958724505863
anp-in_context-protein-seed2,olnyng7a,2026-07-21T21:27:58Z,anp,in_context,2,rmse,0.2065083972253035,0.2720455977197709,0.1971775679638161,0.2355838326165669,609.1372222900391,0.1881954669952392,0.1902427673339844,,,5.846326121643416e-05,,,,,,,,,,,,,,,1626.0,0.1927325521002058
anp-in_context-protein-seed2,oo7vixwr,2026-07-21T22:11:49Z,anp,in_context,2,rmse,0.1487388212091,0.2620544997970925,0.130979135892117,0.2176024549436211,369.5091257095337,0.1160004138946533,0.1146333217620849,,,0.0003965675081771,,,,,,,,,,,,,,,1028.0,0.1957236684465528
anp-in_context-protein-seed2,p5y09e15,2026-07-21T23:55:44Z,anp,in_context,2,rmse,0.2233340167002395,0.2727372758052773,0.214011022853519,0.2333598350650496,666.8725457191467,0.1519398689270019,0.1461620330810547,,,3.210577849550394e-05,,,,,,,,,,,,,,,1906.0,0.1306216650930796
anp-in_context-protein-seed2,pl2f5obg,2026-07-21T22:00:31Z,anp,in_context,2,rmse,0.1600007113679361,0.2619858956224698,0.1488865343951182,0.2314374132601173,253.2474193572998,0.1555089950561523,0.1527719497680664,,,0.0004626362841475,,,,,,,,,,,,,,,739.0,0.0040436794880651
anp-in_context-protein-seed2,q90nq5dl,2026-07-21T22:22:56Z,anp,in_context,2,rmse,0.2031474362682382,0.2604985697873711,0.1931804563941025,0.2202195110888036,221.28746390342712,0.1546828746795654,0.1543841361999511,,,0.0001904767808428,,,,,,,,,,,,,,,657.0,0.0236548851737866
anp-in_context-protein-seed2,qo8thsez,2026-07-21T22:31:11Z,anp,in_context,2,rmse,0.2175138387115159,0.2682745004207189,0.2089028175699586,0.2320662437906444,365.8541541099548,0.1527860164642334,0.153745412826538,,,6.75031252159592e-05,,,,,,,,,,,,,,,1123.0,0.1043696643500143
anp-in_context-protein-seed2,r8x42m8t,2026-07-21T21:10:40Z,anp,in_context,2,rmse,0.2026529079530297,0.2672478354619953,0.1926377259895776,0.2281615007211167,339.2689280509949,0.1948208808898925,0.1937429904937744,,,0.0001229607110732,,,,,,,,,,,,,,,931.0,0.1205526752143287
anp-in_context-protein-seed2,uup64u3k,2026-07-21T22:49:07Z,anp,in_context,2,rmse,0.2078833762776976,0.2590581753868334,0.1985082991862546,0.220894467291859,201.8347578048706,0.158217191696167,0.1548309326171875,,,0.0001718980674331,,,,,,,,,,,,,,,657.0,0.003757960087271
anp-in_context-protein-seed2,vdnjcw3t,2026-07-21T23:03:27Z,anp,in_context,2,rmse,0.2112136202822163,0.2667160141882825,0.2022576680997523,0.229948713712816,400.1029200553894,0.1548788547515869,0.1519191265106201,,,7.4827960376208e-05,,,,,,,,,,,,,,,1175.0,0.0719015801147572
anp-in_context-protein-seed2,vzha3ge5,2026-07-21T22:04:50Z,anp,in_context,2,rmse,0.1431556661785272,0.257880341063281,0.1323561718239601,0.2328419954249893,414.66412258148193,0.1564657688140869,0.153757095336914,,,0.0005495716186411,,,,,,,,,,,,,,,1177.0,0.1556313501899701
anp-in_context-protein-seed2,w3mjw0kr,2026-07-22T00:06:56Z,anp,in_context,2,rmse,0.2241515714532407,0.26930275949734,0.2145527696775642,0.2276930487965727,679.3076539039612,0.1599879264831543,0.1596498489379882,,,3.082131641442947e-05,,,,,,,,,,,,,,,1902.0,0.0932621545712612
anp-in_context-protein-seed2,waf8ckb3,2026-07-21T23:12:10Z,anp,in_context,2,rmse,0.183342405312568,0.265039280015942,0.1727319112638148,0.2273950249460908,273.3666718006134,0.1580965518951416,0.1574368476867675,,,0.00021941976179,,,,,,,,,,,,,,,817.0,0.1333533430891335
anp-in_context-protein-seed2,wok3b0pw,2026-07-21T23:42:41Z,anp,in_context,2,rmse,0.3341206407713142,0.3552945020683055,0.3258712715388175,0.3173501644289034,102.0148983001709,0.1521520614624023,0.1514787673950195,,,1.5998881492631487e-05,,,,,,,,,,,,,,,284.0,0.1976747676118452
anp-in_context-protein-seed2,xide8xv0,2026-07-21T22:37:52Z,anp,in_context,2,rmse,0.1613845891653453,0.2611590458950062,0.1493015023474078,0.2278177913811241,281.69042706489563,0.1539218425750732,0.1525635719299316,,,0.0003535634629148,,,,,,,,,,,,,,,847.0,0.0529111224209254
anp-in_context-protein-seed2,zzf1qv6t,2026-07-21T21:03:44Z,anp,in_context,2,rmse,0.1644389753973027,0.2693564060734027,0.1474942164138634,0.2223684285869453,397.9561800956726,0.1893088817596435,0.1883299350738525,,,0.0002693883019285,,,,,,,,,,,,,,,1013.0,0.1097627007854649
anp-in_context-protein-seed3,08lqhcvp,2026-07-21T10:35:10Z,anp,in_context,3,rmse,0.1398154733903732,0.2124594545292543,0.1616766394638433,0.2694020854590824,514.6517376899719,0.3370680809020996,0.3431396484375,,,0.0002310152225018,,,,,,,,,,,,,,,1165.0,0.1887496157029248
anp-in_context-protein-seed3,1qor6c8t,2026-07-21T10:52:18Z,anp,in_context,3,rmse,0.1695225247107316,0.2129661746903956,0.1860322653208875,0.2640688646270538,348.159051656723,0.319817304611206,0.301983118057251,,,0.00021941976179,,,,,,,,,,,,,,,785.0,0.1333533430891335
anp-in_context-protein-seed3,27jdxo9o,2026-07-21T08:10:07Z,anp,in_context,3,rmse,0.1932311440178741,0.2060558954072048,0.2099718432808587,0.2667691517594777,262.9718010425568,0.3065364360809326,0.3166534900665283,,,0.0001957889720121,,,,,,,,,,,,,,,593.0,0.0847309598677809
anp-in_context-protein-seed3,2nl1ke3o,2026-07-21T11:12:23Z,anp,in_context,3,rmse,0.2120260710500258,0.2087590839408107,0.2276632395355543,0.2685952775189473,469.5903642177582,0.3128762245178222,0.3090372085571289,,,5.338528208876637e-05,,,,,,,,,,,,,,,1077.0,0.0630856701848367
anp-in_context-protein-seed3,5bk90rjg,2026-07-21T12:22:00Z,anp,in_context,3,rmse,0.3086468168252021,0.3125776993608953,0.316912175886307,0.3386588837888168,124.89672756195068,0.3118293285369873,0.3113126754760742,,,1.889582693802601e-05,,,,,,,,,,,,,,,275.0,0.1312659178930547
anp-in_context-protein-seed3,6rh7enar,2026-07-21T10:49:48Z,anp,in_context,3,rmse,0.313018280454629,0.3129051025032746,0.3211271970529589,0.3385122153661118,132.7026116847992,0.3122944831848144,0.3097643852233886,,,1.3196262418422204e-05,,,,,,,,,,,,,,,301.0,0.1395262391854529
anp-in_context-protein-seed3,8kycoxmb,2026-07-21T08:03:11Z,anp,in_context,3,rmse,0.1873159175965844,0.2115390350086284,0.2023231227223466,0.2632228243079855,410.1948955059051,0.3274190425872803,0.3266408443450928,,,0.0001229607110732,,,,,,,,,,,,,,,917.0,0.1205526752143287
anp-in_context-protein-seed3,918pzhgr,2026-07-21T11:53:12Z,anp,in_context,3,rmse,0.2127954968176652,0.2082829144502967,0.2289876771720859,0.2711596308308327,736.6861088275909,0.3043859004974365,0.3183081150054931,,,3.082131641442947e-05,,,,,,,,,,,,,,,1684.0,0.0932621545712612
anp-in_context-protein-seed3,atjzsud8,2026-07-21T10:14:23Z,anp,in_context,3,rmse,0.1746420876905062,0.2099870382512065,0.193895300090936,0.2713359520932816,224.0993659496307,0.2864301204681396,0.3141698837280273,,,0.0003535634629148,,,,,,,,,,,,,,,530.0,0.0529111224209254
anp-in_context-protein-seed3,bhp5po6q,2026-07-21T09:25:32Z,anp,in_context,3,rmse,0.1156563775464632,0.2002883892979634,0.1437083653041294,0.2631267717065612,583.0564556121826,0.3165607452392578,0.2965214252471924,,,0.0003639639356786,,,,,,,,,,,,,,,1327.0,0.0922958724505863
anp-in_context-protein-seed3,ds3bnbje,2026-07-21T07:56:21Z,anp,in_context,3,rmse,0.1542025343466303,0.211608033349079,0.1715840728440766,0.2610118272789272,400.44392347335815,0.3164601325988769,0.3222262859344482,,,0.0002693883019285,,,,,,,,,,,,,,,833.0,0.1097627007854649
anp-in_context-protein-seed3,dv35kjvq,2026-07-21T10:18:40Z,anp,in_context,3,rmse,0.1868997500748584,0.206239722193715,0.2042819166017326,0.2664197182941694,362.7214705944061,0.320340633392334,0.3044650554656982,,,0.0001370464839284,,,,,,,,,,,,,,,834.0,0.0912300664433097
anp-in_context-protein-seed3,eisjbx6c,2026-07-21T09:35:21Z,anp,in_context,3,rmse,0.1989691930365479,0.2092920647933022,0.2144131145410837,0.2662328512975592,253.31505227088928,0.3192813396453857,0.3083751201629638,,,0.0001904767808428,,,,,,,,,,,,,,,564.0,0.0236548851737866
anp-in_context-protein-seed3,f72q1yyf,2026-07-21T09:13:07Z,anp,in_context,3,rmse,0.1259759976058056,0.2110418851516829,0.1492389785288103,0.2636031011052598,360.185519695282,0.3138206005096435,0.3101034164428711,,,0.0005495716186411,,,,,,,,,,,,,,,829.0,0.1556313501899701
anp-in_context-protein-seed3,g2gk70v7,2026-07-21T12:05:34Z,anp,in_context,3,rmse,0.2218447628752279,0.2039987915818097,0.2378982118613213,0.2698611650537209,979.9454033374786,0.2670254707336426,0.2631762027740478,,,1.6624564693643617e-05,,,,,,,,,,,,,,,2197.0,0.0317939167291039
anp-in_context-protein-seed3,i501mem0,2026-07-21T10:58:11Z,anp,in_context,3,rmse,0.2238063612881438,0.2049176714996469,0.2393411642998353,0.2680611360936604,821.2286207675934,0.2662785053253174,0.2622742652893066,,,1.810725406663106e-05,,,,,,,,,,,,,,,1903.0,0.0420765122147681
anp-in_context-protein-seed3,it8z0sn3,2026-07-21T10:43:50Z,anp,in_context,3,rmse,0.2136704514666301,0.2074881226059138,0.2294915162727808,0.2687780358188678,342.79547238349915,0.3112552165985107,0.3025350570678711,,,7.4827960376208e-05,,,,,,,,,,,,,,,795.0,0.0719015801147572
anp-in_context-protein-seed3,j28443im,2026-07-21T08:41:41Z,anp,in_context,3,rmse,0.1158082476891707,0.2095674509227292,0.1446642892285921,0.2606972244301294,599.4797306060791,0.301957368850708,0.3142313957214355,,,0.0007098936257405,,,,,,,,,,,,,,,1316.0,0.1136089122187864
anp-in_context-protein-seed3,j3a5qoy9,2026-07-21T08:33:03Z,anp,in_context,3,rmse,0.1747372358102831,0.2095278919876927,0.1904853927133806,0.2610523245419588,511.9281971454621,0.3188216686248779,0.3150131702423095,,,0.000114232541556,,,,,,,,,,,,,,,1170.0,0.1583450076165329
anp-in_context-protein-seed3,j4asdsdm,2026-07-21T09:19:12Z,anp,in_context,3,rmse,0.1365756124569564,0.2101816517931244,0.15889203008459,0.2661483345590583,374.5063433647156,0.3075799942016601,0.3060791492462158,,,0.0003965675081771,,,,,,,,,,,,,,,825.0,0.1957236684465528
anp-in_context-protein-seed3,jixgwjg6,2026-07-21T11:39:26Z,anp,in_context,3,rmse,0.2065207185645552,0.2094437669570811,0.2234179466858973,0.2718873544453806,820.7806241512299,0.2965707778930664,0.3183948993682861,,,3.210577849550394e-05,,,,,,,,,,,,,,,1903.0,0.1306216650930796
anp-in_context-protein-seed3,neop9nky,2026-07-21T09:08:02Z,anp,in_context,3,rmse,0.1439268796701464,0.2082428074714328,0.1633918443207956,0.2610958703217361,300.09224343299866,0.3176112174987793,0.3091628551483154,,,0.0004626362841475,,,,,,,,,,,,,,,670.0,0.0040436794880651
anp-in_context-protein-seed3,pywnkktd,2026-07-21T10:08:25Z,anp,in_context,3,rmse,0.2162791660853794,0.2113975857843182,0.2326452673935309,0.2749012017696683,350.41593742370605,0.2672500610351562,0.2624156475067138,,,6.75031252159592e-05,,,,,,,,,,,,,,,817.0,0.1043696643500143
anp-in_context-protein-seed3,qpesevyi,2026-07-21T08:21:00Z,anp,in_context,3,rmse,0.1884135468911626,0.2113986515851382,0.205568213911422,0.2703806595259118,717.9033043384552,0.3188381195068359,0.3022987842559814,,,5.846326121643416e-05,,,,,,,,,,,,,,,1642.0,0.1927325521002058
anp-in_context-protein-seed3,r6ch0xu2,2026-07-21T11:26:21Z,anp,in_context,3,rmse,0.3227546638728019,0.3132069150117931,0.3306934742146668,0.3385638666552186,121.60998511314392,0.334625244140625,0.3153219223022461,,,1.5998881492631487e-05,,,,,,,,,,,,,,,284.0,0.1976747676118452
anp-in_context-protein-seed3,rqdkuwgx,2026-07-21T11:28:29Z,anp,in_context,3,rmse,0.2269332101536129,0.2066447946229589,0.2430159206589755,0.272909671359593,650.8133630752563,0.2857913970947265,0.2996242046356201,,,2.1019338091154404e-05,,,,,,,,,,,,,,,1498.0,0.0417753512189669
anp-in_context-protein-seed3,sn1nnyns,2026-07-21T11:20:19Z,anp,in_context,3,rmse,0.2125391278948102,0.2105606869893621,0.2295047215053013,0.2752175198279613,356.8029999732971,0.302656888961792,0.3075170516967773,,,7.537078298264379e-05,,,,,,,,,,,,,,,817.0,0.1140393540835759
anp-in_context-protein-seed3,v0dxhdov,2026-07-21T10:29:02Z,anp,in_context,3,rmse,0.1774303555903949,0.2101779650951536,0.1961568108003729,0.2725407927987606,362.50273728370667,0.3059794902801513,0.2975766658782959,,,0.0001713436419711,,,,,,,,,,,,,,,827.0,0.1224191445444842
anp-in_context-protein-seed3,v11s30iq,2026-07-21T08:51:47Z,anp,in_context,3,rmse,0.2260201484068761,0.2044488699503119,0.2416348606867241,0.2680701621119477,945.4241604804992,0.3081784248352051,0.3101546764373779,,,1.4936835544198446e-05,,,,,,,,,,,,,,,2084.0,0.0142072116395773
anp-in_context-protein-seed3,v1tegkpm,2026-07-21T08:14:47Z,anp,in_context,3,rmse,0.124580356717525,0.2117678061887981,0.1469236965378818,0.2606531284990617,368.1149752140045,0.3180708885192871,0.3210232257843017,,,0.0006074996073425,,,,,,,,,,,,,,,841.0,0.0875174422525385
anp-in_context-protein-seed3,zo6k5b8r,2026-07-21T10:24:49Z,anp,in_context,3,rmse,0.2025682801568965,0.2058830761153739,0.2197052427285224,0.2704233070772531,246.07931661605835,0.3257639408111572,0.3162488937377929,,,0.0001718980674331,,,,,,,,,,,,,,,563.0,0.003757960087271
anp-in_context-protein-seed3,zwdhwrrf,2026-07-21T09:39:39Z,anp,in_context,3,rmse,0.1175740504514049,0.2075222025318657,0.1463200240185036,0.2639295466516577,1714.3165247440338,0.3043673038482666,0.3107378482818603,,,0.0007750644796341,,,,,,,,,,,,,,,928.0,0.0286706574818092
anp-in_context-protein-seed4,0bmsnn6o,2026-07-21T16:34:07Z,anp,in_context,4,rmse,0.1880697688989938,0.2430903978297715,0.1911576699712135,0.2517279458887926,296.5369391441345,0.3193554878234863,0.3060615062713623,,,0.0002310152225018,,,,,,,,,,,,,,,663.0,0.1887496157029248
anp-in_context-protein-seed4,0zijfrn5,2026-07-21T15:48:02Z,anp,in_context,4,rmse,0.140386013203797,0.2371443466475759,0.1446608101449361,0.2462756934446816,432.3260035514831,0.312000036239624,0.2821290493011474,,,0.0003965675081771,,,,,,,,,,,,,,,971.0,0.1957236684465528
anp-in_context-protein-seed4,1paz4lod,2026-07-21T14:55:30Z,anp,in_context,4,rmse,0.1957313524306028,0.2404748170946096,0.1986259433865962,0.2494512188063915,287.46256828308105,0.2672321796417236,0.2613375186920166,,,0.0001957889720121,,,,,,,,,,,,,,,657.0,0.0847309598677809
anp-in_context-protein-seed4,2b8ih3qx,2026-07-21T14:50:37Z,anp,in_context,4,rmse,0.2151607885593321,0.2451423668159032,0.2183153571152105,0.2543025017295762,286.68603253364563,0.2637050151824951,0.2662222385406494,,,0.0001229607110732,,,,,,,,,,,,,,,657.0,0.1205526752143287
anp-in_context-protein-seed4,2na7gaj5,2026-07-21T16:10:01Z,anp,in_context,4,rmse,0.2245288011504382,0.240189204082404,0.2269258532374578,0.2465545454072599,353.8545656204224,0.3157975673675537,0.3095703125,,,6.75031252159592e-05,,,,,,,,,,,,,,,796.0,0.1043696643500143
anp-in_context-protein-seed4,47zdvsxu,2026-07-21T15:26:21Z,anp,in_context,4,rmse,0.2376177717999714,0.2362665095391086,0.2410842084718498,0.2501910920686113,770.1185672283173,0.3122665882110595,0.3173017501831054,,,1.4936835544198446e-05,,,,,,,,,,,,,,,1742.0,0.0142072116395773
anp-in_context-protein-seed4,4uhlby0w,2026-07-21T16:05:21Z,anp,in_context,4,rmse,0.1439925137297201,0.2430787336146434,0.1452848853134527,0.2447623132928344,274.1537787914276,0.317298412322998,0.3174247741699219,,,0.0007750644796341,,,,,,,,,,,,,,,630.0,0.0286706574818092
anp-in_context-protein-seed4,583wnf2k,2026-07-21T16:19:43Z,anp,in_context,4,rmse,0.2097785364875394,0.2379530923363571,0.2121618716143564,0.2446357396793022,288.1525044441223,0.3322842121124267,0.314490795135498,,,0.0001370464839284,,,,,,,,,,,,,,,657.0,0.0912300664433097
anp-in_context-protein-seed4,5eas1g2g,2026-07-21T16:52:35Z,anp,in_context,4,rmse,0.2336090167640393,0.237856890249171,0.2371065890747495,0.251125382233168,776.4675369262695,0.2672638893127441,0.2658314704895019,,,1.810725406663106e-05,,,,,,,,,,,,,,,1742.0,0.0420765122147681
anp-in_context-protein-seed4,65cbcrg0,2026-07-21T17:05:44Z,anp,in_context,4,rmse,0.2289217639883221,0.2377861969954872,0.2317390973559655,0.2475626290057229,381.4876456260681,0.312166690826416,0.3167457580566406,,,5.338528208876637e-05,,,,,,,,,,,,,,,833.0,0.0630856701848367
anp-in_context-protein-seed4,8bngmdvb,2026-07-21T17:50:20Z,anp,in_context,4,rmse,0.2353810034562486,0.2373922608207874,0.2389149682447054,0.2508943406062411,773.8901977539062,0.3015005588531494,0.2936968803405761,,,1.6624564693643617e-05,,,,,,,,,,,,,,,1743.0,0.0317939167291039
anp-in_context-protein-seed4,8dxxrnph,2026-07-21T16:01:06Z,anp,in_context,4,rmse,0.2058851926584277,0.2371183810856819,0.2092105586354325,0.2478126584460047,249.1665067672729,0.3080940246582031,0.3205897808074951,,,0.0001904767808428,,,,,,,,,,,,,,,564.0,0.0236548851737866
anp-in_context-protein-seed4,al47mr6y,2026-07-21T17:12:12Z,anp,in_context,4,rmse,0.2223113654797916,0.2447986767807869,0.2263135478056266,0.2583020384948831,361.2624018192291,0.3279824256896972,0.3323488235473633,,,7.537078298264379e-05,,,,,,,,,,,,,,,795.0,0.1140393540835759
anp-in_context-protein-seed4,b49lar1k,2026-07-21T15:43:02Z,anp,in_context,4,rmse,0.1505216538698415,0.240295613854224,0.1541287691335645,0.24852947304117,294.54886865615845,0.2971222400665283,0.3134827613830566,,,0.0005495716186411,,,,,,,,,,,,,,,644.0,0.1556313501899701
anp-in_context-protein-seed4,cnuy6f7f,2026-07-21T16:24:38Z,anp,in_context,4,rmse,0.2053640677953846,0.2342644454114586,0.2104027312807089,0.251030989137163,267.86243867874146,0.2859330177307129,0.2960155010223388,,,0.0001718980674331,,,,,,,,,,,,,,,600.0,0.003757960087271
anp-in_context-protein-seed4,fmcr5t87,2026-07-21T16:39:10Z,anp,in_context,4,rmse,0.2282889362826995,0.2392954309697052,0.2313540787646995,0.2484680296609594,299.3070297241211,0.2687358856201172,0.265305757522583,,,7.4827960376208e-05,,,,,,,,,,,,,,,666.0,0.0719015801147572
anp-in_context-protein-seed4,gj0ax7dh,2026-07-21T16:29:10Z,anp,in_context,4,rmse,0.2017400788097846,0.2417223950418475,0.2046367764888324,0.2502066313009953,291.85705947875977,0.3091046810150146,0.3124356269836426,,,0.0001713436419711,,,,,,,,,,,,,,,657.0,0.1224191445444842
anp-in_context-protein-seed4,h0r3b83y,2026-07-21T15:21:04Z,anp,in_context,4,rmse,0.1383429271418874,0.2351654380267505,0.1445077636931416,0.2476376268940199,312.0690097808838,0.3048429489135742,0.3187730312347412,,,0.0007098936257405,,,,,,,,,,,,,,,710.0,0.1136089122187864
anp-in_context-protein-seed4,j1vsqck2,2026-07-21T15:55:20Z,anp,in_context,4,rmse,0.1556725850919398,0.2376150540955261,0.1609854415734055,0.2509144548738359,340.28260946273804,0.3175346851348877,0.3219306468963623,,,0.0003639639356786,,,,,,,,,,,,,,,770.0,0.0922958724505863
anp-in_context-protein-seed4,knssomxp,2026-07-21T16:44:54Z,anp,in_context,4,rmse,0.3156414563647546,0.3232942498788345,0.3187891664405318,0.3313762895786797,131.73539280891418,0.3159730434417724,0.3157806396484375,,,1.3196262418422204e-05,,,,,,,,,,,,,,,301.0,0.1395262391854529
anp-in_context-protein-seed4,l65gb3g6,2026-07-21T17:18:19Z,anp,in_context,4,rmse,0.3263352756300869,0.3234891121445623,0.329299089385242,0.3310363842812012,132.1682767868042,0.3055446147918701,0.3084204196929931,,,1.5998881492631487e-05,,,,,,,,,,,,,,,283.0,0.1976747676118452
anp-in_context-protein-seed4,m32oxji2,2026-07-21T15:39:16Z,anp,in_context,4,rmse,0.180563498041771,0.2441370171809515,0.1842184797812006,0.255290117715176,220.0210404396057,0.3115324974060058,0.3113219738006592,,,0.0004626362841475,,,,,,,,,,,,,,,487.0,0.0040436794880651
anp-in_context-protein-seed4,mu9ezom6,2026-07-21T15:00:24Z,anp,in_context,4,rmse,0.1534833077354298,0.2400403562712588,0.1573666230311377,0.2492198603117252,250.3889100551605,0.326655626296997,0.3204889297485351,,,0.0006074996073425,,,,,,,,,,,,,,,582.0,0.0875174422525385
anp-in_context-protein-seed4,ogo9txge,2026-07-21T18:03:28Z,anp,in_context,4,rmse,0.318135716773907,0.3231057301930197,0.3211466825797582,0.3308412738019111,124.51323771476746,0.3182291984558105,0.3172340393066406,,,1.889582693802601e-05,,,,,,,,,,,,,,,270.0,0.1312659178930547
anp-in_context-protein-seed4,otf8uwxe,2026-07-21T15:04:46Z,anp,in_context,4,rmse,0.2136210996514828,0.2482543554250987,0.2173756456541267,0.2602866780104555,534.1857748031616,0.3088395595550537,0.300900936126709,,,5.846326121643416e-05,,,,,,,,,,,,,,,1202.0,0.1927325521002058
anp-in_context-protein-seed4,p5ka9bnc,2026-07-21T17:42:05Z,anp,in_context,4,rmse,0.2329375237122645,0.2377580398887167,0.236432424405726,0.2491354668250715,489.4772570133209,0.2706537246704101,0.2730989456176758,,,3.082131641442947e-05,,,,,,,,,,,,,,,1113.0,0.0932621545712612
anp-in_context-protein-seed4,qvoh2oir,2026-07-21T17:30:56Z,anp,in_context,4,rmse,0.2257106262632363,0.2427965279779766,0.2300883436036857,0.2585490670784429,625.81787109375,0.3133895397186279,0.3051145076751709,,,3.210577849550394e-05,,,,,,,,,,,,,,,1420.0,0.1306216650930796
anp-in_context-protein-seed4,s875tb6g,2026-07-21T16:47:20Z,anp,in_context,4,rmse,0.1911683165653242,0.2425129548207021,0.1946373982711951,0.2535303177005877,292.2324197292328,0.2779340744018554,0.2747197151184082,,,0.00021941976179,,,,,,,,,,,,,,,657.0,0.1333533430891335
anp-in_context-protein-seed4,xuhv2o3w,2026-07-21T16:16:00Z,anp,in_context,4,rmse,0.1895943485485967,0.2401654895421221,0.1916166232438037,0.2450881348916394,217.6588318347931,0.301565408706665,0.3071379661560058,,,0.0003535634629148,,,,,,,,,,,,,,,493.0,0.0529111224209254
anp-in_context-protein-seed4,xv4elgzw,2026-07-21T15:13:47Z,anp,in_context,4,rmse,0.1962707466364737,0.2434621434572886,0.1994319078398914,0.2526471181299281,430.0019483566284,0.29994797706604,0.2999014854431152,,,0.000114232541556,,,,,,,,,,,,,,,965.0,0.1583450076165329
anp-in_context-protein-seed4,zjkunij7,2026-07-21T14:45:15Z,anp,in_context,4,rmse,0.1809733719775901,0.2411497476242148,0.1845473678269868,0.2522468221764932,295.60075211524963,0.3179605007171631,0.3335177898406982,,,0.0002693883019285,,,,,,,,,,,,,,,657.0,0.1097627007854649
anp-in_context-protein-seed4,zq5iyvjg,2026-07-21T17:20:37Z,anp,in_context,4,rmse,0.2358595286512208,0.2370486014615655,0.2396349092809165,0.2504323804860361,613.2698323726654,0.3218011856079101,0.3048419952392578,,,2.1019338091154404e-05,,,,,,,,,,,,,,,1373.0,0.0417753512189669
anp-few_shot-protein-seed0,0nlcaux5,2026-07-21T13:10:16Z,anp,few_shot,0,rmse,0.1479833430617395,0.1961070128929324,0.1760173592811975,0.2748463258016558,178.9596712589264,0.0894474983215332,0.0901963710784912,,,0.0007098936257405,,,,,,,,,,,,,,,611.0,0.1136089122187864
anp-few_shot-protein-seed0,1hx75n9i,2026-07-21T14:10:55Z,anp,few_shot,0,rmse,0.285451728062038,0.2929873913952664,0.3011577083514287,0.3528842195590577,100.46526956558228,0.0886032581329345,0.0930871963500976,,,2.1019338091154404e-05,,,,,,,,,,,,,,,331.0,0.0417753512189669
anp-few_shot-protein-seed0,2mtb47vr,2026-07-21T13:22:34Z,anp,few_shot,0,rmse,0.2731760661967479,0.2938697620596197,0.2895006537437439,0.3536540175665484,66.54658937454224,0.0813560485839843,0.0805306434631347,,,0.0003965675081771,,,,,,,,,,,,,,,217.0,0.1957236684465528
anp-few_shot-protein-seed0,3a2raxpe,2026-07-21T13:23:47Z,anp,few_shot,0,rmse,0.164421436560415,0.2050197736556153,0.188244159405048,0.2744307248289446,219.8471007347107,0.0909566879272461,0.098707914352417,,,0.0003639639356786,,,,,,,,,,,,,,,779.0,0.0922958724505863
anp-few_shot-protein-seed0,5o2t5o08,2026-07-21T13:15:37Z,anp,few_shot,0,rmse,0.1669935623224634,0.205823138489384,0.1911092201868693,0.2784017947765426,191.31468558311465,0.0794692039489746,0.0811734199523925,,,0.0004626362841475,,,,,,,,,,,,,,,651.0,0.0040436794880651
anp-few_shot-protein-seed0,5wjiihx3,2026-07-21T13:36:05Z,anp,few_shot,0,rmse,0.3095439176489837,0.2933594893471884,0.3247313560583653,0.3557213726690838,71.14264988899231,0.0844743251800537,0.0886564254760742,,,6.75031252159592e-05,,,,,,,,,,,,,,,234.0,0.1043696643500143
anp-few_shot-protein-seed0,5y3p3aje,2026-07-21T13:53:09Z,anp,few_shot,0,rmse,0.3126999061473094,0.2925819527105864,0.3278264036545387,0.3551448098542751,105.64662265777588,0.0984978675842285,0.0975279808044433,,,1.3196262418422204e-05,,,,,,,,,,,,,,,350.0,0.1395262391854529
anp-few_shot-protein-seed0,7x4f8qng,2026-07-21T13:13:47Z,anp,few_shot,0,rmse,0.2854350866192449,0.2940303514916049,0.3013791503050388,0.3553124840818089,105.61660361289978,0.083432912826538,0.0860402584075927,,,1.4936835544198446e-05,,,,,,,,,,,,,,,380.0,0.0142072116395773
anp-few_shot-protein-seed0,81yeuo39,2026-07-21T13:08:40Z,anp,few_shot,0,rmse,0.3268019239397814,0.2935452357372969,0.3417370884846418,0.3578138021232215,65.50347948074341,0.092092752456665,0.0912747383117675,,,0.000114232541556,,,,,,,,,,,,,,,220.0,0.1583450076165329
anp-few_shot-protein-seed0,8a282fzn,2026-07-21T12:54:39Z,anp,few_shot,0,rmse,0.1910573922804672,0.2126906745315475,0.2122959494590759,0.2842911872967966,204.2261164188385,0.0896594524383544,0.0901660919189453,,,0.0002693883019285,,,,,,,,,,,,,,,672.0,0.1097627007854649
anp-few_shot-protein-seed0,byvklqbt,2026-07-21T14:08:30Z,anp,few_shot,0,rmse,0.3217721785942133,0.292860788912295,0.336656833306337,0.3560683551112616,95.74687886238098,0.0777876377105712,0.0794715881347656,,,1.5998881492631487e-05,,,,,,,,,,,,,,,324.0,0.1976747676118452
anp-few_shot-protein-seed0,cnaj28jy,2026-07-21T13:18:52Z,anp,few_shot,0,rmse,0.1477607484281498,0.2104982418068695,0.1685352478271875,0.2634594923465803,218.16644620895383,0.0957381725311279,0.09423828125,,,0.0005495716186411,,,,,,,,,,,,,,,759.0,0.1556313501899701
anp-few_shot-protein-seed0,d3mbqqby,2026-07-21T14:02:04Z,anp,few_shot,0,rmse,0.2268129143401654,0.2116304588028762,0.2444180586399176,0.285021526130101,296.94278717041016,0.0979056358337402,0.0904850959777832,,,5.338528208876637e-05,,,,,,,,,,,,,,,1025.0,0.0630856701848367
anp-few_shot-protein-seed0,g4wvrdjf,2026-07-21T13:31:22Z,anp,few_shot,0,rmse,0.1253165650541765,0.2082357697067404,0.1584616639675238,0.2743865636200835,278.45312213897705,0.0762622356414794,0.0769824981689453,,,0.0007750644796341,,,,,,,,,,,,,,,949.0,0.0286706574818092
anp-few_shot-protein-seed0,hb9w3wlg,2026-07-21T13:07:28Z,anp,few_shot,0,rmse,0.3268028863155058,0.2935413241746662,0.3418300579755734,0.3582671610009455,67.36992502212524,0.0904641151428222,0.0914702415466308,,,5.846326121643416e-05,,,,,,,,,,,,,,,237.0,0.1927325521002058
anp-few_shot-protein-seed0,jdwuuwo3,2026-07-21T13:40:19Z,anp,few_shot,0,rmse,0.3053066869721795,0.2931196279020017,0.3204427132239708,0.3546215974425978,67.52025103569031,0.0970542430877685,0.0949029922485351,,,0.0001370464839284,,,,,,,,,,,,,,,219.0,0.0912300664433097
anp-few_shot-protein-seed0,jfnmfozx,2026-07-21T14:14:35Z,anp,few_shot,0,rmse,0.3024182049897465,0.2930236287759237,0.317575549468016,0.3537699891802381,81.69289135932922,0.0764250755310058,0.0751333236694336,,,3.082131641442947e-05,,,,,,,,,,,,,,,271.0,0.0932621545712612
anp-few_shot-protein-seed0,mloci77a,2026-07-21T13:27:32Z,anp,few_shot,0,rmse,0.1993540777777233,0.2098632592042361,0.2140673093306712,0.2642457166710896,224.8679072856903,0.0950164794921875,0.0886459350585937,,,0.0001904767808428,,,,,,,,,,,,,,,760.0,0.0236548851737866
anp-few_shot-protein-seed0,mtcowow7,2026-07-21T13:03:35Z,anp,few_shot,0,rmse,0.1475396060595547,0.2065937934310635,0.1706946950692396,0.2679995327293258,207.40430545806885,0.0909066200256347,0.0924756526947021,,,0.0006074996073425,,,,,,,,,,,,,,,707.0,0.0875174422525385
anp-few_shot-protein-seed0,n5wgf25c,2026-07-21T14:07:17Z,anp,few_shot,0,rmse,0.3104533078896738,0.2932892851702989,0.3252679048440395,0.3539418397047071,69.0172176361084,0.0997061729431152,0.0971724987030029,,,7.537078298264379e-05,,,,,,,,,,,,,,,231.0,0.1140393540835759
anp-few_shot-protein-seed0,no143qdi,2026-07-21T13:47:47Z,anp,few_shot,0,rmse,0.2129425915488361,0.2026773924005182,0.2329450509487054,0.2814026361032361,317.7964599132538,0.0760259628295898,0.0750017166137695,,,7.4827960376208e-05,,,,,,,,,,,,,,,1107.0,0.0719015801147572
anp-few_shot-protein-seed0,q4dl2f8r,2026-07-21T14:00:25Z,anp,few_shot,0,rmse,0.2912939151708227,0.2929617064818771,0.3073371480672787,0.3558505902722178,95.48828601837158,0.0929822921752929,0.0856568813323974,,,1.810725406663106e-05,,,,,,,,,,,,,,,331.0,0.0420765122147681
anp-few_shot-protein-seed0,qhd9c7a6,2026-07-21T12:59:18Z,anp,few_shot,0,rmse,0.1912613994013654,0.2189411711493259,0.2097665545267936,0.2796299246717052,253.7015898227692,0.0922293663024902,0.0886821746826171,,,0.0001957889720121,,,,,,,,,,,,,,,864.0,0.0847309598677809
anp-few_shot-protein-seed0,repkjvc3,2026-07-21T14:12:40Z,anp,few_shot,0,rmse,0.3133712650215539,0.2927609495183066,0.3282804351586562,0.3544796111991592,76.40303325653076,0.0873241424560546,0.094832181930542,,,3.210577849550394e-05,,,,,,,,,,,,,,,265.0,0.1306216650930796
anp-few_shot-protein-seed0,rk0obyyp,2026-07-21T14:18:07Z,anp,few_shot,0,rmse,0.309319957329409,0.2930105217944596,0.3240928405370468,0.3530092888040951,89.53475332260132,0.0883877277374267,0.0920569896697998,,,1.889582693802601e-05,,,,,,,,,,,,,,,309.0,0.1312659178930547
anp-few_shot-protein-seed0,so4zr6uy,2026-07-21T13:37:21Z,anp,few_shot,0,rmse,0.1895896300782252,0.212304803148759,0.2061409965539589,0.2695494450982029,173.6697130203247,0.0872664451599121,0.0892269611358642,,,0.0003535634629148,,,,,,,,,,,,,,,591.0,0.0529111224209254
anp-few_shot-protein-seed0,ur449eg0,2026-07-21T13:55:09Z,anp,few_shot,0,rmse,0.1789999678187126,0.2155961554365725,0.1997179495982634,0.2817825279770226,271.25187945365906,0.0890042781829834,0.0897002220153808,,,0.00021941976179,,,,,,,,,,,,,,,949.0,0.1333533430891335
anp-few_shot-protein-seed0,vllpnzoi,2026-07-21T13:41:31Z,anp,few_shot,0,rmse,0.2029067147387205,0.2084546382998723,0.2185323910835461,0.2660935407934188,223.7902035713196,0.095658540725708,0.0927352905273437,,,0.0001718980674331,,,,,,,,,,,,,,,760.0,0.003757960087271
anp-few_shot-protein-seed0,w5mxdpgp,2026-07-21T12:58:09Z,anp,few_shot,0,rmse,0.3195473747531863,0.2940318476303174,0.3346701447780316,0.3580118415788446,63.24633264541626,0.0891916751861572,0.0932996273040771,,,0.0001229607110732,,,,,,,,,,,,,,,219.0,0.1205526752143287
anp-few_shot-protein-seed0,whqfq9u3,2026-07-21T13:46:29Z,anp,few_shot,0,rmse,0.3392019532892826,0.2929408742770958,0.3532989804561322,0.355283402469019,64.47603392601013,0.092458963394165,0.0818443298339843,,,0.0002310152225018,,,,,,,,,,,,,,,211.0,0.1887496157029248
anp-few_shot-protein-seed0,ydvodhsm,2026-07-21T13:45:20Z,anp,few_shot,0,rmse,0.3273947482561543,0.2935982234583632,0.3422964811325073,0.3581745437022058,65.13547348976135,0.0894324779510498,0.0972425937652588,,,0.0001713436419711,,,,,,,,,,,,,,,214.0,0.1224191445444842
anp-few_shot-protein-seed0,zf16fqy8,2026-07-21T14:16:01Z,anp,few_shot,0,rmse,0.2883104216443361,0.2929516183477191,0.3043130804330874,0.3551004559056758,104.07560992240906,0.0950262546539306,0.0892162322998046,,,1.6624564693643617e-05,,,,,,,,,,,,,,,352.0,0.0317939167291039
anp-few_shot-protein-seed1,02fpjab2,2026-07-21T19:21:54Z,anp,few_shot,1,rmse,0.1957401495713454,0.2621716326504421,0.1971938458065058,0.2586661861806532,211.63100242614743,0.1004302501678466,0.0870351791381836,,,0.0003639639356786,,,,,,,,,,,,,,,632.0,0.0922958724505863
anp-few_shot-protein-seed1,2y4o6myx,2026-07-21T20:18:50Z,anp,few_shot,1,rmse,0.265067681565985,0.3098533975279148,0.2633146247607749,0.2900622125893501,293.13792657852173,0.0924620628356933,0.0807068347930908,,,1.810725406663106e-05,,,,,,,,,,,,,,,927.0,0.0420765122147681
anp-few_shot-protein-seed1,3q789o13,2026-07-21T21:01:16Z,anp,few_shot,1,rmse,0.3267797273355764,0.3380656684914285,0.3270831060089521,0.3242613967610617,94.48772525787354,0.0613148212432861,0.0558772087097168,,,1.889582693802601e-05,,,,,,,,,,,,,,,303.0,0.1312659178930547
anp-few_shot-protein-seed1,4gw1rmy4,2026-07-21T19:25:31Z,anp,few_shot,1,rmse,0.2053566512527999,0.2464256132141084,0.203192003621351,0.2321162159489132,258.18050169944763,0.0817463397979736,0.0756902694702148,,,0.0001904767808428,,,,,,,,,,,,,,,791.0,0.0236548851737866
anp-few_shot-protein-seed1,5wcbmm9m,2026-07-21T20:42:04Z,anp,few_shot,1,rmse,0.3277382250432368,0.3377416048896706,0.3279276758232373,0.3235617922512008,81.54129362106323,0.073516845703125,0.0704576969146728,,,3.210577849550394e-05,,,,,,,,,,,,,,,263.0,0.1306216650930796
anp-few_shot-protein-seed1,73sm4axs,2026-07-21T19:50:43Z,anp,few_shot,1,rmse,0.1997655946891624,0.2454224189016844,0.1982420146865332,0.2315969061222771,301.3841288089752,0.0874946117401123,0.0790176391601562,,,0.0001718980674331,,,,,,,,,,,,,,,931.0,0.003757960087271
anp-few_shot-protein-seed1,84ljnjke,2026-07-21T20:47:01Z,anp,few_shot,1,rmse,0.2351284543951074,0.2509952964525775,0.2329626979443851,0.2338935421270372,818.2671868801117,0.066310167312622,0.0580410957336425,,,1.6624564693643617e-05,,,,,,,,,,,,,,,2793.0,0.0317939167291039
anp-few_shot-protein-seed1,9moyg134,2026-07-21T20:00:36Z,anp,few_shot,1,rmse,0.2130220336513919,0.2585166793939009,0.2159352126537553,0.2630524430126754,196.21321821212769,0.0772337913513183,0.0688369274139404,,,0.0002310152225018,,,,,,,,,,,,,,,623.0,0.1887496157029248
anp-few_shot-protein-seed1,9zvabvi4,2026-07-21T20:23:49Z,anp,few_shot,1,rmse,0.2284803323812418,0.2504743496942087,0.2265324032546689,0.2367350741264836,391.8932864665985,0.0937473773956298,0.0799720287322998,,,5.338528208876637e-05,,,,,,,,,,,,,,,1246.0,0.0630856701848367
anp-few_shot-protein-seed1,cdpvsc5n,2026-07-21T19:29:58Z,anp,few_shot,1,rmse,0.170962877206869,0.2545689649889384,0.170613488894981,0.2508790145528529,180.62841176986697,0.0740251541137695,0.0657072067260742,,,0.0007750644796341,,,,,,,,,,,,,,,557.0,0.0286706574818092
anp-few_shot-protein-seed1,cfldwylx,2026-07-21T19:12:16Z,anp,few_shot,1,rmse,0.1430571679468755,0.2458544821519388,0.1441301043401628,0.243236841039573,367.6972062587738,0.0852077007293701,0.0791971683502197,,,0.0005495716186411,,,,,,,,,,,,,,,1123.0,0.1556313501899701
anp-few_shot-protein-seed1,ec0jxkfq,2026-07-21T18:28:12Z,anp,few_shot,1,rmse,0.2087080036843573,0.255749029815785,0.2058886057578477,0.2388121036167476,348.810564994812,0.1055982112884521,0.0906362533569336,,,0.0001229607110732,,,,,,,,,,,,,,,1059.0,0.1205526752143287
anp-few_shot-protein-seed1,efa1rha1,2026-07-21T20:11:46Z,anp,few_shot,1,rmse,0.327657244422219,0.3383831566119191,0.3280411838685106,0.3248637624762056,111.90146112442017,0.0869619846343994,0.081172227859497,,,1.3196262418422204e-05,,,,,,,,,,,,,,,346.0,0.1395262391854529
anp-few_shot-protein-seed1,ex4s3vf4,2026-07-21T19:46:24Z,anp,few_shot,1,rmse,0.2181768917537235,0.2522616507428343,0.2166294091499892,0.2409021729171108,255.1784660816193,0.0881781578063964,0.077261209487915,,,0.0001370464839284,,,,,,,,,,,,,,,793.0,0.0912300664433097
anp-few_shot-protein-seed1,fyqmr813,2026-07-21T19:01:33Z,anp,few_shot,1,rmse,0.2652756901054116,0.3070820913346291,0.2631744122345175,0.2871937418481308,348.1729500293732,0.1075251102447509,0.088918924331665,,,1.4936835544198446e-05,,,,,,,,,,,,,,,1037.0,0.0142072116395773
anp-few_shot-protein-seed1,gdvark2y,2026-07-21T19:33:41Z,anp,few_shot,1,rmse,0.2097414890369335,0.2556444849449799,0.2057266747391464,0.2331856293375142,545.7804026603699,0.0908021926879882,0.0833024978637695,,,6.75031252159592e-05,,,,,,,,,,,,,,,1711.0,0.1043696643500143
anp-few_shot-protein-seed1,jff4bk0c,2026-07-21T18:24:19Z,anp,few_shot,1,rmse,0.201902526241916,0.2542562240097477,0.2031834269530021,0.2501987897486452,227.7602262496948,0.1047708988189697,0.0869157314300537,,,0.0002693883019285,,,,,,,,,,,,,,,666.0,0.1097627007854649
anp-few_shot-protein-seed1,jhoc26sa,2026-07-21T19:42:51Z,anp,few_shot,1,rmse,0.1962848084789889,0.2651433969786522,0.1933009072438182,0.2485034210617863,207.4131381511688,0.0840599536895752,0.0753204822540283,,,0.0003535634629148,,,,,,,,,,,,,,,647.0,0.0529111224209254
anp-few_shot-protein-seed1,jtrj7w0n,2026-07-21T19:55:52Z,anp,few_shot,1,rmse,0.2028199876105035,0.2490380959559923,0.2009232564260495,0.2373798388393252,280.1026294231415,0.0711476802825927,0.0658726692199707,,,0.0001713436419711,,,,,,,,,,,,,,,893.0,0.1224191445444842
anp-few_shot-protein-seed1,kk1jii3w,2026-07-21T18:41:37Z,anp,few_shot,1,rmse,0.2585447918285023,0.3119063075453093,0.2580956180623713,0.3010171890705546,211.2042880058289,0.1006665229797363,0.0842831134796142,,,5.846326121643416e-05,,,,,,,,,,,,,,,623.0,0.1927325521002058
anp-few_shot-protein-seed1,lrneplef,2026-07-21T18:55:25Z,anp,few_shot,1,rmse,0.1441216743909395,0.2534355217377508,0.1366880308061638,0.2345112072302567,348.6960732936859,0.1061701774597168,0.0929839611053466,,,0.0007098936257405,,,,,,,,,,,,,,,1057.0,0.1136089122187864
anp-few_shot-protein-seed1,m1c6hdq0,2026-07-21T18:45:45Z,anp,few_shot,1,rmse,0.1884111224354564,0.2546622007164494,0.1827755846433191,0.2299023272751242,548.4831602573395,0.1067245006561279,0.0911071300506591,,,0.000114232541556,,,,,,,,,,,,,,,1641.0,0.1583450076165329
anp-few_shot-protein-seed1,mjs7vekv,2026-07-21T20:43:30Z,anp,few_shot,1,rmse,0.2649478853999318,0.3112808406936042,0.2652119934158837,0.3016954754116663,206.7331070899963,0.0747840404510498,0.0652410984039306,,,3.082131641442947e-05,,,,,,,,,,,,,,,652.0,0.0932621545712612
anp-few_shot-protein-seed1,mox9ycfi,2026-07-21T20:38:06Z,anp,few_shot,1,rmse,0.2668334929259507,0.3109360301268568,0.2662981436556618,0.2962620497192085,233.74027967453003,0.0802497863769531,0.0691001415252685,,,2.1019338091154404e-05,,,,,,,,,,,,,,,732.0,0.0417753512189669
anp-few_shot-protein-seed1,ne6t7zxc,2026-07-21T19:18:31Z,anp,few_shot,1,rmse,0.1952917925961367,0.2603137210763845,0.1947512370627998,0.2522920504442749,196.1911120414734,0.1034982204437256,0.0936324596405029,,,0.0003965675081771,,,,,,,,,,,,,,,588.0,0.1957236684465528
anp-few_shot-protein-seed1,pk5tcpat,2026-07-21T18:37:41Z,anp,few_shot,1,rmse,0.1719128647884288,0.2548400714748509,0.1694004639683153,0.2423683611603301,214.617931842804,0.0847203731536865,0.076594591140747,,,0.0006074996073425,,,,,,,,,,,,,,,632.0,0.0875174422525385
anp-few_shot-protein-seed1,qsiuukb5,2026-07-21T19:07:27Z,anp,few_shot,1,rmse,0.1651216049294371,0.2540203385787975,0.1642103787236565,0.2475484468571326,283.07096815109253,0.1040952205657959,0.0874006748199462,,,0.0004626362841475,,,,,,,,,,,,,,,846.0,0.0040436794880651
anp-few_shot-protein-seed1,r1e0d6sb,2026-07-21T20:36:15Z,anp,few_shot,1,rmse,0.3322011290730296,0.3376946465491803,0.3326066852415968,0.3239736312033809,106.44262981414796,0.0876176357269287,0.0780591964721679,,,1.5998881492631487e-05,,,,,,,,,,,,,,,325.0,0.1976747676118452
anp-few_shot-protein-seed1,s0ydy4en,2026-07-21T20:13:48Z,anp,few_shot,1,rmse,0.1900900610677012,0.2530227068060092,0.1868941719900041,0.2338802614143563,296.916175365448,0.0864381790161132,0.07706880569458,,,0.00021941976179,,,,,,,,,,,,,,,930.0,0.1333533430891335
anp-few_shot-protein-seed1,ss0kb88f,2026-07-21T18:34:21Z,anp,few_shot,1,rmse,0.2202293005856601,0.2499144063063006,0.2207295526594123,0.2450332644664045,193.4739844799041,0.107161283493042,0.0928626060485839,,,0.0001957889720121,,,,,,,,,,,,,,,586.0,0.0847309598677809
anp-few_shot-protein-seed1,ttfmve6c,2026-07-21T20:03:57Z,anp,few_shot,1,rmse,0.2153246344386281,0.2549306646837958,0.2113171407840396,0.2319791259220856,438.3221945762634,0.0850787162780761,0.0746016502380371,,,7.4827960376208e-05,,,,,,,,,,,,,,,1370.0,0.0719015801147572
anp-few_shot-protein-seed1,zkpop5qt,2026-07-21T20:30:25Z,anp,few_shot,1,rmse,0.2259266793311059,0.2623205244227106,0.2229954556330738,0.2424027381817859,345.8899390697479,0.0889155864715576,0.0716292858123779,,,7.537078298264379e-05,,,,,,,,,,,,,,,1093.0,0.1140393540835759
anp-few_shot-protein-seed2,03djebuz,2026-07-22T00:37:39Z,anp,few_shot,2,rmse,0.2116854129693447,0.2457658520498462,0.2113552964650667,0.2330270852535644,180.67161870002747,0.0482301712036132,0.0414175987243652,,,0.0001957889720121,,,,,,,,,,,,,,,660.0,0.0847309598677809
anp-few_shot-protein-seed2,2358eoyi,2026-07-22T01:07:59Z,anp,few_shot,2,rmse,0.1806304898017492,0.2497194620844173,0.1754355904383537,0.2275077665506444,176.03501749038696,0.03265380859375,0.0322835445404052,,,0.0004626362841475,,,,,,,,,,,,,,,645.0,0.0040436794880651
anp-few_shot-protein-seed2,2odtfc43,2026-07-22T01:49:11Z,anp,few_shot,2,rmse,0.1865921799953167,0.2481118380650442,0.1836997041335472,0.2300243728884953,255.93320751190183,0.0419206619262695,0.0313282012939453,,,0.0002310152225018,,,,,,,,,,,,,,,919.0,0.1887496157029248
anp-few_shot-protein-seed2,6x2ru716,2026-07-22T01:58:04Z,anp,few_shot,2,rmse,0.3173020329230871,0.337423522272443,0.3199554620644985,0.3324918663402014,94.7652018070221,0.039891242980957,0.0322432518005371,,,1.3196262418422204e-05,,,,,,,,,,,,,,,353.0,0.1395262391854529
anp-few_shot-protein-seed2,8hj2q6yk,2026-07-22T02:44:19Z,anp,few_shot,2,rmse,0.3193110579099411,0.3378618433125492,0.3210948293025677,0.3287364379036946,81.72639966011047,0.0307245254516601,0.0322973728179931,,,1.889582693802601e-05,,,,,,,,,,,,,,,305.0,0.1312659178930547
anp-few_shot-protein-seed2,8qhd4mkb,2026-07-22T01:26:38Z,anp,few_shot,2,rmse,0.1460884656661596,0.2477889245162482,0.1418646413546342,0.237572022131743,243.59687995910645,0.0385301113128662,0.0340654850006103,,,0.0007750644796341,,,,,,,,,,,,,,,878.0,0.0286706574818092
anp-few_shot-protein-seed2,afvbs5zf,2026-07-22T01:42:51Z,anp,few_shot,2,rmse,0.2185715864866208,0.2483087227549725,0.2158848872551551,0.2248351718605921,167.20647740364075,0.0325050354003906,0.0310897827148437,,,0.0001718980674331,,,,,,,,,,,,,,,648.0,0.003757960087271
anp-few_shot-protein-seed2,az2uxwdf,2026-07-22T01:38:40Z,anp,few_shot,2,rmse,0.2107521249697758,0.2550653102880797,0.2072344284791212,0.229634610745929,246.01146483421329,0.0361790657043457,0.0312559604644775,,,0.0001370464839284,,,,,,,,,,,,,,,920.0,0.0912300664433097
anp-few_shot-protein-seed2,cb8sreot,2026-07-22T01:19:48Z,anp,few_shot,2,rmse,0.180977144302466,0.2498846496571357,0.1769857727564298,0.228325403635131,207.8009057044983,0.0412352085113525,0.0410990715026855,,,0.0003639639356786,,,,,,,,,,,,,,,733.0,0.0922958724505863
anp-few_shot-protein-seed2,f41o5ygs,2026-07-22T01:35:45Z,anp,few_shot,2,rmse,0.18795368151787,0.2471292070018069,0.1849727982129806,0.2309356717062563,170.65919876098633,0.0333287715911865,0.0312433242797851,,,0.0003535634629148,,,,,,,,,,,,,,,676.0,0.0529111224209254
anp-few_shot-protein-seed2,f9se5q2g,2026-07-22T02:03:38Z,anp,few_shot,2,rmse,0.2432238902801122,0.2642721261009536,0.2412171990443498,0.2431007853605521,504.0105335712433,0.0358705520629882,0.031160831451416,,,1.810725406663106e-05,,,,,,,,,,,,,,,1909.0,0.0420765122147681
anp-few_shot-protein-seed2,famtvbge,2026-07-22T01:23:20Z,anp,few_shot,2,rmse,0.2118283097560589,0.2451777657675283,0.210699322896126,0.228952835193697,193.6899762153625,0.0456883907318115,0.0408089160919189,,,0.0001904767808428,,,,,,,,,,,,,,,679.0,0.0236548851737866
anp-few_shot-protein-seed2,fl80hsoo,2026-07-22T02:12:07Z,anp,few_shot,2,rmse,0.2313459912935893,0.2557863431635298,0.2306295602749555,0.2411969780020245,293.7775502204895,0.0313391685485839,0.0312011241912841,,,5.338528208876637e-05,,,,,,,,,,,,,,,1151.0,0.0630856701848367
anp-few_shot-protein-seed2,fo3oay4y,2026-07-22T00:40:53Z,anp,few_shot,2,rmse,0.1502068868050208,0.2480942211052761,0.1388882857102614,0.2199077607410955,255.0033183097839,0.0450005531311035,0.0437602996826171,,,0.0006074996073425,,,,,,,,,,,,,,,919.0,0.0875174422525385
anp-few_shot-protein-seed2,fyo9mwuq,2026-07-22T02:21:14Z,anp,few_shot,2,rmse,0.3273195333969899,0.338080920355055,0.3293335223809266,0.3292333385456185,87.92695474624634,0.0337345600128173,0.0324981212615966,,,1.5998881492631487e-05,,,,,,,,,,,,,,,326.0,0.1976747676118452
anp-few_shot-protein-seed2,j1wp8wsu,2026-07-22T02:17:05Z,anp,few_shot,2,rmse,0.2240033944447835,0.248266561818943,0.2248532405266395,0.2405762462745738,244.59014439582825,0.0350489616394043,0.0314784049987793,,,7.537078298264379e-05,,,,,,,,,,,,,,,1028.0,0.1140393540835759
anp-few_shot-protein-seed2,jbvey6xb,2026-07-22T00:55:53Z,anp,few_shot,2,rmse,0.1421718757886153,0.246071242718566,0.134056086723621,0.2317461931487478,304.036212682724,0.0363421440124511,0.0424809455871582,,,0.0007098936257405,,,,,,,,,,,,,,,1061.0,0.1136089122187864
anp-few_shot-protein-seed2,qc676p7v,2026-07-22T01:30:46Z,anp,few_shot,2,rmse,0.2241416252576388,0.2517831208623483,0.2233083462103819,0.2370676346722465,294.6667301654816,0.0314416885375976,0.0315747261047363,,,6.75031252159592e-05,,,,,,,,,,,,,,,1151.0,0.1043696643500143
anp-few_shot-protein-seed2,qtqlb4ai,2026-07-22T01:53:32Z,anp,few_shot,2,rmse,0.2247700477257753,0.2514717594903509,0.2232815883098504,0.2328182106648041,267.7219786643982,0.0339307785034179,0.0306868553161621,,,7.4827960376208e-05,,,,,,,,,,,,,,,1033.0,0.0719015801147572
anp-few_shot-protein-seed2,rk8gwrga,2026-07-22T00:50:39Z,anp,few_shot,2,rmse,0.2119220495223999,0.2548137289918912,0.2107423635629507,0.2387181748946576,288.89292883872986,0.0419251918792724,0.041006326675415,,,0.000114232541556,,,,,,,,,,,,,,,1028.0,0.1583450076165329
anp-few_shot-protein-seed2,tqgs828h,2026-07-22T01:01:12Z,anp,few_shot,2,rmse,0.2522690082207704,0.2737599667696155,0.2517475134287125,0.2559830311888846,400.7446067333221,0.0411021709442138,0.0374073982238769,,,1.4936835544198446e-05,,,,,,,,,,,,,,,1423.0,0.0142072116395773
anp-few_shot-protein-seed2,tstcaake,2026-07-22T02:36:09Z,anp,few_shot,2,rmse,0.245006046234033,0.2663372132025076,0.2434340532009418,0.2473823679822517,485.5691657066345,0.0346083641052246,0.0304436683654785,,,1.6624564693643617e-05,,,,,,,,,,,,,,,1908.0,0.0317939167291039
anp-few_shot-protein-seed2,uqwnuxpg,2026-07-22T01:10:59Z,anp,few_shot,2,rmse,0.1519480393483088,0.2471910119927667,0.1512934886492215,0.2439002789599645,252.8956699371338,0.0433759689331054,0.0394322872161865,,,0.0005495716186411,,,,,,,,,,,,,,,917.0,0.1556313501899701
anp-few_shot-protein-seed2,v6t9zuh9,2026-07-22T01:15:18Z,anp,few_shot,2,rmse,0.1621506657355871,0.2462810527235964,0.1594720536317581,0.2338015638501979,264.7072706222534,0.0393743515014648,0.0410926342010498,,,0.0003965675081771,,,,,,,,,,,,,,,921.0,0.1957236684465528
anp-few_shot-protein-seed2,vysd0xtl,2026-07-22T00:30:37Z,anp,few_shot,2,rmse,0.1983696314004751,0.2496696499580274,0.1976285225305802,0.2346317779188148,194.67650842666623,0.0430600643157959,0.0401592254638671,,,0.0002693883019285,,,,,,,,,,,,,,,681.0,0.1097627007854649
anp-few_shot-protein-seed2,x4vycfp8,2026-07-22T02:29:02Z,anp,few_shot,2,rmse,0.3194314180276332,0.3375849831601404,0.3216462272864122,0.3305488393426181,67.58958601951599,0.0336410999298095,0.0332963466644287,,,3.210577849550394e-05,,,,,,,,,,,,,,,264.0,0.1306216650930796
anp-few_shot-protein-seed2,xafrooib,2026-07-22T02:30:15Z,anp,few_shot,2,rmse,0.2387353686185983,0.2623588485503781,0.2386414454533503,0.2490342978363122,349.6991412639618,0.0298490524291992,0.0316708087921142,,,3.082131641442947e-05,,,,,,,,,,,,,,,1443.0,0.0932621545712612
anp-few_shot-protein-seed2,xya57h0m,2026-07-22T02:22:46Z,anp,few_shot,2,rmse,0.2465503674287062,0.2682639463400129,0.2458694653633313,0.2520564253369599,363.8294458389282,0.034524917602539,0.0279221534729003,,,2.1019338091154404e-05,,,,,,,,,,,,,,,1444.0,0.0417753512189669
anp-few_shot-protein-seed2,y1me52ju,2026-07-22T00:45:12Z,anp,few_shot,2,rmse,0.2301644805150154,0.2634399443726248,0.2303371521142813,0.253636385796443,322.6017746925354,0.0396060943603515,0.0422048568725585,,,5.846326121643416e-05,,,,,,,,,,,,,,,1158.0,0.1927325521002058
anp-few_shot-protein-seed2,ybfwzsiq,2026-07-22T01:59:43Z,anp,few_shot,2,rmse,0.1917255765352493,0.2480736180528793,0.1910467308301192,0.2360486751563333,228.7277812957764,0.0346386432647705,0.032191514968872,,,0.00021941976179,,,,,,,,,,,,,,,874.0,0.1333533430891335
anp-few_shot-protein-seed2,yisdaqsf,2026-07-22T00:33:56Z,anp,few_shot,2,rmse,0.2224396834006676,0.2509187679027658,0.2247222998203375,0.2472338026631722,218.41166186332703,0.0416076183319091,0.039421796798706,,,0.0001229607110732,,,,,,,,,,,,,,,754.0,0.1205526752143287
anp-few_shot-protein-seed2,zl46i3wa,2026-07-22T01:45:43Z,anp,few_shot,2,rmse,0.205656199883192,0.2461814905943688,0.204088521309388,0.2289629849067125,203.6573431491852,0.0362052917480468,0.0340173244476318,,,0.0001713436419711,,,,,,,,,,,,,,,818.0,0.1224191445444842
anp-few_shot-protein-seed3,15c7bak4,2026-07-21T13:06:49Z,anp,few_shot,3,rmse,0.17103218237559,0.2380863441530196,0.1715286642897363,0.235920306869374,211.23079681396484,0.0957093238830566,0.0943620204925537,,,0.0004626362841475,,,,,,,,,,,,,,,695.0,0.0040436794880651
anp-few_shot-protein-seed3,2d9tka19,2026-07-21T13:21:01Z,anp,few_shot,3,rmse,0.205705280303955,0.2335660852033056,0.2104039496066523,0.2462680331300235,231.17587852478027,0.0759248733520507,0.076146125793457,,,0.0001904767808428,,,,,,,,,,,,,,,738.0,0.0236548851737866
anp-few_shot-protein-seed3,2lxabkl3,2026-07-21T14:18:48Z,anp,few_shot,3,rmse,0.2402687565485636,0.2421071409493048,0.2423052460539574,0.2409168872857089,478.8418142795563,0.0945141315460205,0.0816142559051513,,,2.1019338091154404e-05,,,,,,,,,,,,,,,1517.0,0.0417753512189669
anp-few_shot-protein-seed3,2nznu532,2026-07-21T13:52:16Z,anp,few_shot,3,rmse,0.22423779408137,0.2403427126646686,0.2255468321781532,0.2371400802497826,309.1203336715698,0.093412160873413,0.0886104106903076,,,7.4827960376208e-05,,,,,,,,,,,,,,,986.0,0.0719015801147572
anp-few_shot-protein-seed3,2ytwoywa,2026-07-21T13:10:25Z,anp,few_shot,3,rmse,0.1540417885780334,0.2315267614221881,0.1554464958851633,0.2331333931296025,242.75011157989505,0.0791990756988525,0.0795261859893798,,,0.0005495716186411,,,,,,,,,,,,,,,771.0,0.1556313501899701
anp-few_shot-protein-seed3,31skwz8f,2026-07-21T14:43:16Z,anp,few_shot,3,rmse,0.3189811658859253,0.3288186475913811,0.3154664912254982,0.2955093294746298,97.18677926063538,0.0914256572723388,0.0885910987854003,,,1.889582693802601e-05,,,,,,,,,,,,,,,304.0,0.1312659178930547
anp-few_shot-protein-seed3,46jfia5m,2026-07-21T13:36:37Z,anp,few_shot,3,rmse,0.2097119156519572,0.2410099132527039,0.212412237341887,0.2444156650944046,284.3203060626984,0.0963809490203857,0.0874261856079101,,,0.0001370464839284,,,,,,,,,,,,,,,884.0,0.0912300664433097
anp-few_shot-protein-seed3,54qgaui4,2026-07-21T12:32:39Z,anp,few_shot,3,rmse,0.2092804813385009,0.2355791310137545,0.2133268756804123,0.2448502819619225,215.9144444465637,0.0946383476257324,0.0970282554626464,,,0.0001957889720121,,,,,,,,,,,,,,,674.0,0.0847309598677809
anp-few_shot-protein-seed3,5jc2d2tf,2026-07-21T14:28:31Z,anp,few_shot,3,rmse,0.3113954329490662,0.3288101471353212,0.3073780622357636,0.2946349111606488,85.60672807693481,0.0761084556579589,0.0761523246765136,,,3.082131641442947e-05,,,,,,,,,,,,,,,268.0,0.0932621545712612
anp-few_shot-protein-seed3,7yg6epwo,2026-07-21T12:36:19Z,anp,few_shot,3,rmse,0.1676643379529317,0.2383227097508387,0.1675099485060748,0.23331726463709,194.94127988815308,0.0919156074523925,0.091127872467041,,,0.0006074996073425,,,,,,,,,,,,,,,605.0,0.0875174422525385
anp-few_shot-protein-seed3,80atv3zl,2026-07-21T14:16:34Z,anp,few_shot,3,rmse,0.3275672674179077,0.3290373023188426,0.3246004433413736,0.2972851114999653,100.77080392837524,0.0934410095214843,0.0925090312957763,,,1.5998881492631487e-05,,,,,,,,,,,,,,,322.0,0.1976747676118452
anp-few_shot-protein-seed3,95v61gt7,2026-07-21T14:30:01Z,anp,few_shot,3,rmse,0.2332788308461507,0.2340153235178216,0.2369029771268757,0.2392913903755617,789.9644849300385,0.0929164886474609,0.0915939807891845,,,1.6624564693643617e-05,,,,,,,,,,,,,,,2446.0,0.0317939167291039
anp-few_shot-protein-seed3,anwe6zq0,2026-07-21T13:33:28Z,anp,few_shot,3,rmse,0.1953795941670735,0.2345443038711584,0.1979976105534173,0.240974703555571,184.50693774223328,0.0991151332855224,0.0988333225250244,,,0.0003535634629148,,,,,,,,,,,,,,,577.0,0.0529111224209254
anp-few_shot-protein-seed3,auqgzbqo,2026-07-21T12:24:27Z,anp,few_shot,3,rmse,0.2023779106140136,0.2382996797891695,0.2087295561834098,0.259598897724091,200.77376699447632,0.0970697402954101,0.0960464477539062,,,0.0002693883019285,,,,,,,,,,,,,,,618.0,0.1097627007854649
anp-few_shot-protein-seed3,b9v6zz8r,2026-07-21T13:48:49Z,anp,few_shot,3,rmse,0.2051198561986287,0.2389090346469788,0.2114076972786897,0.2583872232034769,202.52278184890747,0.0777857303619384,0.0773596763610839,,,0.0002310152225018,,,,,,,,,,,,,,,648.0,0.1887496157029248
anp-few_shot-protein-seed3,crb9j4lq,2026-07-21T12:44:30Z,anp,few_shot,3,rmse,0.2222847461700439,0.2466147898494391,0.2251241199331345,0.2515787166394012,246.72734332084656,0.076420783996582,0.0754787921905517,,,0.000114232541556,,,,,,,,,,,,,,,781.0,0.1583450076165329
anp-few_shot-protein-seed3,curx6v77,2026-07-21T13:14:37Z,anp,few_shot,3,rmse,0.1680882883071899,0.2384233457968867,0.1706332622789869,0.2415675268199371,248.31221270561213,0.0863182544708252,0.082460880279541,,,0.0003965675081771,,,,,,,,,,,,,,,797.0,0.1957236684465528
anp-few_shot-protein-seed3,d8b228eb,2026-07-21T13:18:49Z,anp,few_shot,3,rmse,0.2179631336530049,0.238703402560835,0.2223631314981996,0.2513993421986155,126.94905161857604,0.080923318862915,0.0757217407226562,,,0.0003639639356786,,,,,,,,,,,,,,,403.0,0.0922958724505863
anp-few_shot-protein-seed3,dcr3pat0,2026-07-21T14:27:01Z,anp,few_shot,3,rmse,0.3183433945973714,0.3294166712091454,0.3144423579858019,0.2940564453434396,85.83530640602112,0.0879499912261962,0.0867407321929931,,,3.210577849550394e-05,,,,,,,,,,,,,,,265.0,0.1306216650930796
anp-few_shot-protein-seed3,e9ff51ts,2026-07-21T12:48:40Z,anp,few_shot,3,rmse,0.1332674431800842,0.232734620638262,0.1425668893296734,0.2502989303640282,331.87389278411865,0.0898303985595703,0.0887484550476074,,,0.0007098936257405,,,,,,,,,,,,,,,1045.0,0.1136089122187864
anp-few_shot-protein-seed3,g7hwf0s0,2026-07-21T13:41:26Z,anp,few_shot,3,rmse,0.2043935259183248,0.2233218508641065,0.2114814738042993,0.2472508807314202,244.43539595603943,0.0939526557922363,0.0975716114044189,,,0.0001718980674331,,,,,,,,,,,,,,,771.0,0.003757960087271
anp-few_shot-protein-seed3,jf1qgwqs,2026-07-21T12:27:52Z,anp,few_shot,3,rmse,0.2138409256935119,0.2419520528952335,0.2149624801149555,0.2388328124217102,281.8226683139801,0.0894653797149658,0.0865345001220703,,,0.0001229607110732,,,,,,,,,,,,,,,883.0,0.1205526752143287
anp-few_shot-protein-seed3,o8spc8el,2026-07-21T12:54:17Z,anp,few_shot,3,rmse,0.2366470901171366,0.235508656674339,0.2409101444132188,0.2436565067324501,747.2502508163452,0.0944828987121582,0.1012463569641113,,,1.4936835544198446e-05,,,,,,,,,,,,,,,2337.0,0.0142072116395773
anp-few_shot-protein-seed3,p84grlnl,2026-07-21T13:57:29Z,anp,few_shot,3,rmse,0.3199693155288696,0.3288909798384719,0.3166072742611754,0.296142877912067,106.70730233192444,0.0779757499694824,0.0790159702301025,,,1.3196262418422204e-05,,,,,,,,,,,,,,,346.0,0.1395262391854529
anp-few_shot-protein-seed3,pgka59sb,2026-07-21T14:07:17Z,anp,few_shot,3,rmse,0.2278949244817098,0.234741676015357,0.2315113069185244,0.2412151496173886,342.4123330116272,0.1042075157165527,0.0912227630615234,,,5.338528208876637e-05,,,,,,,,,,,,,,,1104.0,0.0630856701848367
anp-few_shot-protein-seed3,ruuoom0h,2026-07-21T13:29:56Z,anp,few_shot,3,rmse,0.2402247643470764,0.2475030858472931,0.2480860021379259,0.2735436030820966,207.953161239624,0.082087755203247,0.081705093383789,,,6.75031252159592e-05,,,,,,,,,,,,,,,645.0,0.1043696643500143
anp-few_shot-protein-seed3,sd3hlhth,2026-07-21T14:13:04Z,anp,few_shot,3,rmse,0.2384547972679138,0.2484212281361131,0.2455622962876862,0.2708929279037395,205.0174684524536,0.0967829227447509,0.0883445739746093,,,7.537078298264379e-05,,,,,,,,,,,,,,,645.0,0.1140393540835759
anp-few_shot-protein-seed3,u2ir1gt4,2026-07-21T13:45:35Z,anp,few_shot,3,rmse,0.2188370466232299,0.2419573270983657,0.22189739249111,0.248687126071981,189.4618685245514,0.0933454036712646,0.0934596061706543,,,0.0001713436419711,,,,,,,,,,,,,,,619.0,0.1224191445444842
anp-few_shot-protein-seed3,ulfru2l1,2026-07-21T14:05:30Z,anp,few_shot,3,rmse,0.2980032436052958,0.3288496479203747,0.2936596052319395,0.2958999753418491,102.48967790603638,0.0874733924865722,0.083207368850708,,,1.810725406663106e-05,,,,,,,,,,,,,,,327.0,0.0420765122147681
anp-few_shot-protein-seed3,usq02bfj,2026-07-21T13:59:23Z,anp,few_shot,3,rmse,0.1790267825126648,0.2376985369649597,0.1808971821093092,0.2405296648391802,324.08539628982544,0.0934288501739502,0.0920131206512451,,,0.00021941976179,,,,,,,,,,,,,,,1045.0,0.1333533430891335
anp-few_shot-protein-seed3,v5qq9zm9,2026-07-21T13:25:36Z,anp,few_shot,3,rmse,0.1440928928057352,0.2378620899203521,0.146788150656457,0.2436462148924202,254.3660407066345,0.0820577144622802,0.0766899585723877,,,0.0007750644796341,,,,,,,,,,,,,,,808.0,0.0286706574818092
anp-few_shot-protein-seed3,x05ttv4r,2026-07-21T12:39:39Z,anp,few_shot,3,rmse,0.2345682096481323,0.2519315979328358,0.2393390641492956,0.2641013643243585,286.4481089115143,0.0806293487548828,0.0901269912719726,,,5.846326121643416e-05,,,,,,,,,,,,,,,920.0,0.1927325521002058
anp-few_shot-protein-seed4,0zeqt8tj,2026-07-21T18:10:55Z,anp,few_shot,4,rmse,0.2284121070152674,0.2384336404559619,0.2419952092347321,0.300069075721358,215.6817088127136,0.0762021541595459,0.0799019336700439,,,0.0001229607110732,,,,,,,,,,,,,,,623.0,0.1205526752143287
anp-few_shot-protein-seed4,1b81d3sc,2026-07-21T19:33:44Z,anp,few_shot,4,rmse,0.2178619282367901,0.2330135068489844,0.2339569798222294,0.3036742316124893,210.927930355072,0.0851998329162597,0.0833852291107177,,,0.0001713436419711,,,,,,,,,,,,,,,622.0,0.1224191445444842
anp-few_shot-protein-seed4,2ulwmthw,2026-07-21T20:10:08Z,anp,few_shot,4,rmse,0.2454444047732231,0.2443345056463556,0.2556561328746654,0.2975720453231748,431.955668926239,0.0812163352966308,0.0812098979949951,,,2.1019338091154404e-05,,,,,,,,,,,,,,,1257.0,0.0417753512189669
anp-few_shot-protein-seed4,4kjv3s8m,2026-07-21T19:37:50Z,anp,few_shot,4,rmse,0.1989509715483738,0.2320695290182024,0.2148426055908203,0.2960332919181784,247.1672720909119,0.06593918800354,0.0675985813140869,,,0.0002310152225018,,,,,,,,,,,,,,,709.0,0.1887496157029248
anp-few_shot-protein-seed4,4ojpm6ls,2026-07-21T19:59:35Z,anp,few_shot,4,rmse,0.2404424700981531,0.241881248073688,0.2513597011566162,0.2959666923888828,254.22171092033383,0.0670342445373535,0.0654032230377197,,,5.338528208876637e-05,,,,,,,,,,,,,,,758.0,0.0630856701848367
anp-few_shot-protein-seed4,6l5ejsxd,2026-07-21T19:03:01Z,anp,few_shot,4,rmse,0.1747193466394375,0.2345646873777309,0.1933898952272203,0.2967546304063848,268.5496003627777,0.0880086421966552,0.0894637107849121,,,0.0003639639356786,,,,,,,,,,,,,,,760.0,0.0922958724505863
anp-few_shot-protein-seed4,6mgudfw8,2026-07-21T18:18:38Z,anp,few_shot,4,rmse,0.163722045146502,0.2411563395448413,0.1810868285320423,0.2940002875040989,233.7287404537201,0.0833306312561035,0.086489200592041,,,0.0006074996073425,,,,,,,,,,,,,,,669.0,0.0875174422525385
anp-few_shot-protein-seed4,70wr91eo,2026-07-21T18:14:47Z,anp,few_shot,4,rmse,0.2116719308571937,0.232702230073629,0.227348138667919,0.2998955048221655,225.59103441238403,0.0761215686798095,0.0792438983917236,,,0.0001957889720121,,,,,,,,,,,,,,,643.0,0.0847309598677809
anp-few_shot-protein-seed4,84wrrd7y,2026-07-21T18:29:25Z,anp,few_shot,4,rmse,0.2282441533528841,0.2415024837484587,0.241117047380518,0.300471453336909,231.74147415161133,0.0836255550384521,0.0806717872619628,,,0.000114232541556,,,,,,,,,,,,,,,668.0,0.1583450076165329
anp-few_shot-protein-seed4,8gk4rty0,2026-07-21T18:54:45Z,anp,few_shot,4,rmse,0.1699791390162248,0.2382914481712166,0.1880078942687423,0.2954249702080719,208.7909412384033,0.0851478576660156,0.0944428443908691,,,0.0005495716186411,,,,,,,,,,,,,,,628.0,0.1556313501899701
anp-few_shot-protein-seed4,9zy8u1k8,2026-07-21T19:29:52Z,anp,few_shot,4,rmse,0.2161883750022986,0.2336975173682411,0.2288490189446343,0.2920618125092309,226.9043769836425,0.0643801689147949,0.0656447410583496,,,0.0001718980674331,,,,,,,,,,,,,,,655.0,0.003757960087271
anp-few_shot-protein-seed4,atqotja7,2026-07-21T19:46:31Z,anp,few_shot,4,rmse,0.3174815605848263,0.3194796229037825,0.320527136767352,0.3494797934472539,124.62242364883424,0.0792989730834961,0.0774095058441162,,,1.3196262418422204e-05,,,,,,,,,,,,,,,353.0,0.1395262391854529
anp-few_shot-protein-seed4,c2jklst1,2026-07-21T20:23:11Z,anp,few_shot,4,rmse,0.2413402436635433,0.2404112532039692,0.2533388632315176,0.2985036321260815,371.7568669319153,0.0648903846740722,0.0645089149475097,,,3.082131641442947e-05,,,,,,,,,,,,,,,1102.0,0.0932621545712612
anp-few_shot-protein-seed4,fqbjs4ng,2026-07-21T19:11:25Z,anp,few_shot,4,rmse,0.1325800311871064,0.2286133671242682,0.1600022311563845,0.2861698294918244,386.13757252693176,0.0912084579467773,0.0883839130401611,,,0.0007750644796341,,,,,,,,,,,,,,,1135.0,0.0286706574818092
anp-few_shot-protein-seed4,h190iqn8,2026-07-21T18:58:19Z,anp,few_shot,4,rmse,0.1684364431943648,0.2287918791442674,0.1882200183691801,0.2923894979432375,276.454313993454,0.0738117694854736,0.079336404800415,,,0.0003965675081771,,,,,,,,,,,,,,,760.0,0.1957236684465528
anp-few_shot-protein-seed4,i6ao8cui,2026-07-21T20:08:00Z,anp,few_shot,4,rmse,0.3235300122163234,0.3195065334278798,0.3263408325336597,0.3482655829430439,113.77149844169617,0.075742483139038,0.0795607566833496,,,1.5998881492631487e-05,,,,,,,,,,,,,,,330.0,0.1976747676118452
anp-few_shot-protein-seed4,j8e46afo,2026-07-21T19:17:58Z,anp,few_shot,4,rmse,0.238222008332228,0.2418818480860686,0.2515553297819914,0.3054007713475901,243.2310562133789,0.0929198265075683,0.0864608287811279,,,6.75031252159592e-05,,,,,,,,,,,,,,,696.0,0.1043696643500143
anp-few_shot-protein-seed4,m3qe12b0,2026-07-21T20:29:28Z,anp,few_shot,4,rmse,0.2452842272244967,0.247848080245742,0.2541740779523496,0.2957131994469434,548.1500153541565,0.0709545612335205,0.0670700073242187,,,1.6624564693643617e-05,,,,,,,,,,,,,,,1649.0,0.0317939167291039
anp-few_shot-protein-seed4,m5y2rxn5,2026-07-21T19:22:08Z,anp,few_shot,4,rmse,0.1923280419447483,0.2443687361708572,0.2079180969132317,0.2999096486559839,222.12547135353088,0.0925149917602539,0.0935299396514892,,,0.0003535634629148,,,,,,,,,,,,,,,623.0,0.0529111224209254
anp-few_shot-protein-seed4,n1g2a8rl,2026-07-21T18:33:23Z,anp,few_shot,4,rmse,0.1378965270824921,0.2395748165553665,0.1681654621053625,0.3005669284298239,366.2364227771759,0.0939834117889404,0.095405101776123,,,0.0007098936257405,,,,,,,,,,,,,,,1023.0,0.1136089122187864
anp-few_shot-protein-seed4,noulkuou,2026-07-21T20:03:55Z,anp,few_shot,4,rmse,0.2364292014867831,0.2435925099774608,0.2498124299225984,0.3063792616234506,238.95843291282657,0.079385757446289,0.0756165981292724,,,7.537078298264379e-05,,,,,,,,,,,,,,,696.0,0.1140393540835759
anp-few_shot-protein-seed4,ohqu7rah,2026-07-21T19:48:41Z,anp,few_shot,4,rmse,0.2051524007931733,0.2298013281423029,0.2212242011670713,0.2969145821769013,219.3535475730896,0.0607337951660156,0.0655267238616943,,,0.00021941976179,,,,,,,,,,,,,,,655.0,0.1333533430891335
anp-few_shot-protein-seed4,rbq0d76q,2026-07-21T20:38:40Z,anp,few_shot,4,rmse,0.315090081630609,0.3194613718322945,0.3180911894197817,0.3491813128637226,107.56211400032043,0.0791642665863037,0.0765745639801025,,,1.889582693802601e-05,,,,,,,,,,,,,,,310.0,0.1312659178930547
anp-few_shot-protein-seed4,rxwez4ho,2026-07-21T20:17:24Z,anp,few_shot,4,rmse,0.2439463153863564,0.2469491700199889,0.2565240895306622,0.3071132079158761,342.27462697029114,0.0804603099822998,0.0695841312408447,,,3.210577849550394e-05,,,,,,,,,,,,,,,992.0,0.1306216650930796
anp-few_shot-protein-seed4,s4m6zyyf,2026-07-21T19:42:03Z,anp,few_shot,4,rmse,0.2330854833126068,0.235668600690724,0.2452847021597403,0.2964647791398678,263.26031494140625,0.077566385269165,0.0781259536743164,,,7.4827960376208e-05,,,,,,,,,,,,,,,758.0,0.0719015801147572
anp-few_shot-protein-seed4,tzwobjre,2026-07-21T18:22:49Z,anp,few_shot,4,rmse,0.2276160487761864,0.2385977773594294,0.2418554288369638,0.3030296539944481,391.44846987724304,0.0942163467407226,0.0920357704162597,,,5.846326121643416e-05,,,,,,,,,,,,,,,1109.0,0.1927325521002058
anp-few_shot-protein-seed4,uqfkace7,2026-07-21T19:25:54Z,anp,few_shot,4,rmse,0.2238200520857786,0.2357954482528018,0.2368836217456393,0.2965968204789585,232.81933403015137,0.0812852382659912,0.0867362022399902,,,0.0001370464839284,,,,,,,,,,,,,,,643.0,0.0912300664433097
anp-few_shot-protein-seed4,vpcjpy4i,2026-07-21T19:52:25Z,anp,few_shot,4,rmse,0.2486961606221321,0.2501164608739918,0.2576631157486527,0.2978179510802176,425.9565274715424,0.0861170291900634,0.0784416198730468,,,1.810725406663106e-05,,,,,,,,,,,,,,,1257.0,0.0420765122147681
anp-few_shot-protein-seed4,xnvlqb4u,2026-07-21T18:39:38Z,anp,few_shot,4,rmse,0.2441266347200442,0.2443348205415899,0.253122490423697,0.2930289676870874,653.5536422729492,0.0937676429748535,0.0916781425476074,,,1.4936835544198446e-05,,,,,,,,,,,,,,,1855.0,0.0142072116395773
anp-few_shot-protein-seed4,ycwvr8bm,2026-07-21T18:50:41Z,anp,few_shot,4,rmse,0.1786138682793348,0.2442151952841016,0.1912512355380588,0.2883605728069375,230.2639198303223,0.0945799350738525,0.0895400047302246,,,0.0004626362841475,,,,,,,,,,,,,,,655.0,0.0040436794880651
anp-few_shot-protein-seed4,yrteme4z,2026-07-21T18:06:44Z,anp,few_shot,4,rmse,0.1898766251710745,0.2363759345597197,0.2045119373886673,0.2917313658747807,247.0444388389587,0.0655703544616699,0.0637226104736328,,,0.0002693883019285,,,,,,,,,,,,,,,746.0,0.1097627007854649
anp-few_shot-protein-seed4,zovduao6,2026-07-21T19:07:34Z,anp,few_shot,4,rmse,0.2156755458085965,0.2355819411174076,0.2290792147318522,0.297084214015659,226.57727122306824,0.0982193946838378,0.0954082012176513,,,0.0001904767808428,,,,,,,,,,,,,,,624.0,0.0236548851737866
gbm_group_cat-in_context-protein-seed0,1jsnmg9l,2026-07-21T07:56:38Z,gbm_group_cat,in_context,0,rmse,,0.2558053827535309,,0.2469958500412249,,,,,243.0,0.0427421832403684,1.0,20.0,4.0,500.0,-1.0,,,,,,,,,,,
gbm_group_cat-in_context-protein-seed0,1n9b63hd,2026-07-21T07:57:39Z,gbm_group_cat,in_context,0,rmse,,0.2626847474668992,,0.2624705868764538,,,,,244.0,0.1271700786387963,1.0,10.0,2.0,500.0,-1.0,,,,,,,,,,,
gbm_group_cat-in_context-protein-seed0,2klxrd8b,2026-07-21T07:57:29Z,gbm_group_cat,in_context,0,rmse,,0.2545198622455273,,0.2457775583549288,,,,,429.0,0.0235110426118622,0.0,20.0,4.0,1000.0,-1.0,,,,,,,,,,,
gbm_group_cat-in_context-protein-seed0,4szindp6,2026-07-21T07:56:43Z,gbm_group_cat,in_context,0,rmse,,0.3264484874661222,,0.3192635433456695,,,,,1.0,0.0247266182197764,1.0,1000.0,4.0,500.0,-1.0,,,,,,,,,,,
gbm_group_cat-in_context-protein-seed0,5wm8b7ey,2026-07-21T07:56:59Z,gbm_group_cat,in_context,0,rmse,,0.3264484874661222,,0.3192635433456695,,,,,1.0,0.2090966500355389,1.0,1000.0,64.0,1000.0,-1.0,,,,,,,,,,,
gbm_group_cat-in_context-protein-seed0,66zau39o,2026-07-21T07:56:56Z,gbm_group_cat,in_context,0,rmse,,0.3264484874661222,,0.3192635433456695,,,,,1.0,0.250587007964955,1.0,1000.0,16.0,255.0,-1.0,,,,,,,,,,,
gbm_group_cat-in_context-protein-seed0,7vzyes34,2026-07-21T07:57:58Z,gbm_group_cat,in_context,0,rmse,,0.3264484874661222,,0.3192635433456695,,,,,1.0,0.0347260839230521,0.0,1000.0,32.0,500.0,-1.0,,,,,,,,,,,
gbm_group_cat-in_context-protein-seed0,8ngclho0,2026-07-21T07:57:54Z,gbm_group_cat,in_context,0,rmse,,0.3264484874661222,,0.3192635433456695,,,,,1.0,0.0652352517670139,0.0,1000.0,16.0,500.0,-1.0,,,,,,,,,,,
gbm_group_cat-in_context-protein-seed0,8qmhsyx6,2026-07-21T07:56:28Z,gbm_group_cat,in_context,0,rmse,,0.2592910010979902,,0.243709219731367,,,,,287.0,0.0109758154193801,0.0,20.0,32.0,1000.0,-1.0,,,,,,,,,,,
gbm_group_cat-in_context-protein-seed0,9vpvdbgl,2026-07-21T07:58:23Z,gbm_group_cat,in_context,0,rmse,,0.2719262182956514,,0.2626617121028284,,,,,490.0,0.0182856525100933,1.0,100.0,16.0,1000.0,-1.0,,,,,,,,,,,
gbm_group_cat-in_context-protein-seed0,b1erd5sq,2026-07-21T07:56:21Z,gbm_group_cat,in_context,0,rmse,,0.27063527282697,,0.262450691487265,,,,,113.0,0.1252065381499946,0.0,100.0,4.0,255.0,-1.0,,,,,,,,,,,
gbm_group_cat-in_context-protein-seed0,cfbre4c0,2026-07-21T07:58:06Z,gbm_group_cat,in_context,0,rmse,,0.2627206096703029,,0.2625849846529605,,,,,404.0,0.0725779803885817,1.0,10.0,2.0,500.0,-1.0,,,,,,,,,,,
gbm_group_cat-in_context-protein-seed0,dpj3pljn,2026-07-21T07:56:47Z,gbm_group_cat,in_context,0,rmse,,0.2432198495754734,,0.229250329276771,,,,,259.0,0.0432480329052877,0.0,10.0,8.0,255.0,-1.0,,,,,,,,,,,
gbm_group_cat-in_context-protein-seed0,dqpndst0,2026-07-21T07:56:34Z,gbm_group_cat,in_context,0,rmse,,0.3264484874661222,,0.3192635433456695,,,,,1.0,0.0817147891511586,0.0,1000.0,16.0,255.0,-1.0,,,,,,,,,,,
gbm_group_cat-in_context-protein-seed0,e7s6i3b7,2026-07-21T07:58:51Z,gbm_group_cat,in_context,0,rmse,,0.3264484874661222,,0.3192635433456695,,,,,1.0,0.0814494767975024,0.0,1000.0,8.0,255.0,-1.0,,,,,,,,,,,
gbm_group_cat-in_context-protein-seed0,f4opai5r,2026-07-21T07:58:44Z,gbm_group_cat,in_context,0,rmse,,0.2741896011163731,,0.2680466744805375,,,,,495.0,0.013859244495551,0.0,100.0,4.0,500.0,-1.0,,,,,,,,,,,
gbm_group_cat-in_context-protein-seed0,gu4qqc0k,2026-07-21T07:57:04Z,gbm_group_cat,in_context,0,rmse,,0.2762240382783358,,0.2710305680863382,,,,,55.0,0.4096264371525448,0.0,100.0,2.0,255.0,-1.0,,,,,,,,,,,
gbm_group_cat-in_context-protein-seed0,hd88m8sm,2026-07-21T07:58:11Z,gbm_group_cat,in_context,0,rmse,,0.2456691458724044,,0.2387512231376731,,,,,32.0,0.6428191198097525,1.0,20.0,8.0,500.0,-1.0,,,,,,,,,,,
gbm_group_cat-in_context-protein-seed0,hi6jjytg,2026-07-21T07:57:49Z,gbm_group_cat,in_context,0,rmse,,0.2456629152358015,,0.2292325063388059,,,,,154.0,0.0988058664639341,0.0,20.0,16.0,255.0,-1.0,,,,,,,,,,,
gbm_group_cat-in_context-protein-seed0,kk4qv57q,2026-07-21T07:57:35Z,gbm_group_cat,in_context,0,rmse,,0.2551680285723047,,0.2431945289425819,,,,,15.0,0.5342090140143507,1.0,20.0,32.0,500.0,-1.0,,,,,,,,,,,
gbm_group_cat-in_context-protein-seed0,nvfsg2z7,2026-07-21T07:58:15Z,gbm_group_cat,in_context,0,rmse,,0.2541455500812704,,0.2396950238244058,,,,,40.0,0.4380606481501048,0.0,20.0,32.0,255.0,-1.0,,,,,,,,,,,
gbm_group_cat-in_context-protein-seed0,oakamp0e,2026-07-21T07:58:35Z,gbm_group_cat,in_context,0,rmse,,0.2740945565425844,,0.2657412615752445,,,,,1.0,0.8668489138169221,0.0,10.0,32.0,1000.0,-1.0,,,,,,,,,,,
gbm_group_cat-in_context-protein-seed0,otuj4kwg,2026-07-21T07:57:24Z,gbm_group_cat,in_context,0,rmse,,0.247151033987409,,0.2314170283609577,,,,,101.0,0.1183473185096848,1.0,20.0,32.0,255.0,-1.0,,,,,,,,,,,
gbm_group_cat-in_context-protein-seed0,pnubu6q4,2026-07-21T07:57:07Z,gbm_group_cat,in_context,0,rmse,,0.2459745324835746,,0.2382955697864652,,,,,160.0,0.2482318741925865,1.0,20.0,4.0,500.0,-1.0,,,,,,,,,,,
gbm_group_cat-in_context-protein-seed0,qcsjcyeo,2026-07-21T07:57:17Z,gbm_group_cat,in_context,0,rmse,,0.2460064393568376,,0.2323909006314735,,,,,384.0,0.0235714344093274,0.0,10.0,8.0,500.0,-1.0,,,,,,,,,,,
gbm_group_cat-in_context-protein-seed0,t5a3phww,2026-07-21T07:56:52Z,gbm_group_cat,in_context,0,rmse,,0.3264484874661222,,0.3192635433456695,,,,,1.0,0.1489449797127196,1.0,1000.0,2.0,255.0,-1.0,,,,,,,,,,,
gbm_group_cat-in_context-protein-seed0,vfcruktk,2026-07-21T07:58:19Z,gbm_group_cat,in_context,0,rmse,,0.25422457091211,,0.246352157629716,,,,,184.0,0.0634627667122372,0.0,10.0,4.0,1000.0,-1.0,,,,,,,,,,,
gbm_group_cat-in_context-protein-seed0,x2h140ql,2026-07-21T07:58:38Z,gbm_group_cat,in_context,0,rmse,,0.2639968968736322,,0.2641699736651025,,,,,499.0,0.0298960963897528,1.0,20.0,2.0,500.0,-1.0,,,,,,,,,,,
gbm_group_cat-in_context-protein-seed0,xyxizny8,2026-07-21T07:58:30Z,gbm_group_cat,in_context,0,rmse,,0.3264484874661222,,0.3192635433456695,,,,,1.0,0.0310546307698111,0.0,1000.0,16.0,1000.0,-1.0,,,,,,,,,,,
gbm_group_cat-in_context-protein-seed0,z0rclzq4,2026-07-21T07:57:43Z,gbm_group_cat,in_context,0,rmse,,0.2629506842291266,,0.2630246981853835,,,,,499.0,0.0474589257602997,0.0,10.0,2.0,500.0,-1.0,,,,,,,,,,,
gbm_group_cat-in_context-protein-seed0,z70ot0an,2026-07-21T07:58:02Z,gbm_group_cat,in_context,0,rmse,,0.3264484874661222,,0.3192635433456695,,,,,1.0,0.0330251750818893,1.0,1000.0,4.0,255.0,-1.0,,,,,,,,,,,
gbm_group_cat-in_context-protein-seed0,zg2b8sok,2026-07-21T07:57:11Z,gbm_group_cat,in_context,0,rmse,,0.2704801834764995,,0.2608877932714909,,,,,390.0,0.0490572683068294,0.0,100.0,4.0,500.0,-1.0,,,,,,,,,,,
gbm_group_cat-in_context-protein-seed1,0qrvj3im,2026-07-21T08:03:17Z,gbm_group_cat,in_context,1,rmse,,0.333964360939334,,0.3425103438849181,,,,,1.0,0.0330251750818893,1.0,1000.0,4.0,255.0,-1.0,,,,,,,,,,,
gbm_group_cat-in_context-protein-seed1,13wbts4g,2026-07-21T08:02:19Z,gbm_group_cat,in_context,1,rmse,,0.2578433940357711,,0.2803771257787488,,,,,51.0,0.2482318741925865,1.0,20.0,4.0,500.0,-1.0,,,,,,,,,,,
gbm_group_cat-in_context-protein-seed1,1gvosapi,2026-07-21T08:03:43Z,gbm_group_cat,in_context,1,rmse,,0.2542403310334803,,0.2771627274641152,,,,,249.0,0.0634627667122372,0.0,10.0,4.0,1000.0,-1.0,,,,,,,,,,,
gbm_group_cat-in_context-protein-seed1,3hutmcna,2026-07-21T08:02:06Z,gbm_group_cat,in_context,1,rmse,,0.333964360939334,,0.3425103438849181,,,,,1.0,0.250587007964955,1.0,1000.0,16.0,255.0,-1.0,,,,,,,,,,,
gbm_group_cat-in_context-protein-seed1,3rlw4ojb,2026-07-21T08:03:13Z,gbm_group_cat,in_context,1,rmse,,0.333964360939334,,0.3425103438849181,,,,,1.0,0.0347260839230521,0.0,1000.0,32.0,500.0,-1.0,,,,,,,,,,,
gbm_group_cat-in_context-protein-seed1,55p48hnx,2026-07-21T08:01:27Z,gbm_group_cat,in_context,1,rmse,,0.2757434788219834,,0.295924744694452,,,,,193.0,0.1252065381499946,0.0,100.0,4.0,255.0,-1.0,,,,,,,,,,,
gbm_group_cat-in_context-protein-seed1,6ezbjn94,2026-07-21T08:04:06Z,gbm_group_cat,in_context,1,rmse,,0.2738905285702649,,0.2892881353523297,,,,,495.0,0.0298960963897528,1.0,20.0,2.0,500.0,-1.0,,,,,,,,,,,
gbm_group_cat-in_context-protein-seed1,91he11er,2026-07-21T08:03:01Z,gbm_group_cat,in_context,1,rmse,,0.2559460081269909,,0.2732141216451892,,,,,97.0,0.0988058664639341,0.0,20.0,16.0,255.0,-1.0,,,,,,,,,,,
gbm_group_cat-in_context-protein-seed1,a37i62sb,2026-07-21T08:04:02Z,gbm_group_cat,in_context,1,rmse,,0.2662336768813403,,0.2901837288879339,,,,,3.0,0.8668489138169221,0.0,10.0,32.0,1000.0,-1.0,,,,,,,,,,,
gbm_group_cat-in_context-protein-seed1,avmxb9ke,2026-07-21T08:01:57Z,gbm_group_cat,in_context,1,rmse,,0.2595490059560604,,0.2771161966632267,,,,,114.0,0.0432480329052877,0.0,10.0,8.0,255.0,-1.0,,,,,,,,,,,
gbm_group_cat-in_context-protein-seed1,cgiqd1lp,2026-07-21T08:01:43Z,gbm_group_cat,in_context,1,rmse,,0.333964360939334,,0.3425103438849181,,,,,1.0,0.0817147891511586,0.0,1000.0,16.0,255.0,-1.0,,,,,,,,,,,
gbm_group_cat-in_context-protein-seed1,cowb3r30,2026-07-21T08:02:40Z,gbm_group_cat,in_context,1,rmse,,0.2603325168932576,,0.2785619320221051,,,,,500.0,0.0235110426118622,0.0,20.0,4.0,1000.0,-1.0,,,,,,,,,,,
gbm_group_cat-in_context-protein-seed1,czimuon3,2026-07-21T08:02:23Z,gbm_group_cat,in_context,1,rmse,,0.2757649040033862,,0.2940370524191809,,,,,373.0,0.0490572683068294,0.0,100.0,4.0,500.0,-1.0,,,,,,,,,,,
gbm_group_cat-in_context-protein-seed1,drp1rjbl,2026-07-21T08:03:35Z,gbm_group_cat,in_context,1,rmse,,0.256933851993942,,0.2815847705888263,,,,,17.0,0.4380606481501048,0.0,20.0,32.0,255.0,-1.0,,,,,,,,,,,
gbm_group_cat-in_context-protein-seed1,gd9530qx,2026-07-21T08:02:51Z,gbm_group_cat,in_context,1,rmse,,0.2732979832059929,,0.2888952259718996,,,,,146.0,0.1271700786387963,1.0,10.0,2.0,500.0,-1.0,,,,,,,,,,,
gbm_group_cat-in_context-protein-seed1,i8hytr8d,2026-07-21T08:02:55Z,gbm_group_cat,in_context,1,rmse,,0.273374632378724,,0.2888965478574277,,,,,422.0,0.0474589257602997,0.0,10.0,2.0,500.0,-1.0,,,,,,,,,,,
gbm_group_cat-in_context-protein-seed1,iiu8taew,2026-07-21T08:04:19Z,gbm_group_cat,in_context,1,rmse,,0.333964360939334,,0.3425103438849181,,,,,1.0,0.0814494767975024,0.0,1000.0,8.0,255.0,-1.0,,,,,,,,,,,
gbm_group_cat-in_context-protein-seed1,konwxou8,2026-07-21T08:03:31Z,gbm_group_cat,in_context,1,rmse,,0.2532752293860287,,0.274124881680225,,,,,40.0,0.6428191198097525,1.0,20.0,8.0,500.0,-1.0,,,,,,,,,,,
gbm_group_cat-in_context-protein-seed1,nlrz7vbe,2026-07-21T08:03:08Z,gbm_group_cat,in_context,1,rmse,,0.333964360939334,,0.3425103438849181,,,,,1.0,0.0652352517670139,0.0,1000.0,16.0,500.0,-1.0,,,,,,,,,,,
gbm_group_cat-in_context-protein-seed1,q3wl2e2k,2026-07-21T08:03:58Z,gbm_group_cat,in_context,1,rmse,,0.333964360939334,,0.3425103438849181,,,,,1.0,0.0310546307698111,0.0,1000.0,16.0,1000.0,-1.0,,,,,,,,,,,
gbm_group_cat-in_context-protein-seed1,r53mbxvy,2026-07-21T08:01:32Z,gbm_group_cat,in_context,1,rmse,,0.2586356602124178,,0.2794108290662791,,,,,499.0,0.0109758154193801,0.0,20.0,32.0,1000.0,-1.0,,,,,,,,,,,
gbm_group_cat-in_context-protein-seed1,rlzxjb8r,2026-07-21T08:01:52Z,gbm_group_cat,in_context,1,rmse,,0.333964360939334,,0.3425103438849181,,,,,1.0,0.0247266182197764,1.0,1000.0,4.0,500.0,-1.0,,,,,,,,,,,
gbm_group_cat-in_context-protein-seed1,rqsa1wp3,2026-07-21T08:03:22Z,gbm_group_cat,in_context,1,rmse,,0.2733960027781091,,0.2889508002597915,,,,,270.0,0.0725779803885817,1.0,10.0,2.0,500.0,-1.0,,,,,,,,,,,
gbm_group_cat-in_context-protein-seed1,snqeof6p,2026-07-21T08:02:15Z,gbm_group_cat,in_context,1,rmse,,0.2830458597603547,,0.3036643678650053,,,,,50.0,0.4096264371525448,0.0,100.0,2.0,255.0,-1.0,,,,,,,,,,,
gbm_group_cat-in_context-protein-seed1,t6iz7b5s,2026-07-21T08:01:47Z,gbm_group_cat,in_context,1,rmse,,0.2554518369277645,,0.2725919317348428,,,,,457.0,0.0427421832403684,1.0,20.0,4.0,500.0,-1.0,,,,,,,,,,,
gbm_group_cat-in_context-protein-seed1,tsviusr0,2026-07-21T08:02:02Z,gbm_group_cat,in_context,1,rmse,,0.333964360939334,,0.3425103438849181,,,,,1.0,0.1489449797127196,1.0,1000.0,2.0,255.0,-1.0,,,,,,,,,,,
gbm_group_cat-in_context-protein-seed1,v7ivrme8,2026-07-21T08:02:47Z,gbm_group_cat,in_context,1,rmse,,0.2558536974125603,,0.2769608340377379,,,,,10.0,0.5342090140143507,1.0,20.0,32.0,500.0,-1.0,,,,,,,,,,,
gbm_group_cat-in_context-protein-seed1,vckdpyrz,2026-07-21T08:02:30Z,gbm_group_cat,in_context,1,rmse,,0.2596271056658,,0.273216565393011,,,,,287.0,0.0235714344093274,0.0,10.0,8.0,500.0,-1.0,,,,,,,,,,,
gbm_group_cat-in_context-protein-seed1,wzqmvx0d,2026-07-21T08:02:10Z,gbm_group_cat,in_context,1,rmse,,0.333964360939334,,0.3425103438849181,,,,,1.0,0.2090966500355389,1.0,1000.0,64.0,1000.0,-1.0,,,,,,,,,,,
gbm_group_cat-in_context-protein-seed1,y1ncpxn3,2026-07-21T08:03:50Z,gbm_group_cat,in_context,1,rmse,,0.2789557753410238,,0.2939535565947415,,,,,498.0,0.0182856525100933,1.0,100.0,16.0,1000.0,-1.0,,,,,,,,,,,
gbm_group_cat-in_context-protein-seed1,zntaac0y,2026-07-21T08:02:36Z,gbm_group_cat,in_context,1,rmse,,0.2565882734611553,,0.2777020915368822,,,,,83.0,0.1183473185096848,1.0,20.0,32.0,255.0,-1.0,,,,,,,,,,,
gbm_group_cat-in_context-protein-seed1,zy0je8ir,2026-07-21T08:04:12Z,gbm_group_cat,in_context,1,rmse,,0.2801170114316961,,0.2982685383292162,,,,,500.0,0.013859244495551,0.0,100.0,4.0,500.0,-1.0,,,,,,,,,,,
gbm_group_cat-in_context-protein-seed2,028qiq12,2026-07-21T08:17:50Z,gbm_group_cat,in_context,2,rmse,,0.2981008622973554,,0.2594361091581112,,,,,7.0,0.8668489138169221,0.0,10.0,32.0,1000.0,-1.0,,,,,,,,,,,
gbm_group_cat-in_context-protein-seed2,1xbt4tkq,2026-07-21T08:17:54Z,gbm_group_cat,in_context,2,rmse,,0.3101470069090374,,0.2666845557511765,,,,,498.0,0.0298960963897528,1.0,20.0,2.0,500.0,-1.0,,,,,,,,,,,
gbm_group_cat-in_context-protein-seed2,25vimiv3,2026-07-21T08:17:27Z,gbm_group_cat,in_context,2,rmse,,0.3024184693489707,,0.25941058390937,,,,,162.0,0.0634627667122372,0.0,10.0,4.0,1000.0,-1.0,,,,,,,,,,,
gbm_group_cat-in_context-protein-seed2,2yynedlb,2026-07-21T08:12:31Z,gbm_group_cat,in_context,2,rmse,,0.296406355347924,,0.2552446849501837,,,,,474.0,0.0109758154193801,0.0,20.0,32.0,1000.0,-1.0,,,,,,,,,,,
gbm_group_cat-in_context-protein-seed2,71mgqjr3,2026-07-21T08:13:25Z,gbm_group_cat,in_context,2,rmse,,0.3558555193025411,,0.3175563226656142,,,,,1.0,0.250587007964955,1.0,1000.0,16.0,255.0,-1.0,,,,,,,,,,,
gbm_group_cat-in_context-protein-seed2,7ojwn1mn,2026-07-21T08:18:00Z,gbm_group_cat,in_context,2,rmse,,0.3159790049468765,,0.275645227074306,,,,,438.0,0.013859244495551,0.0,100.0,4.0,500.0,-1.0,,,,,,,,,,,
gbm_group_cat-in_context-protein-seed2,82ybdy8q,2026-07-21T08:13:21Z,gbm_group_cat,in_context,2,rmse,,0.3558555193025411,,0.3175563226656142,,,,,1.0,0.1489449797127196,1.0,1000.0,2.0,255.0,-1.0,,,,,,,,,,,
gbm_group_cat-in_context-protein-seed2,8ntegjzi,2026-07-21T08:12:52Z,gbm_group_cat,in_context,2,rmse,,0.3558555193025411,,0.3175563226656142,,,,,1.0,0.0247266182197764,1.0,1000.0,4.0,500.0,-1.0,,,,,,,,,,,
gbm_group_cat-in_context-protein-seed2,9i38bysu,2026-07-21T08:18:06Z,gbm_group_cat,in_context,2,rmse,,0.3558555193025411,,0.3175563226656142,,,,,1.0,0.0814494767975024,0.0,1000.0,8.0,255.0,-1.0,,,,,,,,,,,
gbm_group_cat-in_context-protein-seed2,c1axjxby,2026-07-21T08:13:17Z,gbm_group_cat,in_context,2,rmse,,0.2982196842221879,,0.253281907246936,,,,,171.0,0.0432480329052877,0.0,10.0,8.0,255.0,-1.0,,,,,,,,,,,
gbm_group_cat-in_context-protein-seed2,cmr09vih,2026-07-21T08:14:15Z,gbm_group_cat,in_context,2,rmse,,0.300019071431729,,0.2583474781605773,,,,,500.0,0.0235110426118622,0.0,20.0,4.0,1000.0,-1.0,,,,,,,,,,,
gbm_group_cat-in_context-protein-seed2,dp96o995,2026-07-21T08:13:35Z,gbm_group_cat,in_context,2,rmse,,0.2874473277911261,,0.2465081885416958,,,,,229.0,0.2482318741925865,1.0,20.0,4.0,500.0,-1.0,,,,,,,,,,,
gbm_group_cat-in_context-protein-seed2,dp9rmj7p,2026-07-21T08:13:28Z,gbm_group_cat,in_context,2,rmse,,0.3558555193025411,,0.3175563226656142,,,,,1.0,0.2090966500355389,1.0,1000.0,64.0,1000.0,-1.0,,,,,,,,,,,
gbm_group_cat-in_context-protein-seed2,fcpx5m2d,2026-07-21T08:12:45Z,gbm_group_cat,in_context,2,rmse,,0.2934899241139314,,0.2537734119462472,,,,,497.0,0.0427421832403684,1.0,20.0,4.0,500.0,-1.0,,,,,,,,,,,
gbm_group_cat-in_context-protein-seed2,gcjs4xz4,2026-07-21T08:17:45Z,gbm_group_cat,in_context,2,rmse,,0.3558555193025411,,0.3175563226656142,,,,,1.0,0.0310546307698111,0.0,1000.0,16.0,1000.0,-1.0,,,,,,,,,,,
gbm_group_cat-in_context-protein-seed2,h7c1pz0a,2026-07-21T08:16:48Z,gbm_group_cat,in_context,2,rmse,,0.3098489285177908,,0.2662857650712766,,,,,262.0,0.0725779803885817,1.0,10.0,2.0,500.0,-1.0,,,,,,,,,,,
gbm_group_cat-in_context-protein-seed2,h8mr3bts,2026-07-21T08:16:34Z,gbm_group_cat,in_context,2,rmse,,0.3558555193025411,,0.3175563226656142,,,,,1.0,0.0330251750818893,1.0,1000.0,4.0,255.0,-1.0,,,,,,,,,,,
gbm_group_cat-in_context-protein-seed2,hswca5ju,2026-07-21T08:16:14Z,gbm_group_cat,in_context,2,rmse,,0.3558555193025411,,0.3175563226656142,,,,,1.0,0.0347260839230521,0.0,1000.0,32.0,500.0,-1.0,,,,,,,,,,,
gbm_group_cat-in_context-protein-seed2,ibmdwvpv,2026-07-21T08:17:09Z,gbm_group_cat,in_context,2,rmse,,0.2789124023460568,,0.2562421452474018,,,,,69.0,0.6428191198097525,1.0,20.0,8.0,500.0,-1.0,,,,,,,,,,,
gbm_group_cat-in_context-protein-seed2,kgq4itb4,2026-07-21T08:12:27Z,gbm_group_cat,in_context,2,rmse,,0.3142181079134356,,0.275354313962776,,,,,50.0,0.1252065381499946,0.0,100.0,4.0,255.0,-1.0,,,,,,,,,,,
gbm_group_cat-in_context-protein-seed2,ltyspjfm,2026-07-21T08:15:05Z,gbm_group_cat,in_context,2,rmse,,0.3098050698734266,,0.2660764300892834,,,,,162.0,0.1271700786387963,1.0,10.0,2.0,500.0,-1.0,,,,,,,,,,,
gbm_group_cat-in_context-protein-seed2,ofxslg6b,2026-07-21T08:12:41Z,gbm_group_cat,in_context,2,rmse,,0.3558555193025411,,0.3175563226656142,,,,,1.0,0.0817147891511586,0.0,1000.0,16.0,255.0,-1.0,,,,,,,,,,,
gbm_group_cat-in_context-protein-seed2,ot80hz1x,2026-07-21T08:13:32Z,gbm_group_cat,in_context,2,rmse,,0.3192745864086382,,0.2810350920678057,,,,,40.0,0.4096264371525448,0.0,100.0,2.0,255.0,-1.0,,,,,,,,,,,
gbm_group_cat-in_context-protein-seed2,ps15860r,2026-07-21T08:15:42Z,gbm_group_cat,in_context,2,rmse,,0.3558555193025411,,0.3175563226656142,,,,,1.0,0.0652352517670139,0.0,1000.0,16.0,500.0,-1.0,,,,,,,,,,,
gbm_group_cat-in_context-protein-seed2,qm7cule3,2026-07-21T08:17:39Z,gbm_group_cat,in_context,2,rmse,,0.3128289103673918,,0.2738026933936616,,,,,314.0,0.0182856525100933,1.0,100.0,16.0,1000.0,-1.0,,,,,,,,,,,
gbm_group_cat-in_context-protein-seed2,r7gekknw,2026-07-21T08:14:11Z,gbm_group_cat,in_context,2,rmse,,0.295208898387798,,0.2548379861066406,,,,,71.0,0.1183473185096848,1.0,20.0,32.0,255.0,-1.0,,,,,,,,,,,
gbm_group_cat-in_context-protein-seed2,sdsock24,2026-07-21T08:17:23Z,gbm_group_cat,in_context,2,rmse,,0.291443110106629,,0.2538450610978693,,,,,13.0,0.4380606481501048,0.0,20.0,32.0,255.0,-1.0,,,,,,,,,,,
gbm_group_cat-in_context-protein-seed2,suydl2qm,2026-07-21T08:14:05Z,gbm_group_cat,in_context,2,rmse,,0.2983968068820439,,0.2556580408346818,,,,,199.0,0.0235714344093274,0.0,10.0,8.0,500.0,-1.0,,,,,,,,,,,
gbm_group_cat-in_context-protein-seed2,w73kw1gv,2026-07-21T08:15:38Z,gbm_group_cat,in_context,2,rmse,,0.2921103106201611,,0.2525097768394771,,,,,65.0,0.0988058664639341,0.0,20.0,16.0,255.0,-1.0,,,,,,,,,,,
gbm_group_cat-in_context-protein-seed2,xqmpxid5,2026-07-21T08:14:21Z,gbm_group_cat,in_context,2,rmse,,0.2955737846110786,,0.2591515242003869,,,,,30.0,0.5342090140143507,1.0,20.0,32.0,500.0,-1.0,,,,,,,,,,,
gbm_group_cat-in_context-protein-seed2,z5w1dzx0,2026-07-21T08:13:40Z,gbm_group_cat,in_context,2,rmse,,0.3139947971898429,,0.2766762476054241,,,,,409.0,0.0490572683068294,0.0,100.0,4.0,500.0,-1.0,,,,,,,,,,,
gbm_group_cat-in_context-protein-seed2,z8kcdf1c,2026-07-21T08:15:09Z,gbm_group_cat,in_context,2,rmse,,0.3098899871843602,,0.2663691713025507,,,,,384.0,0.0474589257602997,0.0,10.0,2.0,500.0,-1.0,,,,,,,,,,,
gbm_group_cat-in_context-protein-seed3,0jndshsh,2026-07-21T08:23:04Z,gbm_group_cat,in_context,3,rmse,,0.2629566149460758,,0.288886115026381,,,,,499.0,0.0182856525100933,1.0,100.0,16.0,1000.0,-1.0,,,,,,,,,,,
gbm_group_cat-in_context-protein-seed3,1zsg2xmz,2026-07-21T08:22:16Z,gbm_group_cat,in_context,3,rmse,,0.2319654693741905,,0.284620922074468,,,,,35.0,0.5342090140143507,1.0,20.0,32.0,500.0,-1.0,,,,,,,,,,,
gbm_group_cat-in_context-protein-seed3,2ke43dbd,2026-07-21T08:21:42Z,gbm_group_cat,in_context,3,rmse,,0.3140261740790109,,0.3388515573813095,,,,,1.0,0.2090966500355389,1.0,1000.0,64.0,1000.0,-1.0,,,,,,,,,,,
gbm_group_cat-in_context-protein-seed3,4aistppn,2026-07-21T08:22:42Z,gbm_group_cat,in_context,3,rmse,,0.3140261740790109,,0.3388515573813095,,,,,1.0,0.0330251750818893,1.0,1000.0,4.0,255.0,-1.0,,,,,,,,,,,
gbm_group_cat-in_context-protein-seed3,4fy7ip6k,2026-07-21T08:23:19Z,gbm_group_cat,in_context,3,rmse,,0.2555003264676375,,0.2908969486640948,,,,,488.0,0.0298960963897528,1.0,20.0,2.0,500.0,-1.0,,,,,,,,,,,
gbm_group_cat-in_context-protein-seed3,4ghqdp6s,2026-07-21T08:21:19Z,gbm_group_cat,in_context,3,rmse,,0.2336463006326431,,0.2868901888187274,,,,,499.0,0.0427421832403684,1.0,20.0,4.0,500.0,-1.0,,,,,,,,,,,
gbm_group_cat-in_context-protein-seed3,4qf79zcq,2026-07-21T08:21:30Z,gbm_group_cat,in_context,3,rmse,,0.2319490493418055,,0.2824636161219725,,,,,194.0,0.0432480329052877,0.0,10.0,8.0,255.0,-1.0,,,,,,,,,,,
gbm_group_cat-in_context-protein-seed3,5l3tf9dr,2026-07-21T08:22:46Z,gbm_group_cat,in_context,3,rmse,,0.2539958196156337,,0.2917411312274598,,,,,494.0,0.0725779803885817,1.0,10.0,2.0,500.0,-1.0,,,,,,,,,,,
gbm_group_cat-in_context-protein-seed3,6rnxlndx,2026-07-21T08:21:46Z,gbm_group_cat,in_context,3,rmse,,0.2650327318909538,,0.2930749160335283,,,,,96.0,0.4096264371525448,0.0,100.0,2.0,255.0,-1.0,,,,,,,,,,,
gbm_group_cat-in_context-protein-seed3,d7smucu4,2026-07-21T08:21:54Z,gbm_group_cat,in_context,3,rmse,,0.2622224057985571,,0.2904452414188934,,,,,277.0,0.0490572683068294,0.0,100.0,4.0,500.0,-1.0,,,,,,,,,,,
gbm_group_cat-in_context-protein-seed3,el5u9g6a,2026-07-21T08:21:35Z,gbm_group_cat,in_context,3,rmse,,0.3140261740790109,,0.3388515573813095,,,,,1.0,0.1489449797127196,1.0,1000.0,2.0,255.0,-1.0,,,,,,,,,,,
gbm_group_cat-in_context-protein-seed3,g55mjixw,2026-07-21T08:22:35Z,gbm_group_cat,in_context,3,rmse,,0.3140261740790109,,0.3388515573813095,,,,,1.0,0.0652352517670139,0.0,1000.0,16.0,500.0,-1.0,,,,,,,,,,,
gbm_group_cat-in_context-protein-seed3,h54b5gzc,2026-07-21T08:22:52Z,gbm_group_cat,in_context,3,rmse,,0.2321777925865576,,0.2861633949566108,,,,,22.0,0.6428191198097525,1.0,20.0,8.0,500.0,-1.0,,,,,,,,,,,
gbm_group_cat-in_context-protein-seed3,hs9dgj5s,2026-07-21T08:21:58Z,gbm_group_cat,in_context,3,rmse,,0.2303991544122289,,0.2858129276443113,,,,,392.0,0.0235714344093274,0.0,10.0,8.0,500.0,-1.0,,,,,,,,,,,
gbm_group_cat-in_context-protein-seed3,kgr2xfk1,2026-07-21T08:21:01Z,gbm_group_cat,in_context,3,rmse,,0.261319946224135,,0.2899038831015234,,,,,106.0,0.1252065381499946,0.0,100.0,4.0,255.0,-1.0,,,,,,,,,,,
gbm_group_cat-in_context-protein-seed3,mnx88onq,2026-07-21T08:22:56Z,gbm_group_cat,in_context,3,rmse,,0.2293216602153239,,0.28648741005936,,,,,39.0,0.4380606481501048,0.0,20.0,32.0,255.0,-1.0,,,,,,,,,,,
gbm_group_cat-in_context-protein-seed3,o4wavav4,2026-07-21T08:21:39Z,gbm_group_cat,in_context,3,rmse,,0.3140261740790109,,0.3388515573813095,,,,,1.0,0.250587007964955,1.0,1000.0,16.0,255.0,-1.0,,,,,,,,,,,
gbm_group_cat-in_context-protein-seed3,plobe5uk,2026-07-21T08:21:26Z,gbm_group_cat,in_context,3,rmse,,0.3140261740790109,,0.3388515573813095,,,,,1.0,0.0247266182197764,1.0,1000.0,4.0,500.0,-1.0,,,,,,,,,,,
gbm_group_cat-in_context-protein-seed3,poah558u,2026-07-21T08:22:04Z,gbm_group_cat,in_context,3,rmse,,0.2280658707513372,,0.2878955859817373,,,,,142.0,0.1183473185096848,1.0,20.0,32.0,255.0,-1.0,,,,,,,,,,,
gbm_group_cat-in_context-protein-seed3,shksxftb,2026-07-21T08:22:59Z,gbm_group_cat,in_context,3,rmse,,0.235966076459153,,0.2864798725329678,,,,,231.0,0.0634627667122372,0.0,10.0,4.0,1000.0,-1.0,,,,,,,,,,,
gbm_group_cat-in_context-protein-seed3,surxk4q1,2026-07-21T08:21:05Z,gbm_group_cat,in_context,3,rmse,,0.2380421311817011,,0.2908493704530702,,,,,500.0,0.0109758154193801,0.0,20.0,32.0,1000.0,-1.0,,,,,,,,,,,
gbm_group_cat-in_context-protein-seed3,teogsgjq,2026-07-21T08:23:24Z,gbm_group_cat,in_context,3,rmse,,0.2635199448151269,,0.2894715449476795,,,,,500.0,0.013859244495551,0.0,100.0,4.0,500.0,-1.0,,,,,,,,,,,
gbm_group_cat-in_context-protein-seed3,vpvueumq,2026-07-21T08:23:16Z,gbm_group_cat,in_context,3,rmse,,0.2464534310912084,,0.3001826704391073,,,,,2.0,0.8668489138169221,0.0,10.0,32.0,1000.0,-1.0,,,,,,,,,,,
gbm_group_cat-in_context-protein-seed3,w5s7k21j,2026-07-21T08:22:30Z,gbm_group_cat,in_context,3,rmse,,0.2267198875256278,,0.2917537968852408,,,,,206.0,0.0988058664639341,0.0,20.0,16.0,255.0,-1.0,,,,,,,,,,,
gbm_group_cat-in_context-protein-seed3,wnjn9e02,2026-07-21T08:21:50Z,gbm_group_cat,in_context,3,rmse,,0.2316884634267172,,0.2827642330720444,,,,,122.0,0.2482318741925865,1.0,20.0,4.0,500.0,-1.0,,,,,,,,,,,
gbm_group_cat-in_context-protein-seed3,wqo82wou,2026-07-21T08:23:31Z,gbm_group_cat,in_context,3,rmse,,0.3140261740790109,,0.3388515573813095,,,,,1.0,0.0814494767975024,0.0,1000.0,8.0,255.0,-1.0,,,,,,,,,,,
gbm_group_cat-in_context-protein-seed3,xirg4q28,2026-07-21T08:22:09Z,gbm_group_cat,in_context,3,rmse,,0.2419224286633138,,0.2896372294054721,,,,,497.0,0.0235110426118622,0.0,20.0,4.0,1000.0,-1.0,,,,,,,,,,,
gbm_group_cat-in_context-protein-seed3,y4nhlq8e,2026-07-21T08:21:15Z,gbm_group_cat,in_context,3,rmse,,0.3140261740790109,,0.3388515573813095,,,,,1.0,0.0817147891511586,0.0,1000.0,16.0,255.0,-1.0,,,,,,,,,,,
gbm_group_cat-in_context-protein-seed3,yjfhgstv,2026-07-21T08:23:11Z,gbm_group_cat,in_context,3,rmse,,0.3140261740790109,,0.3388515573813095,,,,,1.0,0.0310546307698111,0.0,1000.0,16.0,1000.0,-1.0,,,,,,,,,,,
gbm_group_cat-in_context-protein-seed3,yp05rupm,2026-07-21T08:22:25Z,gbm_group_cat,in_context,3,rmse,,0.254479387649235,,0.2912078736824925,,,,,496.0,0.0474589257602997,0.0,10.0,2.0,500.0,-1.0,,,,,,,,,,,
gbm_group_cat-in_context-protein-seed3,z0elc1f5,2026-07-21T08:22:39Z,gbm_group_cat,in_context,3,rmse,,0.3140261740790109,,0.3388515573813095,,,,,1.0,0.0347260839230521,0.0,1000.0,32.0,500.0,-1.0,,,,,,,,,,,
gbm_group_cat-in_context-protein-seed3,z9xhkprt,2026-07-21T08:22:21Z,gbm_group_cat,in_context,3,rmse,,0.2539143918937513,,0.2918862074491889,,,,,303.0,0.1271700786387963,1.0,10.0,2.0,500.0,-1.0,,,,,,,,,,,
gbm_group_cat-in_context-protein-seed4,11mnkvvs,2026-07-21T08:27:04Z,gbm_group_cat,in_context,4,rmse,,0.2559264004147662,,0.2790033734805409,,,,,32.0,0.1183473185096848,1.0,20.0,32.0,255.0,-1.0,,,,,,,,,,,
gbm_group_cat-in_context-protein-seed4,2dcvfxeg,2026-07-21T08:26:29Z,gbm_group_cat,in_context,4,rmse,,0.2543187463722777,,0.2752714170019684,,,,,273.0,0.0432480329052877,0.0,10.0,8.0,255.0,-1.0,,,,,,,,,,,
gbm_group_cat-in_context-protein-seed4,35n01y40,2026-07-21T08:27:53Z,gbm_group_cat,in_context,4,rmse,,0.2584088638841981,,0.2816327928542657,,,,,6.0,0.4380606481501048,0.0,20.0,32.0,255.0,-1.0,,,,,,,,,,,
gbm_group_cat-in_context-protein-seed4,4u0nuxrl,2026-07-21T08:26:26Z,gbm_group_cat,in_context,4,rmse,,0.3242547723621661,,0.3321952031503994,,,,,1.0,0.0247266182197764,1.0,1000.0,4.0,500.0,-1.0,,,,,,,,,,,
gbm_group_cat-in_context-protein-seed4,5jjja91o,2026-07-21T08:27:30Z,gbm_group_cat,in_context,4,rmse,,0.2536366585363253,,0.2767114165185148,,,,,40.0,0.0988058664639341,0.0,20.0,16.0,255.0,-1.0,,,,,,,,,,,
gbm_group_cat-in_context-protein-seed4,5kitjejl,2026-07-21T08:27:15Z,gbm_group_cat,in_context,4,rmse,,0.2588796644490619,,0.2844717759680858,,,,,9.0,0.5342090140143507,1.0,20.0,32.0,500.0,-1.0,,,,,,,,,,,
gbm_group_cat-in_context-protein-seed4,6ew27o5c,2026-07-21T08:26:51Z,gbm_group_cat,in_context,4,rmse,,0.2532166409771485,,0.2739591863896018,,,,,139.0,0.2482318741925865,1.0,20.0,4.0,500.0,-1.0,,,,,,,,,,,
gbm_group_cat-in_context-protein-seed4,7hf0mk95,2026-07-21T08:28:16Z,gbm_group_cat,in_context,4,rmse,,0.2719862994473767,,0.2810161157138374,,,,,492.0,0.0298960963897528,1.0,20.0,2.0,500.0,-1.0,,,,,,,,,,,
gbm_group_cat-in_context-protein-seed4,7nxrx03g,2026-07-21T08:27:34Z,gbm_group_cat,in_context,4,rmse,,0.3242547723621661,,0.3321952031503994,,,,,1.0,0.0652352517670139,0.0,1000.0,16.0,500.0,-1.0,,,,,,,,,,,
gbm_group_cat-in_context-protein-seed4,9fbwuel4,2026-07-21T08:28:31Z,gbm_group_cat,in_context,4,rmse,,0.3242547723621661,,0.3321952031503994,,,,,1.0,0.0814494767975024,0.0,1000.0,8.0,255.0,-1.0,,,,,,,,,,,
gbm_group_cat-in_context-protein-seed4,9oiy7aii,2026-07-21T08:26:20Z,gbm_group_cat,in_context,4,rmse,,0.252950000352827,,0.2727594577177062,,,,,439.0,0.0427421832403684,1.0,20.0,4.0,500.0,-1.0,,,,,,,,,,,
gbm_group_cat-in_context-protein-seed4,ayuilemd,2026-07-21T08:27:44Z,gbm_group_cat,in_context,4,rmse,,0.2709093111773822,,0.2811994056470147,,,,,369.0,0.0725779803885817,1.0,10.0,2.0,500.0,-1.0,,,,,,,,,,,
gbm_group_cat-in_context-protein-seed4,cvi5qcww,2026-07-21T08:28:12Z,gbm_group_cat,in_context,4,rmse,,0.266860440508763,,0.2863054910363684,,,,,11.0,0.8668489138169221,0.0,10.0,32.0,1000.0,-1.0,,,,,,,,,,,
gbm_group_cat-in_context-protein-seed4,h2pgob0w,2026-07-21T08:28:23Z,gbm_group_cat,in_context,4,rmse,,0.2723955862603911,,0.2896562908067412,,,,,480.0,0.013859244495551,0.0,100.0,4.0,500.0,-1.0,,,,,,,,,,,
gbm_group_cat-in_context-protein-seed4,icr2wleu,2026-07-21T08:27:41Z,gbm_group_cat,in_context,4,rmse,,0.3242547723621661,,0.3321952031503994,,,,,1.0,0.0330251750818893,1.0,1000.0,4.0,255.0,-1.0,,,,,,,,,,,
gbm_group_cat-in_context-protein-seed4,j67f23nw,2026-07-21T08:26:42Z,gbm_group_cat,in_context,4,rmse,,0.3242547723621661,,0.3321952031503994,,,,,1.0,0.2090966500355389,1.0,1000.0,64.0,1000.0,-1.0,,,,,,,,,,,
gbm_group_cat-in_context-protein-seed4,jer7fo5g,2026-07-21T08:27:24Z,gbm_group_cat,in_context,4,rmse,,0.2710845232956014,,0.2810729545369312,,,,,500.0,0.0474589257602997,0.0,10.0,2.0,500.0,-1.0,,,,,,,,,,,
gbm_group_cat-in_context-protein-seed4,jve9usz7,2026-07-21T08:28:01Z,gbm_group_cat,in_context,4,rmse,,0.270456580502311,,0.2892518964898481,,,,,415.0,0.0182856525100933,1.0,100.0,16.0,1000.0,-1.0,,,,,,,,,,,
gbm_group_cat-in_context-protein-seed4,l35r4c6b,2026-07-21T08:28:07Z,gbm_group_cat,in_context,4,rmse,,0.3242547723621661,,0.3321952031503994,,,,,1.0,0.0310546307698111,0.0,1000.0,16.0,1000.0,-1.0,,,,,,,,,,,
gbm_group_cat-in_context-protein-seed4,mitvi707,2026-07-21T08:26:34Z,gbm_group_cat,in_context,4,rmse,,0.3242547723621661,,0.3321952031503994,,,,,1.0,0.1489449797127196,1.0,1000.0,2.0,255.0,-1.0,,,,,,,,,,,
gbm_group_cat-in_context-protein-seed4,ouci7lzg,2026-07-21T08:27:38Z,gbm_group_cat,in_context,4,rmse,,0.3242547723621661,,0.3321952031503994,,,,,1.0,0.0347260839230521,0.0,1000.0,32.0,500.0,-1.0,,,,,,,,,,,
gbm_group_cat-in_context-protein-seed4,pa7gm2jh,2026-07-21T08:27:00Z,gbm_group_cat,in_context,4,rmse,,0.2608647774550499,,0.2810649167727508,,,,,222.0,0.0235714344093274,0.0,10.0,8.0,500.0,-1.0,,,,,,,,,,,
gbm_group_cat-in_context-protein-seed4,pp3c238v,2026-07-21T08:26:16Z,gbm_group_cat,in_context,4,rmse,,0.3242547723621661,,0.3321952031503994,,,,,1.0,0.0817147891511586,0.0,1000.0,16.0,255.0,-1.0,,,,,,,,,,,
gbm_group_cat-in_context-protein-seed4,s5orn06b,2026-07-21T08:27:49Z,gbm_group_cat,in_context,4,rmse,,0.2606625127285454,,0.2806970746806895,,,,,19.0,0.6428191198097525,1.0,20.0,8.0,500.0,-1.0,,,,,,,,,,,
gbm_group_cat-in_context-protein-seed4,tysiev96,2026-07-21T08:26:04Z,gbm_group_cat,in_context,4,rmse,,0.2714583680595861,,0.2893907848558522,,,,,131.0,0.1252065381499946,0.0,100.0,4.0,255.0,-1.0,,,,,,,,,,,
gbm_group_cat-in_context-protein-seed4,w9zelhqc,2026-07-21T08:27:19Z,gbm_group_cat,in_context,4,rmse,,0.2707322994687056,,0.2815843725610392,,,,,263.0,0.1271700786387963,1.0,10.0,2.0,500.0,-1.0,,,,,,,,,,,
gbm_group_cat-in_context-protein-seed4,wsh9fuup,2026-07-21T08:27:07Z,gbm_group_cat,in_context,4,rmse,,0.2552602542181606,,0.2739644896227032,,,,,499.0,0.0235110426118622,0.0,20.0,4.0,1000.0,-1.0,,,,,,,,,,,
gbm_group_cat-in_context-protein-seed4,xrmjd8an,2026-07-21T08:27:57Z,gbm_group_cat,in_context,4,rmse,,0.259382367089928,,0.2772583756365825,,,,,212.0,0.0634627667122372,0.0,10.0,4.0,1000.0,-1.0,,,,,,,,,,,
gbm_group_cat-in_context-protein-seed4,yhwpas3i,2026-07-21T08:26:55Z,gbm_group_cat,in_context,4,rmse,,0.2723006566193423,,0.2894027309991218,,,,,146.0,0.0490572683068294,0.0,100.0,4.0,500.0,-1.0,,,,,,,,,,,
gbm_group_cat-in_context-protein-seed4,z7mx5f8h,2026-07-21T08:26:47Z,gbm_group_cat,in_context,4,rmse,,0.2787807617117936,,0.2936180761665027,,,,,105.0,0.4096264371525448,0.0,100.0,2.0,255.0,-1.0,,,,,,,,,,,
gbm_group_cat-in_context-protein-seed4,zha4o2sm,2026-07-21T08:26:08Z,gbm_group_cat,in_context,4,rmse,,0.2528615090540794,,0.2774700266293529,,,,,379.0,0.0109758154193801,0.0,20.0,32.0,1000.0,-1.0,,,,,,,,,,,
gbm_group_cat-in_context-protein-seed4,zpzvy1hi,2026-07-21T08:26:39Z,gbm_group_cat,in_context,4,rmse,,0.3242547723621661,,0.3321952031503994,,,,,1.0,0.250587007964955,1.0,1000.0,16.0,255.0,-1.0,,,,,,,,,,,
gbm_group_cat-few_shot-protein-seed0,0yaaj5yl,2026-07-21T08:01:11Z,gbm_group_cat,few_shot,0,rmse,,0.2940211606704674,,0.3538964135882527,,,,,1.0,0.013859244495551,0.0,100.0,4.0,500.0,-1.0,,,,,,,,,,,
gbm_group_cat-few_shot-protein-seed0,1odluerc,2026-07-21T07:59:15Z,gbm_group_cat,few_shot,0,rmse,,0.2939663185447311,,0.3539220867833238,,,,,1.0,0.0817147891511586,0.0,1000.0,16.0,255.0,-1.0,,,,,,,,,,,
gbm_group_cat-few_shot-protein-seed0,4jawgyji,2026-07-21T07:59:19Z,gbm_group_cat,few_shot,0,rmse,,0.270712504964474,,0.32292589170998,,,,,111.0,0.0427421832403684,1.0,20.0,4.0,500.0,-1.0,,,,,,,,,,,
gbm_group_cat-few_shot-protein-seed0,6jp91hu9,2026-07-21T08:01:03Z,gbm_group_cat,few_shot,0,rmse,,0.257584450979742,,0.3304259212875824,,,,,2.0,0.8668489138169221,0.0,10.0,32.0,1000.0,-1.0,,,,,,,,,,,
gbm_group_cat-few_shot-protein-seed0,7a6ndfig,2026-07-21T07:59:40Z,gbm_group_cat,few_shot,0,rmse,,0.2939663185447311,,0.3539220867833238,,,,,1.0,0.2090966500355389,1.0,1000.0,64.0,1000.0,-1.0,,,,,,,,,,,
gbm_group_cat-few_shot-protein-seed0,9kpc6hz7,2026-07-21T08:00:29Z,gbm_group_cat,few_shot,0,rmse,,0.2939663185447311,,0.3539220867833238,,,,,1.0,0.0652352517670139,0.0,1000.0,16.0,500.0,-1.0,,,,,,,,,,,
gbm_group_cat-few_shot-protein-seed0,azf6lruf,2026-07-21T07:59:56Z,gbm_group_cat,few_shot,0,rmse,,0.2685122316220503,,0.3233177548181802,,,,,227.0,0.0235714344093274,0.0,10.0,8.0,500.0,-1.0,,,,,,,,,,,
gbm_group_cat-few_shot-protein-seed0,b7ewytbo,2026-07-21T08:00:33Z,gbm_group_cat,few_shot,0,rmse,,0.2939663185447311,,0.3539220867833238,,,,,1.0,0.0347260839230521,0.0,1000.0,32.0,500.0,-1.0,,,,,,,,,,,
gbm_group_cat-few_shot-protein-seed0,bmqc9lvy,2026-07-21T08:00:41Z,gbm_group_cat,few_shot,0,rmse,,0.2654573078273928,,0.3219996093151643,,,,,211.0,0.0725779803885817,1.0,10.0,2.0,500.0,-1.0,,,,,,,,,,,
gbm_group_cat-few_shot-protein-seed0,bq6v7x0t,2026-07-21T08:00:45Z,gbm_group_cat,few_shot,0,rmse,,0.2702143531687233,,0.3286512433596351,,,,,6.0,0.6428191198097525,1.0,20.0,8.0,500.0,-1.0,,,,,,,,,,,
gbm_group_cat-few_shot-protein-seed0,ds6kc455,2026-07-21T07:59:10Z,gbm_group_cat,few_shot,0,rmse,,0.287927111674237,,0.3324713923822522,,,,,147.0,0.0109758154193801,0.0,20.0,32.0,1000.0,-1.0,,,,,,,,,,,
gbm_group_cat-few_shot-protein-seed0,fonr3jgx,2026-07-21T07:59:33Z,gbm_group_cat,few_shot,0,rmse,,0.2939663185447311,,0.3539220867833238,,,,,1.0,0.1489449797127196,1.0,1000.0,2.0,255.0,-1.0,,,,,,,,,,,
gbm_group_cat-few_shot-protein-seed0,fyojs6rq,2026-07-21T07:59:06Z,gbm_group_cat,few_shot,0,rmse,,0.2867605000133735,,0.3409739539423215,,,,,56.0,0.1252065381499946,0.0,100.0,4.0,255.0,-1.0,,,,,,,,,,,
gbm_group_cat-few_shot-protein-seed0,g9cr8qsv,2026-07-21T08:01:15Z,gbm_group_cat,few_shot,0,rmse,,0.2939663185447311,,0.3539220867833238,,,,,1.0,0.0814494767975024,0.0,1000.0,8.0,255.0,-1.0,,,,,,,,,,,
gbm_group_cat-few_shot-protein-seed0,h1e61eig,2026-07-21T08:00:25Z,gbm_group_cat,few_shot,0,rmse,,0.2765932651745558,,0.3268071641797981,,,,,30.0,0.0988058664639341,0.0,20.0,16.0,255.0,-1.0,,,,,,,,,,,
gbm_group_cat-few_shot-protein-seed0,h4nkcsl4,2026-07-21T07:59:44Z,gbm_group_cat,few_shot,0,rmse,,0.286249425024448,,0.3411504130905397,,,,,41.0,0.4096264371525448,0.0,100.0,2.0,255.0,-1.0,,,,,,,,,,,
gbm_group_cat-few_shot-protein-seed0,hyq2bd4o,2026-07-21T08:01:00Z,gbm_group_cat,few_shot,0,rmse,,0.2939663185447311,,0.3539220867833238,,,,,1.0,0.0310546307698111,0.0,1000.0,16.0,1000.0,-1.0,,,,,,,,,,,
gbm_group_cat-few_shot-protein-seed0,k654p3n2,2026-07-21T07:59:24Z,gbm_group_cat,few_shot,0,rmse,,0.2939663185447311,,0.3539220867833238,,,,,1.0,0.0247266182197764,1.0,1000.0,4.0,500.0,-1.0,,,,,,,,,,,
gbm_group_cat-few_shot-protein-seed0,lbvbiz5f,2026-07-21T08:00:14Z,gbm_group_cat,few_shot,0,rmse,,0.2649679032655533,,0.3220461110490347,,,,,112.0,0.1271700786387963,1.0,10.0,2.0,500.0,-1.0,,,,,,,,,,,
gbm_group_cat-few_shot-protein-seed0,m9hpw340,2026-07-21T07:59:49Z,gbm_group_cat,few_shot,0,rmse,,0.2667795596192402,,0.3201804374109973,,,,,35.0,0.2482318741925865,1.0,20.0,4.0,500.0,-1.0,,,,,,,,,,,
gbm_group_cat-few_shot-protein-seed0,n3n08ils,2026-07-21T08:00:37Z,gbm_group_cat,few_shot,0,rmse,,0.2939663185447311,,0.3539220867833238,,,,,1.0,0.0330251750818893,1.0,1000.0,4.0,255.0,-1.0,,,,,,,,,,,
gbm_group_cat-few_shot-protein-seed0,odtnmrte,2026-07-21T07:59:37Z,gbm_group_cat,few_shot,0,rmse,,0.2939663185447311,,0.3539220867833238,,,,,1.0,0.250587007964955,1.0,1000.0,16.0,255.0,-1.0,,,,,,,,,,,
gbm_group_cat-few_shot-protein-seed0,oowlespk,2026-07-21T08:00:20Z,gbm_group_cat,few_shot,0,rmse,,0.2657011859454742,,0.322351437415686,,,,,275.0,0.0474589257602997,0.0,10.0,2.0,500.0,-1.0,,,,,,,,,,,
gbm_group_cat-few_shot-protein-seed0,r56kx5wj,2026-07-21T08:00:10Z,gbm_group_cat,few_shot,0,rmse,,0.2622603555893298,,0.3302053869260497,,,,,6.0,0.5342090140143507,1.0,20.0,32.0,500.0,-1.0,,,,,,,,,,,
gbm_group_cat-few_shot-protein-seed0,rd83rllb,2026-07-21T08:01:07Z,gbm_group_cat,few_shot,0,rmse,,0.2943699127592444,,0.353759190700772,,,,,1.0,0.0298960963897528,1.0,20.0,2.0,500.0,-1.0,,,,,,,,,,,
gbm_group_cat-few_shot-protein-seed0,rf0ocepd,2026-07-21T07:59:28Z,gbm_group_cat,few_shot,0,rmse,,0.2709516087868124,,0.3239064233829803,,,,,133.0,0.0432480329052877,0.0,10.0,8.0,255.0,-1.0,,,,,,,,,,,
gbm_group_cat-few_shot-protein-seed0,syn6fcll,2026-07-21T08:00:49Z,gbm_group_cat,few_shot,0,rmse,,0.2844156271436058,,0.3310685340431008,,,,,2.0,0.4380606481501048,0.0,20.0,32.0,255.0,-1.0,,,,,,,,,,,
gbm_group_cat-few_shot-protein-seed0,szd731z7,2026-07-21T08:00:01Z,gbm_group_cat,few_shot,0,rmse,,0.2664747263077511,,0.3243819516098999,,,,,53.0,0.1183473185096848,1.0,20.0,32.0,255.0,-1.0,,,,,,,,,,,
gbm_group_cat-few_shot-protein-seed0,w4ucch7j,2026-07-21T08:00:52Z,gbm_group_cat,few_shot,0,rmse,,0.2711248016239052,,0.3240362186491297,,,,,67.0,0.0634627667122372,0.0,10.0,4.0,1000.0,-1.0,,,,,,,,,,,
gbm_group_cat-few_shot-protein-seed0,wjy9ryt4,2026-07-21T08:00:06Z,gbm_group_cat,few_shot,0,rmse,,0.2686265853102728,,0.3210361886892245,,,,,214.0,0.0235110426118622,0.0,20.0,4.0,1000.0,-1.0,,,,,,,,,,,
gbm_group_cat-few_shot-protein-seed0,y4fncxtm,2026-07-21T07:59:53Z,gbm_group_cat,few_shot,0,rmse,,0.2941647135205804,,0.3538347929076859,,,,,1.0,0.0490572683068294,0.0,100.0,4.0,500.0,-1.0,,,,,,,,,,,
gbm_group_cat-few_shot-protein-seed0,zu0pzb28,2026-07-21T08:00:56Z,gbm_group_cat,few_shot,0,rmse,,0.2940812388329121,,0.3538696762017911,,,,,1.0,0.0182856525100933,1.0,100.0,16.0,1000.0,-1.0,,,,,,,,,,,
gbm_group_cat-few_shot-protein-seed1,08razz1l,2026-07-21T08:09:53Z,gbm_group_cat,few_shot,1,rmse,,0.3387740848097527,,0.3267727717491696,,,,,28.0,0.0634627667122372,0.0,10.0,4.0,1000.0,-1.0,,,,,,,,,,,
gbm_group_cat-few_shot-protein-seed1,1y2e89qq,2026-07-21T08:06:08Z,gbm_group_cat,few_shot,1,rmse,,0.3391447138566733,,0.3262795100826992,,,,,40.0,0.0235714344093274,0.0,10.0,8.0,500.0,-1.0,,,,,,,,,,,
gbm_group_cat-few_shot-protein-seed1,2nj1xey4,2026-07-21T08:10:46Z,gbm_group_cat,few_shot,1,rmse,,0.3447631091845494,,0.3304268851151374,,,,,1.0,0.0182856525100933,1.0,100.0,16.0,1000.0,-1.0,,,,,,,,,,,
gbm_group_cat-few_shot-protein-seed1,7afpy53j,2026-07-21T08:04:59Z,gbm_group_cat,few_shot,1,rmse,,0.3396751228534394,,0.3260825057565993,,,,,10.0,0.0432480329052877,0.0,10.0,8.0,255.0,-1.0,,,,,,,,,,,
gbm_group_cat-few_shot-protein-seed1,7czjaerd,2026-07-21T08:10:49Z,gbm_group_cat,few_shot,1,rmse,,0.344441245143009,,0.3301350795091739,,,,,1.0,0.0310546307698111,0.0,1000.0,16.0,1000.0,-1.0,,,,,,,,,,,
gbm_group_cat-few_shot-protein-seed1,9rs23s17,2026-07-21T08:07:00Z,gbm_group_cat,few_shot,1,rmse,,0.3461849601664233,,0.331726592459527,,,,,1.0,0.0474589257602997,0.0,10.0,2.0,500.0,-1.0,,,,,,,,,,,
gbm_group_cat-few_shot-protein-seed1,b6wnjg27,2026-07-21T08:07:35Z,gbm_group_cat,few_shot,1,rmse,,0.3385179677106305,,0.324741246734795,,,,,17.0,0.0988058664639341,0.0,20.0,16.0,255.0,-1.0,,,,,,,,,,,
gbm_group_cat-few_shot-protein-seed1,bbh3wso4,2026-07-21T08:06:56Z,gbm_group_cat,few_shot,1,rmse,,0.3399172148337943,,0.3280445442026756,,,,,37.0,0.1271700786387963,1.0,10.0,2.0,500.0,-1.0,,,,,,,,,,,
gbm_group_cat-few_shot-protein-seed1,chl3qjco,2026-07-21T08:05:24Z,gbm_group_cat,few_shot,1,rmse,,0.3441734031004761,,0.3341894210465555,,,,,4.0,0.2482318741925865,1.0,20.0,4.0,500.0,-1.0,,,,,,,,,,,
gbm_group_cat-few_shot-protein-seed1,czni3eiu,2026-07-21T08:06:21Z,gbm_group_cat,few_shot,1,rmse,,0.3315903743471938,,0.3180167414948077,,,,,74.0,0.1183473185096848,1.0,20.0,32.0,255.0,-1.0,,,,,,,,,,,
gbm_group_cat-few_shot-protein-seed1,eoo644a9,2026-07-21T08:04:48Z,gbm_group_cat,few_shot,1,rmse,,0.344441245143009,,0.3301350795091739,,,,,1.0,0.0817147891511586,0.0,1000.0,16.0,255.0,-1.0,,,,,,,,,,,
gbm_group_cat-few_shot-protein-seed1,gnd7kb8e,2026-07-21T08:08:37Z,gbm_group_cat,few_shot,1,rmse,,0.3338984292896292,,0.3237188700199896,,,,,48.0,0.0725779803885817,1.0,10.0,2.0,500.0,-1.0,,,,,,,,,,,
gbm_group_cat-few_shot-protein-seed1,hs2l44bh,2026-07-21T08:08:47Z,gbm_group_cat,few_shot,1,rmse,,0.3461698282132442,,0.3285435598851944,,,,,1.0,0.4380606481501048,0.0,20.0,32.0,255.0,-1.0,,,,,,,,,,,
gbm_group_cat-few_shot-protein-seed1,hwt30grn,2026-07-21T08:06:29Z,gbm_group_cat,few_shot,1,rmse,,0.3411315645962241,,0.3382452393055816,,,,,25.0,0.5342090140143507,1.0,20.0,32.0,500.0,-1.0,,,,,,,,,,,
gbm_group_cat-few_shot-protein-seed1,i04ooilv,2026-07-21T08:08:43Z,gbm_group_cat,few_shot,1,rmse,,0.3122872916692004,,0.331670057705689,,,,,73.0,0.6428191198097525,1.0,20.0,8.0,500.0,-1.0,,,,,,,,,,,
gbm_group_cat-few_shot-protein-seed1,jy4oba2w,2026-07-21T08:08:33Z,gbm_group_cat,few_shot,1,rmse,,0.344441245143009,,0.3301350795091739,,,,,1.0,0.0330251750818893,1.0,1000.0,4.0,255.0,-1.0,,,,,,,,,,,
gbm_group_cat-few_shot-protein-seed1,k0jk7l2j,2026-07-21T08:07:39Z,gbm_group_cat,few_shot,1,rmse,,0.344441245143009,,0.3301350795091739,,,,,1.0,0.0652352517670139,0.0,1000.0,16.0,500.0,-1.0,,,,,,,,,,,
gbm_group_cat-few_shot-protein-seed1,l9nhdk8g,2026-07-21T08:05:09Z,gbm_group_cat,few_shot,1,rmse,,0.344441245143009,,0.3301350795091739,,,,,1.0,0.1489449797127196,1.0,1000.0,2.0,255.0,-1.0,,,,,,,,,,,
gbm_group_cat-few_shot-protein-seed1,ls4uyvf3,2026-07-21T08:10:56Z,gbm_group_cat,few_shot,1,rmse,,0.3455158758669522,,0.3311129655088042,,,,,1.0,0.0298960963897528,1.0,20.0,2.0,500.0,-1.0,,,,,,,,,,,
gbm_group_cat-few_shot-protein-seed1,ltn8n9ez,2026-07-21T08:06:25Z,gbm_group_cat,few_shot,1,rmse,,0.3375518884794952,,0.3266321119520061,,,,,50.0,0.0235110426118622,0.0,20.0,4.0,1000.0,-1.0,,,,,,,,,,,
gbm_group_cat-few_shot-protein-seed1,lvh48608,2026-07-21T08:11:52Z,gbm_group_cat,few_shot,1,rmse,,0.344441245143009,,0.3301350795091739,,,,,1.0,0.0814494767975024,0.0,1000.0,8.0,255.0,-1.0,,,,,,,,,,,
gbm_group_cat-few_shot-protein-seed1,mo9wh2mj,2026-07-21T08:05:17Z,gbm_group_cat,few_shot,1,rmse,,0.344441245143009,,0.3301350795091739,,,,,1.0,0.2090966500355389,1.0,1000.0,64.0,1000.0,-1.0,,,,,,,,,,,
gbm_group_cat-few_shot-protein-seed1,mzhiob2d,2026-07-21T08:05:13Z,gbm_group_cat,few_shot,1,rmse,,0.344441245143009,,0.3301350795091739,,,,,1.0,0.250587007964955,1.0,1000.0,16.0,255.0,-1.0,,,,,,,,,,,
gbm_group_cat-few_shot-protein-seed1,nc6pnxym,2026-07-21T08:04:52Z,gbm_group_cat,few_shot,1,rmse,,0.3436809244517613,,0.3305055345609137,,,,,3.0,0.0427421832403684,1.0,20.0,4.0,500.0,-1.0,,,,,,,,,,,
gbm_group_cat-few_shot-protein-seed1,oiyo9b5s,2026-07-21T08:11:47Z,gbm_group_cat,few_shot,1,rmse,,0.3446857596996411,,0.3303566701004039,,,,,1.0,0.013859244495551,0.0,100.0,4.0,500.0,-1.0,,,,,,,,,,,
gbm_group_cat-few_shot-protein-seed1,qv9nluov,2026-07-21T08:08:27Z,gbm_group_cat,few_shot,1,rmse,,0.344441245143009,,0.3301350795091739,,,,,1.0,0.0347260839230521,0.0,1000.0,32.0,500.0,-1.0,,,,,,,,,,,
gbm_group_cat-few_shot-protein-seed1,slndzi1z,2026-07-21T08:05:28Z,gbm_group_cat,few_shot,1,rmse,,0.3453243624865145,,0.3309379642895679,,,,,1.0,0.0490572683068294,0.0,100.0,4.0,500.0,-1.0,,,,,,,,,,,
gbm_group_cat-few_shot-protein-seed1,ssz6xd8i,2026-07-21T08:04:38Z,gbm_group_cat,few_shot,1,rmse,,0.3396500494997795,,0.3239636925722284,,,,,25.0,0.0109758154193801,0.0,20.0,32.0,1000.0,-1.0,,,,,,,,,,,
gbm_group_cat-few_shot-protein-seed1,wafm4eyf,2026-07-21T08:05:20Z,gbm_group_cat,few_shot,1,rmse,,0.3651793229873582,,0.3498613231998207,,,,,1.0,0.4096264371525448,0.0,100.0,2.0,255.0,-1.0,,,,,,,,,,,
gbm_group_cat-few_shot-protein-seed1,wr5d2s27,2026-07-21T08:04:35Z,gbm_group_cat,few_shot,1,rmse,,0.3467918684605655,,0.3322859577349492,,,,,1.0,0.1252065381499946,0.0,100.0,4.0,255.0,-1.0,,,,,,,,,,,
gbm_group_cat-few_shot-protein-seed1,xm2r8pq4,2026-07-21T08:10:53Z,gbm_group_cat,few_shot,1,rmse,,0.3860106209064877,,0.3814776357517266,,,,,2.0,0.8668489138169221,0.0,10.0,32.0,1000.0,-1.0,,,,,,,,,,,
gbm_group_cat-few_shot-protein-seed1,ygugqoif,2026-07-21T08:04:55Z,gbm_group_cat,few_shot,1,rmse,,0.344441245143009,,0.3301350795091739,,,,,1.0,0.0247266182197764,1.0,1000.0,4.0,500.0,-1.0,,,,,,,,,,,
gbm_group_cat-few_shot-protein-seed2,09nq9gku,2026-07-21T08:19:23Z,gbm_group_cat,few_shot,2,rmse,,0.3167991819598303,,0.3426542204855813,,,,,24.0,0.1183473185096848,1.0,20.0,32.0,255.0,-1.0,,,,,,,,,,,
gbm_group_cat-few_shot-protein-seed2,1eygc2xd,2026-07-21T08:18:59Z,gbm_group_cat,few_shot,2,rmse,,0.3382772511748871,,0.3355610261024012,,,,,1.0,0.250587007964955,1.0,1000.0,16.0,255.0,-1.0,,,,,,,,,,,
gbm_group_cat-few_shot-protein-seed2,2zetqr23,2026-07-21T08:20:41Z,gbm_group_cat,few_shot,2,rmse,,0.3382772511748871,,0.3355610261024012,,,,,1.0,0.0814494767975024,0.0,1000.0,8.0,255.0,-1.0,,,,,,,,,,,
gbm_group_cat-few_shot-protein-seed2,3g6x5i1d,2026-07-21T08:19:57Z,gbm_group_cat,few_shot,2,rmse,,0.3382772511748871,,0.3355610261024012,,,,,1.0,0.0347260839230521,0.0,1000.0,32.0,500.0,-1.0,,,,,,,,,,,
gbm_group_cat-few_shot-protein-seed2,3t98kgiw,2026-07-21T08:20:28Z,gbm_group_cat,few_shot,2,rmse,,0.3234390615852714,,0.3469519225958226,,,,,1.0,0.8668489138169221,0.0,10.0,32.0,1000.0,-1.0,,,,,,,,,,,
gbm_group_cat-few_shot-protein-seed2,5mx6q533,2026-07-21T08:19:03Z,gbm_group_cat,few_shot,2,rmse,,0.3382772511748871,,0.3355610261024012,,,,,1.0,0.2090966500355389,1.0,1000.0,64.0,1000.0,-1.0,,,,,,,,,,,
gbm_group_cat-few_shot-protein-seed2,64iygu4l,2026-07-21T08:20:09Z,gbm_group_cat,few_shot,2,rmse,,0.3054504839798986,,0.3190797186088497,,,,,3.0,0.6428191198097525,1.0,20.0,8.0,500.0,-1.0,,,,,,,,,,,
gbm_group_cat-few_shot-protein-seed2,6buzrra9,2026-07-21T08:19:42Z,gbm_group_cat,few_shot,2,rmse,,0.3045087121292827,,0.3222803538267772,,,,,494.0,0.0474589257602997,0.0,10.0,2.0,500.0,-1.0,,,,,,,,,,,
gbm_group_cat-few_shot-protein-seed2,7i248pjd,2026-07-21T08:19:48Z,gbm_group_cat,few_shot,2,rmse,,0.3123362169477115,,0.3217936349868046,,,,,26.0,0.0988058664639341,0.0,20.0,16.0,255.0,-1.0,,,,,,,,,,,
gbm_group_cat-few_shot-protein-seed2,7rya1d8e,2026-07-21T08:20:16Z,gbm_group_cat,few_shot,2,rmse,,0.3037911625664509,,0.3221542345384452,,,,,80.0,0.0634627667122372,0.0,10.0,4.0,1000.0,-1.0,,,,,,,,,,,
gbm_group_cat-few_shot-protein-seed2,80ge968z,2026-07-21T08:18:44Z,gbm_group_cat,few_shot,2,rmse,,0.3031206233240617,,0.3219675745443218,,,,,169.0,0.0427421832403684,1.0,20.0,4.0,500.0,-1.0,,,,,,,,,,,
gbm_group_cat-few_shot-protein-seed2,9lnrj9c8,2026-07-21T08:20:24Z,gbm_group_cat,few_shot,2,rmse,,0.3382772511748871,,0.3355610261024012,,,,,1.0,0.0310546307698111,0.0,1000.0,16.0,1000.0,-1.0,,,,,,,,,,,
gbm_group_cat-few_shot-protein-seed2,b2hf2mhh,2026-07-21T08:18:52Z,gbm_group_cat,few_shot,2,rmse,,0.3070260501756055,,0.3174412379482837,,,,,94.0,0.0432480329052877,0.0,10.0,8.0,255.0,-1.0,,,,,,,,,,,
gbm_group_cat-few_shot-protein-seed2,b37gor4v,2026-07-21T08:20:00Z,gbm_group_cat,few_shot,2,rmse,,0.3382772511748871,,0.3355610261024012,,,,,1.0,0.0330251750818893,1.0,1000.0,4.0,255.0,-1.0,,,,,,,,,,,
gbm_group_cat-few_shot-protein-seed2,cejvr78b,2026-07-21T08:20:04Z,gbm_group_cat,few_shot,2,rmse,,0.3045073467314493,,0.3221391264262369,,,,,311.0,0.0725779803885817,1.0,10.0,2.0,500.0,-1.0,,,,,,,,,,,
gbm_group_cat-few_shot-protein-seed2,d88mcrx4,2026-07-21T08:19:19Z,gbm_group_cat,few_shot,2,rmse,,0.3070605077100747,,0.3189524143939272,,,,,145.0,0.0235714344093274,0.0,10.0,8.0,500.0,-1.0,,,,,,,,,,,
gbm_group_cat-few_shot-protein-seed2,fkd917yd,2026-07-21T08:19:35Z,gbm_group_cat,few_shot,2,rmse,,0.3039531079890432,,0.3220401321254383,,,,,262.0,0.1271700786387963,1.0,10.0,2.0,500.0,-1.0,,,,,,,,,,,
gbm_group_cat-few_shot-protein-seed2,gwvmsdwh,2026-07-21T08:19:06Z,gbm_group_cat,few_shot,2,rmse,,0.3229228212212379,,0.3373747077010039,,,,,43.0,0.4096264371525448,0.0,100.0,2.0,255.0,-1.0,,,,,,,,,,,
gbm_group_cat-few_shot-protein-seed2,hpp2qirb,2026-07-21T08:18:48Z,gbm_group_cat,few_shot,2,rmse,,0.3382772511748871,,0.3355610261024012,,,,,1.0,0.0247266182197764,1.0,1000.0,4.0,500.0,-1.0,,,,,,,,,,,
gbm_group_cat-few_shot-protein-seed2,lxjuibxs,2026-07-21T08:20:37Z,gbm_group_cat,few_shot,2,rmse,,0.3382934130600681,,0.3356774639691672,,,,,1.0,0.013859244495551,0.0,100.0,4.0,500.0,-1.0,,,,,,,,,,,
gbm_group_cat-few_shot-protein-seed2,m4v78z85,2026-07-21T08:18:30Z,gbm_group_cat,few_shot,2,rmse,,0.326846201144652,,0.3375688451531301,,,,,43.0,0.1252065381499946,0.0,100.0,4.0,255.0,-1.0,,,,,,,,,,,
gbm_group_cat-few_shot-protein-seed2,m5ky46c2,2026-07-21T08:19:31Z,gbm_group_cat,few_shot,2,rmse,,0.331985372226658,,0.3450715998544301,,,,,2.0,0.5342090140143507,1.0,20.0,32.0,500.0,-1.0,,,,,,,,,,,
gbm_group_cat-few_shot-protein-seed2,m8jlhtna,2026-07-21T08:18:40Z,gbm_group_cat,few_shot,2,rmse,,0.3382772511748871,,0.3355610261024012,,,,,1.0,0.0817147891511586,0.0,1000.0,16.0,255.0,-1.0,,,,,,,,,,,
gbm_group_cat-few_shot-protein-seed2,nbdpku8i,2026-07-21T08:20:20Z,gbm_group_cat,few_shot,2,rmse,,0.3382775969368832,,0.3355635581782707,,,,,1.0,0.0182856525100933,1.0,100.0,16.0,1000.0,-1.0,,,,,,,,,,,
gbm_group_cat-few_shot-protein-seed2,pgmz93ky,2026-07-21T08:19:14Z,gbm_group_cat,few_shot,2,rmse,,0.3247420701867479,,0.3350215177585391,,,,,117.0,0.0490572683068294,0.0,100.0,4.0,500.0,-1.0,,,,,,,,,,,
gbm_group_cat-few_shot-protein-seed2,rgu00w9a,2026-07-21T08:18:35Z,gbm_group_cat,few_shot,2,rmse,,0.3119137983271061,,0.3213205232106013,,,,,245.0,0.0109758154193801,0.0,20.0,32.0,1000.0,-1.0,,,,,,,,,,,
gbm_group_cat-few_shot-protein-seed2,rxufu1zm,2026-07-21T08:18:55Z,gbm_group_cat,few_shot,2,rmse,,0.3382772511748871,,0.3355610261024012,,,,,1.0,0.1489449797127196,1.0,1000.0,2.0,255.0,-1.0,,,,,,,,,,,
gbm_group_cat-few_shot-protein-seed2,s3ks4f5f,2026-07-21T08:19:26Z,gbm_group_cat,few_shot,2,rmse,,0.3023953959401336,,0.3195529365033078,,,,,256.0,0.0235110426118622,0.0,20.0,4.0,1000.0,-1.0,,,,,,,,,,,
gbm_group_cat-few_shot-protein-seed2,u4g839os,2026-07-21T08:20:12Z,gbm_group_cat,few_shot,2,rmse,,0.3193854854712711,,0.3389716490910479,,,,,5.0,0.4380606481501048,0.0,20.0,32.0,255.0,-1.0,,,,,,,,,,,
gbm_group_cat-few_shot-protein-seed2,vlsdrz6v,2026-07-21T08:19:52Z,gbm_group_cat,few_shot,2,rmse,,0.3382772511748871,,0.3355610261024012,,,,,1.0,0.0652352517670139,0.0,1000.0,16.0,500.0,-1.0,,,,,,,,,,,
gbm_group_cat-few_shot-protein-seed2,ym4dztoh,2026-07-21T08:19:10Z,gbm_group_cat,few_shot,2,rmse,,0.2999548048345989,,0.3226544907265202,,,,,25.0,0.2482318741925865,1.0,20.0,4.0,500.0,-1.0,,,,,,,,,,,
gbm_group_cat-few_shot-protein-seed2,zr6x7jzj,2026-07-21T08:20:31Z,gbm_group_cat,few_shot,2,rmse,,0.305347363073989,,0.3216173320491198,,,,,500.0,0.0298960963897528,1.0,20.0,2.0,500.0,-1.0,,,,,,,,,,,
gbm_group_cat-few_shot-protein-seed3,4gpzf4hb,2026-07-21T08:24:23Z,gbm_group_cat,few_shot,3,rmse,,0.3205448611463873,,0.2812216159799972,,,,,128.0,0.4096264371525448,0.0,100.0,2.0,255.0,-1.0,,,,,,,,,,,
gbm_group_cat-few_shot-protein-seed3,4njg4r6f,2026-07-21T08:25:52Z,gbm_group_cat,few_shot,3,rmse,,0.3338972039269793,,0.2969929048600579,,,,,1.0,0.0814494767975024,0.0,1000.0,8.0,255.0,-1.0,,,,,,,,,,,
gbm_group_cat-few_shot-protein-seed3,4y37gabd,2026-07-21T08:25:48Z,gbm_group_cat,few_shot,3,rmse,,0.3340042295095063,,0.2970538027266146,,,,,1.0,0.013859244495551,0.0,100.0,4.0,500.0,-1.0,,,,,,,,,,,
gbm_group_cat-few_shot-protein-seed3,5uvhjars,2026-07-21T08:25:09Z,gbm_group_cat,few_shot,3,rmse,,0.3338972039269793,,0.2969929048600579,,,,,1.0,0.0347260839230521,0.0,1000.0,32.0,500.0,-1.0,,,,,,,,,,,
gbm_group_cat-few_shot-protein-seed3,5yqpeewf,2026-07-21T08:24:38Z,gbm_group_cat,few_shot,3,rmse,,0.3195981656238769,,0.2859157316077845,,,,,21.0,0.1183473185096848,1.0,20.0,32.0,255.0,-1.0,,,,,,,,,,,
gbm_group_cat-few_shot-protein-seed3,69nyuq3a,2026-07-21T08:25:12Z,gbm_group_cat,few_shot,3,rmse,,0.3338972039269793,,0.2969929048600579,,,,,1.0,0.0330251750818893,1.0,1000.0,4.0,255.0,-1.0,,,,,,,,,,,
gbm_group_cat-few_shot-protein-seed3,8iry1oam,2026-07-21T08:25:22Z,gbm_group_cat,few_shot,3,rmse,,0.3164208084844001,,0.273112623309277,,,,,2.0,0.6428191198097525,1.0,20.0,8.0,500.0,-1.0,,,,,,,,,,,
gbm_group_cat-few_shot-protein-seed3,a05p4z6l,2026-07-21T08:24:03Z,gbm_group_cat,few_shot,3,rmse,,0.3338972039269793,,0.2969929048600579,,,,,1.0,0.0247266182197764,1.0,1000.0,4.0,500.0,-1.0,,,,,,,,,,,
gbm_group_cat-few_shot-protein-seed3,aokeitph,2026-07-21T08:24:51Z,gbm_group_cat,few_shot,3,rmse,,0.3098060306417555,,0.271763303873608,,,,,500.0,0.1271700786387963,1.0,10.0,2.0,500.0,-1.0,,,,,,,,,,,
gbm_group_cat-few_shot-protein-seed3,ca36whiy,2026-07-21T08:24:47Z,gbm_group_cat,few_shot,3,rmse,,0.3184864571202336,,0.2789926180882416,,,,,2.0,0.5342090140143507,1.0,20.0,32.0,500.0,-1.0,,,,,,,,,,,
gbm_group_cat-few_shot-protein-seed3,cxbvwxde,2026-07-21T08:23:51Z,gbm_group_cat,few_shot,3,rmse,,0.324074404097027,,0.2853928601091812,,,,,81.0,0.0109758154193801,0.0,20.0,32.0,1000.0,-1.0,,,,,,,,,,,
gbm_group_cat-few_shot-protein-seed3,dwbyxjj2,2026-07-21T08:23:59Z,gbm_group_cat,few_shot,3,rmse,,0.3177972837168552,,0.2751091396282211,,,,,140.0,0.0427421832403684,1.0,20.0,4.0,500.0,-1.0,,,,,,,,,,,
gbm_group_cat-few_shot-protein-seed3,h8zcpx7o,2026-07-21T08:24:27Z,gbm_group_cat,few_shot,3,rmse,,0.3163503744393338,,0.2756858239260888,,,,,15.0,0.2482318741925865,1.0,20.0,4.0,500.0,-1.0,,,,,,,,,,,
gbm_group_cat-few_shot-protein-seed3,j4n6grix,2026-07-21T08:25:32Z,gbm_group_cat,few_shot,3,rmse,,0.3339360808238932,,0.2970149571740423,,,,,1.0,0.0182856525100933,1.0,100.0,16.0,1000.0,-1.0,,,,,,,,,,,
gbm_group_cat-few_shot-protein-seed3,k1ze9isp,2026-07-21T08:25:36Z,gbm_group_cat,few_shot,3,rmse,,0.3338972039269793,,0.2969929048600579,,,,,1.0,0.0310546307698111,0.0,1000.0,16.0,1000.0,-1.0,,,,,,,,,,,
gbm_group_cat-few_shot-protein-seed3,kuva1f4n,2026-07-21T08:24:12Z,gbm_group_cat,few_shot,3,rmse,,0.3338972039269793,,0.2969929048600579,,,,,1.0,0.1489449797127196,1.0,1000.0,2.0,255.0,-1.0,,,,,,,,,,,
gbm_group_cat-few_shot-protein-seed3,lh6d57og,2026-07-21T08:25:43Z,gbm_group_cat,few_shot,3,rmse,,0.3137877439069073,,0.2736010300925768,,,,,495.0,0.0298960963897528,1.0,20.0,2.0,500.0,-1.0,,,,,,,,,,,
gbm_group_cat-few_shot-protein-seed3,lulxj1kq,2026-07-21T08:25:26Z,gbm_group_cat,few_shot,3,rmse,,0.3271333448364056,,0.2867746680969624,,,,,1.0,0.4380606481501048,0.0,20.0,32.0,255.0,-1.0,,,,,,,,,,,
gbm_group_cat-few_shot-protein-seed3,mjtzk75t,2026-07-21T08:24:16Z,gbm_group_cat,few_shot,3,rmse,,0.3338972039269793,,0.2969929048600579,,,,,1.0,0.250587007964955,1.0,1000.0,16.0,255.0,-1.0,,,,,,,,,,,
gbm_group_cat-few_shot-protein-seed3,mrl25bra,2026-07-21T08:23:55Z,gbm_group_cat,few_shot,3,rmse,,0.3338972039269793,,0.2969929048600579,,,,,1.0,0.0817147891511586,0.0,1000.0,16.0,255.0,-1.0,,,,,,,,,,,
gbm_group_cat-few_shot-protein-seed3,nfj820oe,2026-07-21T08:24:08Z,gbm_group_cat,few_shot,3,rmse,,0.3173439306049658,,0.2760161235922407,,,,,78.0,0.0432480329052877,0.0,10.0,8.0,255.0,-1.0,,,,,,,,,,,
gbm_group_cat-few_shot-protein-seed3,ocvgntaq,2026-07-21T08:24:56Z,gbm_group_cat,few_shot,3,rmse,,0.3122161021522627,,0.272858954412542,,,,,492.0,0.0474589257602997,0.0,10.0,2.0,500.0,-1.0,,,,,,,,,,,
gbm_group_cat-few_shot-protein-seed3,pf62u73i,2026-07-21T08:24:43Z,gbm_group_cat,few_shot,3,rmse,,0.3187559072022926,,0.2762425906301093,,,,,198.0,0.0235110426118622,0.0,20.0,4.0,1000.0,-1.0,,,,,,,,,,,
gbm_group_cat-few_shot-protein-seed3,pgqmam12,2026-07-21T08:25:40Z,gbm_group_cat,few_shot,3,rmse,,0.3254587541018363,,0.2919504066619929,,,,,5.0,0.8668489138169221,0.0,10.0,32.0,1000.0,-1.0,,,,,,,,,,,
gbm_group_cat-few_shot-protein-seed3,pmkw7qxd,2026-07-21T08:23:47Z,gbm_group_cat,few_shot,3,rmse,,0.3349010817735016,,0.2975856418389122,,,,,1.0,0.1252065381499946,0.0,100.0,4.0,255.0,-1.0,,,,,,,,,,,
gbm_group_cat-few_shot-protein-seed3,qo4vpyp7,2026-07-21T08:25:29Z,gbm_group_cat,few_shot,3,rmse,,0.3163314487741943,,0.27460754031752,,,,,63.0,0.0634627667122372,0.0,10.0,4.0,1000.0,-1.0,,,,,,,,,,,
gbm_group_cat-few_shot-protein-seed3,sa9jcrpk,2026-07-21T08:25:02Z,gbm_group_cat,few_shot,3,rmse,,0.3206213081235333,,0.2836750362854999,,,,,35.0,0.0988058664639341,0.0,20.0,16.0,255.0,-1.0,,,,,,,,,,,
gbm_group_cat-few_shot-protein-seed3,tcs3t3lg,2026-07-21T08:24:31Z,gbm_group_cat,few_shot,3,rmse,,0.3342806300520064,,0.2972137432978641,,,,,1.0,0.0490572683068294,0.0,100.0,4.0,500.0,-1.0,,,,,,,,,,,
gbm_group_cat-few_shot-protein-seed3,tnhjym93,2026-07-21T08:24:20Z,gbm_group_cat,few_shot,3,rmse,,0.3338972039269793,,0.2969929048600579,,,,,1.0,0.2090966500355389,1.0,1000.0,64.0,1000.0,-1.0,,,,,,,,,,,
gbm_group_cat-few_shot-protein-seed3,uzw2hut9,2026-07-21T08:25:06Z,gbm_group_cat,few_shot,3,rmse,,0.3338972039269793,,0.2969929048600579,,,,,1.0,0.0652352517670139,0.0,1000.0,16.0,500.0,-1.0,,,,,,,,,,,
gbm_group_cat-few_shot-protein-seed3,vrwa7s75,2026-07-21T08:24:34Z,gbm_group_cat,few_shot,3,rmse,,0.3175556847349363,,0.2753309915377788,,,,,130.0,0.0235714344093274,0.0,10.0,8.0,500.0,-1.0,,,,,,,,,,,
gbm_group_cat-few_shot-protein-seed3,xo18fkbr,2026-07-21T08:25:16Z,gbm_group_cat,few_shot,3,rmse,,0.311202813306982,,0.2723890365079771,,,,,497.0,0.0725779803885817,1.0,10.0,2.0,500.0,-1.0,,,,,,,,,,,
gbm_group_cat-few_shot-protein-seed4,0ea2l3lw,2026-07-21T08:31:03Z,gbm_group_cat,few_shot,4,rmse,,0.319493872808086,,0.3481564253574268,,,,,3.0,0.013859244495551,0.0,100.0,4.0,500.0,-1.0,,,,,,,,,,,
gbm_group_cat-few_shot-protein-seed4,1jgc8kyt,2026-07-21T08:30:45Z,gbm_group_cat,few_shot,4,rmse,,0.3190970943358012,,0.3476843020635132,,,,,12.0,0.0182856525100933,1.0,100.0,16.0,1000.0,-1.0,,,,,,,,,,,
gbm_group_cat-few_shot-protein-seed4,2ed59mp7,2026-07-21T08:30:53Z,gbm_group_cat,few_shot,4,rmse,,0.2967346243974814,,0.3391154497721408,,,,,2.0,0.8668489138169221,0.0,10.0,32.0,1000.0,-1.0,,,,,,,,,,,
gbm_group_cat-few_shot-protein-seed4,3pa7qijg,2026-07-21T08:30:41Z,gbm_group_cat,few_shot,4,rmse,,0.2895796416580465,,0.3287202470370913,,,,,99.0,0.0634627667122372,0.0,10.0,4.0,1000.0,-1.0,,,,,,,,,,,
gbm_group_cat-few_shot-protein-seed4,4iu17zhp,2026-07-21T08:28:52Z,gbm_group_cat,few_shot,4,rmse,,0.2999080485467809,,0.339658635289125,,,,,36.0,0.1252065381499946,0.0,100.0,4.0,255.0,-1.0,,,,,,,,,,,
gbm_group_cat-few_shot-protein-seed4,5eywgzlk,2026-07-21T08:29:29Z,gbm_group_cat,few_shot,4,rmse,,0.2988822798818348,,0.3323555409505734,,,,,143.0,0.4096264371525448,0.0,100.0,2.0,255.0,-1.0,,,,,,,,,,,
gbm_group_cat-few_shot-protein-seed4,610b2jg1,2026-07-21T08:30:26Z,gbm_group_cat,few_shot,4,rmse,,0.2898216475911334,,0.3264968452825584,,,,,456.0,0.0725779803885817,1.0,10.0,2.0,500.0,-1.0,,,,,,,,,,,
gbm_group_cat-few_shot-protein-seed4,69auugct,2026-07-21T08:29:17Z,gbm_group_cat,few_shot,4,rmse,,0.3195128061108672,,0.3483977500051422,,,,,1.0,0.1489449797127196,1.0,1000.0,2.0,255.0,-1.0,,,,,,,,,,,
gbm_group_cat-few_shot-protein-seed4,81ukl9yg,2026-07-21T08:29:20Z,gbm_group_cat,few_shot,4,rmse,,0.3195128061108672,,0.3483977500051422,,,,,1.0,0.250587007964955,1.0,1000.0,16.0,255.0,-1.0,,,,,,,,,,,
gbm_group_cat-few_shot-protein-seed4,8giwppxp,2026-07-21T08:30:12Z,gbm_group_cat,few_shot,4,rmse,,0.2970373852802884,,0.3329815101578318,,,,,33.0,0.0988058664639341,0.0,20.0,16.0,255.0,-1.0,,,,,,,,,,,
gbm_group_cat-few_shot-protein-seed4,9hvdthle,2026-07-21T08:29:56Z,gbm_group_cat,few_shot,4,rmse,,0.288995600242746,,0.3315106840159451,,,,,4.0,0.5342090140143507,1.0,20.0,32.0,500.0,-1.0,,,,,,,,,,,
gbm_group_cat-few_shot-protein-seed4,a5zmvf9v,2026-07-21T08:31:07Z,gbm_group_cat,few_shot,4,rmse,,0.3195128061108672,,0.3483977500051422,,,,,1.0,0.0814494767975024,0.0,1000.0,8.0,255.0,-1.0,,,,,,,,,,,
gbm_group_cat-few_shot-protein-seed4,by5dytu0,2026-07-21T08:30:33Z,gbm_group_cat,few_shot,4,rmse,,0.2935646408228901,,0.3305045100890686,,,,,2.0,0.6428191198097525,1.0,20.0,8.0,500.0,-1.0,,,,,,,,,,,
gbm_group_cat-few_shot-protein-seed4,dtfq991f,2026-07-21T08:28:56Z,gbm_group_cat,few_shot,4,rmse,,0.3043626965282954,,0.3311338101498467,,,,,72.0,0.0109758154193801,0.0,20.0,32.0,1000.0,-1.0,,,,,,,,,,,
gbm_group_cat-few_shot-protein-seed4,f0itfa9q,2026-07-21T08:29:35Z,gbm_group_cat,few_shot,4,rmse,,0.2902246310929011,,0.3320844233319886,,,,,17.0,0.2482318741925865,1.0,20.0,4.0,500.0,-1.0,,,,,,,,,,,
gbm_group_cat-few_shot-protein-seed4,ic0fedpv,2026-07-21T08:30:37Z,gbm_group_cat,few_shot,4,rmse,,0.2961935773542328,,0.3299849085587984,,,,,5.0,0.4380606481501048,0.0,20.0,32.0,255.0,-1.0,,,,,,,,,,,
gbm_group_cat-few_shot-protein-seed4,ic62fxoq,2026-07-21T08:30:06Z,gbm_group_cat,few_shot,4,rmse,,0.2902249754582034,,0.3268505135000803,,,,,492.0,0.0474589257602997,0.0,10.0,2.0,500.0,-1.0,,,,,,,,,,,
gbm_group_cat-few_shot-protein-seed4,isk2xt4k,2026-07-21T08:30:15Z,gbm_group_cat,few_shot,4,rmse,,0.3195128061108672,,0.3483977500051422,,,,,1.0,0.0652352517670139,0.0,1000.0,16.0,500.0,-1.0,,,,,,,,,,,
gbm_group_cat-few_shot-protein-seed4,itwz9c13,2026-07-21T08:29:44Z,gbm_group_cat,few_shot,4,rmse,,0.2913228659128002,,0.3288900405219416,,,,,147.0,0.0235714344093274,0.0,10.0,8.0,500.0,-1.0,,,,,,,,,,,
gbm_group_cat-few_shot-protein-seed4,oe62g95v,2026-07-21T08:30:23Z,gbm_group_cat,few_shot,4,rmse,,0.3195128061108672,,0.3483977500051422,,,,,1.0,0.0330251750818893,1.0,1000.0,4.0,255.0,-1.0,,,,,,,,,,,
gbm_group_cat-few_shot-protein-seed4,oeflsf6p,2026-07-21T08:30:19Z,gbm_group_cat,few_shot,4,rmse,,0.3195128061108672,,0.3483977500051422,,,,,1.0,0.0347260839230521,0.0,1000.0,32.0,500.0,-1.0,,,,,,,,,,,
gbm_group_cat-few_shot-protein-seed4,ov3gaqid,2026-07-21T08:29:12Z,gbm_group_cat,few_shot,4,rmse,,0.2903137001881719,,0.3291333497228275,,,,,82.0,0.0432480329052877,0.0,10.0,8.0,255.0,-1.0,,,,,,,,,,,
gbm_group_cat-few_shot-protein-seed4,pblomnss,2026-07-21T08:30:00Z,gbm_group_cat,few_shot,4,rmse,,0.2889454811405011,,0.3262052757326535,,,,,387.0,0.1271700786387963,1.0,10.0,2.0,500.0,-1.0,,,,,,,,,,,
gbm_group_cat-few_shot-protein-seed4,qxl86eo8,2026-07-21T08:30:57Z,gbm_group_cat,few_shot,4,rmse,,0.291248604588016,,0.3276093159993408,,,,,496.0,0.0298960963897528,1.0,20.0,2.0,500.0,-1.0,,,,,,,,,,,
gbm_group_cat-few_shot-protein-seed4,s259ux81,2026-07-21T08:29:52Z,gbm_group_cat,few_shot,4,rmse,,0.2896628916982546,,0.330594242860476,,,,,235.0,0.0235110426118622,0.0,20.0,4.0,1000.0,-1.0,,,,,,,,,,,
gbm_group_cat-few_shot-protein-seed4,t5o4h17v,2026-07-21T08:29:40Z,gbm_group_cat,few_shot,4,rmse,,0.3033453841194222,,0.337147094807617,,,,,84.0,0.0490572683068294,0.0,100.0,4.0,500.0,-1.0,,,,,,,,,,,
gbm_group_cat-few_shot-protein-seed4,tdvbou3q,2026-07-21T08:29:08Z,gbm_group_cat,few_shot,4,rmse,,0.3195128061108672,,0.3483977500051422,,,,,1.0,0.0247266182197764,1.0,1000.0,4.0,500.0,-1.0,,,,,,,,,,,
gbm_group_cat-few_shot-protein-seed4,teelokrp,2026-07-21T08:29:04Z,gbm_group_cat,few_shot,4,rmse,,0.289882339064527,,0.3301729016559533,,,,,147.0,0.0427421832403684,1.0,20.0,4.0,500.0,-1.0,,,,,,,,,,,
gbm_group_cat-few_shot-protein-seed4,uv1ng1wq,2026-07-21T08:29:00Z,gbm_group_cat,few_shot,4,rmse,,0.3195128061108672,,0.3483977500051422,,,,,1.0,0.0817147891511586,0.0,1000.0,16.0,255.0,-1.0,,,,,,,,,,,
gbm_group_cat-few_shot-protein-seed4,w21o76it,2026-07-21T08:29:24Z,gbm_group_cat,few_shot,4,rmse,,0.3195128061108672,,0.3483977500051422,,,,,1.0,0.2090966500355389,1.0,1000.0,64.0,1000.0,-1.0,,,,,,,,,,,
gbm_group_cat-few_shot-protein-seed4,x28nfysc,2026-07-21T08:30:49Z,gbm_group_cat,few_shot,4,rmse,,0.3195128061108672,,0.3483977500051422,,,,,1.0,0.0310546307698111,0.0,1000.0,16.0,1000.0,-1.0,,,,,,,,,,,
gbm_group_cat-few_shot-protein-seed4,y62omv4l,2026-07-21T08:29:48Z,gbm_group_cat,few_shot,4,rmse,,0.2953884010168434,,0.3353883857091702,,,,,29.0,0.1183473185096848,1.0,20.0,32.0,255.0,-1.0,,,,,,,,,,,
gbm_no_group-in_context-protein-seed0,04wkc95e,2026-07-21T07:58:04Z,gbm_no_group,in_context,0,rmse,,0.2900874926368815,,0.2934530717287418,,,,,74.0,0.0634627667122372,0.0,10.0,4.0,1000.0,-1.0,,,,,,,,,,,
gbm_no_group-in_context-protein-seed0,08gedk9t,2026-07-21T07:58:15Z,gbm_no_group,in_context,0,rmse,,0.2958245206422237,,0.2982846177516143,,,,,1.0,0.8668489138169221,0.0,10.0,32.0,1000.0,-1.0,,,,,,,,,,,
gbm_no_group-in_context-protein-seed0,0n2h28vf,2026-07-21T07:58:24Z,gbm_no_group,in_context,0,rmse,,0.3002262880752994,,0.2957341785245376,,,,,298.0,0.013859244495551,0.0,100.0,4.0,500.0,-1.0,,,,,,,,,,,
gbm_no_group-in_context-protein-seed0,1auvtf7r,2026-07-21T07:57:44Z,gbm_no_group,in_context,0,rmse,,0.3264484874661222,,0.3192635433456695,,,,,1.0,0.0347260839230521,0.0,1000.0,32.0,500.0,-1.0,,,,,,,,,,,
gbm_no_group-in_context-protein-seed0,2k01xgu1,2026-07-21T07:58:12Z,gbm_no_group,in_context,0,rmse,,0.3264484874661222,,0.3192635433456695,,,,,1.0,0.0310546307698111,0.0,1000.0,16.0,1000.0,-1.0,,,,,,,,,,,
gbm_no_group-in_context-protein-seed0,2u2qsei8,2026-07-21T07:58:28Z,gbm_no_group,in_context,0,rmse,,0.3264484874661222,,0.3192635433456695,,,,,1.0,0.0814494767975024,0.0,1000.0,8.0,255.0,-1.0,,,,,,,,,,,
gbm_no_group-in_context-protein-seed0,5d5gbaca,2026-07-21T07:57:27Z,gbm_no_group,in_context,0,rmse,,0.2899390728275191,,0.2945325632520341,,,,,144.0,0.1271700786387963,1.0,10.0,2.0,500.0,-1.0,,,,,,,,,,,
gbm_no_group-in_context-protein-seed0,5keinip3,2026-07-21T07:57:24Z,gbm_no_group,in_context,0,rmse,,0.2931470806127729,,0.2952857362829397,,,,,3.0,0.5342090140143507,1.0,20.0,32.0,500.0,-1.0,,,,,,,,,,,
gbm_no_group-in_context-protein-seed0,6a23aw19,2026-07-21T07:56:36Z,gbm_no_group,in_context,0,rmse,,0.2900176689951068,,0.2932694132139991,,,,,91.0,0.0427421832403684,1.0,20.0,4.0,500.0,-1.0,,,,,,,,,,,
gbm_no_group-in_context-protein-seed0,6jqsjh12,2026-07-21T07:57:04Z,gbm_no_group,in_context,0,rmse,,0.2895748210913568,,0.2929288214586446,,,,,12.0,0.2482318741925865,1.0,20.0,4.0,500.0,-1.0,,,,,,,,,,,
gbm_no_group-in_context-protein-seed0,6phsx0gq,2026-07-21T07:56:28Z,gbm_no_group,in_context,0,rmse,,0.2927236459315121,,0.2956738152074372,,,,,194.0,0.0109758154193801,0.0,20.0,32.0,1000.0,-1.0,,,,,,,,,,,
gbm_no_group-in_context-protein-seed0,70ix1cxi,2026-07-21T07:56:48Z,gbm_no_group,in_context,0,rmse,,0.3264484874661222,,0.3192635433456695,,,,,1.0,0.1489449797127196,1.0,1000.0,2.0,255.0,-1.0,,,,,,,,,,,
gbm_no_group-in_context-protein-seed0,8rxqgdg2,2026-07-21T07:58:07Z,gbm_no_group,in_context,0,rmse,,0.3001750069588415,,0.2958281320769407,,,,,208.0,0.0182856525100933,1.0,100.0,16.0,1000.0,-1.0,,,,,,,,,,,
gbm_no_group-in_context-protein-seed0,b3jj5d6t,2026-07-21T07:58:19Z,gbm_no_group,in_context,0,rmse,,0.2901865202863052,,0.2944960751509894,,,,,495.0,0.0298960963897528,1.0,20.0,2.0,500.0,-1.0,,,,,,,,,,,
gbm_no_group-in_context-protein-seed0,bzkocll4,2026-07-21T07:57:52Z,gbm_no_group,in_context,0,rmse,,0.2899826157902648,,0.294524124188777,,,,,263.0,0.0725779803885817,1.0,10.0,2.0,500.0,-1.0,,,,,,,,,,,
gbm_no_group-in_context-protein-seed0,d53jiqcw,2026-07-21T07:57:16Z,gbm_no_group,in_context,0,rmse,,0.2927503189385446,,0.2958339873277546,,,,,19.0,0.1183473185096848,1.0,20.0,32.0,255.0,-1.0,,,,,,,,,,,
gbm_no_group-in_context-protein-seed0,dsngifr4,2026-07-21T07:57:40Z,gbm_no_group,in_context,0,rmse,,0.3264484874661222,,0.3192635433456695,,,,,1.0,0.0652352517670139,0.0,1000.0,16.0,500.0,-1.0,,,,,,,,,,,
gbm_no_group-in_context-protein-seed0,e98pqew1,2026-07-21T07:58:00Z,gbm_no_group,in_context,0,rmse,,0.2929565680598793,,0.2956034596255574,,,,,4.0,0.4380606481501048,0.0,20.0,32.0,255.0,-1.0,,,,,,,,,,,
gbm_no_group-in_context-protein-seed0,fernric1,2026-07-21T07:56:52Z,gbm_no_group,in_context,0,rmse,,0.3264484874661222,,0.3192635433456695,,,,,1.0,0.250587007964955,1.0,1000.0,16.0,255.0,-1.0,,,,,,,,,,,
gbm_no_group-in_context-protein-seed0,ffe02ndu,2026-07-21T07:57:56Z,gbm_no_group,in_context,0,rmse,,0.2913033019787139,,0.2932781025991529,,,,,3.0,0.6428191198097525,1.0,20.0,8.0,500.0,-1.0,,,,,,,,,,,
gbm_no_group-in_context-protein-seed0,gb9p0m3r,2026-07-21T07:57:20Z,gbm_no_group,in_context,0,rmse,,0.2901037848841104,,0.2932776153792522,,,,,164.0,0.0235110426118622,0.0,20.0,4.0,1000.0,-1.0,,,,,,,,,,,
gbm_no_group-in_context-protein-seed0,h9p4fvxf,2026-07-21T07:57:12Z,gbm_no_group,in_context,0,rmse,,0.2914527748849654,,0.2945001258477177,,,,,101.0,0.0235714344093274,0.0,10.0,8.0,500.0,-1.0,,,,,,,,,,,
gbm_no_group-in_context-protein-seed0,lh5lbeuh,2026-07-21T07:56:43Z,gbm_no_group,in_context,0,rmse,,0.291380014666671,,0.2944729339403303,,,,,56.0,0.0432480329052877,0.0,10.0,8.0,255.0,-1.0,,,,,,,,,,,
gbm_no_group-in_context-protein-seed0,lxtrkgjv,2026-07-21T07:56:55Z,gbm_no_group,in_context,0,rmse,,0.3264484874661222,,0.3192635433456695,,,,,1.0,0.2090966500355389,1.0,1000.0,64.0,1000.0,-1.0,,,,,,,,,,,
gbm_no_group-in_context-protein-seed0,qk5o8k6i,2026-07-21T07:57:48Z,gbm_no_group,in_context,0,rmse,,0.3264484874661222,,0.3192635433456695,,,,,1.0,0.0330251750818893,1.0,1000.0,4.0,255.0,-1.0,,,,,,,,,,,
gbm_no_group-in_context-protein-seed0,qpuzzyr8,2026-07-21T07:56:40Z,gbm_no_group,in_context,0,rmse,,0.3264484874661222,,0.3192635433456695,,,,,1.0,0.0247266182197764,1.0,1000.0,4.0,500.0,-1.0,,,,,,,,,,,
gbm_no_group-in_context-protein-seed0,qyu4rgf0,2026-07-21T07:56:59Z,gbm_no_group,in_context,0,rmse,,0.2994281747985334,,0.2988891409837008,,,,,38.0,0.4096264371525448,0.0,100.0,2.0,255.0,-1.0,,,,,,,,,,,
gbm_no_group-in_context-protein-seed0,t92yeqm4,2026-07-21T07:57:07Z,gbm_no_group,in_context,0,rmse,,0.2999631117352412,,0.2957693018617499,,,,,139.0,0.0490572683068294,0.0,100.0,4.0,500.0,-1.0,,,,,,,,,,,
gbm_no_group-in_context-protein-seed0,vr181fei,2026-07-21T07:56:33Z,gbm_no_group,in_context,0,rmse,,0.3264484874661222,,0.3192635433456695,,,,,1.0,0.0817147891511586,0.0,1000.0,16.0,255.0,-1.0,,,,,,,,,,,
gbm_no_group-in_context-protein-seed0,wx2uomtf,2026-07-21T07:57:36Z,gbm_no_group,in_context,0,rmse,,0.2924297199473642,,0.2951260286253953,,,,,20.0,0.0988058664639341,0.0,20.0,16.0,255.0,-1.0,,,,,,,,,,,
gbm_no_group-in_context-protein-seed0,xcq95hwr,2026-07-21T07:56:21Z,gbm_no_group,in_context,0,rmse,,0.299797771265511,,0.2956718787176457,,,,,48.0,0.1252065381499946,0.0,100.0,4.0,255.0,-1.0,,,,,,,,,,,
gbm_no_group-in_context-protein-seed0,yxqlzwj2,2026-07-21T07:57:31Z,gbm_no_group,in_context,0,rmse,,0.2899919907015184,,0.2945247444606115,,,,,395.0,0.0474589257602997,0.0,10.0,2.0,500.0,-1.0,,,,,,,,,,,
gbm_no_group-in_context-protein-seed1,0vct2365,2026-07-21T08:02:20Z,gbm_no_group,in_context,1,rmse,,0.333964360939334,,0.3425103438849181,,,,,1.0,0.0652352517670139,0.0,1000.0,16.0,500.0,-1.0,,,,,,,,,,,
gbm_no_group-in_context-protein-seed1,3d3wb6hf,2026-07-21T08:02:47Z,gbm_no_group,in_context,1,rmse,,0.2989238626675835,,0.3155529267316349,,,,,52.0,0.0634627667122372,0.0,10.0,4.0,1000.0,-1.0,,,,,,,,,,,
gbm_no_group-in_context-protein-seed1,5bia52nc,2026-07-21T08:03:12Z,gbm_no_group,in_context,1,rmse,,0.3103775009172517,,0.3227501263028451,,,,,296.0,0.013859244495551,0.0,100.0,4.0,500.0,-1.0,,,,,,,,,,,
gbm_no_group-in_context-protein-seed1,5jwjznyd,2026-07-21T08:02:00Z,gbm_no_group,in_context,1,rmse,,0.3037934802449022,,0.3179882217199265,,,,,3.0,0.5342090140143507,1.0,20.0,32.0,500.0,-1.0,,,,,,,,,,,
gbm_no_group-in_context-protein-seed1,7wm30uic,2026-07-21T08:02:24Z,gbm_no_group,in_context,1,rmse,,0.333964360939334,,0.3425103438849181,,,,,1.0,0.0347260839230521,0.0,1000.0,32.0,500.0,-1.0,,,,,,,,,,,
gbm_no_group-in_context-protein-seed1,9k9zi3no,2026-07-21T08:01:51Z,gbm_no_group,in_context,1,rmse,,0.3066969429520396,,0.3207485609802283,,,,,26.0,0.1183473185096848,1.0,20.0,32.0,255.0,-1.0,,,,,,,,,,,
gbm_no_group-in_context-protein-seed1,akmculqc,2026-07-21T08:01:24Z,gbm_no_group,in_context,1,rmse,,0.333964360939334,,0.3425103438849181,,,,,1.0,0.1489449797127196,1.0,1000.0,2.0,255.0,-1.0,,,,,,,,,,,
gbm_no_group-in_context-protein-seed1,avf01d5v,2026-07-21T08:01:31Z,gbm_no_group,in_context,1,rmse,,0.333964360939334,,0.3425103438849181,,,,,1.0,0.2090966500355389,1.0,1000.0,64.0,1000.0,-1.0,,,,,,,,,,,
gbm_no_group-in_context-protein-seed1,d8rwimny,2026-07-21T08:01:05Z,gbm_no_group,in_context,1,rmse,,0.3066850867784483,,0.3201155252483161,,,,,237.0,0.0109758154193801,0.0,20.0,32.0,1000.0,-1.0,,,,,,,,,,,
gbm_no_group-in_context-protein-seed1,e4qed1ox,2026-07-21T08:01:28Z,gbm_no_group,in_context,1,rmse,,0.333964360939334,,0.3425103438849181,,,,,1.0,0.250587007964955,1.0,1000.0,16.0,255.0,-1.0,,,,,,,,,,,
gbm_no_group-in_context-protein-seed1,eb0rmb6m,2026-07-21T08:01:43Z,gbm_no_group,in_context,1,rmse,,0.3103029003745381,,0.3226913731385435,,,,,72.0,0.0490572683068294,0.0,100.0,4.0,500.0,-1.0,,,,,,,,,,,
gbm_no_group-in_context-protein-seed1,h4303754,2026-07-21T08:01:13Z,gbm_no_group,in_context,1,rmse,,0.2975697787600302,,0.314759442308112,,,,,83.0,0.0427421832403684,1.0,20.0,4.0,500.0,-1.0,,,,,,,,,,,
gbm_no_group-in_context-protein-seed1,i6ilml7s,2026-07-21T08:03:01Z,gbm_no_group,in_context,1,rmse,,0.3106726763949315,,0.3262643025797034,,,,,1.0,0.8668489138169221,0.0,10.0,32.0,1000.0,-1.0,,,,,,,,,,,
gbm_no_group-in_context-protein-seed1,ium3jcb9,2026-07-21T08:02:42Z,gbm_no_group,in_context,1,rmse,,0.3044948143819865,,0.3186796024221924,,,,,3.0,0.4380606481501048,0.0,20.0,32.0,255.0,-1.0,,,,,,,,,,,
gbm_no_group-in_context-protein-seed1,n74miw2r,2026-07-21T08:02:10Z,gbm_no_group,in_context,1,rmse,,0.2979633550672824,,0.3150601855839735,,,,,309.0,0.0474589257602997,0.0,10.0,2.0,500.0,-1.0,,,,,,,,,,,
gbm_no_group-in_context-protein-seed1,n7dk1zwk,2026-07-21T08:02:51Z,gbm_no_group,in_context,1,rmse,,0.3113521175426575,,0.32328919082137,,,,,203.0,0.0182856525100933,1.0,100.0,16.0,1000.0,-1.0,,,,,,,,,,,
gbm_no_group-in_context-protein-seed1,rd9wz04x,2026-07-21T08:02:33Z,gbm_no_group,in_context,1,rmse,,0.2979388422277829,,0.3150119456725993,,,,,204.0,0.0725779803885817,1.0,10.0,2.0,500.0,-1.0,,,,,,,,,,,
gbm_no_group-in_context-protein-seed1,sy9x9w0x,2026-07-21T08:01:35Z,gbm_no_group,in_context,1,rmse,,0.3104899658384387,,0.3241554930939289,,,,,27.0,0.4096264371525448,0.0,100.0,2.0,255.0,-1.0,,,,,,,,,,,
gbm_no_group-in_context-protein-seed1,t0cqsz4m,2026-07-21T08:03:06Z,gbm_no_group,in_context,1,rmse,,0.2979755350406932,,0.3150608076150972,,,,,496.0,0.0298960963897528,1.0,20.0,2.0,500.0,-1.0,,,,,,,,,,,
gbm_no_group-in_context-protein-seed1,tlyi3wws,2026-07-21T08:02:38Z,gbm_no_group,in_context,1,rmse,,0.2991661775680508,,0.3148318167916152,,,,,2.0,0.6428191198097525,1.0,20.0,8.0,500.0,-1.0,,,,,,,,,,,
gbm_no_group-in_context-protein-seed1,trod87b6,2026-07-21T08:01:39Z,gbm_no_group,in_context,1,rmse,,0.2971110604456127,,0.314463055320309,,,,,15.0,0.2482318741925865,1.0,20.0,4.0,500.0,-1.0,,,,,,,,,,,
gbm_no_group-in_context-protein-seed1,ub7pwinw,2026-07-21T08:01:21Z,gbm_no_group,in_context,1,rmse,,0.3028324082043741,,0.3191789775921382,,,,,60.0,0.0432480329052877,0.0,10.0,8.0,255.0,-1.0,,,,,,,,,,,
gbm_no_group-in_context-protein-seed1,ub7s79xs,2026-07-21T08:01:47Z,gbm_no_group,in_context,1,rmse,,0.3028832419535443,,0.3189986158863324,,,,,99.0,0.0235714344093274,0.0,10.0,8.0,500.0,-1.0,,,,,,,,,,,
gbm_no_group-in_context-protein-seed1,uggboazj,2026-07-21T08:02:57Z,gbm_no_group,in_context,1,rmse,,0.333964360939334,,0.3425103438849181,,,,,1.0,0.0310546307698111,0.0,1000.0,16.0,1000.0,-1.0,,,,,,,,,,,
gbm_no_group-in_context-protein-seed1,vav4qffb,2026-07-21T08:01:56Z,gbm_no_group,in_context,1,rmse,,0.2977715104995521,,0.3148911258532994,,,,,152.0,0.0235110426118622,0.0,20.0,4.0,1000.0,-1.0,,,,,,,,,,,
gbm_no_group-in_context-protein-seed1,wfajrwb8,2026-07-21T08:02:15Z,gbm_no_group,in_context,1,rmse,,0.3057238141198545,,0.3197713123430207,,,,,19.0,0.0988058664639341,0.0,20.0,16.0,255.0,-1.0,,,,,,,,,,,
gbm_no_group-in_context-protein-seed1,x0y48hn2,2026-07-21T08:01:17Z,gbm_no_group,in_context,1,rmse,,0.333964360939334,,0.3425103438849181,,,,,1.0,0.0247266182197764,1.0,1000.0,4.0,500.0,-1.0,,,,,,,,,,,
gbm_no_group-in_context-protein-seed1,xfgodub8,2026-07-21T08:01:10Z,gbm_no_group,in_context,1,rmse,,0.333964360939334,,0.3425103438849181,,,,,1.0,0.0817147891511586,0.0,1000.0,16.0,255.0,-1.0,,,,,,,,,,,
gbm_no_group-in_context-protein-seed1,ybwcm950,2026-07-21T08:02:05Z,gbm_no_group,in_context,1,rmse,,0.2978912818031898,,0.3149909294796544,,,,,116.0,0.1271700786387963,1.0,10.0,2.0,500.0,-1.0,,,,,,,,,,,
gbm_no_group-in_context-protein-seed1,z5ly5ltn,2026-07-21T08:03:17Z,gbm_no_group,in_context,1,rmse,,0.333964360939334,,0.3425103438849181,,,,,1.0,0.0814494767975024,0.0,1000.0,8.0,255.0,-1.0,,,,,,,,,,,
gbm_no_group-in_context-protein-seed1,zsdzmix7,2026-07-21T08:01:01Z,gbm_no_group,in_context,1,rmse,,0.3103021627953805,,0.3227052667378766,,,,,29.0,0.1252065381499946,0.0,100.0,4.0,255.0,-1.0,,,,,,,,,,,
gbm_no_group-in_context-protein-seed1,zsqp1uun,2026-07-21T08:02:29Z,gbm_no_group,in_context,1,rmse,,0.333964360939334,,0.3425103438849181,,,,,1.0,0.0330251750818893,1.0,1000.0,4.0,255.0,-1.0,,,,,,,,,,,
gbm_no_group-in_context-protein-seed2,0h55gcuo,2026-07-21T08:09:50Z,gbm_no_group,in_context,2,rmse,,0.3341677005175633,,0.2914543192339841,,,,,12.0,0.1183473185096848,1.0,20.0,32.0,255.0,-1.0,,,,,,,,,,,
gbm_no_group-in_context-protein-seed2,0nt8j4zi,2026-07-21T08:13:09Z,gbm_no_group,in_context,2,rmse,,0.3289692726781641,,0.2876394030396697,,,,,378.0,0.0298960963897528,1.0,20.0,2.0,500.0,-1.0,,,,,,,,,,,
gbm_no_group-in_context-protein-seed2,21riv6lk,2026-07-21T08:12:26Z,gbm_no_group,in_context,2,rmse,,0.3289540917017124,,0.2877458173937534,,,,,148.0,0.0725779803885817,1.0,10.0,2.0,500.0,-1.0,,,,,,,,,,,
gbm_no_group-in_context-protein-seed2,26gq8kmw,2026-07-21T08:13:05Z,gbm_no_group,in_context,2,rmse,,0.3366812552772884,,0.2967934990286081,,,,,1.0,0.8668489138169221,0.0,10.0,32.0,1000.0,-1.0,,,,,,,,,,,
gbm_no_group-in_context-protein-seed2,2xie2d0j,2026-07-21T08:11:30Z,gbm_no_group,in_context,2,rmse,,0.3558555193025411,,0.3175563226656142,,,,,1.0,0.0652352517670139,0.0,1000.0,16.0,500.0,-1.0,,,,,,,,,,,
gbm_no_group-in_context-protein-seed2,31q4sxrr,2026-07-21T08:07:52Z,gbm_no_group,in_context,2,rmse,,0.3558555193025411,,0.3175563226656142,,,,,1.0,0.250587007964955,1.0,1000.0,16.0,255.0,-1.0,,,,,,,,,,,
gbm_no_group-in_context-protein-seed2,31qleehy,2026-07-21T08:07:37Z,gbm_no_group,in_context,2,rmse,,0.328912375438396,,0.2862627566111899,,,,,64.0,0.0427421832403684,1.0,20.0,4.0,500.0,-1.0,,,,,,,,,,,
gbm_no_group-in_context-protein-seed2,3hln803m,2026-07-21T08:09:54Z,gbm_no_group,in_context,2,rmse,,0.3287617129571493,,0.2863631776884699,,,,,122.0,0.0235110426118622,0.0,20.0,4.0,1000.0,-1.0,,,,,,,,,,,
gbm_no_group-in_context-protein-seed2,53stl4mx,2026-07-21T08:08:08Z,gbm_no_group,in_context,2,rmse,,0.3369961330026498,,0.2964602219090472,,,,,60.0,0.0490572683068294,0.0,100.0,4.0,500.0,-1.0,,,,,,,,,,,
gbm_no_group-in_context-protein-seed2,9sizxwwk,2026-07-21T08:13:15Z,gbm_no_group,in_context,2,rmse,,0.3370049865337351,,0.2964788669014115,,,,,211.0,0.013859244495551,0.0,100.0,4.0,500.0,-1.0,,,,,,,,,,,
gbm_no_group-in_context-protein-seed2,ady0pe4f,2026-07-21T08:07:49Z,gbm_no_group,in_context,2,rmse,,0.3558555193025411,,0.3175563226656142,,,,,1.0,0.1489449797127196,1.0,1000.0,2.0,255.0,-1.0,,,,,,,,,,,
gbm_no_group-in_context-protein-seed2,c9hako1e,2026-07-21T08:12:30Z,gbm_no_group,in_context,2,rmse,,0.3319662613419772,,0.2933197476670892,,,,,4.0,0.6428191198097525,1.0,20.0,8.0,500.0,-1.0,,,,,,,,,,,
gbm_no_group-in_context-protein-seed2,carn67rx,2026-07-21T08:10:02Z,gbm_no_group,in_context,2,rmse,,0.3289037734678701,,0.2877533447515258,,,,,85.0,0.1271700786387963,1.0,10.0,2.0,500.0,-1.0,,,,,,,,,,,
gbm_no_group-in_context-protein-seed2,cis0e6j5,2026-07-21T08:09:58Z,gbm_no_group,in_context,2,rmse,,0.3347619631038386,,0.2924881270446884,,,,,3.0,0.5342090140143507,1.0,20.0,32.0,500.0,-1.0,,,,,,,,,,,
gbm_no_group-in_context-protein-seed2,e6ry4x9o,2026-07-21T08:12:44Z,gbm_no_group,in_context,2,rmse,,0.3558555193025411,,0.3175563226656142,,,,,1.0,0.0310546307698111,0.0,1000.0,16.0,1000.0,-1.0,,,,,,,,,,,
gbm_no_group-in_context-protein-seed2,g8hw9u41,2026-07-21T08:07:57Z,gbm_no_group,in_context,2,rmse,,0.3558555193025411,,0.3175563226656142,,,,,1.0,0.2090966500355389,1.0,1000.0,64.0,1000.0,-1.0,,,,,,,,,,,
gbm_no_group-in_context-protein-seed2,it516aqh,2026-07-21T08:06:31Z,gbm_no_group,in_context,2,rmse,,0.3369958181575727,,0.2966154262237384,,,,,19.0,0.1252065381499946,0.0,100.0,4.0,255.0,-1.0,,,,,,,,,,,
gbm_no_group-in_context-protein-seed2,jhmtrau7,2026-07-21T08:07:44Z,gbm_no_group,in_context,2,rmse,,0.3315748898009402,,0.2905944873622733,,,,,43.0,0.0432480329052877,0.0,10.0,8.0,255.0,-1.0,,,,,,,,,,,
gbm_no_group-in_context-protein-seed2,ji38p4nl,2026-07-21T08:07:07Z,gbm_no_group,in_context,2,rmse,,0.3340234858441626,,0.291418101751978,,,,,140.0,0.0109758154193801,0.0,20.0,32.0,1000.0,-1.0,,,,,,,,,,,
gbm_no_group-in_context-protein-seed2,oi0e81nl,2026-07-21T08:08:04Z,gbm_no_group,in_context,2,rmse,,0.3285971990622931,,0.2876990033543362,,,,,17.0,0.2482318741925865,1.0,20.0,4.0,500.0,-1.0,,,,,,,,,,,
gbm_no_group-in_context-protein-seed2,pk9g76e5,2026-07-21T08:13:19Z,gbm_no_group,in_context,2,rmse,,0.3558555193025411,,0.3175563226656142,,,,,1.0,0.0814494767975024,0.0,1000.0,8.0,255.0,-1.0,,,,,,,,,,,
gbm_no_group-in_context-protein-seed2,r2hskrsv,2026-07-21T08:12:36Z,gbm_no_group,in_context,2,rmse,,0.3287993470052648,,0.2868028398040451,,,,,41.0,0.0634627667122372,0.0,10.0,4.0,1000.0,-1.0,,,,,,,,,,,
gbm_no_group-in_context-protein-seed2,rpt77do5,2026-07-21T08:12:10Z,gbm_no_group,in_context,2,rmse,,0.3558555193025411,,0.3175563226656142,,,,,1.0,0.0330251750818893,1.0,1000.0,4.0,255.0,-1.0,,,,,,,,,,,
gbm_no_group-in_context-protein-seed2,se66oub0,2026-07-21T08:11:01Z,gbm_no_group,in_context,2,rmse,,0.3289663919013548,,0.2877834783873519,,,,,225.0,0.0474589257602997,0.0,10.0,2.0,500.0,-1.0,,,,,,,,,,,
gbm_no_group-in_context-protein-seed2,srck3tcv,2026-07-21T08:11:07Z,gbm_no_group,in_context,2,rmse,,0.3337342265702412,,0.2909738858860869,,,,,15.0,0.0988058664639341,0.0,20.0,16.0,255.0,-1.0,,,,,,,,,,,
gbm_no_group-in_context-protein-seed2,tt3py4c0,2026-07-21T08:07:33Z,gbm_no_group,in_context,2,rmse,,0.3558555193025411,,0.3175563226656142,,,,,1.0,0.0817147891511586,0.0,1000.0,16.0,255.0,-1.0,,,,,,,,,,,
gbm_no_group-in_context-protein-seed2,ucbbhmzd,2026-07-21T08:12:40Z,gbm_no_group,in_context,2,rmse,,0.337548305386067,,0.297478557861316,,,,,148.0,0.0182856525100933,1.0,100.0,16.0,1000.0,-1.0,,,,,,,,,,,
gbm_no_group-in_context-protein-seed2,w5fh7j5i,2026-07-21T08:08:36Z,gbm_no_group,in_context,2,rmse,,0.3315083578262926,,0.2907324351833381,,,,,77.0,0.0235714344093274,0.0,10.0,8.0,500.0,-1.0,,,,,,,,,,,
gbm_no_group-in_context-protein-seed2,xeknd7ro,2026-07-21T08:12:34Z,gbm_no_group,in_context,2,rmse,,0.333932312494277,,0.292069527602256,,,,,3.0,0.4380606481501048,0.0,20.0,32.0,255.0,-1.0,,,,,,,,,,,
gbm_no_group-in_context-protein-seed2,xpyiw90e,2026-07-21T08:08:00Z,gbm_no_group,in_context,2,rmse,,0.3351117058684954,,0.300406344606937,,,,,16.0,0.4096264371525448,0.0,100.0,2.0,255.0,-1.0,,,,,,,,,,,
gbm_no_group-in_context-protein-seed2,xzpn59cg,2026-07-21T08:07:40Z,gbm_no_group,in_context,2,rmse,,0.3558555193025411,,0.3175563226656142,,,,,1.0,0.0247266182197764,1.0,1000.0,4.0,500.0,-1.0,,,,,,,,,,,
gbm_no_group-in_context-protein-seed2,yrzj58iw,2026-07-21T08:11:33Z,gbm_no_group,in_context,2,rmse,,0.3558555193025411,,0.3175563226656142,,,,,1.0,0.0347260839230521,0.0,1000.0,32.0,500.0,-1.0,,,,,,,,,,,
gbm_no_group-in_context-protein-seed3,0a1cd904,2026-07-21T08:20:40Z,gbm_no_group,in_context,3,rmse,,0.3140261740790109,,0.3388515573813095,,,,,1.0,0.0310546307698111,0.0,1000.0,16.0,1000.0,-1.0,,,,,,,,,,,
gbm_no_group-in_context-protein-seed3,1ik7kz33,2026-07-21T08:19:06Z,gbm_no_group,in_context,3,rmse,,0.280627298423404,,0.3221819765705342,,,,,79.0,0.0427421832403684,1.0,20.0,4.0,500.0,-1.0,,,,,,,,,,,
gbm_no_group-in_context-protein-seed3,1lfiweue,2026-07-21T08:20:27Z,gbm_no_group,in_context,3,rmse,,0.279866387869694,,0.3273940417566769,,,,,4.0,0.4380606481501048,0.0,20.0,32.0,255.0,-1.0,,,,,,,,,,,
gbm_no_group-in_context-protein-seed3,1tme1ax5,2026-07-21T08:19:40Z,gbm_no_group,in_context,3,rmse,,0.2799802392679019,,0.323030174058499,,,,,89.0,0.0235714344093274,0.0,10.0,8.0,500.0,-1.0,,,,,,,,,,,
gbm_no_group-in_context-protein-seed3,28ml77sn,2026-07-21T08:20:00Z,gbm_no_group,in_context,3,rmse,,0.2817414118865351,,0.3217376969420495,,,,,287.0,0.0474589257602997,0.0,10.0,2.0,500.0,-1.0,,,,,,,,,,,
gbm_no_group-in_context-protein-seed3,2xxzqc6g,2026-07-21T08:20:16Z,gbm_no_group,in_context,3,rmse,,0.3140261740790109,,0.3388515573813095,,,,,1.0,0.0330251750818893,1.0,1000.0,4.0,255.0,-1.0,,,,,,,,,,,
gbm_no_group-in_context-protein-seed3,4s1nf34l,2026-07-21T08:20:47Z,gbm_no_group,in_context,3,rmse,,0.2817839621614866,,0.3216859326526757,,,,,417.0,0.0298960963897528,1.0,20.0,2.0,500.0,-1.0,,,,,,,,,,,
gbm_no_group-in_context-protein-seed3,79hbhyqh,2026-07-21T08:19:52Z,gbm_no_group,in_context,3,rmse,,0.2806580625153497,,0.3269099454296922,,,,,3.0,0.5342090140143507,1.0,20.0,32.0,500.0,-1.0,,,,,,,,,,,
gbm_no_group-in_context-protein-seed3,b57sdbib,2026-07-21T08:19:36Z,gbm_no_group,in_context,3,rmse,,0.2896690755166982,,0.3229659402922605,,,,,110.0,0.0490572683068294,0.0,100.0,4.0,500.0,-1.0,,,,,,,,,,,
gbm_no_group-in_context-protein-seed3,cukworfv,2026-07-21T08:19:18Z,gbm_no_group,in_context,3,rmse,,0.3140261740790109,,0.3388515573813095,,,,,1.0,0.1489449797127196,1.0,1000.0,2.0,255.0,-1.0,,,,,,,,,,,
gbm_no_group-in_context-protein-seed3,cvnb3cnc,2026-07-21T08:19:09Z,gbm_no_group,in_context,3,rmse,,0.3140261740790109,,0.3388515573813095,,,,,1.0,0.0247266182197764,1.0,1000.0,4.0,500.0,-1.0,,,,,,,,,,,
gbm_no_group-in_context-protein-seed3,dlpiv405,2026-07-21T08:20:05Z,gbm_no_group,in_context,3,rmse,,0.2806118182647864,,0.3256740932927953,,,,,19.0,0.0988058664639341,0.0,20.0,16.0,255.0,-1.0,,,,,,,,,,,
gbm_no_group-in_context-protein-seed3,ht9yeh0s,2026-07-21T08:20:24Z,gbm_no_group,in_context,3,rmse,,0.2786991638552059,,0.3224317814762438,,,,,2.0,0.6428191198097525,1.0,20.0,8.0,500.0,-1.0,,,,,,,,,,,
gbm_no_group-in_context-protein-seed3,k53ujsn4,2026-07-21T08:18:54Z,gbm_no_group,in_context,3,rmse,,0.2896113655815827,,0.3226388478013217,,,,,33.0,0.1252065381499946,0.0,100.0,4.0,255.0,-1.0,,,,,,,,,,,
gbm_no_group-in_context-protein-seed3,kahrtvxi,2026-07-21T08:19:33Z,gbm_no_group,in_context,3,rmse,,0.2801686285168015,,0.3238510498832038,,,,,19.0,0.2482318741925865,1.0,20.0,4.0,500.0,-1.0,,,,,,,,,,,
gbm_no_group-in_context-protein-seed3,kjshljjy,2026-07-21T08:20:08Z,gbm_no_group,in_context,3,rmse,,0.3140261740790109,,0.3388515573813095,,,,,1.0,0.0652352517670139,0.0,1000.0,16.0,500.0,-1.0,,,,,,,,,,,
gbm_no_group-in_context-protein-seed3,ljx9bjqv,2026-07-21T08:19:03Z,gbm_no_group,in_context,3,rmse,,0.3140261740790109,,0.3388515573813095,,,,,1.0,0.0817147891511586,0.0,1000.0,16.0,255.0,-1.0,,,,,,,,,,,
gbm_no_group-in_context-protein-seed3,lwiig0jh,2026-07-21T08:20:31Z,gbm_no_group,in_context,3,rmse,,0.2803010081719395,,0.3236592958895745,,,,,84.0,0.0634627667122372,0.0,10.0,4.0,1000.0,-1.0,,,,,,,,,,,
gbm_no_group-in_context-protein-seed3,m7x1pq3i,2026-07-21T08:19:13Z,gbm_no_group,in_context,3,rmse,,0.2799843673477288,,0.3235518987548518,,,,,52.0,0.0432480329052877,0.0,10.0,8.0,255.0,-1.0,,,,,,,,,,,
gbm_no_group-in_context-protein-seed3,n3ki0kzk,2026-07-21T08:20:20Z,gbm_no_group,in_context,3,rmse,,0.2817598210338419,,0.321699735682417,,,,,169.0,0.0725779803885817,1.0,10.0,2.0,500.0,-1.0,,,,,,,,,,,
gbm_no_group-in_context-protein-seed3,nkwrofmf,2026-07-21T08:20:43Z,gbm_no_group,in_context,3,rmse,,0.2825260221911801,,0.3278282234756092,,,,,1.0,0.8668489138169221,0.0,10.0,32.0,1000.0,-1.0,,,,,,,,,,,
gbm_no_group-in_context-protein-seed3,okhm4ube,2026-07-21T08:19:56Z,gbm_no_group,in_context,3,rmse,,0.2817127360298642,,0.3216994537109445,,,,,88.0,0.1271700786387963,1.0,10.0,2.0,500.0,-1.0,,,,,,,,,,,
gbm_no_group-in_context-protein-seed3,qntu6f3r,2026-07-21T08:19:21Z,gbm_no_group,in_context,3,rmse,,0.3140261740790109,,0.3388515573813095,,,,,1.0,0.250587007964955,1.0,1000.0,16.0,255.0,-1.0,,,,,,,,,,,
gbm_no_group-in_context-protein-seed3,qv228ns4,2026-07-21T08:20:12Z,gbm_no_group,in_context,3,rmse,,0.3140261740790109,,0.3388515573813095,,,,,1.0,0.0347260839230521,0.0,1000.0,32.0,500.0,-1.0,,,,,,,,,,,
gbm_no_group-in_context-protein-seed3,ree3p09s,2026-07-21T08:18:58Z,gbm_no_group,in_context,3,rmse,,0.2802910092880325,,0.3268708416534903,,,,,203.0,0.0109758154193801,0.0,20.0,32.0,1000.0,-1.0,,,,,,,,,,,
gbm_no_group-in_context-protein-seed3,ryxhnot1,2026-07-21T08:20:56Z,gbm_no_group,in_context,3,rmse,,0.3140261740790109,,0.3388515573813095,,,,,1.0,0.0814494767975024,0.0,1000.0,8.0,255.0,-1.0,,,,,,,,,,,
gbm_no_group-in_context-protein-seed3,tnszkjej,2026-07-21T08:19:25Z,gbm_no_group,in_context,3,rmse,,0.3140261740790109,,0.3388515573813095,,,,,1.0,0.2090966500355389,1.0,1000.0,64.0,1000.0,-1.0,,,,,,,,,,,
gbm_no_group-in_context-protein-seed3,vt3copu0,2026-07-21T08:19:44Z,gbm_no_group,in_context,3,rmse,,0.2805197900904721,,0.3260148692897229,,,,,16.0,0.1183473185096848,1.0,20.0,32.0,255.0,-1.0,,,,,,,,,,,
gbm_no_group-in_context-protein-seed3,vusc9vid,2026-07-21T08:20:35Z,gbm_no_group,in_context,3,rmse,,0.2893379660784886,,0.3236293511488951,,,,,283.0,0.0182856525100933,1.0,100.0,16.0,1000.0,-1.0,,,,,,,,,,,
gbm_no_group-in_context-protein-seed3,w2fc9cux,2026-07-21T08:19:48Z,gbm_no_group,in_context,3,rmse,,0.2806476576727122,,0.3223714030648562,,,,,149.0,0.0235110426118622,0.0,20.0,4.0,1000.0,-1.0,,,,,,,,,,,
gbm_no_group-in_context-protein-seed3,wkftie01,2026-07-21T08:20:52Z,gbm_no_group,in_context,3,rmse,,0.2896282693268571,,0.3230967147033911,,,,,428.0,0.013859244495551,0.0,100.0,4.0,500.0,-1.0,,,,,,,,,,,
gbm_no_group-in_context-protein-seed3,zyz2er2a,2026-07-21T08:19:29Z,gbm_no_group,in_context,3,rmse,,0.289823678331012,,0.3219874960215031,,,,,80.0,0.4096264371525448,0.0,100.0,2.0,255.0,-1.0,,,,,,,,,,,
gbm_no_group-in_context-protein-seed4,09cw67yu,2026-07-21T08:23:49Z,gbm_no_group,in_context,4,rmse,,0.3242547723621661,,0.3321952031503994,,,,,1.0,0.0817147891511586,0.0,1000.0,16.0,255.0,-1.0,,,,,,,,,,,
gbm_no_group-in_context-protein-seed4,1widuo7c,2026-07-21T08:25:15Z,gbm_no_group,in_context,4,rmse,,0.2998588166243918,,0.2975468081718133,,,,,3.0,0.4380606481501048,0.0,20.0,32.0,255.0,-1.0,,,,,,,,,,,
gbm_no_group-in_context-protein-seed4,4b8qrzq8,2026-07-21T08:24:21Z,gbm_no_group,in_context,4,rmse,,0.2981784267886521,,0.2941776943459472,,,,,13.0,0.2482318741925865,1.0,20.0,4.0,500.0,-1.0,,,,,,,,,,,
gbm_no_group-in_context-protein-seed4,4lmwkzp1,2026-07-21T08:24:17Z,gbm_no_group,in_context,4,rmse,,0.3051206915821378,,0.3077882188598698,,,,,20.0,0.4096264371525448,0.0,100.0,2.0,255.0,-1.0,,,,,,,,,,,
gbm_no_group-in_context-protein-seed4,51s314k3,2026-07-21T08:25:12Z,gbm_no_group,in_context,4,rmse,,0.2981027752053825,,0.2961278864524155,,,,,2.0,0.6428191198097525,1.0,20.0,8.0,500.0,-1.0,,,,,,,,,,,
gbm_no_group-in_context-protein-seed4,6n7f7y2s,2026-07-21T08:24:00Z,gbm_no_group,in_context,4,rmse,,0.3012768086617415,,0.297470223227705,,,,,48.0,0.0432480329052877,0.0,10.0,8.0,255.0,-1.0,,,,,,,,,,,
gbm_no_group-in_context-protein-seed4,88j26x2a,2026-07-21T08:25:42Z,gbm_no_group,in_context,4,rmse,,0.3242547723621661,,0.3321952031503994,,,,,1.0,0.0814494767975024,0.0,1000.0,8.0,255.0,-1.0,,,,,,,,,,,
gbm_no_group-in_context-protein-seed4,88wuqpdd,2026-07-21T08:24:48Z,gbm_no_group,in_context,4,rmse,,0.299113053349211,,0.2960169191228575,,,,,378.0,0.0474589257602997,0.0,10.0,2.0,500.0,-1.0,,,,,,,,,,,
gbm_no_group-in_context-protein-seed4,8nxqz42x,2026-07-21T08:25:37Z,gbm_no_group,in_context,4,rmse,,0.303416758694934,,0.308271221378456,,,,,387.0,0.013859244495551,0.0,100.0,4.0,500.0,-1.0,,,,,,,,,,,
gbm_no_group-in_context-protein-seed4,99dfm62b,2026-07-21T08:24:44Z,gbm_no_group,in_context,4,rmse,,0.2990458949349094,,0.2960023326154637,,,,,140.0,0.1271700786387963,1.0,10.0,2.0,500.0,-1.0,,,,,,,,,,,
gbm_no_group-in_context-protein-seed4,acpky7zk,2026-07-21T08:25:00Z,gbm_no_group,in_context,4,rmse,,0.3242547723621661,,0.3321952031503994,,,,,1.0,0.0347260839230521,0.0,1000.0,32.0,500.0,-1.0,,,,,,,,,,,
gbm_no_group-in_context-protein-seed4,b73401ov,2026-07-21T08:24:36Z,gbm_no_group,in_context,4,rmse,,0.298972265927558,,0.2943256916618648,,,,,128.0,0.0235110426118622,0.0,20.0,4.0,1000.0,-1.0,,,,,,,,,,,
gbm_no_group-in_context-protein-seed4,cdqwtozh,2026-07-21T08:25:07Z,gbm_no_group,in_context,4,rmse,,0.2993274871160405,,0.2959609334604903,,,,,141.0,0.0725779803885817,1.0,10.0,2.0,500.0,-1.0,,,,,,,,,,,
gbm_no_group-in_context-protein-seed4,dgcu4ulo,2026-07-21T08:24:52Z,gbm_no_group,in_context,4,rmse,,0.3003339494702238,,0.2981657057294699,,,,,14.0,0.0988058664639341,0.0,20.0,16.0,255.0,-1.0,,,,,,,,,,,
gbm_no_group-in_context-protein-seed4,dhhmyf6j,2026-07-21T08:25:19Z,gbm_no_group,in_context,4,rmse,,0.2995204034781995,,0.2952589687702915,,,,,46.0,0.0634627667122372,0.0,10.0,4.0,1000.0,-1.0,,,,,,,,,,,
gbm_no_group-in_context-protein-seed4,fjzsqe4j,2026-07-21T08:24:09Z,gbm_no_group,in_context,4,rmse,,0.3242547723621661,,0.3321952031503994,,,,,1.0,0.250587007964955,1.0,1000.0,16.0,255.0,-1.0,,,,,,,,,,,
gbm_no_group-in_context-protein-seed4,ibabydw0,2026-07-21T08:24:57Z,gbm_no_group,in_context,4,rmse,,0.3242547723621661,,0.3321952031503994,,,,,1.0,0.0652352517670139,0.0,1000.0,16.0,500.0,-1.0,,,,,,,,,,,
gbm_no_group-in_context-protein-seed4,imr1bgcb,2026-07-21T08:25:26Z,gbm_no_group,in_context,4,rmse,,0.3242547723621661,,0.3321952031503994,,,,,1.0,0.0310546307698111,0.0,1000.0,16.0,1000.0,-1.0,,,,,,,,,,,
gbm_no_group-in_context-protein-seed4,iy5z0nbn,2026-07-21T08:23:53Z,gbm_no_group,in_context,4,rmse,,0.2988469546854082,,0.2944094655461246,,,,,72.0,0.0427421832403684,1.0,20.0,4.0,500.0,-1.0,,,,,,,,,,,
gbm_no_group-in_context-protein-seed4,j89it286,2026-07-21T08:23:57Z,gbm_no_group,in_context,4,rmse,,0.3242547723621661,,0.3321952031503994,,,,,1.0,0.0247266182197764,1.0,1000.0,4.0,500.0,-1.0,,,,,,,,,,,
gbm_no_group-in_context-protein-seed4,koznyodo,2026-07-21T08:24:29Z,gbm_no_group,in_context,4,rmse,,0.3012386010167623,,0.2976624109685072,,,,,88.0,0.0235714344093274,0.0,10.0,8.0,500.0,-1.0,,,,,,,,,,,
gbm_no_group-in_context-protein-seed4,ml247jjb,2026-07-21T08:25:32Z,gbm_no_group,in_context,4,rmse,,0.2993597580958442,,0.2959027813896778,,,,,364.0,0.0298960963897528,1.0,20.0,2.0,500.0,-1.0,,,,,,,,,,,
gbm_no_group-in_context-protein-seed4,pvo1hc95,2026-07-21T08:25:04Z,gbm_no_group,in_context,4,rmse,,0.3242547723621661,,0.3321952031503994,,,,,1.0,0.0330251750818893,1.0,1000.0,4.0,255.0,-1.0,,,,,,,,,,,
gbm_no_group-in_context-protein-seed4,sn5nmct0,2026-07-21T08:24:25Z,gbm_no_group,in_context,4,rmse,,0.3034045888522284,,0.308051194128338,,,,,96.0,0.0490572683068294,0.0,100.0,4.0,500.0,-1.0,,,,,,,,,,,
gbm_no_group-in_context-protein-seed4,u6moh669,2026-07-21T08:24:40Z,gbm_no_group,in_context,4,rmse,,0.3016383002897986,,0.2978613643701169,,,,,2.0,0.5342090140143507,1.0,20.0,32.0,500.0,-1.0,,,,,,,,,,,
gbm_no_group-in_context-protein-seed4,v2ddxbh1,2026-07-21T08:23:40Z,gbm_no_group,in_context,4,rmse,,0.3032715122460818,,0.3081469171124424,,,,,48.0,0.1252065381499946,0.0,100.0,4.0,255.0,-1.0,,,,,,,,,,,
gbm_no_group-in_context-protein-seed4,vkrd8ieq,2026-07-21T08:25:22Z,gbm_no_group,in_context,4,rmse,,0.3036884410042885,,0.3089397314300098,,,,,189.0,0.0182856525100933,1.0,100.0,16.0,1000.0,-1.0,,,,,,,,,,,
gbm_no_group-in_context-protein-seed4,vvd9591y,2026-07-21T08:24:13Z,gbm_no_group,in_context,4,rmse,,0.3242547723621661,,0.3321952031503994,,,,,1.0,0.2090966500355389,1.0,1000.0,64.0,1000.0,-1.0,,,,,,,,,,,
gbm_no_group-in_context-protein-seed4,x2llmww3,2026-07-21T08:24:05Z,gbm_no_group,in_context,4,rmse,,0.3242547723621661,,0.3321952031503994,,,,,1.0,0.1489449797127196,1.0,1000.0,2.0,255.0,-1.0,,,,,,,,,,,
gbm_no_group-in_context-protein-seed4,y73omruv,2026-07-21T08:25:29Z,gbm_no_group,in_context,4,rmse,,0.308220900038795,,0.3060635787937212,,,,,1.0,0.8668489138169221,0.0,10.0,32.0,1000.0,-1.0,,,,,,,,,,,
gbm_no_group-in_context-protein-seed4,yklq1uny,2026-07-21T08:23:43Z,gbm_no_group,in_context,4,rmse,,0.3010209930820346,,0.2992910682393971,,,,,109.0,0.0109758154193801,0.0,20.0,32.0,1000.0,-1.0,,,,,,,,,,,
gbm_no_group-in_context-protein-seed4,z9hvqfmp,2026-07-21T08:24:32Z,gbm_no_group,in_context,4,rmse,,0.3012165291754194,,0.2991360736176546,,,,,10.0,0.1183473185096848,1.0,20.0,32.0,255.0,-1.0,,,,,,,,,,,
gbm_no_group-few_shot-protein-seed0,068ckdjv,2026-07-21T07:59:53Z,gbm_no_group,few_shot,0,rmse,,0.2939663185447311,,0.3539220867833238,,,,,1.0,0.0652352517670139,0.0,1000.0,16.0,500.0,-1.0,,,,,,,,,,,
gbm_no_group-few_shot-protein-seed0,0odka8ok,2026-07-21T07:58:49Z,gbm_no_group,few_shot,0,rmse,,0.2939663185447311,,0.3539220867833238,,,,,1.0,0.0817147891511586,0.0,1000.0,16.0,255.0,-1.0,,,,,,,,,,,
gbm_no_group-few_shot-protein-seed0,28qdjben,2026-07-21T08:00:05Z,gbm_no_group,few_shot,0,rmse,,0.2935790590833247,,0.3345364778402389,,,,,12.0,0.0725779803885817,1.0,10.0,2.0,500.0,-1.0,,,,,,,,,,,
gbm_no_group-few_shot-protein-seed0,2kraeev3,2026-07-21T08:00:09Z,gbm_no_group,few_shot,0,rmse,,0.2961019063569182,,0.3247004260450903,,,,,1.0,0.6428191198097525,1.0,20.0,8.0,500.0,-1.0,,,,,,,,,,,
gbm_no_group-few_shot-protein-seed0,3fb9jmr9,2026-07-21T07:59:41Z,gbm_no_group,few_shot,0,rmse,,0.2932871387386391,,0.3337180851107509,,,,,7.0,0.1271700786387963,1.0,10.0,2.0,500.0,-1.0,,,,,,,,,,,
gbm_no_group-few_shot-protein-seed0,567402nh,2026-07-21T07:59:33Z,gbm_no_group,few_shot,0,rmse,,0.2930334255381588,,0.3429130982738262,,,,,10.0,0.0235110426118622,0.0,20.0,4.0,1000.0,-1.0,,,,,,,,,,,
gbm_no_group-few_shot-protein-seed0,6yapu2ya,2026-07-21T07:59:56Z,gbm_no_group,few_shot,0,rmse,,0.2939663185447311,,0.3539220867833238,,,,,1.0,0.0347260839230521,0.0,1000.0,32.0,500.0,-1.0,,,,,,,,,,,
gbm_no_group-few_shot-protein-seed0,711x7ux6,2026-07-21T08:00:42Z,gbm_no_group,few_shot,0,rmse,,0.2939663185447311,,0.3539220867833238,,,,,1.0,0.0814494767975024,0.0,1000.0,8.0,255.0,-1.0,,,,,,,,,,,
gbm_no_group-few_shot-protein-seed0,8fyobk82,2026-07-21T08:00:23Z,gbm_no_group,few_shot,0,rmse,,0.2940344141147353,,0.353137262746685,,,,,1.0,0.0182856525100933,1.0,100.0,16.0,1000.0,-1.0,,,,,,,,,,,
gbm_no_group-few_shot-protein-seed0,8veqis7r,2026-07-21T07:59:18Z,gbm_no_group,few_shot,0,rmse,,0.2938933393925456,,0.3420784257085161,,,,,1.0,0.2482318741925865,1.0,20.0,4.0,500.0,-1.0,,,,,,,,,,,
gbm_no_group-few_shot-protein-seed0,91mcmt3i,2026-07-21T07:59:49Z,gbm_no_group,few_shot,0,rmse,,0.2904886960830627,,0.3367233475895945,,,,,3.0,0.0988058664639341,0.0,20.0,16.0,255.0,-1.0,,,,,,,,,,,
gbm_no_group-few_shot-protein-seed0,ah7xv5le,2026-07-21T07:58:56Z,gbm_no_group,few_shot,0,rmse,,0.2939663185447311,,0.3539220867833238,,,,,1.0,0.0247266182197764,1.0,1000.0,4.0,500.0,-1.0,,,,,,,,,,,
gbm_no_group-few_shot-protein-seed0,bycxmyjc,2026-07-21T07:59:04Z,gbm_no_group,few_shot,0,rmse,,0.2939663185447311,,0.3539220867833238,,,,,1.0,0.1489449797127196,1.0,1000.0,2.0,255.0,-1.0,,,,,,,,,,,
gbm_no_group-few_shot-protein-seed0,cy4b5vxz,2026-07-21T08:00:31Z,gbm_no_group,few_shot,0,rmse,,0.3001088698441885,,0.3156563487805535,,,,,1.0,0.8668489138169221,0.0,10.0,32.0,1000.0,-1.0,,,,,,,,,,,
gbm_no_group-few_shot-protein-seed0,e7nll58w,2026-07-21T07:58:45Z,gbm_no_group,few_shot,0,rmse,,0.2900976371897136,,0.3361381308542493,,,,,30.0,0.0109758154193801,0.0,20.0,32.0,1000.0,-1.0,,,,,,,,,,,
gbm_no_group-few_shot-protein-seed0,ez5t2mi3,2026-07-21T07:59:11Z,gbm_no_group,few_shot,0,rmse,,0.2939663185447311,,0.3539220867833238,,,,,1.0,0.2090966500355389,1.0,1000.0,64.0,1000.0,-1.0,,,,,,,,,,,
gbm_no_group-few_shot-protein-seed0,gcjl7lzy,2026-07-21T07:59:14Z,gbm_no_group,few_shot,0,rmse,,0.3047030934368094,,0.3466194742632208,,,,,1.0,0.4096264371525448,0.0,100.0,2.0,255.0,-1.0,,,,,,,,,,,
gbm_no_group-few_shot-protein-seed0,h9htdk9x,2026-07-21T07:58:41Z,gbm_no_group,few_shot,0,rmse,,0.2946579476926454,,0.3490716138458446,,,,,1.0,0.1252065381499946,0.0,100.0,4.0,255.0,-1.0,,,,,,,,,,,
gbm_no_group-few_shot-protein-seed0,hwz6im53,2026-07-21T07:59:00Z,gbm_no_group,few_shot,0,rmse,,0.286405061418289,,0.3309949053488522,,,,,10.0,0.0432480329052877,0.0,10.0,8.0,255.0,-1.0,,,,,,,,,,,
gbm_no_group-few_shot-protein-seed0,ie4j7swu,2026-07-21T07:59:22Z,gbm_no_group,few_shot,0,rmse,,0.2941075952281996,,0.3519281465462133,,,,,1.0,0.0490572683068294,0.0,100.0,4.0,500.0,-1.0,,,,,,,,,,,
gbm_no_group-few_shot-protein-seed0,jv2cfmqv,2026-07-21T07:59:44Z,gbm_no_group,few_shot,0,rmse,,0.2941409855312195,,0.3291169643179478,,,,,27.0,0.0474589257602997,0.0,10.0,2.0,500.0,-1.0,,,,,,,,,,,
gbm_no_group-few_shot-protein-seed0,oydlyth6,2026-07-21T07:59:26Z,gbm_no_group,few_shot,0,rmse,,0.28648507618994,,0.3313967498323953,,,,,18.0,0.0235714344093274,0.0,10.0,8.0,500.0,-1.0,,,,,,,,,,,
gbm_no_group-few_shot-protein-seed0,pclks534,2026-07-21T07:59:29Z,gbm_no_group,few_shot,0,rmse,,0.2903590784868192,,0.3348707835056937,,,,,3.0,0.1183473185096848,1.0,20.0,32.0,255.0,-1.0,,,,,,,,,,,
gbm_no_group-few_shot-protein-seed0,vbffnqd0,2026-07-21T07:59:37Z,gbm_no_group,few_shot,0,rmse,,0.2937773837808071,,0.3260864794139441,,,,,1.0,0.5342090140143507,1.0,20.0,32.0,500.0,-1.0,,,,,,,,,,,
gbm_no_group-few_shot-protein-seed0,w43mj9if,2026-07-21T08:00:27Z,gbm_no_group,few_shot,0,rmse,,0.2939663185447311,,0.3539220867833238,,,,,1.0,0.0310546307698111,0.0,1000.0,16.0,1000.0,-1.0,,,,,,,,,,,
gbm_no_group-few_shot-protein-seed0,wfvaxtas,2026-07-21T08:00:00Z,gbm_no_group,few_shot,0,rmse,,0.2939663185447311,,0.3539220867833238,,,,,1.0,0.0330251750818893,1.0,1000.0,4.0,255.0,-1.0,,,,,,,,,,,
gbm_no_group-few_shot-protein-seed0,x513tt6q,2026-07-21T08:00:34Z,gbm_no_group,few_shot,0,rmse,,0.294406826158486,,0.3531718707645069,,,,,1.0,0.0298960963897528,1.0,20.0,2.0,500.0,-1.0,,,,,,,,,,,
gbm_no_group-few_shot-protein-seed0,x5h1w8nb,2026-07-21T08:00:38Z,gbm_no_group,few_shot,0,rmse,,0.2939892641984301,,0.3533467216449996,,,,,1.0,0.013859244495551,0.0,100.0,4.0,500.0,-1.0,,,,,,,,,,,
gbm_no_group-few_shot-protein-seed0,y8vhx1o5,2026-07-21T07:59:07Z,gbm_no_group,few_shot,0,rmse,,0.2939663185447311,,0.3539220867833238,,,,,1.0,0.250587007964955,1.0,1000.0,16.0,255.0,-1.0,,,,,,,,,,,
gbm_no_group-few_shot-protein-seed0,yktzwcgs,2026-07-21T07:58:52Z,gbm_no_group,few_shot,0,rmse,,0.293096445746487,,0.3438043151617452,,,,,5.0,0.0427421832403684,1.0,20.0,4.0,500.0,-1.0,,,,,,,,,,,
gbm_no_group-few_shot-protein-seed0,ypy4ltx0,2026-07-21T08:00:17Z,gbm_no_group,few_shot,0,rmse,,0.2916596009338972,,0.340988465148951,,,,,4.0,0.0634627667122372,0.0,10.0,4.0,1000.0,-1.0,,,,,,,,,,,
gbm_no_group-few_shot-protein-seed0,ziyrnd5s,2026-07-21T08:00:13Z,gbm_no_group,few_shot,0,rmse,,0.2910824031394564,,0.3289626562823467,,,,,1.0,0.4380606481501048,0.0,20.0,32.0,255.0,-1.0,,,,,,,,,,,
gbm_no_group-few_shot-protein-seed1,14i7ft6q,2026-07-21T08:03:56Z,gbm_no_group,few_shot,1,rmse,,0.344441245143009,,0.3301350795091739,,,,,1.0,0.0817147891511586,0.0,1000.0,16.0,255.0,-1.0,,,,,,,,,,,
gbm_no_group-few_shot-protein-seed1,1xisgz0h,2026-07-21T08:04:56Z,gbm_no_group,few_shot,1,rmse,,0.3150065077187016,,0.2897126399837729,,,,,153.0,0.0474589257602997,0.0,10.0,2.0,500.0,-1.0,,,,,,,,,,,
gbm_no_group-few_shot-protein-seed1,3u0zd828,2026-07-21T08:05:47Z,gbm_no_group,few_shot,1,rmse,,0.3133089635549578,,0.2896672419920108,,,,,29.0,0.0634627667122372,0.0,10.0,4.0,1000.0,-1.0,,,,,,,,,,,
gbm_no_group-few_shot-protein-seed1,46xsf8uf,2026-07-21T08:05:54Z,gbm_no_group,few_shot,1,rmse,,0.344441245143009,,0.3301350795091739,,,,,1.0,0.0310546307698111,0.0,1000.0,16.0,1000.0,-1.0,,,,,,,,,,,
gbm_no_group-few_shot-protein-seed1,4vc8sxos,2026-07-21T08:05:12Z,gbm_no_group,few_shot,1,rmse,,0.344441245143009,,0.3301350795091739,,,,,1.0,0.0652352517670139,0.0,1000.0,16.0,500.0,-1.0,,,,,,,,,,,
gbm_no_group-few_shot-protein-seed1,750vqvsf,2026-07-21T08:04:31Z,gbm_no_group,few_shot,1,rmse,,0.3116392708464061,,0.2889145600925631,,,,,8.0,0.2482318741925865,1.0,20.0,4.0,500.0,-1.0,,,,,,,,,,,
gbm_no_group-few_shot-protein-seed1,91nbyj2o,2026-07-21T08:05:08Z,gbm_no_group,few_shot,1,rmse,,0.3169940304474956,,0.2872126486035489,,,,,26.0,0.0988058664639341,0.0,20.0,16.0,255.0,-1.0,,,,,,,,,,,
gbm_no_group-few_shot-protein-seed1,9gbdj7ii,2026-07-21T08:05:26Z,gbm_no_group,few_shot,1,rmse,,0.3178244801909884,,0.2875552074461293,,,,,5.0,0.6428191198097525,1.0,20.0,8.0,500.0,-1.0,,,,,,,,,,,
gbm_no_group-few_shot-protein-seed1,9qgewlwx,2026-07-21T08:04:34Z,gbm_no_group,few_shot,1,rmse,,0.3325131313091838,,0.302101393211576,,,,,54.0,0.0490572683068294,0.0,100.0,4.0,500.0,-1.0,,,,,,,,,,,
gbm_no_group-few_shot-protein-seed1,af671gr2,2026-07-21T08:04:13Z,gbm_no_group,few_shot,1,rmse,,0.3151517563954748,,0.2870054896432977,,,,,53.0,0.0432480329052877,0.0,10.0,8.0,255.0,-1.0,,,,,,,,,,,
gbm_no_group-few_shot-protein-seed1,e1keb5zg,2026-07-21T08:05:43Z,gbm_no_group,few_shot,1,rmse,,0.3179192048020399,,0.2880185972858761,,,,,5.0,0.4380606481501048,0.0,20.0,32.0,255.0,-1.0,,,,,,,,,,,
gbm_no_group-few_shot-protein-seed1,e57cpxuh,2026-07-21T08:04:06Z,gbm_no_group,few_shot,1,rmse,,0.3127975527330891,,0.2890533133515185,,,,,45.0,0.0427421832403684,1.0,20.0,4.0,500.0,-1.0,,,,,,,,,,,
gbm_no_group-few_shot-protein-seed1,e8oticab,2026-07-21T08:03:50Z,gbm_no_group,few_shot,1,rmse,,0.3179305787815341,,0.2875161811962936,,,,,226.0,0.0109758154193801,0.0,20.0,32.0,1000.0,-1.0,,,,,,,,,,,
gbm_no_group-few_shot-protein-seed1,emhbzqa3,2026-07-21T08:05:23Z,gbm_no_group,few_shot,1,rmse,,0.3149852826152493,,0.2896289707090597,,,,,107.0,0.0725779803885817,1.0,10.0,2.0,500.0,-1.0,,,,,,,,,,,
gbm_no_group-few_shot-protein-seed1,g0c15sxz,2026-07-21T08:04:49Z,gbm_no_group,few_shot,1,rmse,,0.3188194402305703,,0.2883371053093767,,,,,8.0,0.5342090140143507,1.0,20.0,32.0,500.0,-1.0,,,,,,,,,,,
gbm_no_group-few_shot-protein-seed1,h998rh4p,2026-07-21T08:04:45Z,gbm_no_group,few_shot,1,rmse,,0.3131928362118166,,0.2892171936092816,,,,,84.0,0.0235110426118622,0.0,20.0,4.0,1000.0,-1.0,,,,,,,,,,,
gbm_no_group-few_shot-protein-seed1,hooyxk3u,2026-07-21T08:06:18Z,gbm_no_group,few_shot,1,rmse,,0.344441245143009,,0.3301350795091739,,,,,1.0,0.0814494767975024,0.0,1000.0,8.0,255.0,-1.0,,,,,,,,,,,
gbm_no_group-few_shot-protein-seed1,hvw6j5gr,2026-07-21T08:04:20Z,gbm_no_group,few_shot,1,rmse,,0.344441245143009,,0.3301350795091739,,,,,1.0,0.250587007964955,1.0,1000.0,16.0,255.0,-1.0,,,,,,,,,,,
gbm_no_group-few_shot-protein-seed1,ivlb3g18,2026-07-21T08:04:28Z,gbm_no_group,few_shot,1,rmse,,0.3315616695186245,,0.3121732364195766,,,,,2.0,0.4096264371525448,0.0,100.0,2.0,255.0,-1.0,,,,,,,,,,,
gbm_no_group-few_shot-protein-seed1,kqzb6qsq,2026-07-21T08:06:02Z,gbm_no_group,few_shot,1,rmse,,0.317102248764672,,0.2956481330008595,,,,,84.0,0.0298960963897528,1.0,20.0,2.0,500.0,-1.0,,,,,,,,,,,
gbm_no_group-few_shot-protein-seed1,m6rd41xh,2026-07-21T08:05:51Z,gbm_no_group,few_shot,1,rmse,,0.3405892848751947,,0.3168112924366674,,,,,23.0,0.0182856525100933,1.0,100.0,16.0,1000.0,-1.0,,,,,,,,,,,
gbm_no_group-few_shot-protein-seed1,mwlvvgmt,2026-07-21T08:04:41Z,gbm_no_group,few_shot,1,rmse,,0.3176606561261362,,0.2877762735015748,,,,,22.0,0.1183473185096848,1.0,20.0,32.0,255.0,-1.0,,,,,,,,,,,
gbm_no_group-few_shot-protein-seed1,nalhr11a,2026-07-21T08:06:05Z,gbm_no_group,few_shot,1,rmse,,0.3328787953071493,,0.303082160122335,,,,,142.0,0.013859244495551,0.0,100.0,4.0,500.0,-1.0,,,,,,,,,,,
gbm_no_group-few_shot-protein-seed1,ox8zl0og,2026-07-21T08:05:57Z,gbm_no_group,few_shot,1,rmse,,0.3186418513575815,,0.2879227304649162,,,,,1.0,0.8668489138169221,0.0,10.0,32.0,1000.0,-1.0,,,,,,,,,,,
gbm_no_group-few_shot-protein-seed1,puwwira6,2026-07-21T08:03:42Z,gbm_no_group,few_shot,1,rmse,,0.3323533317968147,,0.302024385127505,,,,,21.0,0.1252065381499946,0.0,100.0,4.0,255.0,-1.0,,,,,,,,,,,
gbm_no_group-few_shot-protein-seed1,rjdwfgfa,2026-07-21T08:04:17Z,gbm_no_group,few_shot,1,rmse,,0.344441245143009,,0.3301350795091739,,,,,1.0,0.1489449797127196,1.0,1000.0,2.0,255.0,-1.0,,,,,,,,,,,
gbm_no_group-few_shot-protein-seed1,rtt33h3y,2026-07-21T08:05:20Z,gbm_no_group,few_shot,1,rmse,,0.344441245143009,,0.3301350795091739,,,,,1.0,0.0330251750818893,1.0,1000.0,4.0,255.0,-1.0,,,,,,,,,,,
gbm_no_group-few_shot-protein-seed1,vst6qzma,2026-07-21T08:04:38Z,gbm_no_group,few_shot,1,rmse,,0.3153702341298669,,0.2866317865824039,,,,,105.0,0.0235714344093274,0.0,10.0,8.0,500.0,-1.0,,,,,,,,,,,
gbm_no_group-few_shot-protein-seed1,wykyiw96,2026-07-21T08:04:24Z,gbm_no_group,few_shot,1,rmse,,0.344441245143009,,0.3301350795091739,,,,,1.0,0.2090966500355389,1.0,1000.0,64.0,1000.0,-1.0,,,,,,,,,,,
gbm_no_group-few_shot-protein-seed1,yroht197,2026-07-21T08:04:09Z,gbm_no_group,few_shot,1,rmse,,0.344441245143009,,0.3301350795091739,,,,,1.0,0.0247266182197764,1.0,1000.0,4.0,500.0,-1.0,,,,,,,,,,,
gbm_no_group-few_shot-protein-seed1,zbzqj8jn,2026-07-21T08:04:53Z,gbm_no_group,few_shot,1,rmse,,0.3148388347718855,,0.2899144297869963,,,,,51.0,0.1271700786387963,1.0,10.0,2.0,500.0,-1.0,,,,,,,,,,,
gbm_no_group-few_shot-protein-seed1,zyz9t2wq,2026-07-21T08:05:16Z,gbm_no_group,few_shot,1,rmse,,0.344441245143009,,0.3301350795091739,,,,,1.0,0.0347260839230521,0.0,1000.0,32.0,500.0,-1.0,,,,,,,,,,,
gbm_no_group-few_shot-protein-seed2,1w291fh0,2026-07-21T08:18:09Z,gbm_no_group,few_shot,2,rmse,,0.302353008396998,,0.290295066914997,,,,,14.0,0.4380606481501048,0.0,20.0,32.0,255.0,-1.0,,,,,,,,,,,
gbm_no_group-few_shot-protein-seed2,3746vipd,2026-07-21T08:18:17Z,gbm_no_group,few_shot,2,rmse,,0.3183015631967322,,0.3014910398977184,,,,,309.0,0.0182856525100933,1.0,100.0,16.0,1000.0,-1.0,,,,,,,,,,,
gbm_no_group-few_shot-protein-seed2,55l9ijtt,2026-07-21T08:16:17Z,gbm_no_group,few_shot,2,rmse,,0.3009072895956255,,0.2879878240175916,,,,,36.0,0.2482318741925865,1.0,20.0,4.0,500.0,-1.0,,,,,,,,,,,
gbm_no_group-few_shot-protein-seed2,6d5jh0ag,2026-07-21T08:15:16Z,gbm_no_group,few_shot,2,rmse,,0.3382772511748871,,0.3355610261024012,,,,,1.0,0.0247266182197764,1.0,1000.0,4.0,500.0,-1.0,,,,,,,,,,,
gbm_no_group-few_shot-protein-seed2,79i2cfh3,2026-07-21T08:15:11Z,gbm_no_group,few_shot,2,rmse,,0.3012293695652557,,0.2884021739035726,,,,,272.0,0.0427421832403684,1.0,20.0,4.0,500.0,-1.0,,,,,,,,,,,
gbm_no_group-few_shot-protein-seed2,7yd4ah3n,2026-07-21T08:17:54Z,gbm_no_group,few_shot,2,rmse,,0.2988157980794216,,0.2896187626349244,,,,,495.0,0.0725779803885817,1.0,10.0,2.0,500.0,-1.0,,,,,,,,,,,
gbm_no_group-few_shot-protein-seed2,8f1oesss,2026-07-21T08:16:55Z,gbm_no_group,few_shot,2,rmse,,0.2994662478316539,,0.2897979518216254,,,,,499.0,0.0474589257602997,0.0,10.0,2.0,500.0,-1.0,,,,,,,,,,,
gbm_no_group-few_shot-protein-seed2,alewr4ho,2026-07-21T08:18:06Z,gbm_no_group,few_shot,2,rmse,,0.3020729541733086,,0.2899663223047311,,,,,6.0,0.6428191198097525,1.0,20.0,8.0,500.0,-1.0,,,,,,,,,,,
gbm_no_group-few_shot-protein-seed2,coeubx7t,2026-07-21T08:14:01Z,gbm_no_group,few_shot,2,rmse,,0.3024645031451012,,0.2902121528888038,,,,,440.0,0.0109758154193801,0.0,20.0,32.0,1000.0,-1.0,,,,,,,,,,,
gbm_no_group-few_shot-protein-seed2,dbzyppij,2026-07-21T08:17:20Z,gbm_no_group,few_shot,2,rmse,,0.3382772511748871,,0.3355610261024012,,,,,1.0,0.0652352517670139,0.0,1000.0,16.0,500.0,-1.0,,,,,,,,,,,
gbm_no_group-few_shot-protein-seed2,dcta30w0,2026-07-21T08:17:35Z,gbm_no_group,few_shot,2,rmse,,0.3382772511748871,,0.3355610261024012,,,,,1.0,0.0330251750818893,1.0,1000.0,4.0,255.0,-1.0,,,,,,,,,,,
gbm_no_group-few_shot-protein-seed2,ef2sfnvc,2026-07-21T08:17:16Z,gbm_no_group,few_shot,2,rmse,,0.3024356762734295,,0.2899194269852538,,,,,61.0,0.0988058664639341,0.0,20.0,16.0,255.0,-1.0,,,,,,,,,,,
gbm_no_group-few_shot-protein-seed2,fb44jezq,2026-07-21T08:17:32Z,gbm_no_group,few_shot,2,rmse,,0.3382772511748871,,0.3355610261024012,,,,,1.0,0.0347260839230521,0.0,1000.0,32.0,500.0,-1.0,,,,,,,,,,,
gbm_no_group-few_shot-protein-seed2,fgbqr09f,2026-07-21T08:18:40Z,gbm_no_group,few_shot,2,rmse,,0.3382772511748871,,0.3355610261024012,,,,,1.0,0.0814494767975024,0.0,1000.0,8.0,255.0,-1.0,,,,,,,,,,,
gbm_no_group-few_shot-protein-seed2,h3zi31vy,2026-07-21T08:18:31Z,gbm_no_group,few_shot,2,rmse,,0.3002274510614503,,0.2900498527037256,,,,,499.0,0.0298960963897528,1.0,20.0,2.0,500.0,-1.0,,,,,,,,,,,
gbm_no_group-few_shot-protein-seed2,hqj9k0kx,2026-07-21T08:15:46Z,gbm_no_group,few_shot,2,rmse,,0.3382772511748871,,0.3355610261024012,,,,,1.0,0.250587007964955,1.0,1000.0,16.0,255.0,-1.0,,,,,,,,,,,
gbm_no_group-few_shot-protein-seed2,innp0tsg,2026-07-21T08:18:27Z,gbm_no_group,few_shot,2,rmse,,0.3027266219074832,,0.2909448384689242,,,,,9.0,0.8668489138169221,0.0,10.0,32.0,1000.0,-1.0,,,,,,,,,,,
gbm_no_group-few_shot-protein-seed2,k34ay2j8,2026-07-21T08:16:30Z,gbm_no_group,few_shot,2,rmse,,0.3024634771361907,,0.2900740398970921,,,,,49.0,0.1183473185096848,1.0,20.0,32.0,255.0,-1.0,,,,,,,,,,,
gbm_no_group-few_shot-protein-seed2,m9jfo61e,2026-07-21T08:16:43Z,gbm_no_group,few_shot,2,rmse,,0.3013534743514547,,0.2878242013207276,,,,,302.0,0.0235110426118622,0.0,20.0,4.0,1000.0,-1.0,,,,,,,,,,,
gbm_no_group-few_shot-protein-seed2,mjv6qo3s,2026-07-21T08:13:58Z,gbm_no_group,few_shot,2,rmse,,0.3180565185667,,0.301672393136227,,,,,58.0,0.1252065381499946,0.0,100.0,4.0,255.0,-1.0,,,,,,,,,,,
gbm_no_group-few_shot-protein-seed2,nl3dr2wq,2026-07-21T08:18:13Z,gbm_no_group,few_shot,2,rmse,,0.3010878640676683,,0.287986519257829,,,,,113.0,0.0634627667122372,0.0,10.0,4.0,1000.0,-1.0,,,,,,,,,,,
gbm_no_group-few_shot-protein-seed2,o1q50uf3,2026-07-21T08:18:24Z,gbm_no_group,few_shot,2,rmse,,0.3382772511748871,,0.3355610261024012,,,,,1.0,0.0310546307698111,0.0,1000.0,16.0,1000.0,-1.0,,,,,,,,,,,
gbm_no_group-few_shot-protein-seed2,omyuq5oy,2026-07-21T08:16:26Z,gbm_no_group,few_shot,2,rmse,,0.3024276135177826,,0.289804315134444,,,,,228.0,0.0235714344093274,0.0,10.0,8.0,500.0,-1.0,,,,,,,,,,,
gbm_no_group-few_shot-protein-seed2,oxfjaaps,2026-07-21T08:15:42Z,gbm_no_group,few_shot,2,rmse,,0.3382772511748871,,0.3355610261024012,,,,,1.0,0.1489449797127196,1.0,1000.0,2.0,255.0,-1.0,,,,,,,,,,,
gbm_no_group-few_shot-protein-seed2,u7t9aep3,2026-07-21T08:15:20Z,gbm_no_group,few_shot,2,rmse,,0.3022287963792486,,0.2896715895833903,,,,,112.0,0.0432480329052877,0.0,10.0,8.0,255.0,-1.0,,,,,,,,,,,
gbm_no_group-few_shot-protein-seed2,vdm8l59j,2026-07-21T08:16:13Z,gbm_no_group,few_shot,2,rmse,,0.317018187805886,,0.3017167145419568,,,,,135.0,0.4096264371525448,0.0,100.0,2.0,255.0,-1.0,,,,,,,,,,,
gbm_no_group-few_shot-protein-seed2,x90t54h9,2026-07-21T08:18:36Z,gbm_no_group,few_shot,2,rmse,,0.3187158113782206,,0.3014840587835726,,,,,320.0,0.013859244495551,0.0,100.0,4.0,500.0,-1.0,,,,,,,,,,,
gbm_no_group-few_shot-protein-seed2,ystqv6wo,2026-07-21T08:16:47Z,gbm_no_group,few_shot,2,rmse,,0.3026870532373264,,0.2906820602891703,,,,,12.0,0.5342090140143507,1.0,20.0,32.0,500.0,-1.0,,,,,,,,,,,
gbm_no_group-few_shot-protein-seed2,zflor2hg,2026-07-21T08:16:50Z,gbm_no_group,few_shot,2,rmse,,0.2984867812476496,,0.2895229585553864,,,,,381.0,0.1271700786387963,1.0,10.0,2.0,500.0,-1.0,,,,,,,,,,,
gbm_no_group-few_shot-protein-seed2,zhbncv6t,2026-07-21T08:15:50Z,gbm_no_group,few_shot,2,rmse,,0.3382772511748871,,0.3355610261024012,,,,,1.0,0.2090966500355389,1.0,1000.0,64.0,1000.0,-1.0,,,,,,,,,,,
gbm_no_group-few_shot-protein-seed2,zj5ck8lw,2026-07-21T08:16:21Z,gbm_no_group,few_shot,2,rmse,,0.3182527182104892,,0.3018017331208929,,,,,149.0,0.0490572683068294,0.0,100.0,4.0,500.0,-1.0,,,,,,,,,,,
gbm_no_group-few_shot-protein-seed2,zpovoej1,2026-07-21T08:14:47Z,gbm_no_group,few_shot,2,rmse,,0.3382772511748871,,0.3355610261024012,,,,,1.0,0.0817147891511586,0.0,1000.0,16.0,255.0,-1.0,,,,,,,,,,,
gbm_no_group-few_shot-protein-seed3,2m12j5t4,2026-07-21T08:21:18Z,gbm_no_group,few_shot,3,rmse,,0.3338972039269793,,0.2969929048600579,,,,,1.0,0.0817147891511586,0.0,1000.0,16.0,255.0,-1.0,,,,,,,,,,,
gbm_no_group-few_shot-protein-seed3,38ly71xy,2026-07-21T08:21:53Z,gbm_no_group,few_shot,3,rmse,,0.3065266721292156,,0.2742473080798176,,,,,104.0,0.0490572683068294,0.0,100.0,4.0,500.0,-1.0,,,,,,,,,,,
gbm_no_group-few_shot-protein-seed3,3xsa1myl,2026-07-21T08:22:03Z,gbm_no_group,few_shot,3,rmse,,0.3009182708185195,,0.2679525070376132,,,,,14.0,0.1183473185096848,1.0,20.0,32.0,255.0,-1.0,,,,,,,,,,,
gbm_no_group-few_shot-protein-seed3,44alafhx,2026-07-21T08:22:46Z,gbm_no_group,few_shot,3,rmse,,0.3005132115753643,,0.2708265531124292,,,,,6.0,0.6428191198097525,1.0,20.0,8.0,500.0,-1.0,,,,,,,,,,,
gbm_no_group-few_shot-protein-seed3,5cszjex8,2026-07-21T08:21:33Z,gbm_no_group,few_shot,3,rmse,,0.3338972039269793,,0.2969929048600579,,,,,1.0,0.1489449797127196,1.0,1000.0,2.0,255.0,-1.0,,,,,,,,,,,
gbm_no_group-few_shot-protein-seed3,6yuwbjt4,2026-07-21T08:21:49Z,gbm_no_group,few_shot,3,rmse,,0.2990116560412281,,0.2687659453850657,,,,,36.0,0.2482318741925865,1.0,20.0,4.0,500.0,-1.0,,,,,,,,,,,
gbm_no_group-few_shot-protein-seed3,7unuoy06,2026-07-21T08:21:21Z,gbm_no_group,few_shot,3,rmse,,0.2988359046002788,,0.2666530016655123,,,,,160.0,0.0427421832403684,1.0,20.0,4.0,500.0,-1.0,,,,,,,,,,,
gbm_no_group-few_shot-protein-seed3,840hpyn1,2026-07-21T08:22:20Z,gbm_no_group,few_shot,3,rmse,,0.2981641271330512,,0.258400473666313,,,,,497.0,0.0474589257602997,0.0,10.0,2.0,500.0,-1.0,,,,,,,,,,,
gbm_no_group-few_shot-protein-seed3,a10qx23w,2026-07-21T08:22:53Z,gbm_no_group,few_shot,3,rmse,,0.2996346291129479,,0.2663948402244248,,,,,95.0,0.0634627667122372,0.0,10.0,4.0,1000.0,-1.0,,,,,,,,,,,
gbm_no_group-few_shot-protein-seed3,a2vq5b1m,2026-07-21T08:22:06Z,gbm_no_group,few_shot,3,rmse,,0.2989225366046801,,0.2659097073388259,,,,,257.0,0.0235110426118622,0.0,20.0,4.0,1000.0,-1.0,,,,,,,,,,,
gbm_no_group-few_shot-protein-seed3,cop98r7a,2026-07-21T08:22:15Z,gbm_no_group,few_shot,3,rmse,,0.2960516491582415,,0.257841651203994,,,,,498.0,0.1271700786387963,1.0,10.0,2.0,500.0,-1.0,,,,,,,,,,,
gbm_no_group-few_shot-protein-seed3,he8xqxh4,2026-07-21T08:22:29Z,gbm_no_group,few_shot,3,rmse,,0.3338972039269793,,0.2969929048600579,,,,,1.0,0.0652352517670139,0.0,1000.0,16.0,500.0,-1.0,,,,,,,,,,,
gbm_no_group-few_shot-protein-seed3,hx2ps84e,2026-07-21T08:21:45Z,gbm_no_group,few_shot,3,rmse,,0.305426568522426,,0.266410476553481,,,,,186.0,0.4096264371525448,0.0,100.0,2.0,255.0,-1.0,,,,,,,,,,,
gbm_no_group-few_shot-protein-seed3,i9tueckg,2026-07-21T08:22:25Z,gbm_no_group,few_shot,3,rmse,,0.3013559493371905,,0.2684312520577683,,,,,16.0,0.0988058664639341,0.0,20.0,16.0,255.0,-1.0,,,,,,,,,,,
gbm_no_group-few_shot-protein-seed3,igtvy8jp,2026-07-21T08:21:08Z,gbm_no_group,few_shot,3,rmse,,0.3067199978331897,,0.2749378516375037,,,,,46.0,0.1252065381499946,0.0,100.0,4.0,255.0,-1.0,,,,,,,,,,,
gbm_no_group-few_shot-protein-seed3,ke49q0ci,2026-07-21T08:23:15Z,gbm_no_group,few_shot,3,rmse,,0.3064761156427544,,0.2741864418155521,,,,,375.0,0.013859244495551,0.0,100.0,4.0,500.0,-1.0,,,,,,,,,,,
gbm_no_group-few_shot-protein-seed3,kfskyct5,2026-07-21T08:21:41Z,gbm_no_group,few_shot,3,rmse,,0.3338972039269793,,0.2969929048600579,,,,,1.0,0.2090966500355389,1.0,1000.0,64.0,1000.0,-1.0,,,,,,,,,,,
gbm_no_group-few_shot-protein-seed3,knnsc7kl,2026-07-21T08:23:06Z,gbm_no_group,few_shot,3,rmse,,0.3004246670494497,,0.2714055813026042,,,,,3.0,0.8668489138169221,0.0,10.0,32.0,1000.0,-1.0,,,,,,,,,,,
gbm_no_group-few_shot-protein-seed3,lpc74x64,2026-07-21T08:21:26Z,gbm_no_group,few_shot,3,rmse,,0.3338972039269793,,0.2969929048600579,,,,,1.0,0.0247266182197764,1.0,1000.0,4.0,500.0,-1.0,,,,,,,,,,,
gbm_no_group-few_shot-protein-seed3,m3bsdm6o,2026-07-21T08:23:09Z,gbm_no_group,few_shot,3,rmse,,0.2997103056075724,,0.2589218933382096,,,,,497.0,0.0298960963897528,1.0,20.0,2.0,500.0,-1.0,,,,,,,,,,,
gbm_no_group-few_shot-protein-seed3,mjmdcktc,2026-07-21T08:21:37Z,gbm_no_group,few_shot,3,rmse,,0.3338972039269793,,0.2969929048600579,,,,,1.0,0.250587007964955,1.0,1000.0,16.0,255.0,-1.0,,,,,,,,,,,
gbm_no_group-few_shot-protein-seed3,mv7xu95m,2026-07-21T08:23:02Z,gbm_no_group,few_shot,3,rmse,,0.3338972039269793,,0.2969929048600579,,,,,1.0,0.0310546307698111,0.0,1000.0,16.0,1000.0,-1.0,,,,,,,,,,,
gbm_no_group-few_shot-protein-seed3,q8r6puhd,2026-07-21T08:21:12Z,gbm_no_group,few_shot,3,rmse,,0.301082950826727,,0.2680722291864277,,,,,155.0,0.0109758154193801,0.0,20.0,32.0,1000.0,-1.0,,,,,,,,,,,
gbm_no_group-few_shot-protein-seed3,r44xrmok,2026-07-21T08:23:20Z,gbm_no_group,few_shot,3,rmse,,0.3338972039269793,,0.2969929048600579,,,,,1.0,0.0814494767975024,0.0,1000.0,8.0,255.0,-1.0,,,,,,,,,,,
gbm_no_group-few_shot-protein-seed3,rrmpknwn,2026-07-21T08:22:40Z,gbm_no_group,few_shot,3,rmse,,0.2970225245970719,,0.258163820978035,,,,,493.0,0.0725779803885817,1.0,10.0,2.0,500.0,-1.0,,,,,,,,,,,
gbm_no_group-few_shot-protein-seed3,s9w6d8it,2026-07-21T08:21:29Z,gbm_no_group,few_shot,3,rmse,,0.3006910731124022,,0.2697718699064741,,,,,135.0,0.0432480329052877,0.0,10.0,8.0,255.0,-1.0,,,,,,,,,,,
gbm_no_group-few_shot-protein-seed3,t4tc409r,2026-07-21T08:22:49Z,gbm_no_group,few_shot,3,rmse,,0.3009420116767132,,0.2722256078809552,,,,,158.0,0.4380606481501048,0.0,20.0,32.0,255.0,-1.0,,,,,,,,,,,
gbm_no_group-few_shot-protein-seed3,vzsbf9gr,2026-07-21T08:22:10Z,gbm_no_group,few_shot,3,rmse,,0.3002849558604967,,0.2683355387583118,,,,,3.0,0.5342090140143507,1.0,20.0,32.0,500.0,-1.0,,,,,,,,,,,
gbm_no_group-few_shot-protein-seed3,y3oazngn,2026-07-21T08:22:36Z,gbm_no_group,few_shot,3,rmse,,0.3338972039269793,,0.2969929048600579,,,,,1.0,0.0330251750818893,1.0,1000.0,4.0,255.0,-1.0,,,,,,,,,,,
gbm_no_group-few_shot-protein-seed3,y3wi3j6y,2026-07-21T08:22:58Z,gbm_no_group,few_shot,3,rmse,,0.3074978663186602,,0.2736393317503286,,,,,189.0,0.0182856525100933,1.0,100.0,16.0,1000.0,-1.0,,,,,,,,,,,
gbm_no_group-few_shot-protein-seed3,yyycvcr5,2026-07-21T08:21:57Z,gbm_no_group,few_shot,3,rmse,,0.3007385687948699,,0.270051478339552,,,,,278.0,0.0235714344093274,0.0,10.0,8.0,500.0,-1.0,,,,,,,,,,,
gbm_no_group-few_shot-protein-seed3,zgq7d4op,2026-07-21T08:22:32Z,gbm_no_group,few_shot,3,rmse,,0.3338972039269793,,0.2969929048600579,,,,,1.0,0.0347260839230521,0.0,1000.0,32.0,500.0,-1.0,,,,,,,,,,,
gbm_no_group-few_shot-protein-seed4,02b2mog1,2026-07-21T08:28:10Z,gbm_no_group,few_shot,4,rmse,,0.3195128061108672,,0.3483977500051422,,,,,1.0,0.0814494767975024,0.0,1000.0,8.0,255.0,-1.0,,,,,,,,,,,
gbm_no_group-few_shot-protein-seed4,0kdm4lek,2026-07-21T08:27:20Z,gbm_no_group,few_shot,4,rmse,,0.3195128061108672,,0.3483977500051422,,,,,1.0,0.0652352517670139,0.0,1000.0,16.0,500.0,-1.0,,,,,,,,,,,
gbm_no_group-few_shot-protein-seed4,1l5tsxbv,2026-07-21T08:26:14Z,gbm_no_group,few_shot,4,rmse,,0.2737191661411869,,0.3152271414869452,,,,,76.0,0.0427421832403684,1.0,20.0,4.0,500.0,-1.0,,,,,,,,,,,
gbm_no_group-few_shot-protein-seed4,36pe3bk2,2026-07-21T08:27:15Z,gbm_no_group,few_shot,4,rmse,,0.2783219801221556,,0.327697533732102,,,,,93.0,0.0988058664639341,0.0,20.0,16.0,255.0,-1.0,,,,,,,,,,,
gbm_no_group-few_shot-protein-seed4,5iwx0uje,2026-07-21T08:26:53Z,gbm_no_group,few_shot,4,rmse,,0.2783241945576268,,0.3274118722730058,,,,,47.0,0.1183473185096848,1.0,20.0,32.0,255.0,-1.0,,,,,,,,,,,
gbm_no_group-few_shot-protein-seed4,5narrwwr,2026-07-21T08:26:22Z,gbm_no_group,few_shot,4,rmse,,0.2788587310008474,,0.3255187880928282,,,,,94.0,0.0432480329052877,0.0,10.0,8.0,255.0,-1.0,,,,,,,,,,,
gbm_no_group-few_shot-protein-seed4,5sj6avwv,2026-07-21T08:26:00Z,gbm_no_group,few_shot,4,rmse,,0.2851929413322455,,0.3235741806022246,,,,,39.0,0.1252065381499946,0.0,100.0,4.0,255.0,-1.0,,,,,,,,,,,
gbm_no_group-few_shot-protein-seed4,5u9lapa3,2026-07-21T08:26:26Z,gbm_no_group,few_shot,4,rmse,,0.3195128061108672,,0.3483977500051422,,,,,1.0,0.1489449797127196,1.0,1000.0,2.0,255.0,-1.0,,,,,,,,,,,
gbm_no_group-few_shot-protein-seed4,60udbjfz,2026-07-21T08:26:10Z,gbm_no_group,few_shot,4,rmse,,0.3195128061108672,,0.3483977500051422,,,,,1.0,0.0817147891511586,0.0,1000.0,16.0,255.0,-1.0,,,,,,,,,,,
gbm_no_group-few_shot-protein-seed4,73nxidkr,2026-07-21T08:26:33Z,gbm_no_group,few_shot,4,rmse,,0.3195128061108672,,0.3483977500051422,,,,,1.0,0.2090966500355389,1.0,1000.0,64.0,1000.0,-1.0,,,,,,,,,,,
gbm_no_group-few_shot-protein-seed4,7mgqrlx1,2026-07-21T08:27:05Z,gbm_no_group,few_shot,4,rmse,,0.2663111045751397,,0.3143741278201907,,,,,460.0,0.1271700786387963,1.0,10.0,2.0,500.0,-1.0,,,,,,,,,,,
gbm_no_group-few_shot-protein-seed4,8291hssm,2026-07-21T08:27:43Z,gbm_no_group,few_shot,4,rmse,,0.2739677140762778,,0.3159467759291671,,,,,47.0,0.0634627667122372,0.0,10.0,4.0,1000.0,-1.0,,,,,,,,,,,
gbm_no_group-few_shot-protein-seed4,9ee5u3tu,2026-07-21T08:27:36Z,gbm_no_group,few_shot,4,rmse,,0.2783780740234805,,0.3293271952999397,,,,,72.0,0.6428191198097525,1.0,20.0,8.0,500.0,-1.0,,,,,,,,,,,
gbm_no_group-few_shot-protein-seed4,9p3mdo22,2026-07-21T08:27:47Z,gbm_no_group,few_shot,4,rmse,,0.2889028827358391,,0.3243629482671991,,,,,217.0,0.0182856525100933,1.0,100.0,16.0,1000.0,-1.0,,,,,,,,,,,
gbm_no_group-few_shot-protein-seed4,blml0rg5,2026-07-21T08:28:00Z,gbm_no_group,few_shot,4,rmse,,0.2689129005459873,,0.3167457287745201,,,,,500.0,0.0298960963897528,1.0,20.0,2.0,500.0,-1.0,,,,,,,,,,,
gbm_no_group-few_shot-protein-seed4,d3wptink,2026-07-21T08:27:23Z,gbm_no_group,few_shot,4,rmse,,0.3195128061108672,,0.3483977500051422,,,,,1.0,0.0347260839230521,0.0,1000.0,32.0,500.0,-1.0,,,,,,,,,,,
gbm_no_group-few_shot-protein-seed4,dp6ooa3r,2026-07-21T08:26:44Z,gbm_no_group,few_shot,4,rmse,,0.2851183320633712,,0.3233363321662274,,,,,100.0,0.0490572683068294,0.0,100.0,4.0,500.0,-1.0,,,,,,,,,,,
gbm_no_group-few_shot-protein-seed4,dtwzp1kd,2026-07-21T08:27:27Z,gbm_no_group,few_shot,4,rmse,,0.3195128061108672,,0.3483977500051422,,,,,1.0,0.0330251750818893,1.0,1000.0,4.0,255.0,-1.0,,,,,,,,,,,
gbm_no_group-few_shot-protein-seed4,e2w3jbcc,2026-07-21T08:27:56Z,gbm_no_group,few_shot,4,rmse,,0.2781174261947635,,0.3297124266455409,,,,,2.0,0.8668489138169221,0.0,10.0,32.0,1000.0,-1.0,,,,,,,,,,,
gbm_no_group-few_shot-protein-seed4,eeqh5i1x,2026-07-21T08:26:29Z,gbm_no_group,few_shot,4,rmse,,0.3195128061108672,,0.3483977500051422,,,,,1.0,0.250587007964955,1.0,1000.0,16.0,255.0,-1.0,,,,,,,,,,,
gbm_no_group-few_shot-protein-seed4,f0nppmqj,2026-07-21T08:26:49Z,gbm_no_group,few_shot,4,rmse,,0.2789095358416349,,0.3251600419513811,,,,,167.0,0.0235714344093274,0.0,10.0,8.0,500.0,-1.0,,,,,,,,,,,
gbm_no_group-few_shot-protein-seed4,fldti2sy,2026-07-21T08:28:05Z,gbm_no_group,few_shot,4,rmse,,0.2852199537856561,,0.3233605940821971,,,,,356.0,0.013859244495551,0.0,100.0,4.0,500.0,-1.0,,,,,,,,,,,
gbm_no_group-few_shot-protein-seed4,helauqan,2026-07-21T08:27:52Z,gbm_no_group,few_shot,4,rmse,,0.3195128061108672,,0.3483977500051422,,,,,1.0,0.0310546307698111,0.0,1000.0,16.0,1000.0,-1.0,,,,,,,,,,,
gbm_no_group-few_shot-protein-seed4,hzycdxr7,2026-07-21T08:27:31Z,gbm_no_group,few_shot,4,rmse,,0.2667038684698061,,0.3148308499224856,,,,,498.0,0.0725779803885817,1.0,10.0,2.0,500.0,-1.0,,,,,,,,,,,
gbm_no_group-few_shot-protein-seed4,j55vy215,2026-07-21T08:27:10Z,gbm_no_group,few_shot,4,rmse,,0.2673845265716175,,0.3156166417003509,,,,,498.0,0.0474589257602997,0.0,10.0,2.0,500.0,-1.0,,,,,,,,,,,
gbm_no_group-few_shot-protein-seed4,m9vplvle,2026-07-21T08:26:18Z,gbm_no_group,few_shot,4,rmse,,0.3195128061108672,,0.3483977500051422,,,,,1.0,0.0247266182197764,1.0,1000.0,4.0,500.0,-1.0,,,,,,,,,,,
gbm_no_group-few_shot-protein-seed4,mzq3n1ub,2026-07-21T08:26:04Z,gbm_no_group,few_shot,4,rmse,,0.2783028068385467,,0.3263527827198584,,,,,346.0,0.0109758154193801,0.0,20.0,32.0,1000.0,-1.0,,,,,,,,,,,
gbm_no_group-few_shot-protein-seed4,uij6xlfz,2026-07-21T08:26:57Z,gbm_no_group,few_shot,4,rmse,,0.2735962403421736,,0.3152680846899647,,,,,139.0,0.0235110426118622,0.0,20.0,4.0,1000.0,-1.0,,,,,,,,,,,
gbm_no_group-few_shot-protein-seed4,wq3pzawr,2026-07-21T08:27:40Z,gbm_no_group,few_shot,4,rmse,,0.2780754771800602,,0.3283905792848557,,,,,18.0,0.4380606481501048,0.0,20.0,32.0,255.0,-1.0,,,,,,,,,,,
gbm_no_group-few_shot-protein-seed4,xh8165z6,2026-07-21T08:26:41Z,gbm_no_group,few_shot,4,rmse,,0.2736843908544202,,0.3157004463820419,,,,,12.0,0.2482318741925865,1.0,20.0,4.0,500.0,-1.0,,,,,,,,,,,
gbm_no_group-few_shot-protein-seed4,yi8tpwim,2026-07-21T08:27:01Z,gbm_no_group,few_shot,4,rmse,,0.2782549302802861,,0.3292037213389305,,,,,27.0,0.5342090140143507,1.0,20.0,32.0,500.0,-1.0,,,,,,,,,,,
gbm_no_group-few_shot-protein-seed4,yzyrcige,2026-07-21T08:26:37Z,gbm_no_group,few_shot,4,rmse,,0.2746873911635077,,0.3218099504644533,,,,,473.0,0.4096264371525448,0.0,100.0,2.0,255.0,-1.0,,,,,,,,,,,
gplinear-in_context-protein-seed0,xrfxh9ux,2026-07-21T07:56:21Z,gplinear,in_context,0,rmse,0.120796555816749,0.2176622931115998,0.1243054503557262,0.2275940059823602,,,,,,,,,,,,,,,,,,,,,,
gplinear-in_context-protein-seed1,yre5rrq7,2026-07-21T07:56:51Z,gplinear,in_context,1,rmse,0.1323082909546917,0.2386156407008232,0.1368104199497883,0.2516866004693588,,,,,,,,,,,,,,,,,,,,,,
gplinear-in_context-protein-seed2,97xy7yrd,2026-07-21T07:57:16Z,gplinear,in_context,2,rmse,0.1419453050112968,0.2595689724773894,0.1260712952887553,0.2279753813611956,,,,,,,,,,,,,,,,,,,,,,
gplinear-in_context-protein-seed3,d3s55qhg,2026-07-21T07:57:41Z,gplinear,in_context,3,rmse,0.1185468030434966,0.213669118840416,0.1331669839496026,0.2420858804254616,,,,,,,,,,,,,,,,,,,,,,
gplinear-in_context-protein-seed4,zda2s80d,2026-07-21T07:58:06Z,gplinear,in_context,4,rmse,0.1304885608749321,0.2373852940998926,0.1307449009846679,0.2442180302212178,,,,,,,,,,,,,,,,,,,,,,
gplinear-few_shot-protein-seed0,s53tzr7h,2026-07-21T07:56:37Z,gplinear,few_shot,0,rmse,0.129876041465288,0.2346888087085933,0.1397285943236791,0.2504351766622588,,,,,,,,,,,,,,,,,,,,,,
gplinear-few_shot-protein-seed1,s9ibidke,2026-07-21T07:57:03Z,gplinear,few_shot,1,rmse,0.1455387272640231,0.2709361055318863,0.1270975282347826,0.2277650283736048,,,,,,,,,,,,,,,,,,,,,,
gplinear-few_shot-protein-seed2,krlalvs8,2026-07-21T07:57:29Z,gplinear,few_shot,2,rmse,0.1517655730670158,0.2723320515066649,0.128659113409445,0.2346024789007369,,,,,,,,,,,,,,,,,,,,,,
gplinear-few_shot-protein-seed3,j50o5anz,2026-07-21T07:57:53Z,gplinear,few_shot,3,rmse,0.1228295872913163,0.2203872078462652,0.136614334590427,0.2470188164414886,,,,,,,,,,,,,,,,,,,,,,
gplinear-few_shot-protein-seed4,ehojok3d,2026-07-21T07:58:18Z,gplinear,few_shot,4,rmse,0.1350891299782645,0.240282713630394,0.1689080164058365,0.3051405890744263,,,,,,,,,,,,,,,,,,,,,,
lme-in_context-protein-seed0,d4vczkv8,2026-08-04T18:51:20Z,lme,in_context,0,rmse,0.1486572316923395,0.2615936843318843,0.1448743834881679,0.2572597190986851,,,,,,,,,,,,,,,,,,,,,,
lme-in_context-protein-seed1,6rcvyyz3,2026-08-04T18:51:50Z,lme,in_context,1,rmse,0.1500541461785627,0.2649769649607434,0.158711961128709,0.285151295271402,,,,,,,,,,,,,,,,,,,,,,
lme-in_context-protein-seed2,xap2oj0s,2026-08-04T18:52:26Z,lme,in_context,2,rmse,0.163908663232438,0.2949865554846417,0.1478808225337105,0.2605464310179405,,,,,,,,,,,,,,,,,,,,,,
lme-in_context-protein-seed3,6glm6e9d,2026-08-04T18:52:56Z,lme,in_context,3,rmse,0.1401702895927238,0.2443650149771545,0.1552819670870786,0.2766653886170586,,,,,,,,,,,,,,,,,,,,,,
lme-in_context-protein-seed4,0syr8c42,2026-08-04T18:53:31Z,lme,in_context,4,rmse,0.150489742409506,0.2644123580146016,0.1541277989994789,0.280255869935111,,,,,,,,,,,,,,,,,,,,,,
lme-few_shot-protein-seed0,gno8t3m2,2026-08-04T18:51:35Z,lme,few_shot,0,rmse,0.1465917624832843,0.2619282866297663,0.1590820207003529,0.2829517031448659,,,,,,,,,,,,,,,,,,,,,,
lme-few_shot-protein-seed1,x4u57z06,2026-08-04T18:52:04Z,lme,few_shot,1,rmse,0.1581431819969711,0.2881833560553768,0.1500591035612533,0.2647024979971212,,,,,,,,,,,,,,,,,,,,,,
lme-few_shot-protein-seed2,n2uxnrke,2026-08-04T18:52:42Z,lme,few_shot,2,rmse,0.1619885152852877,0.288120605287438,0.1470970541573978,0.2587584496004892,,,,,,,,,,,,,,,,,,,,,,
lme-few_shot-protein-seed3,cnp40xn9,2026-08-04T18:53:10Z,lme,few_shot,3,rmse,0.1502953554729248,0.2607619525567433,0.1582552378463939,0.2803282553652335,,,,,,,,,,,,,,,,,,,,,,
lme-few_shot-protein-seed4,bfpm6f9a,2026-08-04T18:53:44Z,lme,few_shot,4,rmse,0.1628687122886123,0.2835821581670701,0.1759722343390332,0.3148374952060238,,,,,,,,,,,,,,,,,,,,,,
tabicl_taskwise-in_context-protein-seed0,tk8csctb,2026-08-03T19:34:16Z,tabicl_taskwise,in_context,0,rmse,0.139951327905443,0.2398444589356629,0.1483436652018425,0.2496766104367519,2.6226043701171875e-06,55.57785415649414,54.90866446495056,,,,,,,,,,,,,,,,,,,
tabicl_taskwise-in_context-protein-seed1,4g3iacgh,2026-08-03T19:37:07Z,tabicl_taskwise,in_context,1,rmse,0.1534582202433086,0.2585042554128414,0.1576335099477178,0.2741424532144465,4.529953002929688e-06,63.5921425819397,58.84816002845764,,,,,,,,,,,,,,,,,,,
tabicl_taskwise-in_context-protein-seed2,t7yvm8t5,2026-08-03T19:39:58Z,tabicl_taskwise,in_context,2,rmse,0.1668606297357364,0.2900037072544851,0.1499599151524725,0.258115771127165,2.384185791015625e-06,46.60689187049866,41.81486296653747,,,,,,,,,,,,,,,,,,,
tabicl_taskwise-in_context-protein-seed3,1a6iahsq,2026-08-03T19:42:22Z,tabicl_taskwise,in_context,3,rmse,0.1380806397474912,0.2358591866373086,0.1577997407939375,0.2696290464717813,2.384185791015625e-06,46.58323121070862,46.36380457878113,,,,,,,,,,,,,,,,,,,
tabicl_taskwise-in_context-protein-seed4,m4kncahn,2026-08-03T19:44:45Z,tabicl_taskwise,in_context,4,rmse,0.1568768386910082,0.2696246721615729,0.1505455781014227,0.2645740009101345,2.86102294921875e-06,46.88145470619202,43.03656053543091,,,,,,,,,,,,,,,,,,,
tabicl_taskwise-few_shot-protein-seed0,pd5lrsuu,2026-08-03T19:36:20Z,tabicl_taskwise,few_shot,0,rmse,0.1469286821041663,0.2471254572711456,0.1694242975584017,0.2857197813204869,2.6226043701171875e-06,14.123036861419678,14.797813415527344,,,,,,,,,,,,,,,,,,,
tabicl_taskwise-few_shot-protein-seed1,6wyrijvb,2026-08-03T19:39:23Z,tabicl_taskwise,few_shot,1,rmse,0.1830124418706431,0.3224425952847138,0.1581193366285138,0.2676906838482375,1.7642974853515625e-05,10.634482860565186,10.2655348777771,,,,,,,,,,,,,,,,,,,
tabicl_taskwise-few_shot-protein-seed2,n6t2yg7n,2026-08-03T19:41:46Z,tabicl_taskwise,few_shot,2,rmse,0.1842230456117254,0.300266259213951,0.1578096713152642,0.2759105888029636,2.86102294921875e-06,10.468034982681274,9.26996898651123,,,,,,,,,,,,,,,,,,,
tabicl_taskwise-few_shot-protein-seed3,dj072o7x,2026-08-03T19:44:14Z,tabicl_taskwise,few_shot,3,rmse,0.1430526917104919,0.2363681569656058,0.1781322695790358,0.2962888930112333,2.86102294921875e-06,9.608206510543823,8.87711477279663,,,,,,,,,,,,,,,,,,,
tabicl_taskwise-few_shot-protein-seed4,n6ll5pau,2026-08-03T19:46:54Z,tabicl_taskwise,few_shot,4,rmse,0.1869725600853944,0.3114122896656039,0.2048797365630335,0.3391986210913276,3.0994415283203125e-06,9.593481302261353,8.862144708633423,,,,,,,,,,,,,,,,,,,
tabicl_pooled-in_context-protein-seed0,84b5dh9b,2026-08-03T19:34:16Z,tabicl_pooled,in_context,0,rmse,0.1212312805896436,0.220767609749371,0.11992361794679,0.2175256779684142,2.384185791015625e-06,5.485178232192993,1.54003643989563,,,,,,,,,,,,,,,,,,,
tabicl_pooled-in_context-protein-seed1,1qq4p5cj,2026-08-03T19:35:58Z,tabicl_pooled,in_context,1,rmse,0.123897471326413,0.2232105332729392,0.1307384031453718,0.2418741354101763,3.576278686523437e-06,1.7041985988616943,1.097548246383667,,,,,,,,,,,,,,,,,,,
tabicl_pooled-in_context-protein-seed2,ocr1buts,2026-08-03T19:37:07Z,tabicl_pooled,in_context,2,rmse,0.1450685901373728,0.2662757781595543,0.135356166540216,0.2415375118938458,5.7220458984375e-06,2.0462093353271484,1.0785253047943115,,,,,,,,,,,,,,,,,,,
tabicl_pooled-in_context-protein-seed3,3pfkp1rs,2026-08-03T19:38:14Z,tabicl_pooled,in_context,3,rmse,0.118201625483792,0.2135804085425893,0.1385875988213754,0.2572959590183186,4.0531158447265625e-06,1.9333627223968504,1.3044557571411133,,,,,,,,,,,,,,,,,,,
tabicl_pooled-in_context-protein-seed4,x9jq4s1m,2026-08-03T19:39:18Z,tabicl_pooled,in_context,4,rmse,0.1287670942342862,0.236017702022978,0.1267858224986841,0.2355982480263328,3.0994415283203125e-06,1.5540556907653809,1.0354275703430176,,,,,,,,,,,,,,,,,,,
tabicl_pooled-few_shot-protein-seed0,ppneu0s5,2026-08-03T19:35:05Z,tabicl_pooled,few_shot,0,rmse,0.115086196245612,0.2074531119193262,0.1363036638226265,0.2431295033825341,3.576278686523437e-06,17.74692416191101,15.5311017036438,,,,,,,,,,,,,,,,,,,
tabicl_pooled-few_shot-protein-seed1,m0ok8lo7,2026-08-03T19:36:17Z,tabicl_pooled,few_shot,1,rmse,0.140804558797066,0.2657859988601734,0.1253823084619421,0.2236086165957676,3.576278686523437e-06,15.633368968963625,15.810630083084106,,,,,,,,,,,,,,,,,,,
tabicl_pooled-few_shot-protein-seed2,ilkzvv4t,2026-08-03T19:37:25Z,tabicl_pooled,few_shot,2,rmse,0.1378310459571198,0.2482191919319104,0.1218932671917554,0.221199394997501,5.197525024414063e-05,15.8917133808136,16.211808919906616,,,,,,,,,,,,,,,,,,,
tabicl_pooled-few_shot-protein-seed3,d7ebds4a,2026-08-03T19:38:33Z,tabicl_pooled,few_shot,3,rmse,0.1215780984379053,0.2210181111934251,0.1207502784341963,0.2156105694393437,2.86102294921875e-06,15.536527872085571,15.50837254524231,,,,,,,,,,,,,,,,,,,
tabicl_pooled-few_shot-protein-seed4,ng77x8ju,2026-08-03T19:39:40Z,tabicl_pooled,few_shot,4,rmse,0.1302289374902462,0.2327017870735365,0.1524333325240788,0.2786754217594731,2.86102294921875e-06,14.71672248840332,14.498672485351562,,,,,,,,,,,,,,,,,,,
