name,run_id,created_at,model_name,task_name,data_split_seed,validation_metric,validation_crps,validation_rmse,test_crps,test_rmse,fitting_time_s,validation_prediction_time_s,test_prediction_time_s,validation_fixed_effect_residual_rmse,best_boosting_round,model.np_params.dropout,model.np_train_params.learning_rate,model.np_train_params.epochs_per_round,model.lgbm_params.learning_rate,model.lgbm_params.lambda_l2,model.lgbm_params.min_data_in_leaf,model.lgbm_params.num_leaves,model.lgbm_params.max_bin,model.lgbm_params.max_depth,epochs_trained,model.params.dropout,model.train_params.learning_rate,model.train_params.lambda_l2,model.train_params.min_data_in_leaf,model.train_params.num_leaves,model.train_params.max_bin,model.train_params.max_depth
npboost-in_context-log_count-seed0,04nw01gt,2026-07-20T08:13:19Z,npboost,in_context,0,rmse,0.1133167614107546,0.2700444468983139,0.1214924059766001,0.2911196330667264,617.4798665046692,0.8131048679351807,0.8129711151123047,6.168931188960575,116.0,0.2,0.0003600091192911,10.0,0.083744968684368,0.0,100.0,16.0,255.0,-1.0,,,,,,,,
npboost-in_context-log_count-seed0,16kcieif,2026-07-20T08:23:44Z,npboost,in_context,0,rmse,0.220016098428088,0.3546374002237174,0.2211200402229179,0.359358119778722,1024.3926937580109,0.8630542755126953,0.8144676685333252,6.478833465247169,324.0,0.2,1.090384328196852e-05,5.0,0.7717846862118062,0.0,20.0,4.0,255.0,-1.0,,,,,,,,
npboost-in_context-log_count-seed0,1y3d2ncr,2026-07-20T10:57:57Z,npboost,in_context,0,rmse,0.1204839978641733,0.289112915132753,0.1284525536409172,0.3182674809640811,549.7435693740845,0.7950301170349121,0.8366029262542725,6.164268222791559,162.0,0.2,0.0008392140711648,5.0,0.0107859712708854,0.0,10.0,8.0,255.0,-1.0,,,,,,,,
npboost-in_context-log_count-seed0,2a9xyzra,2026-07-20T09:23:25Z,npboost,in_context,0,rmse,0.1165423801130067,0.2687549277274723,0.1236324898461989,0.2870157008887838,658.2441997528076,0.8646121025085449,0.8213019371032715,6.302122406993068,126.0,0.0,0.0004548624208721,10.0,0.2953847324956156,0.0,20.0,4.0,255.0,-1.0,,,,,,,,
npboost-in_context-log_count-seed0,3s461hiw,2026-07-20T14:10:50Z,npboost,in_context,0,rmse,0.1815984902625273,0.2773815330218297,0.1849768671061005,0.2859742382023467,529.5895643234253,0.823582649230957,0.7359285354614258,5.064483276442644,160.0,0.0,3.1392574253118284e-05,5.0,0.1121865737283773,0.0,10.0,4.0,255.0,-1.0,,,,,,,,
npboost-in_context-log_count-seed0,4n4b02hw,2026-07-20T10:23:30Z,npboost,in_context,0,rmse,0.1302811201161833,0.287126257713305,0.1380887680840176,0.3119516022974053,368.52352023124695,0.8238756656646729,0.7951905727386475,6.182713801481483,97.0,0.2,0.0003013710908533,5.0,0.0130634630331783,0.0,10.0,8.0,255.0,-1.0,,,,,,,,
npboost-in_context-log_count-seed0,4uz4gj05,2026-07-20T13:38:55Z,npboost,in_context,0,rmse,0.1170161004778568,0.2664145763820413,0.1233768383136093,0.2839097270829172,657.7358448505402,0.8009095191955566,0.7659375667572021,5.948331712757706,127.0,0.0,7.917412954846521e-05,10.0,0.1011064623519062,0.0,20.0,8.0,255.0,-1.0,,,,,,,,
npboost-in_context-log_count-seed0,548uv874,2026-07-20T09:48:36Z,npboost,in_context,0,rmse,0.1941965010531232,0.2791420835418212,0.2003764156921148,0.3051542486717554,664.2740185260773,0.8781514167785645,0.835390567779541,6.050752265950079,67.0,0.0,1.5865500409725956e-05,20.0,0.019901994840577,0.0,100.0,4.0,255.0,-1.0,,,,,,,,
npboost-in_context-log_count-seed0,55i9dlzz,2026-07-20T13:50:02Z,npboost,in_context,0,rmse,0.1463297631429589,0.295787402992113,0.1556892001223248,0.3222815757730074,1239.1596772670746,0.8196992874145508,0.7960562705993652,6.21715083980244,144.0,0.2,2.017016316297149e-05,20.0,0.0582929613195039,1.0,1000.0,8.0,255.0,-1.0,,,,,,,,
npboost-in_context-log_count-seed0,6vk6q4jr,2026-07-20T12:12:40Z,npboost,in_context,0,rmse,0.1387007755345342,0.2889499956486145,0.1447356550589851,0.3082411935343455,448.71004009246826,0.9304265975952148,0.8558926582336426,6.143481179459379,124.0,0.2,0.0001181285816262,5.0,0.0610030224551816,0.0,10.0,8.0,255.0,-1.0,,,,,,,,
npboost-in_context-log_count-seed0,74o2b7cj,2026-07-20T12:20:17Z,npboost,in_context,0,rmse,0.1139969483215101,0.2529731655146588,0.1238152269266954,0.2851049634345734,855.2767786979675,0.7349412441253662,0.7568328380584717,6.194034123743074,175.0,0.0,0.0002507518284371,10.0,0.0302023368339538,1.0,10.0,8.0,255.0,-1.0,,,,,,,,
npboost-in_context-log_count-seed0,8x286no2,2026-07-20T09:34:31Z,npboost,in_context,0,rmse,0.1175699077391669,0.2673769242510887,0.1223361894403829,0.2830913952594521,452.374938249588,0.8714778423309326,0.879462718963623,6.422184564952775,78.0,0.0,0.0004242243954166,10.0,0.5800570688908553,1.0,20.0,4.0,255.0,-1.0,,,,,,,,
npboost-in_context-log_count-seed0,8ype89nb,2026-07-20T11:31:26Z,npboost,in_context,0,rmse,0.1871034384675197,0.2892769591520082,0.1886184352444791,0.2934803997554415,662.8954720497131,0.839270830154419,0.7782378196716309,4.447682624679438,129.0,0.0,1.8406671834517417e-05,10.0,0.3476654204795515,0.0,20.0,8.0,255.0,-1.0,,,,,,,,
npboost-in_context-log_count-seed0,9rrh4ck0,2026-07-20T12:34:40Z,npboost,in_context,0,rmse,0.1158831171367479,0.2780092294790864,0.1240649650926175,0.3019290850471343,663.8409535884857,0.9048714637756348,0.9222359657287598,6.180144968955049,126.0,0.2,0.0004276097878757,10.0,0.0133482983182945,0.0,100.0,4.0,255.0,-1.0,,,,,,,,
npboost-in_context-log_count-seed0,fl5odfk3,2026-07-20T11:21:48Z,npboost,in_context,0,rmse,0.149682108869174,0.2979349667232491,0.1560886511279865,0.3190310241951917,569.948005437851,0.8245275020599365,0.8100032806396484,6.269593118356885,105.0,0.2,5.4597054376998136e-05,10.0,0.1053508308667582,0.0,20.0,4.0,255.0,-1.0,,,,,,,,
npboost-in_context-log_count-seed0,ft674gt8,2026-07-20T12:45:52Z,npboost,in_context,0,rmse,0.1861138364092388,0.3229528719515984,0.182867153098768,0.3075241494821765,1172.025291442871,0.8701412677764893,0.7835230827331543,6.044480136268061,370.0,0.2,1.5820851730418417e-05,5.0,0.0450196136386975,1.0,100.0,16.0,255.0,-1.0,,,,,,,,
npboost-in_context-log_count-seed0,gs7rasx7,2026-07-20T10:05:24Z,npboost,in_context,0,rmse,0.1101625316084445,0.2626844848486043,0.1246698677314477,0.3009248420953093,1077.59024310112,0.8768110275268555,0.8831610679626465,6.063391525997209,121.0,0.2,0.0002563473332261,20.0,0.1427109105814198,1.0,1000.0,8.0,255.0,-1.0,,,,,,,,
npboost-in_context-log_count-seed0,i5aq1kms,2026-07-20T12:03:11Z,npboost,in_context,0,rmse,0.1290662618237767,0.284973143100122,0.1375245592769918,0.3057329613010753,560.4694216251373,0.8264675140380859,0.8666744232177734,6.2467845373830615,99.0,0.2,0.0001496922341954,10.0,0.0831211929407696,1.0,1000.0,4.0,255.0,-1.0,,,,,,,,
npboost-in_context-log_count-seed0,j5z0nmou,2026-07-20T11:42:37Z,npboost,in_context,0,rmse,0.1592867638077763,0.2852113757038989,0.1629056310833965,0.2969947955032054,1225.8579823970797,0.8612244129180908,0.9144713878631592,5.044868633462937,149.0,0.0,1.2904721633073898e-05,20.0,0.2325748079967941,0.0,100.0,8.0,255.0,-1.0,,,,,,,,
npboost-in_context-log_count-seed0,l73va1rm,2026-07-20T11:07:15Z,npboost,in_context,0,rmse,0.1706584992841421,0.3212815494676679,0.1681494360159385,0.3130264008606677,864.9039688110352,0.8143513202667236,0.760972261428833,6.080026113817165,272.0,0.2,2.9067203620664195e-05,5.0,0.1823458458254781,0.0,10.0,8.0,255.0,-1.0,,,,,,,,
npboost-in_context-log_count-seed0,nuohehcy,2026-07-20T09:42:12Z,npboost,in_context,0,rmse,0.1239484869690157,0.26883999386783,0.1371734013291523,0.3076379799734146,375.6771113872528,0.7825276851654053,0.7848117351531982,6.004476308200852,101.0,0.0,0.0001721990923545,5.0,0.1380161223304589,0.0,1000.0,16.0,255.0,-1.0,,,,,,,,
npboost-in_context-log_count-seed0,qers7prm,2026-07-20T07:50:27Z,npboost,in_context,0,rmse,0.1109570201437054,0.2701118550701442,0.1221858752585088,0.3021901245673183,1363.0975787639618,0.7488183975219727,0.9045088291168212,6.08516325597266,160.0,0.2,0.0001605191133358,20.0,0.0750195444362012,1.0,20.0,4.0,255.0,-1.0,,,,,,,,
npboost-in_context-log_count-seed0,s4dqaczl,2026-07-20T13:21:54Z,npboost,in_context,0,rmse,0.1474907304704302,0.3203470004390535,0.1479597591948193,0.3265358652543525,487.6144585609436,0.7921924591064453,0.7080514430999756,6.322638959808282,84.0,0.2,0.0001082971516786,10.0,0.2589103504433043,0.0,20.0,16.0,255.0,-1.0,,,,,,,,
npboost-in_context-log_count-seed0,sjy1fjni,2026-07-20T09:59:49Z,npboost,in_context,0,rmse,0.1184976573026473,0.2732117376767107,0.1298381954375196,0.3086601173311483,325.94495964050293,0.7912986278533936,0.7881886959075928,6.195936295958591,48.0,0.0,0.0002780425090632,10.0,0.0105542692281163,1.0,20.0,8.0,255.0,-1.0,,,,,,,,
npboost-in_context-log_count-seed0,stf6djzf,2026-07-20T08:40:57Z,npboost,in_context,0,rmse,0.1243157456637781,0.2787019237832272,0.1313996057541924,0.2964638787972574,680.3242571353912,0.8137698173522949,0.8074941635131836,6.199247571354025,127.0,0.2,0.0001381635682257,10.0,0.0261669745608544,1.0,20.0,8.0,255.0,-1.0,,,,,,,,
npboost-in_context-log_count-seed0,tea0e4pf,2026-07-20T10:41:22Z,npboost,in_context,0,rmse,0.1139148710637101,0.2667050518922545,0.1246040284295614,0.2901278105020277,635.139440536499,0.8153748512268066,0.9024550914764404,6.179611820558776,119.0,0.2,0.0002371245680478,10.0,0.0322020325894309,1.0,100.0,16.0,255.0,-1.0,,,,,,,,
npboost-in_context-log_count-seed0,v4lverq9,2026-07-20T13:30:09Z,npboost,in_context,0,rmse,0.1866449270897416,0.3193289612216332,0.1871691397435273,0.3237218430634165,516.4929709434509,0.8429217338562012,0.8902122974395752,3.4469496789777305,149.0,0.0,3.9184339457363744e-05,5.0,0.7978205565731539,1.0,100.0,16.0,255.0,-1.0,,,,,,,,
npboost-in_context-log_count-seed0,vb1cn8yd,2026-07-20T13:05:32Z,npboost,in_context,0,rmse,0.1527794276721536,0.264269913721199,0.1578598679914817,0.2825932855258227,963.5841941833496,0.7712438106536865,0.7412645816802979,5.8042166595648,114.0,0.0,1.702035422361917e-05,20.0,0.0657821692431908,1.0,20.0,16.0,255.0,-1.0,,,,,,,,
npboost-in_context-log_count-seed0,vzt3qq3l,2026-07-20T10:29:46Z,npboost,in_context,0,rmse,0.1153271877698051,0.2813030843320987,0.1235718203176848,0.3041111311761313,687.930239200592,0.7393782138824463,0.7545428276062012,6.177971520295078,130.0,0.2,0.000956484407922,10.0,0.0109977032995056,0.0,100.0,4.0,255.0,-1.0,,,,,,,,
npboost-in_context-log_count-seed0,yjh2h33e,2026-07-20T08:52:26Z,npboost,in_context,0,rmse,0.1446213498007372,0.324375938658054,0.1458525262730784,0.3303076253577665,406.1006042957306,0.6870605945587158,0.81681227684021,6.327044601109105,66.0,0.2,0.0004385170256085,10.0,0.8972612866432508,1.0,20.0,8.0,255.0,-1.0,,,,,,,,
npboost-in_context-log_count-seed0,yz3eypq0,2026-07-20T10:52:06Z,npboost,in_context,0,rmse,0.137055881983391,0.2710770992210558,0.1442282753089876,0.2945450288323351,343.14759063720703,0.7204113006591797,0.741657018661499,6.038655009640039,54.0,0.0,0.0001083323625032,10.0,0.1351582698334605,0.0,100.0,8.0,255.0,-1.0,,,,,,,,
npboost-in_context-log_count-seed0,zuz81mk4,2026-07-20T08:59:19Z,npboost,in_context,0,rmse,0.1897368845732315,0.3455673615573886,0.1852587108237982,0.3304473990225732,1437.2313482761383,0.7979497909545898,0.8306424617767334,7.063232573645566,498.0,0.2,1.343677338411072e-05,5.0,0.1113002415673063,1.0,10.0,4.0,255.0,-1.0,,,,,,,,
npboost-in_context-log_count-seed1,0e6v6aex,2026-07-20T12:44:30Z,npboost,in_context,1,rmse,0.1141651455305925,0.2579024325372792,0.1225528957882089,0.2774968227863573,694.9265992641449,0.9002277851104736,0.8533031940460205,6.206022620705261,142.0,0.0,0.0002507518284371,10.0,0.0302023368339538,1.0,10.0,8.0,255.0,-1.0,,,,,,,,
npboost-in_context-log_count-seed1,0eths883,2026-07-20T08:24:21Z,npboost,in_context,1,rmse,0.2415758325156732,0.3576669223986689,0.2381400437796724,0.3410335769163419,615.976487159729,0.779803991317749,0.7895262241363525,7.469835443371828,190.0,0.2,1.090384328196852e-05,5.0,0.7717846862118062,0.0,20.0,4.0,255.0,-1.0,,,,,,,,
npboost-in_context-log_count-seed1,19zurlov,2026-07-20T11:48:10Z,npboost,in_context,1,rmse,0.1704564847207024,0.2628596970954884,0.1740146384122015,0.2779327479942819,749.3169641494751,0.917705774307251,0.9118251800537108,4.540313278660843,153.0,0.0,1.8406671834517417e-05,10.0,0.3476654204795515,0.0,20.0,8.0,255.0,-1.0,,,,,,,,
npboost-in_context-log_count-seed1,1epqsjv2,2026-07-20T07:50:27Z,npboost,in_context,1,rmse,0.1114556970803634,0.2608713697614305,0.1158806227556023,0.2901105174083188,1189.9953565597534,0.8554830551147461,0.7446653842926025,6.111956023702613,138.0,0.2,0.0001605191133358,20.0,0.0750195444362012,1.0,20.0,4.0,255.0,-1.0,,,,,,,,
npboost-in_context-log_count-seed1,2kjk8eni,2026-07-20T08:56:10Z,npboost,in_context,1,rmse,0.1812168189055076,0.319429289519369,0.179067180884583,0.3124904222989608,1423.1041917800903,0.8341507911682129,0.7624883651733398,6.81193746296733,497.0,0.2,1.343677338411072e-05,5.0,0.1113002415673063,1.0,10.0,4.0,255.0,-1.0,,,,,,,,
npboost-in_context-log_count-seed1,6iu33jxf,2026-07-20T13:48:46Z,npboost,in_context,1,rmse,0.1168006282785664,0.2674211398953943,0.120408068532529,0.2725472799940572,546.3291053771973,0.8842117786407471,0.8952529430389404,6.013448916575664,104.0,0.0,7.917412954846521e-05,10.0,0.1011064623519062,0.0,20.0,8.0,255.0,-1.0,,,,,,,,
npboost-in_context-log_count-seed1,89yggyub,2026-07-20T12:30:27Z,npboost,in_context,1,rmse,0.1227475516286824,0.2778108767109452,0.1244733849635421,0.2850429942925557,834.8255677223206,0.6914882659912109,0.7022764682769775,6.101257132131191,267.0,0.2,0.0001181285816262,5.0,0.0610030224551816,0.0,10.0,8.0,255.0,-1.0,,,,,,,,
npboost-in_context-log_count-seed1,a3fwj966,2026-07-20T14:54:19Z,npboost,in_context,1,rmse,0.1641932408728536,0.2607680333034884,0.1681349951287974,0.2753010777243388,522.2432081699371,0.5027883052825928,0.4974532127380371,5.070997564005699,198.0,0.0,3.1392574253118284e-05,5.0,0.1121865737283773,0.0,10.0,4.0,255.0,-1.0,,,,,,,,
npboost-in_context-log_count-seed1,aa4ja96k,2026-07-20T13:01:36Z,npboost,in_context,1,rmse,0.1724186033742865,0.2990813884907409,0.1727604688565988,0.3035730600207004,1287.3533186912537,0.7274260520935059,0.771500825881958,6.012510526138494,424.0,0.2,1.5820851730418417e-05,5.0,0.0450196136386975,1.0,100.0,16.0,255.0,-1.0,,,,,,,,
npboost-in_context-log_count-seed1,axtpna93,2026-07-20T10:03:22Z,npboost,in_context,1,rmse,0.1164857667988775,0.2729311547880744,0.125044838354583,0.2900945336114036,340.84980630874634,0.8450593948364258,0.7966694831848145,6.206925111695657,56.0,0.0,0.0002780425090632,10.0,0.0105542692281163,1.0,20.0,8.0,255.0,-1.0,,,,,,,,
npboost-in_context-log_count-seed1,b1hkjxve,2026-07-20T08:51:04Z,npboost,in_context,1,rmse,0.1501934719333576,0.3225049583986505,0.1536284888511794,0.3400115494805217,298.70951628685,0.8267889022827148,0.8355531692504883,6.207816513028898,45.0,0.2,0.0004385170256085,10.0,0.8972612866432508,1.0,20.0,8.0,255.0,-1.0,,,,,,,,
npboost-in_context-log_count-seed1,cbil5zr4,2026-07-20T11:03:56Z,npboost,in_context,1,rmse,0.1096958876895544,0.2610736131959855,0.1187789022697167,0.2922121852629854,740.3706285953522,0.8325226306915283,0.8235454559326172,6.181302216624573,237.0,0.2,0.0008392140711648,5.0,0.0107859712708854,0.0,10.0,8.0,255.0,-1.0,,,,,,,,
npboost-in_context-log_count-seed1,ce5n6a67,2026-07-20T08:34:45Z,npboost,in_context,1,rmse,0.1147375798067659,0.2664808122179068,0.1173695527679077,0.2831369164406676,970.4007906913756,0.7742938995361328,0.7569911479949951,6.179505093350309,202.0,0.2,0.0001381635682257,10.0,0.0261669745608544,1.0,20.0,8.0,255.0,-1.0,,,,,,,,
npboost-in_context-log_count-seed1,d0ecotud,2026-07-20T13:34:17Z,npboost,in_context,1,rmse,0.1341586226777003,0.2849696967286074,0.1408538963709076,0.3138507561450052,448.60086131095886,0.9009315967559814,0.8755736351013184,6.194007545418066,78.0,0.2,0.0001082971516786,10.0,0.2589103504433043,0.0,20.0,16.0,255.0,-1.0,,,,,,,,
npboost-in_context-log_count-seed1,exj5jdxh,2026-07-20T09:20:02Z,npboost,in_context,1,rmse,0.1165697295183495,0.2774859969088981,0.1203456984125148,0.275348026976243,467.9367163181305,0.8231849670410156,0.738029956817627,6.264145495697103,87.0,0.0,0.0004548624208721,10.0,0.2953847324956156,0.0,20.0,4.0,255.0,-1.0,,,,,,,,
npboost-in_context-log_count-seed1,fgugytts,2026-07-20T09:40:02Z,npboost,in_context,1,rmse,0.1365488986211823,0.2756281103995726,0.1383615453606066,0.2760035925815221,1390.841245174408,0.7054016590118408,0.7703943252563477,6.07040366575531,173.0,0.0,1.5865500409725956e-05,20.0,0.019901994840577,0.0,100.0,4.0,255.0,-1.0,,,,,,,,
npboost-in_context-log_count-seed1,gnsgvi4z,2026-07-20T10:09:11Z,npboost,in_context,1,rmse,0.1083412693218382,0.2597263399550115,0.1146024040215858,0.2848370898584966,1204.3512494564056,0.7023537158966064,0.8871073722839355,6.047386550278176,141.0,0.2,0.0002563473332261,20.0,0.1427109105814198,1.0,1000.0,8.0,255.0,-1.0,,,,,,,,
npboost-in_context-log_count-seed1,id39e6rt,2026-07-20T09:33:11Z,npboost,in_context,1,rmse,0.1170869764567322,0.2679429559260061,0.1238094879515004,0.2840201074843819,402.70054149627686,0.8813042640686035,0.8890054225921631,5.887782293194312,117.0,0.0,0.0001721990923545,5.0,0.1380161223304589,0.0,1000.0,16.0,255.0,-1.0,,,,,,,,
npboost-in_context-log_count-seed1,ix7pi2id,2026-07-20T09:27:58Z,npboost,in_context,1,rmse,0.1170829874243312,0.2832996115674447,0.1204187662564288,0.2953138463262458,304.6376509666443,0.8099956512451172,0.7315013408660889,6.277145712041517,46.0,0.0,0.0004242243954166,10.0,0.5800570688908553,1.0,20.0,4.0,255.0,-1.0,,,,,,,,
npboost-in_context-log_count-seed1,ks3vixv7,2026-07-20T12:00:49Z,npboost,in_context,1,rmse,0.1720566736051851,0.2740847398877715,0.1731051532217144,0.2747331503839582,959.1379642486572,0.8267083168029785,0.8173964023590088,5.083040484863408,113.0,0.0,1.2904721633073898e-05,20.0,0.2325748079967941,0.0,100.0,8.0,255.0,-1.0,,,,,,,,
npboost-in_context-log_count-seed1,l0lcgl66,2026-07-20T12:16:56Z,npboost,in_context,1,rmse,0.1173952158209507,0.269972618622443,0.1206314048830187,0.2825012696267004,802.4779500961304,0.7076601982116699,0.8101198673248291,6.15562868155255,159.0,0.2,0.0001496922341954,10.0,0.0831211929407696,1.0,1000.0,4.0,255.0,-1.0,,,,,,,,
npboost-in_context-log_count-seed1,nh328e32,2026-07-20T08:10:26Z,npboost,in_context,1,rmse,0.109612514932124,0.2585892958709687,0.1163478418691735,0.2809440864800731,826.780522108078,0.8102750778198242,0.8016293048858643,6.10551219111803,167.0,0.2,0.0003600091192911,10.0,0.083744968684368,0.0,100.0,16.0,255.0,-1.0,,,,,,,,
npboost-in_context-log_count-seed1,qwtq2nc3,2026-07-20T11:30:25Z,npboost,in_context,1,rmse,0.1298250036000754,0.2930951846477836,0.1290723605394814,0.292997973912545,1057.0986461639404,0.8180251121520996,0.8490922451019287,6.270610959363324,219.0,0.2,5.4597054376998136e-05,10.0,0.1053508308667582,0.0,20.0,4.0,255.0,-1.0,,,,,,,,
npboost-in_context-log_count-seed1,s7qvjv8t,2026-07-20T13:41:54Z,npboost,in_context,1,rmse,0.1936500926549583,0.3039696261284287,0.1964851216693005,0.3121441324431599,402.86630296707153,0.8448846340179443,0.7695057392120361,3.4122131812022016,117.0,0.0,3.9184339457363744e-05,5.0,0.7978205565731539,1.0,100.0,16.0,255.0,-1.0,,,,,,,,
npboost-in_context-log_count-seed1,t1a3159n,2026-07-20T10:51:12Z,npboost,in_context,1,rmse,0.1178787799661236,0.2584900713726709,0.1217131154411005,0.2662719015009687,755.3349585533142,0.7620036602020264,0.7335598468780518,6.054090563304642,157.0,0.0,0.0001083323625032,10.0,0.1351582698334605,0.0,100.0,8.0,255.0,-1.0,,,,,,,,
npboost-in_context-log_count-seed1,w0m5yktc,2026-07-20T10:29:25Z,npboost,in_context,1,rmse,0.1436530127417162,0.2990752550150476,0.1447760151216799,0.3030435155047835,256.3541965484619,1.0121829509735107,0.8332157135009766,6.205944637905789,65.0,0.2,0.0003013710908533,5.0,0.0130634630331783,0.0,10.0,8.0,255.0,-1.0,,,,,,,,
npboost-in_context-log_count-seed1,wsdjt5kz,2026-07-20T13:23:12Z,npboost,in_context,1,rmse,0.1811372937462055,0.2628262015619543,0.1832677808172986,0.2694147933295965,657.1187858581543,0.8055510520935059,0.8580448627471924,5.814192691489065,71.0,0.0,1.702035422361917e-05,20.0,0.0657821692431908,1.0,20.0,16.0,255.0,-1.0,,,,,,,,
npboost-in_context-log_count-seed1,x0vkxcm6,2026-07-20T11:16:25Z,npboost,in_context,1,rmse,0.1653159472577288,0.2987477955965998,0.1626274742904367,0.2941537320556859,832.3657536506653,0.727506160736084,0.7897682189941406,6.018416173322633,266.0,0.2,2.9067203620664195e-05,5.0,0.1823458458254781,0.0,10.0,8.0,255.0,-1.0,,,,,,,,
npboost-in_context-log_count-seed1,xh9h68jl,2026-07-20T10:33:49Z,npboost,in_context,1,rmse,0.1148332793455718,0.2660883177491085,0.125859866718038,0.3058726266591725,476.3532190322876,0.8691849708557129,0.8760771751403809,6.200342470243196,85.0,0.2,0.000956484407922,10.0,0.0109977032995056,0.0,100.0,4.0,255.0,-1.0,,,,,,,,
npboost-in_context-log_count-seed1,yfmdkm1p,2026-07-20T12:56:14Z,npboost,in_context,1,rmse,0.1292539584839502,0.2898983645235324,0.133157361995971,0.3050231158985156,314.547892332077,0.7531218528747559,0.7030396461486816,6.208533717720973,48.0,0.2,0.0004276097878757,10.0,0.0133482983182945,0.0,100.0,4.0,255.0,-1.0,,,,,,,,
npboost-in_context-log_count-seed1,yryp75v4,2026-07-20T10:41:54Z,npboost,in_context,1,rmse,0.116772936963404,0.2683689892800565,0.1205239715670818,0.2878783431804447,549.9957377910614,0.8034484386444092,0.7443840503692627,6.187530417333393,102.0,0.2,0.0002371245680478,10.0,0.0322020325894309,1.0,100.0,16.0,255.0,-1.0,,,,,,,,
npboost-in_context-log_count-seed1,zfkdzlff,2026-07-20T13:58:01Z,npboost,in_context,1,rmse,0.122808741599265,0.2863327115958412,0.1240452204624962,0.2901710793569689,3370.071543931961,0.6247162818908691,0.5908386707305908,6.21423547429555,458.0,0.2,2.017016316297149e-05,20.0,0.0582929613195039,1.0,1000.0,8.0,255.0,-1.0,,,,,,,,
npboost-in_context-log_count-seed2,13t76kfk,2026-07-20T08:32:28Z,npboost,in_context,2,rmse,0.1532815721850765,0.3711476935985779,0.1545676762530393,0.3702846998571037,208.9842383861541,0.3423101902008056,0.3357679843902588,5.837260919993412,44.0,0.2,0.0004385170256085,10.0,0.8972612866432508,1.0,20.0,8.0,255.0,-1.0,,,,,,,,
npboost-in_context-log_count-seed2,2mxk1owc,2026-07-20T08:25:30Z,npboost,in_context,2,rmse,0.1309843597148451,0.301738023940881,0.1331420967281428,0.3000430627127947,411.2312786579132,0.3303613662719726,0.3184657096862793,6.190092186577489,111.0,0.2,0.0001381635682257,10.0,0.0261669745608544,1.0,20.0,8.0,255.0,-1.0,,,,,,,,
npboost-in_context-log_count-seed2,3mljg23j,2026-07-20T09:04:08Z,npboost,in_context,2,rmse,0.1556567653929128,0.2933467199025317,0.1509006920293508,0.2787711645829172,809.4047186374664,0.4327573776245117,0.4308643341064453,6.047310568536881,135.0,0.0,1.5865500409725956e-05,20.0,0.019901994840577,0.0,100.0,4.0,255.0,-1.0,,,,,,,,
npboost-in_context-log_count-seed2,5pbfpvik,2026-07-20T12:38:09Z,npboost,in_context,2,rmse,0.1503724664844051,0.3247816074125986,0.1559275045343067,0.3290714964560082,346.53897857666016,0.7808692455291748,0.7847802639007568,6.301656160374623,57.0,0.2,0.0001082971516786,10.0,0.2589103504433043,0.0,20.0,16.0,255.0,-1.0,,,,,,,,
npboost-in_context-log_count-seed2,6lfr226f,2026-07-20T11:48:08Z,npboost,in_context,2,rmse,0.1236359326623112,0.2928347795167637,0.1273753876271455,0.3053783638977365,590.3979063034058,1.1290242671966553,1.2223715782165527,6.175224442803226,82.0,0.2,0.0004276097878757,10.0,0.0133482983182945,0.0,100.0,4.0,255.0,-1.0,,,,,,,,
npboost-in_context-log_count-seed2,a8y5nhl3,2026-07-20T10:06:03Z,npboost,in_context,2,rmse,0.1268508857387225,0.3019388942787546,0.1241043122988792,0.2951540203282861,397.5312547683716,0.3601686954498291,0.402336835861206,6.146125191899882,180.0,0.2,0.0008392140711648,5.0,0.0107859712708854,0.0,10.0,8.0,255.0,-1.0,,,,,,,,
npboost-in_context-log_count-seed2,b364gnd5,2026-07-20T09:37:34Z,npboost,in_context,2,rmse,0.1248179794428253,0.2984350303666881,0.1260024009444988,0.2951528758624983,380.1037905216217,0.4176409244537353,0.4168004989624023,6.157369216997794,169.0,0.2,0.0003013710908533,5.0,0.0130634630331783,0.0,10.0,8.0,255.0,-1.0,,,,,,,,
npboost-in_context-log_count-seed2,btwx016v,2026-07-20T11:58:08Z,npboost,in_context,2,rmse,0.1656659712525531,0.3134267338260529,0.1682161225713719,0.3145324849176701,1443.1471564769745,0.8337357044219971,0.7644400596618652,5.991175677745204,489.0,0.2,1.5820851730418417e-05,5.0,0.0450196136386975,1.0,100.0,16.0,255.0,-1.0,,,,,,,,
npboost-in_context-log_count-seed2,by2pycmo,2026-07-20T08:12:50Z,npboost,in_context,2,rmse,0.2133016188563832,0.3623154011485548,0.2143870687890368,0.3562550964127728,753.1631188392639,0.4208414554595947,0.6006968021392822,6.417438321455578,368.0,0.2,1.090384328196852e-05,5.0,0.7717846862118062,0.0,20.0,4.0,255.0,-1.0,,,,,,,,
npboost-in_context-log_count-seed2,cl3q6bdm,2026-07-20T08:36:03Z,npboost,in_context,2,rmse,0.1849669739744839,0.3432932403649926,0.1872015571774517,0.3389472887868989,963.9225208759308,0.4418132305145264,0.4334855079650879,6.781579706153632,499.0,0.2,1.343677338411072e-05,5.0,0.1113002415673063,1.0,10.0,4.0,255.0,-1.0,,,,,,,,
npboost-in_context-log_count-seed2,dy9bwjke,2026-07-20T10:40:29Z,npboost,in_context,2,rmse,0.1611990058523495,0.2846200442921302,0.1604351770055316,0.2819423584288136,838.3487837314606,0.7142212390899658,0.8780827522277832,4.345235182637213,194.0,0.0,1.8406671834517417e-05,10.0,0.3476654204795515,0.0,20.0,8.0,255.0,-1.0,,,,,,,,
npboost-in_context-log_count-seed2,eoek849f,2026-07-20T10:12:47Z,npboost,in_context,2,rmse,0.1538068634688516,0.3244411017148929,0.1552154976163334,0.314667598119167,749.1395635604858,0.512129545211792,0.4765877723693848,5.8705238643216,356.0,0.2,2.9067203620664195e-05,5.0,0.1823458458254781,0.0,10.0,8.0,255.0,-1.0,,,,,,,,
npboost-in_context-log_count-seed2,erlc7ig0,2026-07-20T12:22:20Z,npboost,in_context,2,rmse,0.1546555528512298,0.2730291634318393,0.1536115487379027,0.2667667543425461,941.510890007019,0.734874963760376,0.643956184387207,5.8031559879968775,113.0,0.0,1.702035422361917e-05,20.0,0.0657821692431908,1.0,20.0,16.0,255.0,-1.0,,,,,,,,
npboost-in_context-log_count-seed2,fdjn9r7a,2026-07-20T10:25:23Z,npboost,in_context,2,rmse,0.1276498767908219,0.2928809111067072,0.1310105803220168,0.3031810417390164,898.9135925769806,0.531447172164917,0.5307095050811768,6.219361796380933,255.0,0.2,5.4597054376998136e-05,10.0,0.1053508308667582,0.0,20.0,4.0,255.0,-1.0,,,,,,,,
npboost-in_context-log_count-seed2,h3y82mah,2026-07-20T12:44:04Z,npboost,in_context,2,rmse,0.1804240006805593,0.3257902923143731,0.1786478520397428,0.314242409016999,524.7841155529022,0.8106222152709961,0.8331117630004883,3.332362283967642,165.0,0.0,3.9184339457363744e-05,5.0,0.7978205565731539,1.0,100.0,16.0,255.0,-1.0,,,,,,,,
npboost-in_context-log_count-seed2,hyqxmzgc,2026-07-20T08:01:01Z,npboost,in_context,2,rmse,0.1132354557176168,0.2769101440584624,0.1131093780349919,0.2778802066258367,702.1946561336517,0.420140266418457,0.4224271774291992,6.013253858869383,208.0,0.2,0.0003600091192911,10.0,0.083744968684368,0.0,100.0,16.0,255.0,-1.0,,,,,,,,
npboost-in_context-log_count-seed2,k1e7e87v,2026-07-20T11:24:55Z,npboost,in_context,2,rmse,0.1310243941773088,0.2980579089890535,0.1347510600585793,0.3041697416795569,790.5630850791931,1.218191385269165,1.214574098587036,6.119846370121826,186.0,0.2,0.0001181285816262,5.0,0.0610030224551816,0.0,10.0,8.0,255.0,-1.0,,,,,,,,
npboost-in_context-log_count-seed2,k3lalyz6,2026-07-20T09:17:45Z,npboost,in_context,2,rmse,0.1197872843544064,0.2923557530540869,0.1161761858512864,0.2707793744279227,384.7180240154266,0.4366991519927978,0.4244546890258789,6.180767195869003,105.0,0.0,0.0002780425090632,10.0,0.0105542692281163,1.0,20.0,8.0,255.0,-1.0,,,,,,,,
npboost-in_context-log_count-seed2,larvp2e9,2026-07-20T12:52:57Z,npboost,in_context,2,rmse,0.1263447568975459,0.2803502202017862,0.1265319373972699,0.2788479756522812,477.04371547698975,0.7706732749938965,0.7257297039031982,5.976457069395649,91.0,0.0,7.917412954846521e-05,10.0,0.1011064623519062,0.0,20.0,8.0,255.0,-1.0,,,,,,,,
npboost-in_context-log_count-seed2,ll47gxzq,2026-07-20T10:54:36Z,npboost,in_context,2,rmse,0.1629298372732894,0.2797862519889643,0.1668727340454865,0.286995806789266,1146.0397562980652,0.7709457874298096,0.772895097732544,5.092701839666757,135.0,0.0,1.2904721633073898e-05,20.0,0.2325748079967941,0.0,100.0,8.0,255.0,-1.0,,,,,,,,
npboost-in_context-log_count-seed2,mialhir2,2026-07-20T10:01:27Z,npboost,in_context,2,rmse,0.1360130240200598,0.2931459131842012,0.1297497961156084,0.2677189957695997,269.29531145095825,0.4132945537567138,0.4210076332092285,6.037174261803436,59.0,0.0,0.0001083323625032,10.0,0.1351582698334605,0.0,100.0,8.0,255.0,-1.0,,,,,,,,
npboost-in_context-log_count-seed2,mrz69f4n,2026-07-20T13:01:02Z,npboost,in_context,2,rmse,0.1366022733129941,0.3040590426295997,0.136594991321149,0.2984219032526702,1973.992064714432,0.7917439937591553,0.8232629299163818,6.239685209537712,255.0,0.2,2.017016316297149e-05,20.0,0.0582929613195039,1.0,1000.0,8.0,255.0,-1.0,,,,,,,,
npboost-in_context-log_count-seed2,o81oz3gy,2026-07-20T13:34:05Z,npboost,in_context,2,rmse,0.1602003083111883,0.2630507383396355,0.1619119599095364,0.263748289290843,658.352650642395,0.9063713550567628,0.8209969997406006,5.043429550027234,212.0,0.0,3.1392574253118284e-05,5.0,0.1121865737283773,0.0,10.0,4.0,255.0,-1.0,,,,,,,,
npboost-in_context-log_count-seed2,pp0bof96,2026-07-20T09:44:02Z,npboost,in_context,2,rmse,0.116711303788908,0.2943979842027667,0.1174443000205748,0.2930846224656767,385.1420588493347,0.4751360416412353,0.5204803943634033,6.168483623654205,102.0,0.2,0.000956484407922,10.0,0.0109977032995056,0.0,100.0,4.0,255.0,-1.0,,,,,,,,
npboost-in_context-log_count-seed2,t3k0bjpi,2026-07-20T11:13:50Z,npboost,in_context,2,rmse,0.1321702816141575,0.3062966306255489,0.1322383465974227,0.299593461482068,655.489588022232,1.1007587909698486,1.21675443649292,6.189042817646716,102.0,0.2,0.0001496922341954,10.0,0.0831211929407696,1.0,1000.0,4.0,255.0,-1.0,,,,,,,,
npboost-in_context-log_count-seed2,u30tj3vs,2026-07-20T07:50:27Z,npboost,in_context,2,rmse,0.1201239192474542,0.2922330548375768,0.1220544984525453,0.2926499995626815,626.5594227313995,0.3977980613708496,0.4167635440826416,6.119347868583171,96.0,0.2,0.0001605191133358,20.0,0.0750195444362012,1.0,20.0,4.0,255.0,-1.0,,,,,,,,
npboost-in_context-log_count-seed2,urmkivks,2026-07-20T08:55:27Z,npboost,in_context,2,rmse,0.1226698730302893,0.293567183731207,0.1190734520864396,0.2807574968267127,253.31745672225952,0.4134798049926758,0.4118297100067138,6.266816280109611,61.0,0.0,0.0004242243954166,10.0,0.5800570688908553,1.0,20.0,4.0,255.0,-1.0,,,,,,,,
npboost-in_context-log_count-seed2,vtrx9ddf,2026-07-20T08:59:48Z,npboost,in_context,2,rmse,0.1261266711641575,0.2970424166451518,0.1222296553771302,0.2763377237513808,252.31111311912537,0.3987565040588379,0.4191396236419678,5.826513558162198,112.0,0.0,0.0001721990923545,5.0,0.1380161223304589,0.0,1000.0,16.0,255.0,-1.0,,,,,,,,
npboost-in_context-log_count-seed2,whjmeosc,2026-07-20T08:52:15Z,npboost,in_context,2,rmse,0.1266687675775336,0.3035224662056082,0.1245977854908977,0.2860132157206329,185.655877828598,0.4054484367370605,0.3911020755767822,6.274631277542136,39.0,0.0,0.0004548624208721,10.0,0.2953847324956156,0.0,20.0,4.0,255.0,-1.0,,,,,,,,
npboost-in_context-log_count-seed2,xx22f9nf,2026-07-20T09:24:17Z,npboost,in_context,2,rmse,0.1115815560623919,0.2832391127387507,0.1128020879789651,0.2810322177637913,790.561571598053,0.408959150314331,0.3867363929748535,6.006774759610672,126.0,0.2,0.0002563473332261,20.0,0.1427109105814198,1.0,1000.0,8.0,255.0,-1.0,,,,,,,,
npboost-in_context-log_count-seed2,y9mzxslt,2026-07-20T11:38:15Z,npboost,in_context,2,rmse,0.1217571735269405,0.293844775440691,0.1140569048477706,0.2648170608342601,583.7883188724518,1.2664525508880615,1.207509994506836,6.192816646168094,83.0,0.0,0.0002507518284371,10.0,0.0302023368339538,1.0,10.0,8.0,255.0,-1.0,,,,,,,,
npboost-in_context-log_count-seed2,yra0j0ud,2026-07-20T09:50:35Z,npboost,in_context,2,rmse,0.1133619038588834,0.2861844821864672,0.1158233920150984,0.284970552407572,644.5562405586243,0.4508299827575683,0.4355132579803467,6.149456069131337,175.0,0.2,0.0002371245680478,10.0,0.0322020325894309,1.0,100.0,16.0,255.0,-1.0,,,,,,,,
npboost-in_context-log_count-seed3,0egdehh3,2026-07-21T07:57:35Z,npboost,in_context,3,rmse,0.1079641808746893,0.2622443215025767,0.1103941429765553,0.2817488664688027,894.9097084999084,0.8354580402374268,0.7862505912780762,6.140629425141205,183.0,0.2,0.0003600091192911,10.0,0.083744968684368,0.0,100.0,16.0,255.0,-1.0,,,,,,,,
npboost-in_context-log_count-seed3,1khj42ua,2026-07-21T10:48:49Z,npboost,in_context,3,rmse,0.1415650877812859,0.2992133822238773,0.145410609831206,0.3348421796185891,1352.336454153061,0.779747724533081,0.8464078903198242,5.371392721200525,446.0,0.2,2.9067203620664195e-05,5.0,0.1823458458254781,0.0,10.0,8.0,255.0,-1.0,,,,,,,,
npboost-in_context-log_count-seed3,2oqlwqbl,2026-07-21T10:30:06Z,npboost,in_context,3,rmse,0.1243801827917477,0.2731258545885565,0.1254903520888777,0.2897947471386601,400.1265351772308,0.7863028049468994,0.900256872177124,6.02227020246562,71.0,0.0,0.0001083323625032,10.0,0.1351582698334605,0.0,100.0,8.0,255.0,-1.0,,,,,,,,
npboost-in_context-log_count-seed3,3q6uczko,2026-07-21T09:05:24Z,npboost,in_context,3,rmse,0.1178678667950945,0.2616891432787177,0.1199543969617674,0.2838201238838414,641.7249803543091,0.8436682224273682,0.8873631954193115,6.448475936267591,127.0,0.0,0.0004242243954166,10.0,0.5800570688908553,1.0,20.0,4.0,255.0,-1.0,,,,,,,,
npboost-in_context-log_count-seed3,3scfdp70,2026-07-21T12:41:22Z,npboost,in_context,3,rmse,0.1790371632981615,0.3081236605162046,0.1806420384147442,0.3278067263761328,1204.7516446113586,0.8544394969940186,0.9134852886199952,5.918475411211282,390.0,0.2,1.5820851730418417e-05,5.0,0.0450196136386975,1.0,100.0,16.0,255.0,-1.0,,,,,,,,
npboost-in_context-log_count-seed3,496di5ns,2026-07-21T11:34:01Z,npboost,in_context,3,rmse,0.1482195471094776,0.2716041330785147,0.1503367913017201,0.2879561488746044,1351.0485436916351,0.8545124530792236,0.8711740970611572,4.9583746374293725,167.0,0.0,1.2904721633073898e-05,20.0,0.2325748079967941,0.0,100.0,8.0,255.0,-1.0,,,,,,,,
npboost-in_context-log_count-seed3,4w6rohlb,2026-07-21T12:26:44Z,npboost,in_context,3,rmse,0.1100812018030307,0.254382802361881,0.1127294911554044,0.2783278193118599,868.5083675384521,0.9273102283477784,0.8378117084503174,6.193372945397845,174.0,0.2,0.0004276097878757,10.0,0.0133482983182945,0.0,100.0,4.0,255.0,-1.0,,,,,,,,
npboost-in_context-log_count-seed3,6lrud7cb,2026-07-21T08:37:40Z,npboost,in_context,3,rmse,0.1918387786821516,0.3335549150158306,0.196516865142577,0.3599189986956557,1322.3028843402865,0.8764944076538086,0.8670499324798584,6.640208266175292,436.0,0.2,1.343677338411072e-05,5.0,0.1113002415673063,1.0,10.0,4.0,255.0,-1.0,,,,,,,,
npboost-in_context-log_count-seed3,7phgvfm5,2026-07-21T13:34:51Z,npboost,in_context,3,rmse,0.1631638485452403,0.3100446277327469,0.1700160815494948,0.3440713200092071,967.3220562934875,0.9011390209197998,0.7801544666290283,6.197740266209504,108.0,0.2,2.017016316297149e-05,20.0,0.0582929613195039,1.0,1000.0,8.0,255.0,-1.0,,,,,,,,
npboost-in_context-log_count-seed3,8fs5shn4,2026-07-21T13:51:07Z,npboost,in_context,3,rmse,0.1940476159742964,0.2768970550725841,0.1977324004941716,0.2990363713732508,435.475017786026,0.6587855815887451,0.6850762367248535,5.0720027546027,127.0,0.0,3.1392574253118284e-05,5.0,0.1121865737283773,0.0,10.0,4.0,255.0,-1.0,,,,,,,,
npboost-in_context-log_count-seed3,9267v43r,2026-07-21T11:56:41Z,npboost,in_context,3,rmse,0.1228303647897644,0.2813093496419562,0.1254579064864066,0.3011753941746015,662.2402377128601,0.7750637531280518,0.8632721900939941,6.198444542897102,128.0,0.2,0.0001496922341954,10.0,0.0831211929407696,1.0,1000.0,4.0,255.0,-1.0,,,,,,,,
npboost-in_context-log_count-seed3,9im0z441,2026-07-21T10:02:04Z,npboost,in_context,3,rmse,0.1266545344615929,0.2848082066159659,0.12828771798169,0.3148523337689031,499.74965167045593,0.6087710857391357,0.6417112350463867,6.1949994341850605,145.0,0.2,0.0003013710908533,5.0,0.0130634630331783,0.0,10.0,8.0,255.0,-1.0,,,,,,,,
npboost-in_context-log_count-seed3,9kf17zhk,2026-07-21T12:07:52Z,npboost,in_context,3,rmse,0.1359765375268932,0.2901152436065277,0.1387035263057917,0.3217583107634025,474.926038980484,1.0370848178863523,0.8496170043945312,6.118939022624784,138.0,0.2,0.0001181285816262,5.0,0.0610030224551816,0.0,10.0,8.0,255.0,-1.0,,,,,,,,
npboost-in_context-log_count-seed3,b42lz2u8,2026-07-21T13:09:53Z,npboost,in_context,3,rmse,0.1318843560768661,0.2916093565751416,0.1374803320671975,0.3288917974121242,519.0758490562439,0.826181173324585,0.8183073997497559,6.025331324637088,94.0,0.2,0.0001082971516786,10.0,0.2589103504433043,0.0,20.0,16.0,255.0,-1.0,,,,,,,,
npboost-in_context-log_count-seed3,bxg19s7x,2026-07-21T10:21:43Z,npboost,in_context,3,rmse,0.1221791835385594,0.2794799282400326,0.1215817480997687,0.3012665847164677,494.68463349342346,0.8070168495178223,0.8568704128265381,6.219247351328723,89.0,0.2,0.0002371245680478,10.0,0.0322020325894309,1.0,100.0,16.0,255.0,-1.0,,,,,,,,
npboost-in_context-log_count-seed3,evl45l6x,2026-07-21T11:11:48Z,npboost,in_context,3,rmse,0.1394597702080451,0.3079597530572668,0.1469964548973595,0.3419664293834577,722.1445817947388,0.7736513614654541,0.8110053539276123,6.201205147083515,142.0,0.2,5.4597054376998136e-05,10.0,0.1053508308667582,0.0,20.0,4.0,255.0,-1.0,,,,,,,,
npboost-in_context-log_count-seed3,fcqax930,2026-07-21T10:36:55Z,npboost,in_context,3,rmse,0.1131165447329753,0.2846579802132758,0.1139280781262538,0.2915169005993804,697.7864012718201,0.8741104602813721,0.8802859783172607,6.173748123836915,213.0,0.2,0.0008392140711648,5.0,0.0107859712708854,0.0,10.0,8.0,255.0,-1.0,,,,,,,,
npboost-in_context-log_count-seed3,fralqzse,2026-07-21T12:15:55Z,npboost,in_context,3,rmse,0.1140633990217021,0.2687244877127921,0.1201928597936558,0.292815915035046,640.0360643863678,0.7980237007141113,0.7512915134429932,6.216196604964549,125.0,0.0,0.0002507518284371,10.0,0.0302023368339538,1.0,10.0,8.0,255.0,-1.0,,,,,,,,
npboost-in_context-log_count-seed3,hpkezy3f,2026-07-21T08:59:54Z,npboost,in_context,3,rmse,0.1128624792585751,0.2794174956315131,0.1145005578805458,0.300552532896798,321.3820834159851,0.793243408203125,0.8607387542724609,6.2181014436048665,51.0,0.0,0.0004548624208721,10.0,0.2953847324956156,0.0,20.0,4.0,255.0,-1.0,,,,,,,,
npboost-in_context-log_count-seed3,ijlntctl,2026-07-21T09:16:14Z,npboost,in_context,3,rmse,0.1443741941835118,0.2884160549345105,0.1471892537263931,0.3103512050603762,240.87959265708923,0.831040620803833,0.8716850280761719,5.950627433851942,62.0,0.0,0.0001721990923545,5.0,0.1380161223304589,0.0,1000.0,16.0,255.0,-1.0,,,,,,,,
npboost-in_context-log_count-seed3,kdwvwvrr,2026-07-21T10:11:00Z,npboost,in_context,3,rmse,0.1159472458191314,0.2873415636533945,0.1173560444145887,0.3009980429509878,632.3130583763123,0.8583576679229736,0.8331809043884277,6.197907187309733,118.0,0.2,0.000956484407922,10.0,0.0109977032995056,0.0,100.0,4.0,255.0,-1.0,,,,,,,,
npboost-in_context-log_count-seed3,ky08ibwb,2026-07-21T13:01:35Z,npboost,in_context,3,rmse,0.2088923292033839,0.276605914892596,0.213146462050638,0.304435354611508,490.31441831588745,0.7168753147125244,0.8131618499755859,5.797678086233051,45.0,0.0,1.702035422361917e-05,20.0,0.0657821692431908,1.0,20.0,16.0,255.0,-1.0,,,,,,,,
npboost-in_context-log_count-seed3,ns583drx,2026-07-21T09:20:24Z,npboost,in_context,3,rmse,0.174490134916594,0.2857414925476219,0.1767442692881045,0.3012668649020052,857.0768985748291,0.82254958152771,0.8508460521697998,6.061812693092473,95.0,0.0,1.5865500409725956e-05,20.0,0.019901994840577,0.0,100.0,4.0,255.0,-1.0,,,,,,,,
npboost-in_context-log_count-seed3,oaxmjina,2026-07-21T08:13:36Z,npboost,in_context,3,rmse,0.2404965606495202,0.3463491118056453,0.2473295570997299,0.3800479821268874,590.702330827713,0.8707079887390137,0.7698676586151123,7.5639786221162515,180.0,0.2,1.090384328196852e-05,5.0,0.7717846862118062,0.0,20.0,4.0,255.0,-1.0,,,,,,,,
npboost-in_context-log_count-seed3,rc2ffwou,2026-07-21T08:23:35Z,npboost,in_context,3,rmse,0.1339981243267852,0.2890710099534265,0.1369683619708329,0.3220283734808452,433.5754461288452,0.8721885681152344,0.8879082202911377,6.211929243914183,73.0,0.2,0.0001381635682257,10.0,0.0261669745608544,1.0,20.0,8.0,255.0,-1.0,,,,,,,,
npboost-in_context-log_count-seed3,s6bdbkdh,2026-07-21T13:18:50Z,npboost,in_context,3,rmse,0.1790166288783284,0.303639257948424,0.1839969584081033,0.3293303126636374,512.0177719593048,0.8723258972167969,0.8942282199859619,3.3120991089951586,156.0,0.0,3.9184339457363744e-05,5.0,0.7978205565731539,1.0,100.0,16.0,255.0,-1.0,,,,,,,,
npboost-in_context-log_count-seed3,sk61d3xv,2026-07-21T11:23:59Z,npboost,in_context,3,rmse,0.1878522706617705,0.2685366501578841,0.1929861386579466,0.2973310969155131,593.1659026145935,0.8004491329193115,0.8303170204162598,4.411318061471689,116.0,0.0,1.8406671834517417e-05,10.0,0.3476654204795515,0.0,20.0,8.0,255.0,-1.0,,,,,,,,
npboost-in_context-log_count-seed3,sviqmfkw,2026-07-21T08:30:58Z,npboost,in_context,3,rmse,0.1399438274154591,0.3271253950135548,0.1504087348966833,0.3765868800243274,393.6929233074188,0.8122692108154297,0.825037956237793,5.739744722699501,65.0,0.2,0.0004385170256085,10.0,0.8972612866432508,1.0,20.0,8.0,255.0,-1.0,,,,,,,,
npboost-in_context-log_count-seed3,uvu2q39x,2026-07-21T09:41:14Z,npboost,in_context,3,rmse,0.1083347152052394,0.2543367629954746,0.1145010145490246,0.290444522946616,1226.9875428676603,0.7243478298187256,0.7319622039794922,6.051411128778873,140.0,0.2,0.0002563473332261,20.0,0.1427109105814198,1.0,1000.0,8.0,255.0,-1.0,,,,,,,,
npboost-in_context-log_count-seed3,v8y242jq,2026-07-21T09:34:49Z,npboost,in_context,3,rmse,0.117015940396006,0.2806750885885316,0.1184726869000829,0.294479443113824,375.6113498210907,0.904573917388916,0.832298755645752,6.205677357551526,64.0,0.0,0.0002780425090632,10.0,0.0105542692281163,1.0,20.0,8.0,255.0,-1.0,,,,,,,,
npboost-in_context-log_count-seed3,vkyuo8oi,2026-07-21T13:27:39Z,npboost,in_context,3,rmse,0.1305647278327797,0.2652546543721935,0.1368017313273056,0.2963146701349896,423.3900511264801,0.8310906887054443,0.8647141456604004,5.975805136719131,75.0,0.0,7.917412954846521e-05,10.0,0.1011064623519062,0.0,20.0,8.0,255.0,-1.0,,,,,,,,
npboost-in_context-log_count-seed3,x0tldl4c,2026-07-21T07:38:01Z,npboost,in_context,3,rmse,0.1093586293984,0.2652790979609562,0.1104756663843904,0.2816426109027103,1162.319387435913,0.7830307483673096,0.7703156471252441,6.133275139364211,131.0,0.2,0.0001605191133358,20.0,0.0750195444362012,1.0,20.0,4.0,255.0,-1.0,,,,,,,,
npboost-in_context-log_count-seed4,17bny7ss,2026-07-21T09:27:30Z,npboost,in_context,4,rmse,0.1099789295282165,0.2607628597850164,0.1285397475180418,0.32744500193553,682.2949576377869,0.8561882972717285,0.8211061954498291,6.128850102799141,69.0,0.2,0.0002563473332261,20.0,0.1427109105814198,1.0,1000.0,8.0,255.0,-1.0,,,,,,,,
npboost-in_context-log_count-seed4,472ug9nb,2026-07-21T09:39:01Z,npboost,in_context,4,rmse,0.1164800224153216,0.2646914096696631,0.1328957282527858,0.3233412329180768,510.6062891483307,0.8577628135681152,0.8196485042572021,6.213538832824571,148.0,0.2,0.0003013710908533,5.0,0.0130634630331783,0.0,10.0,8.0,255.0,-1.0,,,,,,,,
npboost-in_context-log_count-seed4,7oyinetj,2026-07-21T08:22:38Z,npboost,in_context,4,rmse,0.1343146193004961,0.2740901285981854,0.1514298802625479,0.3352218017013064,344.902898311615,0.8476467132568359,0.8569180965423584,6.238945873388059,53.0,0.2,0.0001381635682257,10.0,0.0261669745608544,1.0,20.0,8.0,255.0,-1.0,,,,,,,,
npboost-in_context-log_count-seed4,7uziswxx,2026-07-21T11:26:37Z,npboost,in_context,4,rmse,0.1190200780988415,0.2630828136594486,0.1390637332865781,0.3293823817403793,509.8100626468658,0.8110311031341553,0.7805125713348389,6.271871409239495,92.0,0.2,0.0001496922341954,10.0,0.0831211929407696,1.0,1000.0,4.0,255.0,-1.0,,,,,,,,
npboost-in_context-log_count-seed4,7vlsa0hp,2026-07-21T12:17:19Z,npboost,in_context,4,rmse,0.1715268564810149,0.2604134782707207,0.1804203280654431,0.3030418584952927,762.2779796123505,0.8357360363006592,1.0649421215057373,5.847284040074811,82.0,0.0,1.702035422361917e-05,20.0,0.0657821692431908,1.0,20.0,16.0,255.0,-1.0,,,,,,,,
npboost-in_context-log_count-seed4,94vcthf8,2026-07-21T09:05:53Z,npboost,in_context,4,rmse,0.1547731489844493,0.2707123965898058,0.1691238350588793,0.3280242666554555,203.73024725914,0.8733980655670166,0.7830402851104736,5.857323739901721,48.0,0.0,0.0001721990923545,5.0,0.1380161223304589,0.0,1000.0,16.0,255.0,-1.0,,,,,,,,
npboost-in_context-log_count-seed4,9cjrnbx3,2026-07-21T11:35:15Z,npboost,in_context,4,rmse,0.1427436363944935,0.2733680897607143,0.1554156614499191,0.3256730065315389,351.98306369781494,0.7820768356323242,0.8540306091308594,6.195299140552216,94.0,0.2,0.0001181285816262,5.0,0.0610030224551816,0.0,10.0,8.0,255.0,-1.0,,,,,,,,
npboost-in_context-log_count-seed4,bb5jwjy5,2026-07-21T10:56:14Z,npboost,in_context,4,rmse,0.1690281857727606,0.2811851059841741,0.1766223039879465,0.3165985809600288,795.3686985969543,0.8278896808624268,0.7443342208862305,4.53472049436352,167.0,0.0,1.8406671834517417e-05,10.0,0.3476654204795515,0.0,20.0,8.0,255.0,-1.0,,,,,,,,
npboost-in_context-log_count-seed4,bo15fx8w,2026-07-21T13:22:32Z,npboost,in_context,4,rmse,0.1918958071724904,0.266674530734449,0.201354386112415,0.3127358099152696,420.832225561142,0.8209419250488281,0.7553215026855469,5.057367175453309,124.0,0.0,3.1392574253118284e-05,5.0,0.1121865737283773,0.0,10.0,4.0,255.0,-1.0,,,,,,,,
npboost-in_context-log_count-seed4,dp9ol768,2026-07-21T12:01:19Z,npboost,in_context,4,rmse,0.1988699833364252,0.3239452245819741,0.2007010926145687,0.3386655331662555,947.8457310199738,0.7308862209320068,0.8301393985748291,5.975760219400049,297.0,0.2,1.5820851730418417e-05,5.0,0.0450196136386975,1.0,100.0,16.0,255.0,-1.0,,,,,,,,
npboost-in_context-log_count-seed4,e1dfwy6f,2026-07-21T07:38:01Z,npboost,in_context,4,rmse,0.1080413709178088,0.2627082345901133,0.1246713702417276,0.316332175495974,1181.7054178714752,0.8511872291564941,0.8852853775024414,6.147389422569935,134.0,0.2,0.0001605191133358,20.0,0.0750195444362012,1.0,20.0,4.0,255.0,-1.0,,,,,,,,
npboost-in_context-log_count-seed4,ekkxtghc,2026-07-21T10:06:53Z,npboost,in_context,4,rmse,0.1133454664274064,0.2631830716114401,0.1257227744294475,0.3095564359966993,484.7993950843811,0.8575663566589355,0.8664069175720215,6.081346388305106,90.0,0.0,0.0001083323625032,10.0,0.1351582698334605,0.0,100.0,8.0,255.0,-1.0,,,,,,,,
npboost-in_context-log_count-seed4,fxil0bx8,2026-07-21T12:48:43Z,npboost,in_context,4,rmse,0.1239118520839453,0.2727085737087275,0.1334859956415028,0.3072011151938238,451.5912895202637,0.8294744491577148,0.860454797744751,6.025747434384043,84.0,0.0,7.917412954846521e-05,10.0,0.1011064623519062,0.0,20.0,8.0,255.0,-1.0,,,,,,,,
npboost-in_context-log_count-seed4,gauxm372,2026-07-21T08:35:13Z,npboost,in_context,4,rmse,0.2063576739091278,0.3502840531819047,0.2075107795642319,0.3616050970556395,1130.6515259742737,0.7748229503631592,0.7461817264556885,6.7493006278414365,367.0,0.2,1.343677338411072e-05,5.0,0.1113002415673063,1.0,10.0,4.0,255.0,-1.0,,,,,,,,
npboost-in_context-log_count-seed4,gs3kwzl2,2026-07-21T09:54:23Z,npboost,in_context,4,rmse,0.1077999562757452,0.251249534994991,0.1235767960097704,0.312393950017385,741.9857335090637,0.8170595169067383,0.8162078857421875,6.186430026025807,149.0,0.2,0.0002371245680478,10.0,0.0322020325894309,1.0,100.0,16.0,255.0,-1.0,,,,,,,,
npboost-in_context-log_count-seed4,hpf4pn53,2026-07-21T12:56:30Z,npboost,in_context,4,rmse,0.1295327292948905,0.2711552362424492,0.1461627981951196,0.3332266041846121,1552.9960579872131,0.8955562114715576,0.8505551815032959,6.211725639538682,190.0,0.2,2.017016316297149e-05,20.0,0.0582929613195039,1.0,1000.0,8.0,255.0,-1.0,,,,,,,,
npboost-in_context-log_count-seed4,i3liq7t3,2026-07-21T08:04:04Z,npboost,in_context,4,rmse,0.2113249606130705,0.3414570400703967,0.2130436751928131,0.3571121839819869,1105.2635428905487,0.8517775535583496,0.8023159503936768,5.870900207547114,362.0,0.2,1.090384328196852e-05,5.0,0.7717846862118062,0.0,20.0,4.0,255.0,-1.0,,,,,,,,
npboost-in_context-log_count-seed4,kp7cetmf,2026-07-21T08:28:31Z,npboost,in_context,4,rmse,0.1466269339866133,0.3332693739707451,0.1607094618909075,0.3765709868199292,393.5469217300415,0.862224817276001,0.8673884868621826,5.829444068201063,64.0,0.2,0.0004385170256085,10.0,0.8972612866432508,1.0,20.0,8.0,255.0,-1.0,,,,,,,,
npboost-in_context-log_count-seed4,kvfsvx5v,2026-07-21T08:54:12Z,npboost,in_context,4,rmse,0.1152870132533273,0.26911101857156,0.129835955700036,0.3201694841414317,308.75447964668274,0.7756307125091553,0.8486411571502686,6.28904103163218,48.0,0.0,0.0004548624208721,10.0,0.2953847324956156,0.0,20.0,4.0,255.0,-1.0,,,,,,,,
npboost-in_context-log_count-seed4,lemzng0n,2026-07-21T10:15:06Z,npboost,in_context,4,rmse,0.1069990711705671,0.2582437464446611,0.1215315649888015,0.3147309615713089,649.7528717517853,0.8439440727233887,0.8283631801605225,6.2017693613515466,199.0,0.2,0.0008392140711648,5.0,0.0107859712708854,0.0,10.0,8.0,255.0,-1.0,,,,,,,,
npboost-in_context-log_count-seed4,mik3ibwe,2026-07-21T09:19:33Z,npboost,in_context,4,rmse,0.1124775377586343,0.2664974983313287,0.1273967141465113,0.320147230608546,469.41519355773926,0.8134019374847412,0.8130581378936768,6.221944742499206,87.0,0.0,0.0002780425090632,10.0,0.0105542692281163,1.0,20.0,8.0,255.0,-1.0,,,,,,,,
npboost-in_context-log_count-seed4,onomzibm,2026-07-21T12:38:40Z,npboost,in_context,4,rmse,0.172283732710804,0.3142558843016469,0.1771383754247077,0.3372777888296008,595.0622930526733,0.8706350326538086,0.7980217933654785,3.449494754787907,184.0,0.0,3.9184339457363744e-05,5.0,0.7978205565731539,1.0,100.0,16.0,255.0,-1.0,,,,,,,,
npboost-in_context-log_count-seed4,q4k3ekph,2026-07-21T08:59:29Z,npboost,in_context,4,rmse,0.1090843387525563,0.253045937958532,0.1258849577664878,0.3117793883904274,375.296893119812,0.8753476142883301,0.8366634845733643,6.372000295917768,64.0,0.0,0.0004242243954166,10.0,0.5800570688908553,1.0,20.0,4.0,255.0,-1.0,,,,,,,,
npboost-in_context-log_count-seed4,rrvj9mb9,2026-07-21T11:41:15Z,npboost,in_context,4,rmse,0.1134345857021601,0.2724334500452855,0.1303513793728978,0.3191927221363569,514.5593767166138,0.7743768692016602,0.792039155960083,6.216319011075924,96.0,0.0,0.0002507518284371,10.0,0.0302023368339538,1.0,10.0,8.0,255.0,-1.0,,,,,,,,
npboost-in_context-log_count-seed4,sfcjiu3q,2026-07-21T07:57:53Z,npboost,in_context,4,rmse,0.1169195842202084,0.2643166644612575,0.1336016306805025,0.3225963361571438,363.4053831100464,0.8664140701293945,0.8238308429718018,6.165962710939427,57.0,0.2,0.0003600091192911,10.0,0.083744968684368,0.0,100.0,16.0,255.0,-1.0,,,,,,,,
npboost-in_context-log_count-seed4,t1r4lzk1,2026-07-21T11:49:59Z,npboost,in_context,4,rmse,0.1037621856975194,0.242574391705714,0.1218563642754221,0.3177626540163937,671.144449710846,0.8882782459259033,0.8340568542480469,6.21112652891179,125.0,0.2,0.0004276097878757,10.0,0.0133482983182945,0.0,100.0,4.0,255.0,-1.0,,,,,,,,
npboost-in_context-log_count-seed4,u5keo31h,2026-07-21T10:47:03Z,npboost,in_context,4,rmse,0.1414883109707462,0.2769876601345021,0.1565906683190784,0.3328666582300387,543.0055985450745,0.6798157691955566,0.6933121681213379,6.305588577322098,101.0,0.2,5.4597054376998136e-05,10.0,0.1053508308667582,0.0,20.0,4.0,255.0,-1.0,,,,,,,,
npboost-in_context-log_count-seed4,v0n3h7t2,2026-07-21T10:26:04Z,npboost,in_context,4,rmse,0.144698138780089,0.3057530774926146,0.1500492928609505,0.3254838286075935,1250.5777688026428,0.8202815055847168,0.8208465576171875,5.661417557068396,408.0,0.2,2.9067203620664195e-05,5.0,0.1823458458254781,0.0,10.0,8.0,255.0,-1.0,,,,,,,,
npboost-in_context-log_count-seed4,wjanvuj3,2026-07-21T12:30:21Z,npboost,in_context,4,rmse,0.1302059940106476,0.2779825253860724,0.14446295795008,0.3345097728362228,489.4495186805725,0.86832594871521,0.8855395317077637,6.198472874244617,85.0,0.2,0.0001082971516786,10.0,0.2589103504433043,0.0,20.0,16.0,255.0,-1.0,,,,,,,,
npboost-in_context-log_count-seed4,xbtbj3cj,2026-07-21T09:09:30Z,npboost,in_context,4,rmse,0.2012296925758369,0.277888968813914,0.2129405588193291,0.3339885557193535,594.1955299377441,0.7683694362640381,0.7140119075775146,6.085753646403364,58.0,0.0,1.5865500409725956e-05,20.0,0.019901994840577,0.0,100.0,4.0,255.0,-1.0,,,,,,,,
npboost-in_context-log_count-seed4,zlqoc6e1,2026-07-21T11:09:37Z,npboost,in_context,4,rmse,0.1686867000024575,0.279889085242789,0.1802800852657491,0.328211955485877,1011.594580411911,0.8424689769744873,0.8712749481201172,5.076309281445776,121.0,0.0,1.2904721633073898e-05,20.0,0.2325748079967941,0.0,100.0,8.0,255.0,-1.0,,,,,,,,
npboost-in_context-log_count-seed4,zmzqo4ni,2026-07-21T09:47:40Z,npboost,in_context,4,rmse,0.1157376560856128,0.2728903279247487,0.130886451226777,0.3278254874735722,394.4856984615326,0.7061259746551514,0.7909555435180664,6.217478758217374,65.0,0.2,0.000956484407922,10.0,0.0109977032995056,0.0,100.0,4.0,255.0,-1.0,,,,,,,,
npboost-few_shot-log_count-seed0,1he800uj,2026-07-23T18:52:52Z,npboost,few_shot,0,rmse,0.3521945728975184,0.6225819063045107,0.422493955910085,0.733534595351068,150.07388472557068,0.1987955570220947,0.1880474090576172,4.940502963054707,73.0,0.0,0.0001083323625032,10.0,0.1351582698334605,0.0,100.0,8.0,255.0,-1.0,,,,,,,,
npboost-few_shot-log_count-seed0,2y8z0nmx,2026-07-23T18:57:57Z,npboost,few_shot,0,rmse,0.3470027250402114,0.603801087756012,0.3887488189140149,0.6773016330459422,184.2776141166687,0.185122013092041,0.17974853515625,5.278497612639835,96.0,0.2,5.4597054376998136e-05,10.0,0.1053508308667582,0.0,20.0,4.0,255.0,-1.0,,,,,,,,
npboost-few_shot-log_count-seed0,4wmllc04,2026-07-23T19:22:48Z,npboost,few_shot,0,rmse,0.3553754021139705,0.6141447522066606,0.3993111817396678,0.6910884729518033,135.3903272151947,0.1978728771209716,0.1957180500030517,4.933717072456907,60.0,0.0,7.917412954846521e-05,10.0,0.1011064623519062,0.0,20.0,8.0,255.0,-1.0,,,,,,,,
npboost-few_shot-log_count-seed0,54nrld5j,2026-07-23T18:18:17Z,npboost,few_shot,0,rmse,0.3265038583792892,0.5952133289534284,0.4441505726162367,0.7903925298133021,124.50024008750916,0.1994340419769287,0.1997091770172119,5.477564420669838,60.0,0.2,0.0003600091192911,10.0,0.083744968684368,0.0,100.0,16.0,255.0,-1.0,,,,,,,,
npboost-few_shot-log_count-seed0,7crozqoe,2026-07-23T18:35:17Z,npboost,few_shot,0,rmse,0.339979403626685,0.5734631136335531,0.4032189792841975,0.7092998658465296,368.5304336547851,0.191479206085205,0.1740715503692627,5.126954348809748,129.0,0.0,1.5865500409725956e-05,20.0,0.019901994840577,0.0,100.0,4.0,255.0,-1.0,,,,,,,,
npboost-few_shot-log_count-seed0,7wfzzmt2,2026-07-23T18:49:46Z,npboost,few_shot,0,rmse,0.3264357622931985,0.5920554430589798,0.3918196424751204,0.6932800427950218,117.87012219429016,0.155109167098999,0.1628651618957519,5.51237710462163,57.0,0.2,0.0002371245680478,10.0,0.0322020325894309,1.0,100.0,16.0,255.0,-1.0,,,,,,,,
npboost-few_shot-log_count-seed0,9cau5h3f,2026-07-23T18:15:11Z,npboost,few_shot,0,rmse,0.3006336286956189,0.5372339073828932,0.3985757266773897,0.7492988490771303,169.16513180732727,0.170945405960083,0.1700646877288818,5.535826424136981,38.0,0.2,0.0001605191133358,20.0,0.0750195444362012,1.0,20.0,4.0,255.0,-1.0,,,,,,,,
npboost-few_shot-log_count-seed0,afp8vz2l,2026-07-23T19:22:08Z,npboost,few_shot,0,rmse,0.4532529643937653,0.777974508932036,0.5047401907961461,0.8710139063845432,35.185007095336914,0.194007396697998,0.1954753398895263,1.880255727084958,6.0,0.0,3.9184339457363744e-05,5.0,0.7978205565731539,1.0,100.0,16.0,255.0,-1.0,,,,,,,,
npboost-few_shot-log_count-seed0,azky0dcz,2026-07-23T19:01:29Z,npboost,few_shot,0,rmse,0.4254067215265012,0.7271985284020497,0.475983501689671,0.8179017024491585,58.571858644485474,0.1377923488616943,0.1375942230224609,2.884771601964676,15.0,0.0,1.8406671834517417e-05,10.0,0.3476654204795515,0.0,20.0,8.0,255.0,-1.0,,,,,,,,
npboost-few_shot-log_count-seed0,cfehayyj,2026-07-23T18:48:31Z,npboost,few_shot,0,rmse,0.3217251646752451,0.5854689629841268,0.4184468174561042,0.7861431617709911,69.0355224609375,0.1902220249176025,0.1813321113586425,5.516761360378073,18.0,0.2,0.000956484407922,10.0,0.0109977032995056,0.0,100.0,4.0,255.0,-1.0,,,,,,,,
npboost-few_shot-log_count-seed0,ci5r6ox2,2026-07-23T18:30:43Z,npboost,few_shot,0,rmse,0.3400758930281097,0.5906542777427998,0.3789693898168103,0.6602774160712404,59.796751499176025,0.1805484294891357,0.1712632179260254,5.036473156822762,13.0,0.0,0.0004242243954166,10.0,0.5800570688908553,1.0,20.0,4.0,255.0,-1.0,,,,,,,,
npboost-few_shot-log_count-seed0,f4n4nopr,2026-07-23T19:14:40Z,npboost,few_shot,0,rmse,0.4056075750612745,0.6988725162151846,0.4600541925333576,0.801467372806672,155.99122762680054,0.1965324878692627,0.1915376186370849,4.614794754582983,109.0,0.2,1.5820851730418417e-05,5.0,0.0450196136386975,1.0,100.0,16.0,255.0,-1.0,,,,,,,,
npboost-few_shot-log_count-seed0,fazf0bst,2026-07-23T19:06:38Z,npboost,few_shot,0,rmse,0.3621733721564797,0.6315983804088008,0.3990305500146584,0.6936502112863437,107.52316856384276,0.1627697944641113,0.1494336128234863,5.254999712806559,70.0,0.2,0.0001181285816262,5.0,0.0610030224551816,0.0,10.0,8.0,255.0,-1.0,,,,,,,,
npboost-few_shot-log_count-seed0,fumjcu1w,2026-07-23T19:04:41Z,npboost,few_shot,0,rmse,0.3216881247127757,0.5672484986051125,0.3700539857814084,0.661222938787566,111.74481582641602,0.1707689762115478,0.1516742706298828,5.512311804130576,44.0,0.2,0.0001496922341954,10.0,0.0831211929407696,1.0,1000.0,4.0,255.0,-1.0,,,,,,,,
npboost-few_shot-log_count-seed0,g67tmaw3,2026-07-23T19:21:01Z,npboost,few_shot,0,rmse,0.4171048931047028,0.7210801108793417,0.4620154885684742,0.7960056399927142,60.618813276290894,0.169914960861206,0.1435608863830566,5.023450094939203,13.0,0.2,0.0001082971516786,10.0,0.2589103504433043,0.0,20.0,16.0,255.0,-1.0,,,,,,,,
npboost-few_shot-log_count-seed0,kz90tso0,2026-07-23T18:24:33Z,npboost,few_shot,0,rmse,0.3964263916015625,0.6743264189075054,0.4360084765823085,0.7458652671852449,162.19151973724365,0.1723170280456543,0.1916892528533935,4.945267800367099,124.0,0.2,1.343677338411072e-05,5.0,0.1113002415673063,1.0,10.0,4.0,255.0,-1.0,,,,,,,,
npboost-few_shot-log_count-seed0,lu622p4o,2026-07-23T18:55:28Z,npboost,few_shot,0,rmse,0.3114125569661458,0.5526707893931415,0.4172366376339059,0.7867175331278524,69.37103080749512,0.1988754272460937,0.1918714046478271,5.52086998501357,33.0,0.2,0.0008392140711648,5.0,0.0107859712708854,0.0,10.0,8.0,255.0,-1.0,,,,,,,,
npboost-few_shot-log_count-seed0,m9etb8se,2026-07-23T18:46:30Z,npboost,few_shot,0,rmse,0.3139585607192096,0.5699533965362346,0.3781187974415251,0.6781488246816808,116.6667685508728,0.194288969039917,0.1745045185089111,5.508645060328959,87.0,0.2,0.0003013710908533,5.0,0.0130634630331783,0.0,10.0,8.0,255.0,-1.0,,,,,,,,
npboost-few_shot-log_count-seed0,mltv8dsj,2026-07-23T19:11:00Z,npboost,few_shot,0,rmse,0.3283207014495251,0.5736579826940401,0.3619693036495309,0.6290351801168109,79.48362421989441,0.129023790359497,0.1453564167022705,5.464361229173427,27.0,0.0,0.0002507518284371,10.0,0.0302023368339538,1.0,10.0,8.0,255.0,-1.0,,,,,,,,
npboost-few_shot-log_count-seed0,o8hq1rx5,2026-07-23T18:21:25Z,npboost,few_shot,0,rmse,0.3307440963445925,0.5892097894405143,0.3754233462815352,0.6613707752578176,118.77242541313171,0.1930735111236572,0.1890492439270019,5.496921137177307,51.0,0.2,0.0001381635682257,10.0,0.0261669745608544,1.0,20.0,8.0,255.0,-1.0,,,,,,,,
npboost-few_shot-log_count-seed0,ohqlijmi,2026-07-23T18:20:27Z,npboost,few_shot,0,rmse,0.4124558392693014,0.6890195325090377,0.4538410179029855,0.7702688459864095,49.89769148826599,0.1787874698638916,0.148545503616333,2.4078942693438146,17.0,0.2,1.090384328196852e-05,5.0,0.7717846862118062,0.0,20.0,4.0,255.0,-1.0,,,,,,,,
npboost-few_shot-log_count-seed0,qv31pbkj,2026-07-23T18:23:29Z,npboost,few_shot,0,rmse,0.5090967514935661,0.8928692997029161,0.5903693580240555,1.005122570096361,58.96597337722778,0.1947801113128662,0.179215669631958,5.375950823475322,12.0,0.2,0.0004385170256085,10.0,0.8972612866432508,1.0,20.0,8.0,255.0,-1.0,,,,,,,,
npboost-few_shot-log_count-seed0,rfkjpa6m,2026-07-23T18:31:49Z,npboost,few_shot,0,rmse,0.3403263765222886,0.5758957690117855,0.3903590389971317,0.6751932961250562,74.28143501281738,0.1692955493927002,0.1717841625213623,5.512311804130576,44.0,0.0,0.0001721990923545,5.0,0.1380161223304589,0.0,1000.0,16.0,255.0,-1.0,,,,,,,,
npboost-few_shot-log_count-seed0,t3aygwed,2026-07-23T19:12:56Z,npboost,few_shot,0,rmse,0.3074507470224418,0.5630315392207539,0.3646483508375063,0.6533757147619444,99.2573938369751,0.146348237991333,0.158945083618164,5.517475458305271,37.0,0.2,0.0004276097878757,10.0,0.0133482983182945,0.0,100.0,4.0,255.0,-1.0,,,,,,,,
npboost-few_shot-log_count-seed0,twopflji,2026-07-23T19:25:09Z,npboost,few_shot,0,rmse,0.3132368199965533,0.5477734848662948,0.3810568107310947,0.6993730724893775,581.1790246963501,0.1728806495666504,0.1595358848571777,5.512311804130576,213.0,0.2,2.017016316297149e-05,20.0,0.0582929613195039,1.0,1000.0,8.0,255.0,-1.0,,,,,,,,
npboost-few_shot-log_count-seed0,uvl63jub,2026-07-23T18:56:43Z,npboost,few_shot,0,rmse,0.4073340920840992,0.6955714022731867,0.4468568565879342,0.7652637234461939,69.6468517780304,0.1339614391326904,0.1324942111968994,4.25163364347931,37.0,0.2,2.9067203620664195e-05,5.0,0.1823458458254781,0.0,10.0,8.0,255.0,-1.0,,,,,,,,
npboost-few_shot-log_count-seed0,x50wijjo,2026-07-23T18:28:04Z,npboost,few_shot,0,rmse,0.305247407801011,0.5446480698938249,0.3699047405869675,0.6578727112650887,79.29543590545654,0.1468873023986816,0.1525120735168457,5.252509391675633,27.0,0.0,0.0004548624208721,10.0,0.2953847324956156,0.0,20.0,4.0,255.0,-1.0,,,,,,,,
npboost-few_shot-log_count-seed0,xdokm4qe,2026-07-23T18:43:55Z,npboost,few_shot,0,rmse,0.3056243896484375,0.5495663739761649,0.3953291330086048,0.7449129669226101,116.85433983802795,0.1550595760345459,0.1565568447113037,5.512311804130576,25.0,0.2,0.0002563473332261,20.0,0.1427109105814198,1.0,1000.0,8.0,255.0,-1.0,,,,,,,,
npboost-few_shot-log_count-seed0,xh7vgr8e,2026-07-23T18:41:32Z,npboost,few_shot,0,rmse,0.3219439637427236,0.5588801564410742,0.3674599916407834,0.6440914031413473,76.14733052253723,0.1684226989746093,0.1484661102294922,5.492483246790691,25.0,0.0,0.0002780425090632,10.0,0.0105542692281163,1.0,20.0,8.0,255.0,-1.0,,,,,,,,
npboost-few_shot-log_count-seed0,xyx0phj2,2026-07-23T19:02:34Z,npboost,few_shot,0,rmse,0.3906422334558823,0.6591797661471248,0.4406447961896235,0.7545867171958343,121.9981701374054,0.1848444938659668,0.1655116081237793,3.5961190686638407,26.0,0.0,1.2904721633073898e-05,20.0,0.2325748079967941,0.0,100.0,8.0,255.0,-1.0,,,,,,,,
npboost-few_shot-log_count-seed0,yknd57vg,2026-07-23T19:17:22Z,npboost,few_shot,0,rmse,0.3868027630974265,0.6607191371505302,0.4252053777296209,0.7310862112144095,169.82967495918274,0.2180132865905761,0.2011687755584716,4.757122945950607,44.0,0.0,1.702035422361917e-05,20.0,0.0657821692431908,1.0,20.0,16.0,255.0,-1.0,,,,,,,,
npboost-few_shot-log_count-seed0,z2o47b2f,2026-07-23T19:34:55Z,npboost,few_shot,0,rmse,0.357516419653799,0.5928947293075113,0.3958316826191683,0.6718477891635235,127.42845344543456,0.1652290821075439,0.1841402053833008,3.669370897065058,94.0,0.0,3.1392574253118284e-05,5.0,0.1121865737283773,0.0,10.0,4.0,255.0,-1.0,,,,,,,,
npboost-few_shot-log_count-seed1,1y0nz8y0,2026-07-23T20:36:01Z,npboost,few_shot,1,rmse,0.4433326272403493,0.8247777419350114,0.4112581739238664,0.722965008000189,112.27171158790588,0.201150894165039,0.201075792312622,5.973422039014031,25.0,0.2,0.0004276097878757,10.0,0.0133482983182945,0.0,100.0,4.0,255.0,-1.0,,,,,,,,
npboost-few_shot-log_count-seed1,27rw0nff,2026-07-23T20:49:49Z,npboost,few_shot,1,rmse,0.4509295295266544,0.8028916807278152,0.4573884851792279,0.7950957426464536,81.53458571434021,0.2277278900146484,0.2175440788269043,5.529472616967135,15.0,0.0,7.917412954846521e-05,10.0,0.1011064623519062,0.0,20.0,8.0,255.0,-1.0,,,,,,,,
npboost-few_shot-log_count-seed1,36juptde,2026-07-23T19:39:31Z,npboost,few_shot,1,rmse,0.452058500402114,0.8372969843671026,0.4166868621227788,0.7239440866361162,113.38335013389587,0.1662921905517578,0.1515476703643798,5.927009832860895,28.0,0.2,0.0003600091192911,10.0,0.083744968684368,0.0,100.0,16.0,255.0,-1.0,,,,,,,,
npboost-few_shot-log_count-seed1,500nb9lf,2026-07-23T20:33:35Z,npboost,few_shot,1,rmse,0.4039186066272212,0.7731172529574368,0.3940922456629136,0.7069577115768816,100.38278341293336,0.1692049503326416,0.1822319030761718,5.947388954289398,22.0,0.0,0.0002507518284371,10.0,0.0302023368339538,1.0,10.0,8.0,255.0,-1.0,,,,,,,,
npboost-few_shot-log_count-seed1,5gsgn0vk,2026-07-23T19:53:40Z,npboost,few_shot,1,rmse,0.4275080063763787,0.8019918935031379,0.4069359274471507,0.7109161470810695,341.3841025829315,0.2150957584381103,0.2063522338867187,5.7096656760893945,76.0,0.0,1.5865500409725956e-05,20.0,0.019901994840577,0.0,100.0,4.0,255.0,-1.0,,,,,,,,
npboost-few_shot-log_count-seed1,c6nexft3,2026-07-23T20:15:45Z,npboost,few_shot,1,rmse,0.673825013403799,1.154145866403172,0.7077712115119486,1.1990408538694457,52.56813430786133,0.1805942058563232,0.1793015003204345,4.420507437498189,9.0,0.2,2.9067203620664195e-05,5.0,0.1823458458254781,0.0,10.0,8.0,255.0,-1.0,,,,,,,,
npboost-few_shot-log_count-seed1,cevb2isd,2026-07-23T20:46:14Z,npboost,few_shot,1,rmse,0.4839583752202053,0.853179703654107,0.443626194374234,0.7666470838296157,78.03977298736572,0.1703836917877197,0.1890115737915039,5.547709784208754,14.0,0.2,0.0001082971516786,10.0,0.2589103504433043,0.0,20.0,16.0,255.0,-1.0,,,,,,,,
npboost-few_shot-log_count-seed1,cs5z7zzl,2026-07-23T20:09:35Z,npboost,few_shot,1,rmse,0.451693546070772,0.8135494643952855,0.4323915967754289,0.7407689469513916,94.80657291412354,0.1592190265655517,0.142974853515625,5.968115333617148,24.0,0.2,0.000956484407922,10.0,0.0109977032995056,0.0,100.0,4.0,255.0,-1.0,,,,,,,,
npboost-few_shot-log_count-seed1,cuoor8qc,2026-07-23T20:11:15Z,npboost,few_shot,1,rmse,0.4318004533356311,0.7726194603161834,0.4366015864353554,0.7707104344500871,85.67439556121826,0.2200620174407959,0.2176611423492431,5.93575994132106,17.0,0.2,0.0002371245680478,10.0,0.0322020325894309,1.0,100.0,16.0,255.0,-1.0,,,,,,,,
npboost-few_shot-log_count-seed1,cvrwy50f,2026-07-23T19:37:19Z,npboost,few_shot,1,rmse,0.4363607369217218,0.7805864818135225,0.4472213146733302,0.7888671909524855,125.475248336792,0.2309603691101074,0.2293448448181152,5.972614424823571,11.0,0.2,0.0001605191133358,20.0,0.0750195444362012,1.0,20.0,4.0,255.0,-1.0,,,,,,,,
npboost-few_shot-log_count-seed1,d0knq3yo,2026-07-23T20:38:20Z,npboost,few_shot,1,rmse,0.429220640893076,0.7448311930493304,0.4241260004978553,0.7295063263547849,214.92530012130737,0.1888139247894287,0.218264102935791,4.928816199828285,115.0,0.2,1.5820851730418417e-05,5.0,0.0450196136386975,1.0,100.0,16.0,255.0,-1.0,,,,,,,,
npboost-few_shot-log_count-seed1,dvvqsh5r,2026-07-23T20:03:35Z,npboost,few_shot,1,rmse,0.4312125411688113,0.768509521633357,0.3970015881108302,0.687537345776621,208.7775609493256,0.2016503810882568,0.1870238780975341,5.956077647697246,33.0,0.2,0.0002563473332261,20.0,0.1427109105814198,1.0,1000.0,8.0,255.0,-1.0,,,,,,,,
npboost-few_shot-log_count-seed1,eoh3ni4d,2026-07-23T20:52:07Z,npboost,few_shot,1,rmse,0.4497036803002451,0.8408607194355974,0.4273351931104473,0.7590070206598706,483.683390378952,0.1783347129821777,0.1880147457122802,5.948907940357693,113.0,0.2,2.017016316297149e-05,20.0,0.0582929613195039,1.0,1000.0,8.0,255.0,-1.0,,,,,,,,
npboost-few_shot-log_count-seed1,hfh3ugha,2026-07-23T19:59:27Z,npboost,few_shot,1,rmse,0.3947191425398284,0.7710788914026798,0.365467924230239,0.6667311856627073,146.65772247314453,0.1662781238555908,0.1890501976013183,5.963327990986814,43.0,0.0,0.0002780425090632,10.0,0.0105542692281163,1.0,20.0,8.0,255.0,-1.0,,,,,,,,
npboost-few_shot-log_count-seed1,mh7j1dlp,2026-07-23T19:49:43Z,npboost,few_shot,1,rmse,0.4465045106177236,0.7846503436494923,0.4660421334060968,0.8234919127824003,69.1447081565857,0.1660623550415039,0.1776769161224365,5.725073051056028,5.0,0.0,0.0004242243954166,10.0,0.5800570688908553,1.0,20.0,4.0,255.0,-1.0,,,,,,,,
npboost-few_shot-log_count-seed1,muh6qi90,2026-07-23T20:20:27Z,npboost,few_shot,1,rmse,0.4298513973460477,0.7461876761236179,0.4264991909849878,0.7339124637147381,186.5901589393616,0.1747779846191406,0.1988966464996338,4.179419925557833,31.0,0.0,1.2904721633073898e-05,20.0,0.2325748079967941,0.0,100.0,8.0,255.0,-1.0,,,,,,,,
npboost-few_shot-log_count-seed1,octs3btw,2026-07-23T19:45:04Z,npboost,few_shot,1,rmse,0.5720628925398284,0.973415658595308,0.52089371026731,0.8713428520210094,91.8016288280487,0.1878221035003662,0.1932282447814941,6.086839226291135,19.0,0.2,0.0004385170256085,10.0,0.8972612866432508,1.0,20.0,8.0,255.0,-1.0,,,,,,,,
npboost-few_shot-log_count-seed1,ph8vzat5,2026-07-23T20:18:56Z,npboost,few_shot,1,rmse,0.5213386685240502,0.8999754155139198,0.5198604808134191,0.888366883651287,86.17512059211731,0.201179027557373,0.1771812438964843,3.6167126592398615,13.0,0.0,1.8406671834517417e-05,10.0,0.3476654204795515,0.0,20.0,8.0,255.0,-1.0,,,,,,,,
npboost-few_shot-log_count-seed1,qqsmk6x3,2026-07-23T19:50:58Z,npboost,few_shot,1,rmse,0.4116550221162684,0.7803805463477365,0.3902690513461244,0.692971255222985,125.94048643112184,0.2009308338165283,0.2265975475311279,5.337428827056239,55.0,0.0,0.0001721990923545,5.0,0.1380161223304589,0.0,1000.0,16.0,255.0,-1.0,,,,,,,,
npboost-few_shot-log_count-seed1,r73t54xn,2026-07-23T19:41:29Z,npboost,few_shot,1,rmse,0.5039691999846814,0.8736864954341036,0.4941256953220741,0.8397456629809534,50.84735655784607,0.2230229377746582,0.2164299488067627,1.9524531110592136,7.0,0.2,1.090384328196852e-05,5.0,0.7717846862118062,0.0,20.0,4.0,255.0,-1.0,,,,,,,,
npboost-few_shot-log_count-seed1,rw7ww68n,2026-07-23T19:46:43Z,npboost,few_shot,1,rmse,0.5990574257046568,1.0334365435596928,0.6310694077435661,1.0763772700043974,79.79574131965637,0.224553108215332,0.2011651992797851,4.313763229630762,25.0,0.2,1.343677338411072e-05,5.0,0.1113002415673063,1.0,10.0,4.0,255.0,-1.0,,,,,,,,
npboost-few_shot-log_count-seed1,rx15kfkd,2026-07-23T20:12:46Z,npboost,few_shot,1,rmse,0.4311705645392922,0.7776188067874721,0.426622039196538,0.741404609970122,106.80197358131409,0.2089939117431641,0.2267823219299316,5.527367323728137,22.0,0.0,0.0001083323625032,10.0,0.1351582698334605,0.0,100.0,8.0,255.0,-1.0,,,,,,,,
npboost-few_shot-log_count-seed1,s5tpefk5,2026-07-23T20:30:46Z,npboost,few_shot,1,rmse,0.5040355009191176,0.8848853847285563,0.512303191540288,0.8856371748546024,109.75834560394289,0.1675946712493896,0.1899976730346679,5.907339853590839,56.0,0.2,0.0001181285816262,5.0,0.0610030224551816,0.0,10.0,8.0,255.0,-1.0,,,,,,,,
npboost-few_shot-log_count-seed1,sefi2525,2026-07-23T20:14:45Z,npboost,few_shot,1,rmse,0.4505543727500766,0.8004152897536824,0.4945498597388174,0.8569612319509559,55.01577138900757,0.1860911846160888,0.2027204036712646,5.9689227450298015,13.0,0.2,0.0008392140711648,5.0,0.0107859712708854,0.0,10.0,8.0,255.0,-1.0,,,,,,,,
npboost-few_shot-log_count-seed1,sx6b4h5q,2026-07-23T21:00:16Z,npboost,few_shot,1,rmse,0.4597391165939032,0.8015257459130273,0.4726740220013787,0.8172671876608055,125.28693103790285,0.2369706630706787,0.2294733524322509,4.526955584000652,53.0,0.0,3.1392574253118284e-05,5.0,0.1121865737283773,0.0,10.0,4.0,255.0,-1.0,,,,,,,,
npboost-few_shot-log_count-seed1,u64zd29d,2026-07-23T20:42:28Z,npboost,few_shot,1,rmse,0.4341934503293504,0.774279040018087,0.4285547593060662,0.7415905395620311,202.8186686038971,0.1927886009216309,0.1987459659576416,5.259318913200997,33.0,0.0,1.702035422361917e-05,20.0,0.0657821692431908,1.0,20.0,16.0,255.0,-1.0,,,,,,,,
npboost-few_shot-log_count-seed1,uqwp2yqv,2026-07-23T20:47:37Z,npboost,few_shot,1,rmse,0.4740136539234834,0.8242436808718528,0.4526799819048713,0.7791858090906603,72.2053062915802,0.2570581436157226,0.2557618618011474,2.2231303677307515,20.0,0.0,3.9184339457363744e-05,5.0,0.7978205565731539,1.0,100.0,16.0,255.0,-1.0,,,,,,,,
npboost-few_shot-log_count-seed1,utbcnxvz,2026-07-23T20:16:43Z,npboost,few_shot,1,rmse,0.4486706303615196,0.7875549579554665,0.4566705441942402,0.7965249813015889,128.25367379188538,0.2009284496307373,0.1898379325866699,5.700548799333645,36.0,0.2,5.4597054376998136e-05,10.0,0.1053508308667582,0.0,20.0,4.0,255.0,-1.0,,,,,,,,
npboost-few_shot-log_count-seed1,v447izk6,2026-07-23T20:25:09Z,npboost,few_shot,1,rmse,0.4265726725260416,0.7903870587595104,0.3969509947533701,0.6953128571290249,278.35102820396423,0.1471869945526123,0.1701674461364746,5.987410776261149,109.0,0.2,0.0001496922341954,10.0,0.0831211929407696,1.0,1000.0,4.0,255.0,-1.0,,,,,,,,
npboost-few_shot-log_count-seed1,veve891v,2026-07-23T19:48:22Z,npboost,few_shot,1,rmse,0.4245123171338848,0.7450688447620135,0.4310539694393382,0.7523518301317657,72.7136492729187,0.2101507186889648,0.2003791332244873,5.816888921349968,7.0,0.0,0.0004548624208721,10.0,0.2953847324956156,0.0,20.0,4.0,255.0,-1.0,,,,,,,,
npboost-few_shot-log_count-seed1,vmvb7rao,2026-07-23T20:07:10Z,npboost,few_shot,1,rmse,0.4254935769473805,0.7512197563546534,0.4493398928174785,0.785733026689377,79.90589737892151,0.1713130474090576,0.1753032207489013,5.955848225308174,27.0,0.2,0.0003013710908533,5.0,0.0130634630331783,0.0,10.0,8.0,255.0,-1.0,,,,,,,,
npboost-few_shot-log_count-seed1,wn409wsl,2026-07-23T19:42:25Z,npboost,few_shot,1,rmse,0.4253559187346813,0.7946280003798937,0.4102978276271446,0.7312964251456957,149.5808708667755,0.1543385982513427,0.1620240211486816,5.952753970390064,44.0,0.2,0.0001381635682257,10.0,0.0261669745608544,1.0,20.0,8.0,255.0,-1.0,,,,,,,,
npboost-few_shot-log_count-seed2,1b7da6fm,2026-07-23T19:23:29Z,npboost,few_shot,2,rmse,0.3399215399050245,0.6533538432294045,0.334181183459712,0.6299585716748362,131.8897738456726,0.3866610527038574,0.3867902755737304,6.472329275599451,18.0,0.0,0.0002507518284371,10.0,0.0302023368339538,1.0,10.0,8.0,255.0,-1.0,,,,,,,,
npboost-few_shot-log_count-seed2,25r3p8tg,2026-07-23T18:31:41Z,npboost,few_shot,2,rmse,0.3955283969056373,0.6857321966485955,0.3869303983800552,0.6683043071719232,77.002361536026,0.3370811939239502,0.3057425022125244,6.125780095943815,3.0,0.0,0.0004242243954166,10.0,0.5800570688908553,1.0,20.0,4.0,255.0,-1.0,,,,,,,,
npboost-few_shot-log_count-seed2,2iv44wue,2026-07-23T18:51:37Z,npboost,few_shot,2,rmse,0.3548282997280944,0.710870326485587,0.349002135033701,0.6803426185615997,129.5560405254364,0.3195774555206299,0.272618293762207,6.498107162927593,44.0,0.2,0.0003013710908533,5.0,0.0130634630331783,0.0,10.0,8.0,255.0,-1.0,,,,,,,,
npboost-few_shot-log_count-seed2,2oeueo9z,2026-07-23T18:18:13Z,npboost,few_shot,2,rmse,0.3645121256510417,0.6793398346025692,0.3548735375497855,0.6581955579985541,93.6756510734558,0.3164441585540771,0.2685134410858154,6.432844431695047,9.0,0.2,0.0003600091192911,10.0,0.083744968684368,0.0,100.0,16.0,255.0,-1.0,,,,,,,,
npboost-few_shot-log_count-seed2,540dz1d4,2026-07-23T18:23:42Z,npboost,few_shot,2,rmse,0.5885104310278799,0.9793685112145538,0.6662011240042892,1.106645033151388,120.6637761592865,0.3768930435180664,0.3664538860321045,6.438348052769316,17.0,0.2,0.0004385170256085,10.0,0.8972612866432508,1.0,20.0,8.0,255.0,-1.0,,,,,,,,
npboost-few_shot-log_count-seed2,6f1reavn,2026-07-23T19:00:39Z,npboost,few_shot,2,rmse,0.3614381378772212,0.6699089475660822,0.3817380119772518,0.7125897340372948,72.357088804245,0.3387765884399414,0.3004224300384521,6.508432401584272,12.0,0.2,0.0008392140711648,5.0,0.0107859712708854,0.0,10.0,8.0,255.0,-1.0,,,,,,,,
npboost-few_shot-log_count-seed2,79wgsao7,2026-07-23T18:25:53Z,npboost,few_shot,2,rmse,0.5384230071423101,0.9291559487957214,0.5582347795075061,0.9660580445310608,142.87204337120056,0.3490893840789795,0.3663928508758545,5.043572763433211,48.0,0.2,1.343677338411072e-05,5.0,0.1113002415673063,1.0,10.0,4.0,255.0,-1.0,,,,,,,,
npboost-few_shot-log_count-seed2,7dlnnoo3,2026-07-23T19:02:38Z,npboost,few_shot,2,rmse,0.5574490416283701,0.9654328283753392,0.5968286850873161,1.031743135312873,102.21522760391235,0.3717632293701172,0.3748872280120849,5.065869577313192,26.0,0.2,2.9067203620664195e-05,5.0,0.1823458458254781,0.0,10.0,8.0,255.0,-1.0,,,,,,,,
npboost-few_shot-log_count-seed2,83l7fjgu,2026-07-23T19:42:45Z,npboost,few_shot,2,rmse,0.3715879552504596,0.6823356362791987,0.3623665005553002,0.6484340818485179,155.41605496406555,0.3496205806732178,0.3877952098846435,5.980009535378251,28.0,0.0,7.917412954846521e-05,10.0,0.1011064623519062,0.0,20.0,8.0,255.0,-1.0,,,,,,,,
npboost-few_shot-log_count-seed2,97ifji0b,2026-07-23T18:21:40Z,npboost,few_shot,2,rmse,0.395814364564185,0.7284598493206182,0.3899800319297641,0.7061982059361527,115.46755814552309,0.4014246463775635,0.3606648445129394,6.458666774935707,15.0,0.2,0.0001381635682257,10.0,0.0261669745608544,1.0,20.0,8.0,255.0,-1.0,,,,,,,,
npboost-few_shot-log_count-seed2,cd50r11y,2026-07-23T18:35:58Z,npboost,few_shot,2,rmse,0.3675523944929534,0.6924144234120654,0.3592574774050245,0.661313662444004,455.7194793224335,0.3372642993927002,0.3383617401123047,6.191366621460204,78.0,0.0,1.5865500409725956e-05,20.0,0.019901994840577,0.0,100.0,4.0,255.0,-1.0,,,,,,,,
npboost-few_shot-log_count-seed2,e4ms8laj,2026-07-23T19:41:29Z,npboost,few_shot,2,rmse,0.6232296214384191,1.0750404507562403,0.6340028052236519,1.0915366980865375,70.4062602519989,0.41526198387146,0.389427900314331,3.0314520642482528,7.0,0.0,3.9184339457363744e-05,5.0,0.7978205565731539,1.0,100.0,16.0,255.0,-1.0,,,,,,,,
npboost-few_shot-log_count-seed2,fts7rbnh,2026-07-23T19:52:17Z,npboost,few_shot,2,rmse,0.4309389600566789,0.7657410122387238,0.4356137144799326,0.772249350539166,217.05540585517883,0.3298003673553467,0.4075961112976074,4.958345823831408,78.0,0.0,3.1392574253118284e-05,5.0,0.1121865737283773,0.0,10.0,4.0,255.0,-1.0,,,,,,,,
npboost-few_shot-log_count-seed2,fuauy9un,2026-07-23T19:20:37Z,npboost,few_shot,2,rmse,0.3997018253102022,0.7082256580336961,0.3988786285998774,0.7090772644224,105.78055119514464,0.3434512615203857,0.4394040107727051,6.200346373516485,29.0,0.2,0.0001181285816262,5.0,0.0610030224551816,0.0,10.0,8.0,255.0,-1.0,,,,,,,,
npboost-few_shot-log_count-seed2,g1kdifcq,2026-07-23T18:43:40Z,npboost,few_shot,2,rmse,0.3394184187346813,0.6756843151078097,0.3299662870519301,0.6382336758622915,158.0275547504425,0.3264281749725342,0.2810962200164795,6.50080555072771,34.0,0.0,0.0002780425090632,10.0,0.0105542692281163,1.0,20.0,8.0,255.0,-1.0,,,,,,,,
npboost-few_shot-log_count-seed2,ggqys6vr,2026-07-23T19:08:25Z,npboost,few_shot,2,rmse,0.4956236297009038,0.8685367848010697,0.5192635330499388,0.9078245685697282,230.20893669128407,0.2452402114868164,0.2833445072174072,4.108881349182975,58.0,0.0,1.8406671834517417e-05,10.0,0.3476654204795515,0.0,20.0,8.0,255.0,-1.0,,,,,,,,
npboost-few_shot-log_count-seed2,gjckbw58,2026-07-23T18:56:32Z,npboost,few_shot,2,rmse,0.3678111656039369,0.7019002922325138,0.3594611373602175,0.6759252150471933,109.86182355880736,0.3123676776885986,0.3092069625854492,6.471364306127957,15.0,0.2,0.0002371245680478,10.0,0.0322020325894309,1.0,100.0,16.0,255.0,-1.0,,,,,,,,
npboost-few_shot-log_count-seed2,heu8ixqa,2026-07-23T18:48:04Z,npboost,few_shot,2,rmse,0.3694504382563572,0.7191149012508726,0.3565545773973652,0.6792360203070518,150.93539714813232,0.3197550773620605,0.3415026664733886,6.506759883634121,9.0,0.2,0.0002563473332261,20.0,0.1427109105814198,1.0,1000.0,8.0,255.0,-1.0,,,,,,,,
npboost-few_shot-log_count-seed2,iq1oju7n,2026-07-23T19:30:07Z,npboost,few_shot,2,rmse,0.5033308440563725,0.8731024291246405,0.5055957270603554,0.88124015692809,177.60131978988647,0.4037008285522461,0.4679603576660156,5.273102369956858,56.0,0.2,1.5820851730418417e-05,5.0,0.0450196136386975,1.0,100.0,16.0,255.0,-1.0,,,,,,,,
npboost-few_shot-log_count-seed2,iqu7hku8,2026-07-23T19:39:17Z,npboost,few_shot,2,rmse,0.5218887628293505,0.8979491692386746,0.5314637427236519,0.9173763107479668,126.03255367279051,0.359968900680542,0.3199636936187744,6.106711787469686,17.0,0.2,0.0001082971516786,10.0,0.2589103504433043,0.0,20.0,16.0,255.0,-1.0,,,,,,,,
npboost-few_shot-log_count-seed2,ixlj5lte,2026-07-23T18:58:28Z,npboost,few_shot,2,rmse,0.3872214822208181,0.7032034479388399,0.3835940491919424,0.6858344251316448,125.2239954471588,0.4317755699157715,0.4365947246551513,6.008797106541821,19.0,0.0,0.0001083323625032,10.0,0.1351582698334605,0.0,100.0,8.0,255.0,-1.0,,,,,,,,
npboost-few_shot-log_count-seed2,iz9ttmem,2026-07-23T18:15:11Z,npboost,few_shot,2,rmse,0.3917493932387408,0.7379245562342812,0.3839907178691789,0.7095137472246329,165.63276433944702,0.3982188701629638,0.3685097694396972,6.507287850309607,8.0,0.2,0.0001605191133358,20.0,0.0750195444362012,1.0,20.0,4.0,255.0,-1.0,,,,,,,,
npboost-few_shot-log_count-seed2,j24jq64p,2026-07-23T19:04:26Z,npboost,few_shot,2,rmse,0.416628968481924,0.7455043109113259,0.4125170539407169,0.736027982909,197.3644244670868,0.3965208530426025,0.4016540050506592,6.155943967589838,42.0,0.2,5.4597054376998136e-05,10.0,0.1053508308667582,0.0,20.0,4.0,255.0,-1.0,,,,,,,,
npboost-few_shot-log_count-seed2,ju53i0s3,2026-07-23T19:46:33Z,npboost,few_shot,2,rmse,0.4292760512408088,0.7824519317303044,0.4222235586128983,0.7644087523120178,337.8429231643677,0.4261765480041504,0.386643648147583,6.378327194316637,44.0,0.2,2.017016316297149e-05,20.0,0.0582929613195039,1.0,1000.0,8.0,255.0,-1.0,,,,,,,,
npboost-few_shot-log_count-seed2,kz8cwogy,2026-07-23T19:12:42Z,npboost,few_shot,2,rmse,0.4779193055395986,0.8407707332035455,0.4806430592256434,0.8460375766710196,320.23917722702026,0.3356771469116211,0.3458590507507324,4.813901797431821,45.0,0.0,1.2904721633073898e-05,20.0,0.2325748079967941,0.0,100.0,8.0,255.0,-1.0,,,,,,,,
npboost-few_shot-log_count-seed2,qoajr644,2026-07-23T18:30:04Z,npboost,few_shot,2,rmse,0.3436742146809896,0.6225673473744252,0.3365548526539522,0.6030398815000249,90.95944142341614,0.3771193027496338,0.3415436744689941,6.355855413013434,7.0,0.0,0.0004548624208721,10.0,0.2953847324956156,0.0,20.0,4.0,255.0,-1.0,,,,,,,,
npboost-few_shot-log_count-seed2,uysb143u,2026-07-23T18:20:11Z,npboost,few_shot,2,rmse,0.5802036659390318,1.0058103985685067,0.6033973245059743,1.0493659984950845,64.98764276504517,0.3092679977416992,0.3352701663970947,2.459400384649568,6.0,0.2,1.090384328196852e-05,5.0,0.7717846862118062,0.0,20.0,4.0,255.0,-1.0,,,,,,,,
npboost-few_shot-log_count-seed2,wj0zlr08,2026-07-23T19:27:59Z,npboost,few_shot,2,rmse,0.3476427265242034,0.6817396205653925,0.3408717735140931,0.6580180197456992,120.87191772460938,0.3622288703918457,0.357734203338623,6.511258562813024,15.0,0.2,0.0004276097878757,10.0,0.0133482983182945,0.0,100.0,4.0,255.0,-1.0,,,,,,,,
npboost-few_shot-log_count-seed2,wxnran4x,2026-07-23T19:18:09Z,npboost,few_shot,2,rmse,0.388805524040671,0.7488624478210425,0.3790413351619945,0.7125017197783365,140.98638129234314,0.3257293701171875,0.3806018829345703,6.477920413550642,23.0,0.2,0.0001496922341954,10.0,0.0831211929407696,1.0,1000.0,4.0,255.0,-1.0,,,,,,,,
npboost-few_shot-log_count-seed2,wypjylgq,2026-07-23T19:33:12Z,npboost,few_shot,2,rmse,0.3925300149356617,0.7010721735613225,0.3825553146063112,0.6717718155286508,332.8615024089813,0.340062141418457,0.3607912063598633,5.752873693645616,49.0,0.0,1.702035422361917e-05,20.0,0.0657821692431908,1.0,20.0,16.0,255.0,-1.0,,,,,,,,
npboost-few_shot-log_count-seed2,x5xvb26c,2026-07-23T18:54:28Z,npboost,few_shot,2,rmse,0.3540332569795496,0.6810741987200768,0.3369140625,0.6378945308854277,117.52779579162598,0.3606784343719482,0.4190373420715332,6.51500772079476,15.0,0.2,0.000956484407922,10.0,0.0109977032995056,0.0,100.0,4.0,255.0,-1.0,,,,,,,,
npboost-few_shot-log_count-seed2,xxxc9lpb,2026-07-23T18:33:56Z,npboost,few_shot,2,rmse,0.3573357376397825,0.6748149038531263,0.3516839719286151,0.6494560993931637,116.42034244537354,0.3687512874603271,0.381192684173584,5.95640615728382,33.0,0.0,0.0001721990923545,5.0,0.1380161223304589,0.0,1000.0,16.0,255.0,-1.0,,,,,,,,
npboost-few_shot-log_count-seed3,0lnsnutb,2026-07-23T21:58:25Z,npboost,few_shot,3,rmse,0.2867860955707097,0.4340157006749949,0.2942335408325804,0.4572011573962411,436.26694107055664,0.2872066497802734,0.2577700614929199,5.41400648479639,142.0,0.2,1.5820851730418417e-05,5.0,0.0450196136386975,1.0,100.0,16.0,255.0,-1.0,,,,,,,,
npboost-few_shot-log_count-seed3,3gwb76e8,2026-07-23T20:50:25Z,npboost,few_shot,3,rmse,0.2332724574080492,0.442674295460073,0.2504666937906982,0.4937998858858569,231.57411122322085,0.3953945636749267,0.3556411266326904,6.709747939902211,29.0,0.0,0.0002780425090632,10.0,0.0105542692281163,1.0,20.0,8.0,255.0,-1.0,,,,,,,,
npboost-few_shot-log_count-seed3,54b65df1,2026-07-23T21:33:34Z,npboost,few_shot,3,rmse,0.2762183420441799,0.4172636199280526,0.2812067338024988,0.4368450826602586,439.759827375412,0.3255209922790527,0.3394765853881836,4.7511971879745545,52.0,0.0,1.2904721633073898e-05,20.0,0.2325748079967941,0.0,100.0,8.0,255.0,-1.0,,,,,,,,
npboost-few_shot-log_count-seed3,6hp3qh70,2026-07-23T21:28:03Z,npboost,few_shot,3,rmse,0.2834003786978907,0.4517403359280904,0.2960558631722021,0.4897431089007823,205.0660419464112,0.2901136875152588,0.2831814289093017,6.321073573877501,32.0,0.2,5.4597054376998136e-05,10.0,0.1053508308667582,0.0,20.0,4.0,255.0,-1.0,,,,,,,,
npboost-few_shot-log_count-seed3,6hrb9tzs,2026-07-23T20:17:41Z,npboost,few_shot,3,rmse,0.3180822826929368,0.4715445537921248,0.3247464028812001,0.4954499038606093,177.65483164787292,0.4419982433319092,0.3935136795043946,4.6404177694257385,35.0,0.2,1.343677338411072e-05,5.0,0.1113002415673063,1.0,10.0,4.0,255.0,-1.0,,,,,,,,
npboost-few_shot-log_count-seed3,8f4xuv94,2026-07-23T20:33:47Z,npboost,few_shot,3,rmse,0.2635445409377336,0.4636005593519372,0.28490462450539,0.5251953748127899,923.164056777954,0.3761732578277588,0.3794448375701904,6.358228238155221,113.0,0.0,1.5865500409725956e-05,20.0,0.019901994840577,0.0,100.0,4.0,255.0,-1.0,,,,,,,,
npboost-few_shot-log_count-seed3,9joir1x7,2026-07-23T22:35:51Z,npboost,few_shot,3,rmse,0.3075493672790223,0.4609557536264873,0.3054898719369236,0.4547693233000192,138.08174324035645,0.2275290489196777,0.2707366943359375,4.899570528305598,33.0,0.0,3.1392574253118284e-05,5.0,0.1121865737283773,0.0,10.0,4.0,255.0,-1.0,,,,,,,,
npboost-few_shot-log_count-seed3,9stro3wp,2026-07-23T19:56:09Z,npboost,few_shot,3,rmse,0.2344847476613129,0.4476148101085971,0.2378920215671345,0.4540554945259346,398.4064500331879,0.3941962718963623,0.4120495319366455,6.71685311116133,34.0,0.2,0.0001605191133358,20.0,0.0750195444362012,1.0,20.0,4.0,255.0,-1.0,,,,,,,,
npboost-few_shot-log_count-seed3,a6910kvl,2026-07-23T20:11:07Z,npboost,few_shot,3,rmse,0.2636118134853252,0.465117691443821,0.2807196696044678,0.5063002461593766,238.4260566234589,0.3547384738922119,0.3380618095397949,6.68047475777528,32.0,0.2,0.0001381635682257,10.0,0.0261669745608544,1.0,20.0,8.0,255.0,-1.0,,,,,,,,
npboost-few_shot-log_count-seed3,c7wp2j79,2026-07-23T20:54:41Z,npboost,few_shot,3,rmse,0.2304772997900828,0.4398496682872667,0.2376273584033057,0.4564935867567574,439.0990879535675,0.4684998989105224,0.4052376747131348,6.68996032405321,38.0,0.2,0.0002563473332261,20.0,0.1427109105814198,1.0,1000.0,8.0,255.0,-1.0,,,,,,,,
npboost-few_shot-log_count-seed3,d9vsgufg,2026-07-23T21:24:04Z,npboost,few_shot,3,rmse,0.2868197774839544,0.4374915193093882,0.2995134469637961,0.4784923580158707,231.90164589881897,0.3126990795135498,0.3136179447174072,5.586599735770387,78.0,0.2,2.9067203620664195e-05,5.0,0.1823458458254781,0.0,10.0,8.0,255.0,-1.0,,,,,,,,
npboost-few_shot-log_count-seed3,dgno0l01,2026-07-23T22:12:15Z,npboost,few_shot,3,rmse,0.2772849359635936,0.42584776224997,0.2836870857155097,0.4457514288493537,141.05965733528137,0.3234395980834961,0.3384988307952881,6.081928292812224,13.0,0.2,0.0001082971516786,10.0,0.2589103504433043,0.0,20.0,16.0,255.0,-1.0,,,,,,,,
npboost-few_shot-log_count-seed3,drk8oyrr,2026-07-23T21:15:44Z,npboost,few_shot,3,rmse,0.2483382068151016,0.4128693404207414,0.2639186018604343,0.4639320241361858,221.09415578842163,0.3539910316467285,0.4044802188873291,6.188656466548726,30.0,0.0,0.0001083323625032,10.0,0.1351582698334605,0.0,100.0,8.0,255.0,-1.0,,,,,,,,
npboost-few_shot-log_count-seed3,eyqhyayd,2026-07-23T22:20:37Z,npboost,few_shot,3,rmse,0.264813348041812,0.4722556948538269,0.2710419766092348,0.4909487617377107,822.2249202728271,0.2711818218231201,0.260310411453247,6.608437761088534,117.0,0.2,2.017016316297149e-05,20.0,0.0582929613195039,1.0,1000.0,8.0,255.0,-1.0,,,,,,,,
npboost-few_shot-log_count-seed3,eyteiqo0,2026-07-23T20:03:29Z,npboost,few_shot,3,rmse,0.243370991761045,0.4432113695378549,0.2570430797451395,0.4758023214110494,191.7398302555084,0.4163732528686523,0.4225759506225586,6.62350308009103,19.0,0.2,0.0003600091192911,10.0,0.083744968684368,0.0,100.0,16.0,255.0,-1.0,,,,,,,,
npboost-few_shot-log_count-seed3,fvpy4kbw,2026-07-23T21:10:43Z,npboost,few_shot,3,rmse,0.2345145350082564,0.4269179788906109,0.2516983351702704,0.476127305879773,215.0864760875702,0.33465576171875,0.3289179801940918,6.678705727983147,29.0,0.2,0.0002371245680478,10.0,0.0322020325894309,1.0,100.0,16.0,255.0,-1.0,,,,,,,,
npboost-few_shot-log_count-seed3,iz0rp0lg,2026-07-23T21:44:27Z,npboost,few_shot,3,rmse,0.2732182176614687,0.4459681441965636,0.2861136439314868,0.4801503705982561,148.25260591506958,0.2754473686218261,0.2571494579315185,6.379202062880579,39.0,0.2,0.0001181285816262,5.0,0.0610030224551816,0.0,10.0,8.0,255.0,-1.0,,,,,,,,
npboost-few_shot-log_count-seed3,jsrf3zns,2026-07-23T21:07:25Z,npboost,few_shot,3,rmse,0.2409540178293245,0.452216829985074,0.2468699096801392,0.4749447307858814,189.9058756828308,0.3478085994720459,0.36525559425354,6.711549754178474,22.0,0.2,0.000956484407922,10.0,0.0109977032995056,0.0,100.0,4.0,255.0,-1.0,,,,,,,,
npboost-few_shot-log_count-seed3,kh2lmdp5,2026-07-23T21:02:07Z,npboost,few_shot,3,rmse,0.2266530182402013,0.4292261505407011,0.2481940165830633,0.4825117783281721,311.7232518196106,0.3211326599121094,0.3773534297943115,6.695926322257262,88.0,0.2,0.0003013710908533,5.0,0.0130634630331783,0.0,10.0,8.0,255.0,-1.0,,,,,,,,
npboost-few_shot-log_count-seed3,lp3wklku,2026-07-23T20:30:42Z,npboost,few_shot,3,rmse,0.2573155472547202,0.4389213938003629,0.2695294244220463,0.4830937676916047,178.77765536308289,0.3676748275756836,0.3857872486114502,6.117538521287198,41.0,0.0,0.0001721990923545,5.0,0.1380161223304589,0.0,1000.0,16.0,255.0,-1.0,,,,,,,,
npboost-few_shot-log_count-seed3,lwlfsuqh,2026-07-23T20:15:36Z,npboost,few_shot,3,rmse,0.3051611766263709,0.4943846033188248,0.3095640751086584,0.5101060486395157,119.02361917495728,0.3903274536132813,0.3505589962005615,6.544407368286354,3.0,0.2,0.0004385170256085,10.0,0.8972612866432508,1.0,20.0,8.0,255.0,-1.0,,,,,,,,
npboost-few_shot-log_count-seed3,mxxjpvul,2026-07-23T21:41:00Z,npboost,few_shot,3,rmse,0.2549932599661951,0.4516081340766262,0.2726660716093906,0.4946237691099127,199.6729965209961,0.2699928283691406,0.317575454711914,6.638519483949558,32.0,0.2,0.0001496922341954,10.0,0.0831211929407696,1.0,1000.0,4.0,255.0,-1.0,,,,,,,,
npboost-few_shot-log_count-seed3,mzznaq8p,2026-07-23T21:52:10Z,npboost,few_shot,3,rmse,0.2297439042735076,0.4346677042750491,0.2366611712713422,0.4463513284182918,367.178151845932,0.2855384349822998,0.2752225399017334,6.708545489458917,79.0,0.2,0.0004276097878757,10.0,0.0133482983182945,0.0,100.0,4.0,255.0,-1.0,,,,,,,,
npboost-few_shot-log_count-seed3,pgtuh679,2026-07-23T20:06:47Z,npboost,few_shot,3,rmse,0.3479228452338297,0.5483836366399614,0.3561027123707004,0.5693388352525453,139.67082929611206,0.2800538539886474,0.2632262706756592,4.349302710129876,23.0,0.2,1.090384328196852e-05,5.0,0.7717846862118062,0.0,20.0,4.0,255.0,-1.0,,,,,,,,
npboost-few_shot-log_count-seed3,rb1ckfet,2026-07-23T22:05:54Z,npboost,few_shot,3,rmse,0.2962111894297576,0.4591453347753162,0.2985812460080695,0.470194961819561,331.3083040714264,0.2534332275390625,0.2589843273162842,5.85560984888937,32.0,0.0,1.702035422361917e-05,20.0,0.0657821692431908,1.0,20.0,16.0,255.0,-1.0,,,,,,,,
npboost-few_shot-log_count-seed3,s0i12o77,2026-07-23T20:20:45Z,npboost,few_shot,3,rmse,0.2459474907796142,0.4277686424805618,0.265953604031655,0.488495366972369,143.45982551574707,0.2953231334686279,0.3361945152282715,6.483022413172288,10.0,0.0,0.0004548624208721,10.0,0.2953847324956156,0.0,20.0,4.0,255.0,-1.0,,,,,,,,
npboost-few_shot-log_count-seed3,sbjt3kpd,2026-07-23T21:21:56Z,npboost,few_shot,3,rmse,0.2489939848423479,0.453464681343217,0.2593649106391762,0.4820153180412971,122.5476188659668,0.3563618659973144,0.3405039310455322,6.704713313833652,22.0,0.2,0.0008392140711648,5.0,0.0107859712708854,0.0,10.0,8.0,255.0,-1.0,,,,,,,,
npboost-few_shot-log_count-seed3,uor62dop,2026-07-23T22:14:46Z,npboost,few_shot,3,rmse,0.3170272507672295,0.4801660946676438,0.3240302590762867,0.5010782102856264,99.32366561889648,0.3225500583648681,0.3260853290557861,2.7011954323528946,13.0,0.0,3.9184339457363744e-05,5.0,0.7978205565731539,1.0,100.0,16.0,255.0,-1.0,,,,,,,,
npboost-few_shot-log_count-seed3,w70ennd2,2026-07-23T20:23:25Z,npboost,few_shot,3,rmse,0.2396457478151483,0.4181337724265564,0.2582088938263335,0.4756432947188298,372.31794571876526,0.3536314964294433,0.4106919765472412,6.425561102782772,72.0,0.0,0.0004242243954166,10.0,0.5800570688908553,1.0,20.0,4.0,255.0,-1.0,,,,,,,,
npboost-few_shot-log_count-seed3,wu1psjy4,2026-07-23T21:31:33Z,npboost,few_shot,3,rmse,0.3180880941160892,0.4609192440011945,0.3250213349210182,0.4845012347763966,113.39426803588869,0.3739035129547119,0.3458819389343261,4.080372699646708,8.0,0.0,1.8406671834517417e-05,10.0,0.3476654204795515,0.0,20.0,8.0,255.0,-1.0,,,,,,,,
npboost-few_shot-log_count-seed3,xqe85y3x,2026-07-23T22:17:06Z,npboost,few_shot,3,rmse,0.2647435805376838,0.4277536767721205,0.2755066100526545,0.4637308323237542,203.1979801654816,0.2772819995880127,0.3055989742279053,6.102009146074118,30.0,0.0,7.917412954846521e-05,10.0,0.1011064623519062,0.0,20.0,8.0,255.0,-1.0,,,,,,,,
npboost-few_shot-log_count-seed3,zx0ekyq5,2026-07-23T21:47:04Z,npboost,few_shot,3,rmse,0.224450640996931,0.4426935778984246,0.2256923686946971,0.4536537221067491,298.4354074001312,0.1958849430084228,0.2186198234558105,6.684584526744134,59.0,0.0,0.0002507518284371,10.0,0.0302023368339538,1.0,10.0,8.0,255.0,-1.0,,,,,,,,
npboost-few_shot-log_count-seed4,08l3sbau,2026-07-23T19:18:06Z,npboost,few_shot,4,rmse,0.2903385643197709,0.526158695250168,0.2842330819084531,0.5080942854108029,183.29712772369385,0.2446134090423584,0.2474622726440429,6.5143701111052055,15.0,0.2,0.0002371245680478,10.0,0.0322020325894309,1.0,100.0,16.0,255.0,-1.0,,,,,,,,
npboost-few_shot-log_count-seed4,2qh6d97f,2026-07-23T19:45:31Z,npboost,few_shot,4,rmse,0.2945643192579766,0.5429750199555731,0.2790813857285434,0.4982842512102077,260.4728181362152,0.291926622390747,0.3237760066986084,6.532149280521734,36.0,0.2,0.0001496922341954,10.0,0.0831211929407696,1.0,1000.0,4.0,255.0,-1.0,,,,,,,,
npboost-few_shot-log_count-seed4,3405qzyz,2026-07-23T19:21:15Z,npboost,few_shot,4,rmse,0.3149099269834887,0.523680695654442,0.3000688986803488,0.4865883326271832,143.48646426200867,0.2575173377990722,0.3362317085266113,6.1469013734003575,9.0,0.0,0.0001083323625032,10.0,0.1351582698334605,0.0,100.0,8.0,255.0,-1.0,,,,,,,,
npboost-few_shot-log_count-seed4,3432j3fx,2026-07-23T19:05:21Z,npboost,few_shot,4,rmse,0.2529735725466944,0.4919725025430996,0.2194508628239707,0.4143413086796993,218.2346043586731,0.3070001602172851,0.3394768238067627,6.522208105803096,25.0,0.0,0.0002780425090632,10.0,0.0105542692281163,1.0,20.0,8.0,255.0,-1.0,,,,,,,,
npboost-few_shot-log_count-seed4,4ukarm16,2026-07-23T18:25:00Z,npboost,few_shot,4,rmse,0.3220075078371192,0.5104408711420311,0.3283770773145887,0.548998264845271,254.992604970932,0.2859690189361572,0.2872803211212158,6.502834333986475,62.0,0.2,1.090384328196852e-05,5.0,0.7717846862118062,0.0,20.0,4.0,255.0,-1.0,,,,,,,,
npboost-few_shot-log_count-seed4,78803c8v,2026-07-23T18:20:21Z,npboost,few_shot,4,rmse,0.2884910647608653,0.5251031312010239,0.2695209139869327,0.4701481821182806,271.81311225891113,0.2110850811004638,0.2559304237365722,6.5451407653746205,36.0,0.2,0.0003600091192911,10.0,0.083744968684368,0.0,100.0,16.0,255.0,-1.0,,,,,,,,
npboost-few_shot-log_count-seed4,9trpoarn,2026-07-23T19:23:45Z,npboost,few_shot,4,rmse,0.2864684417468159,0.5457187258378178,0.2700269159185823,0.4956358133930463,120.44544434547424,0.2475414276123047,0.2982699871063232,6.52424898912698,15.0,0.2,0.0008392140711648,5.0,0.0107859712708854,0.0,10.0,8.0,255.0,-1.0,,,,,,,,
npboost-few_shot-log_count-seed4,a0fo1t9r,2026-07-23T19:53:30Z,npboost,few_shot,4,rmse,0.2628388925760734,0.5234042509034469,0.2337089821144386,0.447677754640876,219.0607569217682,0.2619659900665283,0.2464895248413086,6.494934776121402,25.0,0.0,0.0002507518284371,10.0,0.0302023368339538,1.0,10.0,8.0,255.0,-1.0,,,,,,,,
npboost-few_shot-log_count-seed4,ac7lqnjc,2026-07-23T19:31:16Z,npboost,few_shot,4,rmse,0.2992564610072544,0.5118414281477237,0.2914894951714409,0.4926317367729603,257.743200302124,0.3029944896697998,0.2898356914520263,6.344512682261269,33.0,0.2,5.4597054376998136e-05,10.0,0.1053508308667582,0.0,20.0,4.0,255.0,-1.0,,,,,,,,
npboost-few_shot-log_count-seed4,aed33jf5,2026-07-23T20:20:30Z,npboost,few_shot,4,rmse,0.3129709388027672,0.4984392743700328,0.3044018947258197,0.4776396758211864,147.55033826828003,0.2594659328460693,0.3043928146362304,6.124334133819541,9.0,0.0,7.917412954846521e-05,10.0,0.1011064623519062,0.0,20.0,8.0,255.0,-1.0,,,,,,,,
npboost-few_shot-log_count-seed4,ahtjigbb,2026-07-23T19:39:29Z,npboost,few_shot,4,rmse,0.2890455101718421,0.4358773296336893,0.2758076945309916,0.3971947583079775,354.2679417133332,0.2172527313232422,0.2401180267333984,4.986922327444913,25.0,0.0,1.2904721633073898e-05,20.0,0.2325748079967941,0.0,100.0,8.0,255.0,-1.0,,,,,,,,
npboost-few_shot-log_count-seed4,co8wd0x0,2026-07-23T19:50:07Z,npboost,few_shot,4,rmse,0.2894213700494846,0.5127767476285212,0.2724647814634616,0.4687341221125792,197.15635895729065,0.2859976291656494,0.2768428325653076,6.403480876333799,38.0,0.2,0.0001181285816262,5.0,0.0610030224551816,0.0,10.0,8.0,255.0,-1.0,,,,,,,,
npboost-few_shot-log_count-seed4,dlrouqx2,2026-07-23T18:55:47Z,npboost,few_shot,4,rmse,0.2902070053485261,0.5007101631796396,0.2694836207798549,0.4439882931057412,137.51584434509277,0.2214860916137695,0.2448747158050537,6.006929707516866,21.0,0.0,0.0001721990923545,5.0,0.1380161223304589,0.0,1000.0,16.0,255.0,-1.0,,,,,,,,
npboost-few_shot-log_count-seed4,euyzlj24,2026-07-23T18:42:41Z,npboost,few_shot,4,rmse,0.3179893814215139,0.503930378558206,0.3239503143956421,0.527973388583807,331.2605571746826,0.196620225906372,0.2220728397369384,5.645355573748946,89.0,0.2,1.343677338411072e-05,5.0,0.1113002415673063,1.0,10.0,4.0,255.0,-1.0,,,,,,,,
npboost-few_shot-log_count-seed4,k3vxlw9f,2026-07-23T18:52:24Z,npboost,few_shot,4,rmse,0.2796379538143382,0.5393600495849968,0.2428768036857484,0.4433982635352182,197.1270921230316,0.2303905487060547,0.2311427593231201,6.482628895595121,19.0,0.0,0.0004242243954166,10.0,0.5800570688908553,1.0,20.0,4.0,255.0,-1.0,,,,,,,,
npboost-few_shot-log_count-seed4,mtek2fit,2026-07-23T19:35:41Z,npboost,few_shot,4,rmse,0.2878580173524488,0.4165971074861613,0.2788895813876358,0.3944001280204097,223.2108619213104,0.2234079837799072,0.2572672367095947,4.314175421170039,26.0,0.0,1.8406671834517417e-05,10.0,0.3476654204795515,0.0,20.0,8.0,255.0,-1.0,,,,,,,,
npboost-few_shot-log_count-seed4,o57r3lr1,2026-07-23T18:15:11Z,npboost,few_shot,4,rmse,0.3118694529813878,0.5621409187293647,0.3069418533769234,0.5475681688162632,268.5314841270447,0.2583663463592529,0.2579615116119385,6.560395804551015,11.0,0.2,0.0001605191133358,20.0,0.0750195444362012,1.0,20.0,4.0,255.0,-1.0,,,,,,,,
npboost-few_shot-log_count-seed4,olyg4se3,2026-07-23T18:36:44Z,npboost,few_shot,4,rmse,0.285468157599954,0.5152330389527067,0.2643027724412383,0.4605962654753528,326.87931418418884,0.2880997657775879,0.3099393844604492,5.933010438694255,49.0,0.2,0.0004385170256085,10.0,0.8972612866432508,1.0,20.0,8.0,255.0,-1.0,,,,,,,,
npboost-few_shot-log_count-seed4,ooe65iqh,2026-07-23T18:29:21Z,npboost,few_shot,4,rmse,0.291692268948595,0.5337303714814298,0.2852525736289049,0.5143276639527353,262.26937532424927,0.2307345867156982,0.1895198822021484,6.5144932361557295,38.0,0.2,0.0001381635682257,10.0,0.0261669745608544,1.0,20.0,8.0,255.0,-1.0,,,,,,,,
npboost-few_shot-log_count-seed4,qykfshj4,2026-07-23T19:57:15Z,npboost,few_shot,4,rmse,0.3014616124770221,0.5596885920925071,0.2787313335156314,0.4959397964216653,217.92488551139832,0.243671178817749,0.2563917636871338,6.516920289528964,24.0,0.2,0.0004276097878757,10.0,0.0133482983182945,0.0,100.0,4.0,255.0,-1.0,,,,,,,,
npboost-few_shot-log_count-seed4,rscyx3fy,2026-07-23T20:18:29Z,npboost,few_shot,4,rmse,0.3008274430988215,0.4386904119704401,0.3042143988230871,0.4604571501486635,114.68431043624878,0.2509016990661621,0.2615449428558349,3.2923514745298137,13.0,0.0,3.9184339457363744e-05,5.0,0.7978205565731539,1.0,100.0,16.0,255.0,-1.0,,,,,,,,
npboost-few_shot-log_count-seed4,rzttp5uy,2026-07-23T20:02:17Z,npboost,few_shot,4,rmse,0.2902651233833377,0.4372102815765891,0.2807196274005546,0.4174050611958255,340.14571237564087,0.2750177383422851,0.2653605937957763,5.727553382114379,91.0,0.2,1.5820851730418417e-05,5.0,0.0450196136386975,1.0,100.0,16.0,255.0,-1.0,,,,,,,,
npboost-few_shot-log_count-seed4,sltwjypo,2026-07-23T18:58:10Z,npboost,few_shot,4,rmse,0.3012258064847032,0.5018759273206148,0.2800084119120603,0.4370923651578695,425.4301264286041,0.2481565475463867,0.3011691570281982,6.300628811770035,35.0,0.0,1.5865500409725956e-05,20.0,0.019901994840577,0.0,100.0,4.0,255.0,-1.0,,,,,,,,
npboost-few_shot-log_count-seed4,srba224j,2026-07-23T20:08:03Z,npboost,few_shot,4,rmse,0.2993753577480797,0.4790179976325448,0.2775816771088454,0.4121228614505988,361.9402689933777,0.3033404350280761,0.2978944778442383,5.931465877719472,25.0,0.0,1.702035422361917e-05,20.0,0.0657821692431908,1.0,20.0,16.0,255.0,-1.0,,,,,,,,
npboost-few_shot-log_count-seed4,svk0wfqi,2026-07-23T20:34:56Z,npboost,few_shot,4,rmse,0.2920801499310662,0.4721561261478703,0.2651490832132006,0.3865010039100213,219.5956823825836,0.2487838268280029,0.2365889549255371,5.145600852491539,59.0,0.0,3.1392574253118284e-05,5.0,0.1121865737283773,0.0,10.0,4.0,255.0,-1.0,,,,,,,,
npboost-few_shot-log_count-seed4,szpo2utx,2026-07-23T20:25:24Z,npboost,few_shot,4,rmse,0.3195189788561909,0.5633510689616505,0.3085411036456073,0.5296284293163537,500.4621651172638,0.2503604888916015,0.2766151428222656,6.382368849999796,47.0,0.2,2.017016316297149e-05,20.0,0.0582929613195039,1.0,1000.0,8.0,255.0,-1.0,,,,,,,,
npboost-few_shot-log_count-seed4,t5vf6o16,2026-07-23T19:13:10Z,npboost,few_shot,4,rmse,0.3011715031471573,0.5502314935246857,0.2887529471563914,0.5187466882215515,133.3285984992981,0.2328763008117676,0.2251594066619873,6.511416725033937,22.0,0.2,0.0003013710908533,5.0,0.0130634630331783,0.0,10.0,8.0,255.0,-1.0,,,,,,,,
npboost-few_shot-log_count-seed4,v2hzplwx,2026-07-23T20:15:38Z,npboost,few_shot,4,rmse,0.2753141066607307,0.4483109575793584,0.2656720408686885,0.4304641850055275,164.67334961891174,0.266061782836914,0.2798817157745361,6.359497388291653,15.0,0.2,0.0001082971516786,10.0,0.2589103504433043,0.0,20.0,16.0,255.0,-1.0,,,,,,,,
npboost-few_shot-log_count-seed4,v7pa7d0q,2026-07-23T19:15:29Z,npboost,few_shot,4,rmse,0.3042259857434184,0.547200136850414,0.3077955286338846,0.5433677818279747,151.1982183456421,0.2930946350097656,0.3348262310028076,6.51731702175735,9.0,0.2,0.000956484407922,10.0,0.0109977032995056,0.0,100.0,4.0,255.0,-1.0,,,,,,,,
npboost-few_shot-log_count-seed4,wnkh975d,2026-07-23T18:48:18Z,npboost,few_shot,4,rmse,0.2713742937360491,0.5358309389421987,0.2302821810283358,0.4615137434543823,203.6763141155243,0.2311081886291504,0.2527852058410644,6.498986568547556,25.0,0.0,0.0004548624208721,10.0,0.2953847324956156,0.0,20.0,4.0,255.0,-1.0,,,,,,,,
npboost-few_shot-log_count-seed4,wvczmzr4,2026-07-23T19:25:52Z,npboost,few_shot,4,rmse,0.2888196095699021,0.4285506638615682,0.2930283228556315,0.4573168397712161,218.454695224762,0.2404270172119141,0.2535531520843506,5.501421181649549,46.0,0.2,2.9067203620664195e-05,5.0,0.1823458458254781,0.0,10.0,8.0,255.0,-1.0,,,,,,,,
npboost-few_shot-log_count-seed4,x2oibq7o,2026-07-23T19:09:05Z,npboost,few_shot,4,rmse,0.3244127546037946,0.5706948848328568,0.3228862611074296,0.5618019137504879,202.3030800819397,0.2342092990875244,0.2409205436706543,6.548768565276234,4.0,0.2,0.0002563473332261,20.0,0.1427109105814198,1.0,1000.0,8.0,255.0,-1.0,,,,,,,,
anpboost-in_context-log_count-seed0,0idn9xl4,2026-07-20T12:15:43Z,anpboost,in_context,0,rmse,0.114312445227275,0.2596048656467883,0.1253662657394075,0.2948371458839511,413.608291387558,0.8646068572998047,0.799288272857666,6.177108154680297,50.0,0.0,0.0002507518284371,10.0,0.0302023368339538,1.0,10.0,8.0,255.0,-1.0,,,,,,,,
anpboost-in_context-log_count-seed0,2ce9k8nj,2026-07-20T11:03:43Z,anpboost,in_context,0,rmse,0.1965312792132617,0.3179234893936846,0.1963934735280579,0.3122340369245209,643.6298387050629,0.807020902633667,0.8248777389526367,6.24363052279693,159.0,0.2,2.9067203620664195e-05,5.0,0.1823458458254781,0.0,10.0,8.0,255.0,-1.0,,,,,,,,
anpboost-in_context-log_count-seed0,2cgqij7u,2026-07-20T11:14:35Z,anpboost,in_context,0,rmse,0.1542745715672668,0.2966029400374839,0.1551514509325892,0.2968421712845737,601.6865391731262,0.8793327808380127,1.13460373878479,6.45352662584149,86.0,0.2,5.4597054376998136e-05,10.0,0.1053508308667582,0.0,20.0,4.0,255.0,-1.0,,,,,,,,
anpboost-in_context-log_count-seed0,4wovhzkz,2026-07-20T13:10:32Z,anpboost,in_context,0,rmse,0.1770361569518177,0.3107597860148706,0.1799556325085898,0.3211714776614138,674.2067947387695,0.7095882892608643,0.7279295921325684,2.9720106060256124,168.0,0.0,3.9184339457363744e-05,5.0,0.7978205565731539,1.0,100.0,16.0,255.0,-1.0,,,,,,,,
anpboost-in_context-log_count-seed0,6iai7164,2026-07-20T11:38:51Z,anpboost,in_context,0,rmse,0.1807230009023093,0.2740930640316714,0.1841322295156453,0.2879849943072439,1128.2871479988098,0.8602504730224609,0.8000478744506836,4.831904330242407,100.0,0.0,1.2904721633073898e-05,20.0,0.2325748079967941,0.0,100.0,8.0,255.0,-1.0,,,,,,,,
anpboost-in_context-log_count-seed0,6tyz94sp,2026-07-20T09:11:33Z,anpboost,in_context,0,rmse,0.1284234332790446,0.2832683573887373,0.1352503055210149,0.3031671456976382,274.5847554206848,0.8061072826385498,0.8122739791870117,6.463888182045098,24.0,0.0,0.0004242243954166,10.0,0.5800570688908553,1.0,20.0,4.0,255.0,-1.0,,,,,,,,
anpboost-in_context-log_count-seed0,7kdzormv,2026-07-20T09:42:28Z,anpboost,in_context,0,rmse,0.134930023962248,0.2696092907232847,0.1456446405112856,0.3114036269350811,278.8636317253113,0.8444604873657227,0.903191089630127,6.186212640245866,24.0,0.0,0.0002780425090632,10.0,0.0105542692281163,1.0,20.0,8.0,255.0,-1.0,,,,,,,,
anpboost-in_context-log_count-seed0,8a39tyiz,2026-07-20T12:44:38Z,anpboost,in_context,0,rmse,0.1713159353611374,0.2596503493851236,0.177825113100005,0.2822881993104667,1004.242238521576,0.8397512435913086,0.8365061283111572,5.70036739725565,84.0,0.0,1.702035422361917e-05,20.0,0.0657821692431908,1.0,20.0,16.0,255.0,-1.0,,,,,,,,
anpboost-in_context-log_count-seed0,8i1ucjrv,2026-07-20T09:25:42Z,anpboost,in_context,0,rmse,0.1829817259582094,0.2786160851024273,0.1866975176537194,0.2899897370784257,998.6154627799988,0.7977988719940186,0.8070495128631592,6.014771637678394,82.0,0.0,1.5865500409725956e-05,20.0,0.019901994840577,0.0,100.0,4.0,255.0,-1.0,,,,,,,,
anpboost-in_context-log_count-seed0,9az4eiy6,2026-07-20T09:16:16Z,anpboost,in_context,0,rmse,0.115758062873761,0.2571769747057706,0.1274104949319295,0.2923439319817597,558.2195188999176,0.839653491973877,0.8044395446777344,5.8883560349204265,135.0,0.0,0.0001721990923545,5.0,0.1380161223304589,0.0,1000.0,16.0,255.0,-1.0,,,,,,,,
anpboost-in_context-log_count-seed0,ar2gr6z0,2026-07-20T14:01:59Z,anpboost,in_context,0,rmse,0.1663100307064381,0.2640422021998873,0.1736629052063017,0.2910281768547332,772.6145179271698,0.8030171394348145,0.9102885723114014,4.903262130742631,195.0,0.0,3.1392574253118284e-05,5.0,0.1121865737283773,0.0,10.0,4.0,255.0,-1.0,,,,,,,,
anpboost-in_context-log_count-seed0,clx27ehb,2026-07-20T12:09:05Z,anpboost,in_context,0,rmse,0.1610259957935499,0.3120784598547494,0.1608638870468211,0.3118325177773173,389.9048979282379,0.8349852561950684,0.880401611328125,6.268248939437636,81.0,0.2,0.0001181285816262,5.0,0.0610030224551816,0.0,10.0,8.0,255.0,-1.0,,,,,,,,
anpboost-in_context-log_count-seed0,d4zsn8v7,2026-07-20T09:47:16Z,anpboost,in_context,0,rmse,0.1180003633007886,0.2684201788410081,0.1291519260079739,0.3156641324444317,1060.896961927414,0.8863790035247803,0.8269002437591553,6.117982250310422,86.0,0.2,0.0002563473332261,20.0,0.1427109105814198,1.0,1000.0,8.0,255.0,-1.0,,,,,,,,
anpboost-in_context-log_count-seed0,d81of39n,2026-07-20T08:26:11Z,anpboost,in_context,0,rmse,0.1285544290772458,0.2777462099359419,0.1345419987388279,0.3026497158862535,613.4558908939362,0.8659031391143799,0.6982715129852295,6.233847817320425,85.0,0.2,0.0001381635682257,10.0,0.0261669745608544,1.0,20.0,8.0,255.0,-1.0,,,,,,,,
anpboost-in_context-log_count-seed0,dw5ejc5c,2026-07-20T13:01:31Z,anpboost,in_context,0,rmse,0.138657349719893,0.2947638242882824,0.1444012937338455,0.3153907227994951,532.7304480075836,0.8520922660827637,0.8215968608856201,6.40429306429245,69.0,0.2,0.0001082971516786,10.0,0.2589103504433043,0.0,20.0,16.0,255.0,-1.0,,,,,,,,
anpboost-in_context-log_count-seed0,ff4uadti,2026-07-20T08:16:46Z,anpboost,in_context,0,rmse,0.2590684740890402,0.3790801204635249,0.2583952008382134,0.375762730657828,557.3801691532135,0.8251833915710449,0.8195316791534424,7.726713715441799,131.0,0.2,1.090384328196852e-05,5.0,0.7717846862118062,0.0,20.0,4.0,255.0,-1.0,,,,,,,,
anpboost-in_context-log_count-seed0,fisaql76,2026-07-20T11:57:48Z,anpboost,in_context,0,rmse,0.1255142943676568,0.2826765554698511,0.1320578583246818,0.3043704236434282,667.9703950881958,0.863457202911377,0.9171230792999268,6.306416952255042,95.0,0.2,0.0001496922341954,10.0,0.0831211929407696,1.0,1000.0,4.0,255.0,-1.0,,,,,,,,
anpboost-in_context-log_count-seed0,fk8usrqg,2026-07-20T13:36:13Z,anpboost,in_context,0,rmse,0.1461463725521794,0.2923311517280843,0.1482313538431445,0.2969818682109434,1535.3404648303986,0.9218835830688475,0.929607629776001,6.379904557600317,136.0,0.2,2.017016316297149e-05,20.0,0.0582929613195039,1.0,1000.0,8.0,255.0,-1.0,,,,,,,,
anpboost-in_context-log_count-seed0,h3i8tcf7,2026-07-20T07:50:27Z,anpboost,in_context,0,rmse,0.1203507357937176,0.2761157070376347,0.127647024133931,0.3044691122283013,1194.9070415496826,0.5511424541473389,0.5395407676696777,6.167347010885962,100.0,0.2,0.0001605191133358,20.0,0.0750195444362012,1.0,20.0,4.0,255.0,-1.0,,,,,,,,
anpboost-in_context-log_count-seed0,hjkr40ad,2026-07-20T11:24:45Z,anpboost,in_context,0,rmse,0.1879530311306843,0.297524120985698,0.1880192543698619,0.2941289999789928,838.2030441761017,0.9293935298919678,0.893218994140625,4.274377745986736,134.0,0.0,1.8406671834517417e-05,10.0,0.3476654204795515,0.0,20.0,8.0,255.0,-1.0,,,,,,,,
anpboost-in_context-log_count-seed0,isusqrge,2026-07-20T13:22:02Z,anpboost,in_context,0,rmse,0.1120889994169678,0.2508277167554605,0.120091507081048,0.272756462024033,842.6804072856903,0.7990825176239014,0.8429522514343262,5.880379489738689,130.0,0.0,7.917412954846521e-05,10.0,0.1011064623519062,0.0,20.0,8.0,255.0,-1.0,,,,,,,,
anpboost-in_context-log_count-seed0,l5b76g44,2026-07-20T08:36:32Z,anpboost,in_context,0,rmse,0.1406838997550632,0.3218888201256678,0.147115056985718,0.3380604540709269,427.67268800735474,0.8340716361999512,0.9125008583068848,6.212659573790652,52.0,0.2,0.0004385170256085,10.0,0.8972612866432508,1.0,20.0,8.0,255.0,-1.0,,,,,,,,
anpboost-in_context-log_count-seed0,mk4ywl9k,2026-07-20T08:43:49Z,anpboost,in_context,0,rmse,0.2021807444568843,0.3311926311068733,0.2001294413676559,0.3243779930407689,1352.485472202301,0.8150863647460938,0.8249571323394775,7.00618722989701,355.0,0.2,1.343677338411072e-05,5.0,0.1113002415673063,1.0,10.0,4.0,255.0,-1.0,,,,,,,,
anpboost-in_context-log_count-seed0,mzu7a1rx,2026-07-20T10:29:29Z,anpboost,in_context,0,rmse,0.1393044232646098,0.2958754891557618,0.1398509731533847,0.2954462044929445,355.1694531440735,0.8514924049377441,0.8903672695159912,6.210924307831086,39.0,0.2,0.0002371245680478,10.0,0.0322020325894309,1.0,100.0,16.0,255.0,-1.0,,,,,,,,
anpboost-in_context-log_count-seed0,nq3qqnob,2026-07-20T12:30:56Z,anpboost,in_context,0,rmse,0.2166544444056224,0.3196420874112149,0.213976032595328,0.3055714694873075,813.1983745098114,0.73484206199646,0.8587589263916016,5.959307037747267,201.0,0.2,1.5820851730418417e-05,5.0,0.0450196136386975,1.0,100.0,16.0,255.0,-1.0,,,,,,,,
anpboost-in_context-log_count-seed0,pp6y5nf4,2026-07-20T10:05:06Z,anpboost,in_context,0,rmse,0.1266698719535748,0.2840050233045768,0.1358381955125606,0.3239327586831576,561.2830970287323,0.8789956569671631,0.9309096336364746,6.183594419923579,131.0,0.2,0.0003013710908533,5.0,0.0130634630331783,0.0,10.0,8.0,255.0,-1.0,,,,,,,,
anpboost-in_context-log_count-seed0,ptswsho0,2026-07-20T10:35:32Z,anpboost,in_context,0,rmse,0.111277439981868,0.2521689114143889,0.1217968858046094,0.2751982474852474,779.0341856479645,0.8955495357513428,0.8264470100402832,6.014598771434511,122.0,0.0,0.0001083323625032,10.0,0.1351582698334605,0.0,100.0,8.0,255.0,-1.0,,,,,,,,
anpboost-in_context-log_count-seed0,rmu0nwjb,2026-07-20T10:48:39Z,anpboost,in_context,0,rmse,0.1224997140509419,0.2711590197917787,0.1376426478809129,0.3248785632923431,895.7014577388763,0.7533738613128662,0.8634719848632812,6.161883998023131,229.0,0.2,0.0008392140711648,5.0,0.0107859712708854,0.0,10.0,8.0,255.0,-1.0,,,,,,,,
anpboost-in_context-log_count-seed0,swkh8c0k,2026-07-20T08:10:29Z,anpboost,in_context,0,rmse,0.1376015709568737,0.2952534739976906,0.139072209652971,0.3042046754585317,368.200777053833,0.8288626670837402,0.8314306735992432,6.229552187532694,39.0,0.2,0.0003600091192911,10.0,0.083744968684368,0.0,100.0,16.0,255.0,-1.0,,,,,,,,
anpboost-in_context-log_count-seed0,u4x0j2qg,2026-07-20T10:14:36Z,anpboost,in_context,0,rmse,0.1192287402139494,0.2867757795471835,0.126330760228386,0.310362272637493,885.2378869056702,0.6554310321807861,0.5743858814239502,6.190045897450781,135.0,0.2,0.000956484407922,10.0,0.0109977032995056,0.0,100.0,4.0,255.0,-1.0,,,,,,,,
anpboost-in_context-log_count-seed0,wg9dlkuo,2026-07-20T09:06:50Z,anpboost,in_context,0,rmse,0.1219759137846797,0.2709113942735764,0.1257636754690812,0.2835992914680596,274.5458700656891,0.8672318458557129,0.8970949649810791,6.311369943728689,24.0,0.0,0.0004548624208721,10.0,0.2953847324956156,0.0,20.0,4.0,255.0,-1.0,,,,,,,,
anpboost-in_context-log_count-seed0,x6sdqequ,2026-07-20T12:22:44Z,anpboost,in_context,0,rmse,0.1324460250105434,0.2899821324900221,0.1340081781599607,0.2990413519216109,483.3704578876496,0.8325374126434326,0.8928184509277344,6.193724063848566,60.0,0.2,0.0004276097878757,10.0,0.0133482983182945,0.0,100.0,4.0,255.0,-1.0,,,,,,,,
anpboost-in_context-log_count-seed1,1z01wdya,2026-07-20T12:44:27Z,anpboost,in_context,1,rmse,0.1438051427807835,0.2926805453372567,0.1420874307759543,0.2896727750341249,482.5208420753479,0.896430492401123,0.7967419624328613,6.250634510391147,113.0,0.2,0.0001181285816262,5.0,0.0610030224551816,0.0,10.0,8.0,255.0,-1.0,,,,,,,,
anpboost-in_context-log_count-seed1,2l3bsmyq,2026-07-20T09:22:42Z,anpboost,in_context,1,rmse,0.1455936099495914,0.2757332159093341,0.1473232919811526,0.2844008598802439,1550.9984548091888,0.7689380645751953,0.7571766376495361,6.034451609356834,151.0,0.0,1.5865500409725956e-05,20.0,0.019901994840577,0.0,100.0,4.0,255.0,-1.0,,,,,,,,
anpboost-in_context-log_count-seed1,4nhs5t71,2026-07-20T09:08:59Z,anpboost,in_context,1,rmse,0.1139188050547709,0.2727134813080548,0.1164714168679736,0.2822025436825311,465.5621407032013,0.8135371208190918,0.8283178806304932,6.387065638630765,67.0,0.0,0.0004242243954166,10.0,0.5800570688908553,1.0,20.0,4.0,255.0,-1.0,,,,,,,,
anpboost-in_context-log_count-seed1,5uq4wyiy,2026-07-20T14:05:36Z,anpboost,in_context,1,rmse,0.1786511685480918,0.3091901916550338,0.1829043774388463,0.3185136171624073,647.2552573680878,0.7277045249938965,0.7614750862121582,3.5942433677104177,163.0,0.0,3.9184339457363744e-05,5.0,0.7978205565731539,1.0,100.0,16.0,255.0,-1.0,,,,,,,,
anpboost-in_context-log_count-seed1,60lbw3w7,2026-07-20T08:29:23Z,anpboost,in_context,1,rmse,0.1441489121188288,0.3031209103214636,0.1430123004435591,0.3023864266194898,450.323118686676,0.8306381702423096,0.8752298355102539,6.215557998272329,59.0,0.2,0.0001381635682257,10.0,0.0261669745608544,1.0,20.0,8.0,255.0,-1.0,,,,,,,,
anpboost-in_context-log_count-seed1,6mt3rqy9,2026-07-20T13:16:39Z,anpboost,in_context,1,rmse,0.1992641383172884,0.2966158650479498,0.1977867989154754,0.2908947599388823,968.850792646408,0.8736186027526855,0.8848838806152344,5.9582060311938285,252.0,0.2,1.5820851730418417e-05,5.0,0.0450196136386975,1.0,100.0,16.0,255.0,-1.0,,,,,,,,
anpboost-in_context-log_count-seed1,8te4q1h6,2026-07-20T14:26:55Z,anpboost,in_context,1,rmse,0.1654195864676077,0.3107598363819203,0.1682675866188309,0.3172774111323272,1148.42498087883,0.7496354579925537,0.7450294494628906,6.334584064911657,101.0,0.2,2.017016316297149e-05,20.0,0.0582929613195039,1.0,1000.0,8.0,255.0,-1.0,,,,,,,,
anpboost-in_context-log_count-seed1,8yr3wsp0,2026-07-20T13:04:51Z,anpboost,in_context,1,rmse,0.1243173824816885,0.287361802843809,0.1293400782098842,0.3123221115028962,700.1971340179443,0.7364118099212646,0.7429876327514648,6.192337543807506,103.0,0.2,0.0004276097878757,10.0,0.0133482983182945,0.0,100.0,4.0,255.0,-1.0,,,,,,,,
anpboost-in_context-log_count-seed1,96wnemqh,2026-07-20T08:19:05Z,anpboost,in_context,1,rmse,0.2472108888716238,0.3501011108908994,0.2465953532261298,0.3471355462941292,608.6854946613312,0.816413402557373,0.7985601425170898,7.90797222324521,153.0,0.2,1.090384328196852e-05,5.0,0.7717846862118062,0.0,20.0,4.0,255.0,-1.0,,,,,,,,
anpboost-in_context-log_count-seed1,9eadhozl,2026-07-20T12:52:38Z,anpboost,in_context,1,rmse,0.1147196876529484,0.2635906056050928,0.1146535207226956,0.2725208758226723,724.9700479507446,0.8008654117584229,0.7815003395080566,6.2003043896946455,110.0,0.0,0.0002507518284371,10.0,0.0302023368339538,1.0,10.0,8.0,255.0,-1.0,,,,,,,,
anpboost-in_context-log_count-seed1,bvbuy442,2026-07-20T08:10:28Z,anpboost,in_context,1,rmse,0.1215710929526273,0.2842956560124166,0.1212777392287335,0.2857284813894309,509.5513172149658,0.7579560279846191,0.7426908016204834,6.243848151977892,71.0,0.2,0.0003600091192911,10.0,0.083744968684368,0.0,100.0,16.0,255.0,-1.0,,,,,,,,
anpboost-in_context-log_count-seed1,cix8m3ax,2026-07-20T11:41:44Z,anpboost,in_context,1,rmse,0.1679959669004992,0.2659907851778402,0.169710421325579,0.2717898231696051,982.00213432312,0.8504259586334229,0.9207074642181396,4.114585544723451,162.0,0.0,1.8406671834517417e-05,10.0,0.3476654204795515,0.0,20.0,8.0,255.0,-1.0,,,,,,,,
anpboost-in_context-log_count-seed1,ckwu2brq,2026-07-20T07:50:27Z,anpboost,in_context,1,rmse,0.1194686129661048,0.2827787794218229,0.1220026553127851,0.2926036702565842,1191.9511032104492,0.7045097351074219,0.632117509841919,6.167578062081959,105.0,0.2,0.0001605191133358,20.0,0.0750195444362012,1.0,20.0,4.0,255.0,-1.0,,,,,,,,
anpboost-in_context-log_count-seed1,cw8krphy,2026-07-20T10:45:41Z,anpboost,in_context,1,rmse,0.1246822448781848,0.2846186066347717,0.1304802533471516,0.3140487718546208,597.9718987941742,0.8348760604858398,0.8890717029571533,6.188090259870436,87.0,0.2,0.0002371245680478,10.0,0.0322020325894309,1.0,100.0,16.0,255.0,-1.0,,,,,,,,
anpboost-in_context-log_count-seed1,foj2yw6i,2026-07-20T14:16:32Z,anpboost,in_context,1,rmse,0.119619224720506,0.2618539173169865,0.124582512983753,0.281729390084574,615.3593299388885,0.8485829830169678,0.827486515045166,5.965578057734522,94.0,0.0,7.917412954846521e-05,10.0,0.1011064623519062,0.0,20.0,8.0,255.0,-1.0,,,,,,,,
anpboost-in_context-log_count-seed1,gcdcgcq8,2026-07-20T08:42:51Z,anpboost,in_context,1,rmse,0.1979326055946783,0.3216827270999479,0.1999737680634389,0.3296762797581282,1309.8245317935944,0.7934665679931641,0.7358675003051758,6.677371123584762,361.0,0.2,1.343677338411072e-05,5.0,0.1113002415673063,1.0,10.0,4.0,255.0,-1.0,,,,,,,,
anpboost-in_context-log_count-seed1,gnk5g0g1,2026-07-20T08:37:02Z,anpboost,in_context,1,rmse,0.1363952059601565,0.2890693997765254,0.1466622871464727,0.3225075123927412,341.3156838417053,0.8039536476135254,0.8203701972961426,6.111350062089256,40.0,0.2,0.0004385170256085,10.0,0.8972612866432508,1.0,20.0,8.0,255.0,-1.0,,,,,,,,
anpboost-in_context-log_count-seed1,hbt43g0u,2026-07-20T10:55:48Z,anpboost,in_context,1,rmse,0.1106910969224003,0.2611248453594971,0.1129646660841029,0.264604861034279,620.8679411411285,0.9038755893707277,0.8457615375518799,5.989530975259744,97.0,0.0,0.0001083323625032,10.0,0.1351582698334605,0.0,100.0,8.0,255.0,-1.0,,,,,,,,
anpboost-in_context-log_count-seed1,hwdrd7sk,2026-07-20T09:59:02Z,anpboost,in_context,1,rmse,0.1120872286857864,0.2718292288086169,0.1178351373945156,0.2953214454996918,1614.9628455638883,0.8494527339935303,0.814812421798706,6.049910746217296,149.0,0.2,0.0002563473332261,20.0,0.1427109105814198,1.0,1000.0,8.0,255.0,-1.0,,,,,,,,
anpboost-in_context-log_count-seed1,i2vkarlk,2026-07-20T09:16:53Z,anpboost,in_context,1,rmse,0.1282167922571611,0.2629423706050763,0.1320095283942321,0.2806341685393843,340.5477759838104,0.8474996089935303,0.8855795860290527,5.855589053097452,79.0,0.0,0.0001721990923545,5.0,0.1380161223304589,0.0,1000.0,16.0,255.0,-1.0,,,,,,,,
anpboost-in_context-log_count-seed1,j88iqksw,2026-07-20T13:54:48Z,anpboost,in_context,1,rmse,0.1305001406227934,0.2856928236232264,0.1351898291160569,0.3002663007451303,639.5010750293732,0.9150772094726562,0.8852226734161377,6.218140492885392,90.0,0.2,0.0001082971516786,10.0,0.2589103504433043,0.0,20.0,16.0,255.0,-1.0,,,,,,,,
anpboost-in_context-log_count-seed1,kyqqfhgs,2026-07-20T10:34:52Z,anpboost,in_context,1,rmse,0.124267146695539,0.2918965199213115,0.1293352311072142,0.3152798226055344,639.9743399620056,0.7873623371124268,0.8457348346710205,6.202857997785901,94.0,0.2,0.000956484407922,10.0,0.0109977032995056,0.0,100.0,4.0,255.0,-1.0,,,,,,,,
anpboost-in_context-log_count-seed1,lrpwt0i4,2026-07-20T14:46:12Z,anpboost,in_context,1,rmse,0.1824311666993428,0.2707527849620392,0.1864008987445687,0.2931146748281168,509.95119285583496,0.6135516166687012,0.6544506549835205,4.9598275301454,153.0,0.0,3.1392574253118284e-05,5.0,0.1121865737283773,0.0,10.0,4.0,255.0,-1.0,,,,,,,,
anpboost-in_context-log_count-seed1,m95qyc0k,2026-07-20T12:25:38Z,anpboost,in_context,1,rmse,0.1194080867028191,0.2765165910502605,0.1218992694719414,0.288594161039142,1120.42009806633,0.8606135845184326,0.8755505084991455,6.078786590954046,180.0,0.2,0.0001496922341954,10.0,0.0831211929407696,1.0,1000.0,4.0,255.0,-1.0,,,,,,,,
anpboost-in_context-log_count-seed1,ni0eagxa,2026-07-20T11:06:17Z,anpboost,in_context,1,rmse,0.13176080488753,0.3055802842087675,0.1282895943167529,0.2916756546730277,560.181930065155,0.7609457969665527,0.7822356224060059,6.181887682604787,142.0,0.2,0.0008392140711648,5.0,0.0107859712708854,0.0,10.0,8.0,255.0,-1.0,,,,,,,,
anpboost-in_context-log_count-seed1,nrs9y1qk,2026-07-20T11:58:15Z,anpboost,in_context,1,rmse,0.1532094043121446,0.2786886333019919,0.1538075903581987,0.2843629634202217,1634.728907585144,0.868356466293335,0.7999377250671387,4.783111378786368,157.0,0.0,1.2904721633073898e-05,20.0,0.2325748079967941,0.0,100.0,8.0,255.0,-1.0,,,,,,,,
anpboost-in_context-log_count-seed1,ov6qtn6s,2026-07-20T09:04:51Z,anpboost,in_context,1,rmse,0.1316146557069681,0.2876305695458938,0.129730868950796,0.2922266136649672,240.33437180519104,0.8717937469482422,0.871354341506958,6.085779724516664,23.0,0.0,0.0004548624208721,10.0,0.2953847324956156,0.0,20.0,4.0,255.0,-1.0,,,,,,,,
anpboost-in_context-log_count-seed1,qtwn3xj8,2026-07-20T09:48:41Z,anpboost,in_context,1,rmse,0.1170908515755305,0.2662231486801281,0.1220959669616362,0.2883278265854355,612.077787399292,0.88979172706604,0.9013340473175048,6.206563087785727,91.0,0.0,0.0002780425090632,10.0,0.0105542692281163,1.0,20.0,8.0,255.0,-1.0,,,,,,,,
anpboost-in_context-log_count-seed1,ueexob1h,2026-07-20T11:28:15Z,anpboost,in_context,1,rmse,0.1398944735020004,0.2972779000274864,0.1421449673423695,0.3081003239926105,800.3806154727936,0.908057451248169,0.9228410720825196,6.407676872351755,124.0,0.2,5.4597054376998136e-05,10.0,0.1053508308667582,0.0,20.0,4.0,255.0,-1.0,,,,,,,,
anpboost-in_context-log_count-seed1,wya7o0mx,2026-07-20T13:32:57Z,anpboost,in_context,1,rmse,0.1505294410064675,0.2627807203298409,0.1553102699029197,0.2822017900750789,1302.4152963161469,0.7451257705688477,0.8456625938415527,5.737538922203651,117.0,0.0,1.702035422361917e-05,20.0,0.0657821692431908,1.0,20.0,16.0,255.0,-1.0,,,,,,,,
anpboost-in_context-log_count-seed1,xscjfcgq,2026-07-20T10:26:05Z,anpboost,in_context,1,rmse,0.1353240144951357,0.3011406166785675,0.1330558984964691,0.2917268599576794,519.201771736145,0.7826094627380371,0.8526606559753418,6.199815421088113,127.0,0.2,0.0003013710908533,5.0,0.0130634630331783,0.0,10.0,8.0,255.0,-1.0,,,,,,,,
anpboost-in_context-log_count-seed1,zcygzdzd,2026-07-20T11:15:45Z,anpboost,in_context,1,rmse,0.1811271925053659,0.2985718168169446,0.179424987792518,0.2938168180232445,742.344334602356,0.663745641708374,0.725132942199707,6.074617631458827,193.0,0.2,2.9067203620664195e-05,5.0,0.1823458458254781,0.0,10.0,8.0,255.0,-1.0,,,,,,,,
anpboost-in_context-log_count-seed2,0mfsm1mn,2026-07-20T08:56:38Z,anpboost,in_context,2,rmse,0.1177010153101612,0.2842704374743454,0.119475570090101,0.284869926473357,346.9662778377533,0.442915678024292,0.4409489631652832,6.066478563076311,63.0,0.0,0.0004242243954166,10.0,0.5800570688908553,1.0,20.0,4.0,255.0,-1.0,,,,,,,,
anpboost-in_context-log_count-seed2,116tkqob,2026-07-20T10:58:00Z,anpboost,in_context,2,rmse,0.1699642550010086,0.2818798446508081,0.1708256147646949,0.2808742807991385,1033.4577839374542,0.7859303951263428,0.8266696929931641,4.197585169123475,166.0,0.0,1.8406671834517417e-05,10.0,0.3476654204795515,0.0,20.0,8.0,255.0,-1.0,,,,,,,,
anpboost-in_context-log_count-seed2,3u89w9yg,2026-07-20T07:59:47Z,anpboost,in_context,2,rmse,0.1183888661219176,0.2961465785607166,0.1193214353519036,0.2862608373226176,644.4971749782562,0.4344146251678467,0.3885409832000733,6.053753398287562,135.0,0.2,0.0003600091192911,10.0,0.083744968684368,0.0,100.0,16.0,255.0,-1.0,,,,,,,,
anpboost-in_context-log_count-seed2,3xvsf3b0,2026-07-20T07:50:27Z,anpboost,in_context,2,rmse,0.1315807830859222,0.3066036529678855,0.1335242777105089,0.3052188116947035,551.7752430438995,0.444990873336792,0.4404835700988769,6.1696505636095775,52.0,0.2,0.0001605191133358,20.0,0.0750195444362012,1.0,20.0,4.0,255.0,-1.0,,,,,,,,
anpboost-in_context-log_count-seed2,50ic6f8w,2026-07-20T13:12:02Z,anpboost,in_context,2,rmse,0.1733506406976054,0.3217486671332579,0.1734464601217461,0.3163736819909249,697.5817284584045,0.7802655696868896,0.8441390991210938,3.101228051009034,182.0,0.0,3.9184339457363744e-05,5.0,0.7978205565731539,1.0,100.0,16.0,255.0,-1.0,,,,,,,,
anpboost-in_context-log_count-seed2,5ejah93m,2026-07-20T13:56:44Z,anpboost,in_context,2,rmse,0.1624687305160416,0.2683610168860861,0.1637946692892193,0.2779392421712902,1009.6031498908995,1.1974880695343018,1.194117307662964,4.931125367961031,215.0,0.0,3.1392574253118284e-05,5.0,0.1121865737283773,0.0,10.0,4.0,255.0,-1.0,,,,,,,,
anpboost-in_context-log_count-seed2,6m4m42an,2026-07-20T10:45:57Z,anpboost,in_context,2,rmse,0.1465064437887393,0.3129968899237818,0.1462723371662579,0.3072589509079236,715.1632800102234,0.8432765007019043,0.7271976470947266,6.375763394373156,111.0,0.2,5.4597054376998136e-05,10.0,0.1053508308667582,0.0,20.0,4.0,255.0,-1.0,,,,,,,,
anpboost-in_context-log_count-seed2,7bp3yq41,2026-07-20T12:19:16Z,anpboost,in_context,2,rmse,0.1280393666378266,0.3117998832218292,0.1296454033689372,0.3079835615985004,643.3216125965118,0.9058401584625244,0.7815752029418945,6.16793826124947,97.0,0.2,0.0004276097878757,10.0,0.0133482983182945,0.0,100.0,4.0,255.0,-1.0,,,,,,,,
anpboost-in_context-log_count-seed2,7ndj2n77,2026-07-20T12:07:02Z,anpboost,in_context,2,rmse,0.1166853581349205,0.2804292207748824,0.1132101819679732,0.2670152215088313,726.0498943328857,0.8763387203216553,0.6428296566009521,6.158556172988801,119.0,0.0,0.0002507518284371,10.0,0.0302023368339538,1.0,10.0,8.0,255.0,-1.0,,,,,,,,
anpboost-in_context-log_count-seed2,8jim8va3,2026-07-20T10:29:48Z,anpboost,in_context,2,rmse,0.147056897471893,0.3328691776010113,0.1459323496809528,0.3172854656667935,255.0923171043396,0.4423131942749023,0.440983772277832,6.170382794679046,77.0,0.2,0.0008392140711648,5.0,0.0107859712708854,0.0,10.0,8.0,255.0,-1.0,,,,,,,,
anpboost-in_context-log_count-seed2,dtpdmom1,2026-07-20T10:22:50Z,anpboost,in_context,2,rmse,0.1197509693090992,0.2672640998224954,0.1197980790203595,0.2713736520150046,411.3588285446167,0.4263424873352051,0.4426088333129883,5.921761984046646,75.0,0.0,0.0001083323625032,10.0,0.1351582698334605,0.0,100.0,8.0,255.0,-1.0,,,,,,,,
anpboost-in_context-log_count-seed2,efmcx3j7,2026-07-20T08:36:01Z,anpboost,in_context,2,rmse,0.2060974561987842,0.3466469383825317,0.2081989091037577,0.3476449270393542,930.283189535141,0.4482004642486572,0.5856921672821045,6.937913075679509,349.0,0.2,1.343677338411072e-05,5.0,0.1113002415673063,1.0,10.0,4.0,255.0,-1.0,,,,,,,,
anpboost-in_context-log_count-seed2,i2axd48s,2026-07-20T08:22:11Z,anpboost,in_context,2,rmse,0.1441968625626176,0.3159464143760408,0.1424705503906329,0.3052825365531794,341.6397559642792,0.4486486911773681,0.445702314376831,6.198452882198785,59.0,0.2,0.0001381635682257,10.0,0.0261669745608544,1.0,20.0,8.0,255.0,-1.0,,,,,,,,
anpboost-in_context-log_count-seed2,ith8io9a,2026-07-20T09:56:23Z,anpboost,in_context,2,rmse,0.1388590891048002,0.314336532353107,0.1402956712674103,0.3039765986324091,295.73166704177856,0.4436924457550049,0.4963967800140381,6.18303589768008,91.0,0.2,0.0003013710908533,5.0,0.0130634630331783,0.0,10.0,8.0,255.0,-1.0,,,,,,,,
anpboost-in_context-log_count-seed2,jx974uky,2026-07-20T10:01:26Z,anpboost,in_context,2,rmse,0.1407990760974487,0.3356392936182945,0.1425433549290568,0.3290570062510129,342.03041887283325,0.414346694946289,0.4390861988067627,6.171472594107529,55.0,0.2,0.000956484407922,10.0,0.0109977032995056,0.0,100.0,4.0,255.0,-1.0,,,,,,,,
anpboost-in_context-log_count-seed2,k62ysp0p,2026-07-20T08:10:39Z,anpboost,in_context,2,rmse,0.2309500801540728,0.3646608601903936,0.2333158877711665,0.361095718892001,684.9064950942993,0.4505743980407715,0.424340009689331,7.0117228647191085,253.0,0.2,1.090384328196852e-05,5.0,0.7717846862118062,0.0,20.0,4.0,255.0,-1.0,,,,,,,,
anpboost-in_context-log_count-seed2,klfnvnsx,2026-07-20T09:08:46Z,anpboost,in_context,2,rmse,0.1486844974790043,0.2842508744245135,0.1492702218445127,0.288112408433092,1199.2315022945404,0.4517338275909424,0.4534826278686523,6.0101950698991935,147.0,0.0,1.5865500409725956e-05,20.0,0.019901994840577,0.0,100.0,4.0,255.0,-1.0,,,,,,,,
anpboost-in_context-log_count-seed2,kztwvshu,2026-07-20T13:05:57Z,anpboost,in_context,2,rmse,0.1596857704827826,0.318988291606527,0.1598895423128384,0.307146013246048,356.64655327796936,0.6981632709503174,0.7306032180786133,6.279258858476103,42.0,0.2,0.0001082971516786,10.0,0.2589103504433043,0.0,20.0,16.0,255.0,-1.0,,,,,,,,
anpboost-in_context-log_count-seed2,lg1vg9q5,2026-07-20T11:15:24Z,anpboost,in_context,2,rmse,0.1421482938505526,0.2646328741512042,0.1459601604870902,0.2776435246759521,2164.250726699829,0.787468433380127,1.0429000854492188,4.851277426619019,181.0,0.0,1.2904721633073898e-05,20.0,0.2325748079967941,0.0,100.0,8.0,255.0,-1.0,,,,,,,,
anpboost-in_context-log_count-seed2,mrtkjgac,2026-07-20T12:30:07Z,anpboost,in_context,2,rmse,0.2068114784072612,0.3166939521949077,0.2096709514948731,0.318775243961533,860.4721126556396,0.8016977310180664,0.8111114501953125,5.88482978073863,229.0,0.2,1.5820851730418417e-05,5.0,0.0450196136386975,1.0,100.0,16.0,255.0,-1.0,,,,,,,,
anpboost-in_context-log_count-seed2,ow64fgns,2026-07-20T12:44:36Z,anpboost,in_context,2,rmse,0.1493319853267056,0.2657742093065497,0.1513103237393222,0.2729462346095435,1272.3352024555206,0.8354012966156006,0.8565874099731445,5.717372607143647,120.0,0.0,1.702035422361917e-05,20.0,0.0657821692431908,1.0,20.0,16.0,255.0,-1.0,,,,,,,,
anpboost-in_context-log_count-seed2,qqr9bq19,2026-07-20T09:02:33Z,anpboost,in_context,2,rmse,0.118785585017984,0.2822203609916239,0.1196939121009271,0.2724573818185882,364.64585304260254,0.4405152797698974,0.4446148872375488,5.799998147096583,128.0,0.0,0.0001721990923545,5.0,0.1380161223304589,0.0,1000.0,16.0,255.0,-1.0,,,,,,,,
anpboost-in_context-log_count-seed2,sw7942ei,2026-07-20T08:51:39Z,anpboost,in_context,2,rmse,0.1141659618832438,0.2764294598991965,0.1187969639981852,0.2811322812937037,292.956661939621,0.4442043304443359,0.4467065334320069,6.189361371896464,49.0,0.0,0.0004548624208721,10.0,0.2953847324956156,0.0,20.0,4.0,255.0,-1.0,,,,,,,,
anpboost-in_context-log_count-seed2,umhs4jqg,2026-07-20T13:29:37Z,anpboost,in_context,2,rmse,0.1452604962657214,0.3213692176447826,0.1441411203044574,0.3034853010766871,1617.017446756363,1.208160161972046,1.2514517307281494,6.333196376505592,149.0,0.2,2.017016316297149e-05,20.0,0.0582929613195039,1.0,1000.0,8.0,255.0,-1.0,,,,,,,,
anpboost-in_context-log_count-seed2,uul7f1vd,2026-07-20T09:36:10Z,anpboost,in_context,2,rmse,0.116777673384812,0.2918487575229114,0.121114356756661,0.2963654138049063,1204.6308505535126,0.5462656021118164,0.5327064990997314,5.9725758181871695,139.0,0.2,0.0002563473332261,20.0,0.1427109105814198,1.0,1000.0,8.0,255.0,-1.0,,,,,,,,
anpboost-in_context-log_count-seed2,wmtkvqg7,2026-07-20T11:51:37Z,anpboost,in_context,2,rmse,0.1450525459134511,0.3030856691114213,0.148883402572913,0.3103044348320721,478.1942625045776,1.1477868556976318,1.2617323398590088,6.268838649890643,49.0,0.2,0.0001496922341954,10.0,0.0831211929407696,1.0,1000.0,4.0,255.0,-1.0,,,,,,,,
anpboost-in_context-log_count-seed2,xeyrc9be,2026-07-20T09:28:53Z,anpboost,in_context,2,rmse,0.1172995017753431,0.2868564174684608,0.1139021435565894,0.2713170343579322,429.75562286376953,0.4403600692749023,0.6042160987854004,6.176164395274892,84.0,0.0,0.0002780425090632,10.0,0.0105542692281163,1.0,20.0,8.0,255.0,-1.0,,,,,,,,
anpboost-in_context-log_count-seed2,y77ewt84,2026-07-20T11:59:44Z,anpboost,in_context,2,rmse,0.1519777963258368,0.3162524786202697,0.1535426760215615,0.3130853105311182,428.80092310905457,0.8408114910125732,0.8135390281677246,6.235976362315967,99.0,0.2,0.0001181285816262,5.0,0.0610030224551816,0.0,10.0,8.0,255.0,-1.0,,,,,,,,
anpboost-in_context-log_count-seed2,y93h7kdi,2026-07-20T10:34:10Z,anpboost,in_context,2,rmse,0.1777745968114676,0.3228505557876407,0.1788070025538677,0.3148561352137233,698.0484807491302,0.8398680686950684,0.813342809677124,6.043105047938203,220.0,0.2,2.9067203620664195e-05,5.0,0.1823458458254781,0.0,10.0,8.0,255.0,-1.0,,,,,,,,
anpboost-in_context-log_count-seed2,ynkks6ne,2026-07-20T10:07:15Z,anpboost,in_context,2,rmse,0.1126677167156468,0.2809523325734862,0.1171450170429532,0.2789218167639713,926.7065110206604,0.4968335628509521,0.5584478378295898,6.138890212100594,199.0,0.2,0.0002371245680478,10.0,0.0322020325894309,1.0,100.0,16.0,255.0,-1.0,,,,,,,,
anpboost-in_context-log_count-seed2,yvdmwigi,2026-07-20T08:28:00Z,anpboost,in_context,2,rmse,0.1431955824305069,0.3253937291892253,0.1433401066098636,0.3298906866402277,474.3887023925781,0.4445016384124756,0.4366919994354248,5.51702196352559,91.0,0.2,0.0004385170256085,10.0,0.8972612866432508,1.0,20.0,8.0,255.0,-1.0,,,,,,,,
anpboost-in_context-log_count-seed2,zdfj5fto,2026-07-20T13:23:48Z,anpboost,in_context,2,rmse,0.1682121316516782,0.2895252340696153,0.1674337718347069,0.2786887916118118,340.5655765533447,0.8489639759063721,0.8878786563873291,5.937860926333776,41.0,0.0,7.917412954846521e-05,10.0,0.1011064623519062,0.0,20.0,8.0,255.0,-1.0,,,,,,,,
anpboost-in_context-log_count-seed3,1z8ti1dv,2026-07-21T13:25:46Z,anpboost,in_context,3,rmse,0.2064464417319667,0.3091659103545929,0.2091926352062838,0.3302163070040121,906.8904180526732,0.8568172454833984,0.8715062141418457,5.857379293631072,229.0,0.2,1.5820851730418417e-05,5.0,0.0450196136386975,1.0,100.0,16.0,255.0,-1.0,,,,,,,,
anpboost-in_context-log_count-seed3,25x979e3,2026-07-21T11:05:28Z,anpboost,in_context,3,rmse,0.1261725496141581,0.2915840730254106,0.1271326602181324,0.3200645272476571,669.4801218509674,0.9002814292907715,0.8587155342102051,6.18649674969643,163.0,0.2,0.0008392140711648,5.0,0.0107859712708854,0.0,10.0,8.0,255.0,-1.0,,,,,,,,
anpboost-in_context-log_count-seed3,2782h6vc,2026-07-21T14:11:50Z,anpboost,in_context,3,rmse,0.114069758888003,0.2659028731980278,0.116617052507761,0.2814636454309385,753.9288582801819,0.8300611972808838,0.8680493831634521,5.951386542831272,117.0,0.0,7.917412954846521e-05,10.0,0.1011064623519062,0.0,20.0,8.0,255.0,-1.0,,,,,,,,
anpboost-in_context-log_count-seed3,2rm8ht5p,2026-07-21T14:05:31Z,anpboost,in_context,3,rmse,0.2150182677802606,0.32206242777818,0.2180316663419366,0.3442409933636293,370.1230945587158,0.8721423149108887,0.8898236751556396,3.2510448370503955,82.0,0.0,3.9184339457363744e-05,5.0,0.7978205565731539,1.0,100.0,16.0,255.0,-1.0,,,,,,,,
anpboost-in_context-log_count-seed3,4mh89rcs,2026-07-21T12:09:05Z,anpboost,in_context,3,rmse,0.1824403532511345,0.280122868649813,0.1826909411494358,0.2880662534424808,1158.5672047138214,0.7859210968017578,0.8295459747314453,4.723064332300546,99.0,0.0,1.2904721633073898e-05,20.0,0.2325748079967941,0.0,100.0,8.0,255.0,-1.0,,,,,,,,
anpboost-in_context-log_count-seed3,6vf6dpqk,2026-07-21T12:49:40Z,anpboost,in_context,3,rmse,0.1169494632737172,0.2812573002565453,0.1210829275598598,0.2947059175367844,722.6155602931976,0.8600020408630371,0.8212697505950928,6.202090369541298,109.0,0.0,0.0002507518284371,10.0,0.0302023368339538,1.0,10.0,8.0,255.0,-1.0,,,,,,,,
anpboost-in_context-log_count-seed3,7yyq2qjh,2026-07-21T09:55:34Z,anpboost,in_context,3,rmse,0.1144056890321814,0.2691863019872918,0.1164479967777129,0.2887655500145643,1207.9070649147034,0.9019081592559814,0.8336272239685059,6.047941344117104,104.0,0.2,0.0002563473332261,20.0,0.1427109105814198,1.0,1000.0,8.0,255.0,-1.0,,,,,,,,
anpboost-in_context-log_count-seed3,8q0pz9cl,2026-07-21T08:15:00Z,anpboost,in_context,3,rmse,0.1282388020327952,0.2833923805312757,0.1368240738298131,0.3269293358443577,628.7860653400421,0.840611457824707,0.8563873767852783,6.210650576416455,90.0,0.2,0.0001381635682257,10.0,0.0261669745608544,1.0,20.0,8.0,255.0,-1.0,,,,,,,,
anpboost-in_context-log_count-seed3,8vev3lgl,2026-07-21T08:40:00Z,anpboost,in_context,3,rmse,0.2034271298317918,0.3440174143581271,0.2041385638578628,0.3548441046658955,1380.042070865631,0.8705830574035645,0.8456649780273438,6.466719688338447,370.0,0.2,1.343677338411072e-05,5.0,0.1113002415673063,1.0,10.0,4.0,255.0,-1.0,,,,,,,,
anpboost-in_context-log_count-seed3,ayv6icm6,2026-07-21T08:05:59Z,anpboost,in_context,3,rmse,0.2527293930206948,0.3580086281042836,0.2589053566829919,0.3907565162825785,532.3760566711426,0.7429311275482178,1.0613806247711182,7.651509959817424,130.0,0.2,1.090384328196852e-05,5.0,0.7717846862118062,0.0,20.0,4.0,255.0,-1.0,,,,,,,,
anpboost-in_context-log_count-seed3,bkt62sam,2026-07-21T10:43:42Z,anpboost,in_context,3,rmse,0.1242430765033895,0.2792635981518999,0.123838013647184,0.3027516741282658,725.2956893444061,0.8871221542358398,0.8427612781524658,6.169632647259801,109.0,0.2,0.0002371245680478,10.0,0.0322020325894309,1.0,100.0,16.0,255.0,-1.0,,,,,,,,
anpboost-in_context-log_count-seed3,c2gwth4e,2026-07-21T08:25:37Z,anpboost,in_context,3,rmse,0.1271383396168512,0.2854039856939517,0.1352168285553757,0.3319815302969469,854.9784762859344,0.6586873531341553,0.8646073341369629,5.529201896710652,127.0,0.2,0.0004385170256085,10.0,0.8972612866432508,1.0,20.0,8.0,255.0,-1.0,,,,,,,,
anpboost-in_context-log_count-seed3,c4t78u9f,2026-07-21T11:45:14Z,anpboost,in_context,3,rmse,0.1483757657567584,0.2758498197753319,0.1491951536253404,0.2845194689668562,1422.2437148094175,0.678739070892334,0.6884157657623291,4.110644029816342,234.0,0.0,1.8406671834517417e-05,10.0,0.3476654204795515,0.0,20.0,8.0,255.0,-1.0,,,,,,,,
anpboost-in_context-log_count-seed3,cehw2nik,2026-07-21T09:24:10Z,anpboost,in_context,3,rmse,0.1557529788386844,0.2788905658067508,0.1571206642571829,0.2895824504174923,1377.0002200603485,0.7593209743499756,0.7245020866394043,6.028540846242632,125.0,0.0,1.5865500409725956e-05,20.0,0.019901994840577,0.0,100.0,4.0,255.0,-1.0,,,,,,,,
anpboost-in_context-log_count-seed3,cvc1tkr0,2026-07-21T13:41:02Z,anpboost,in_context,3,rmse,0.1739651107833155,0.2671592465974386,0.1772262998249219,0.2833988908017074,977.7728445529938,0.846609354019165,1.0168023109436035,5.716584156002965,81.0,0.0,1.702035422361917e-05,20.0,0.0657821692431908,1.0,20.0,16.0,255.0,-1.0,,,,,,,,
anpboost-in_context-log_count-seed3,d38v6cng,2026-07-21T09:03:09Z,anpboost,in_context,3,rmse,0.1167795962895247,0.2826519820985522,0.1200228263051838,0.3050049062174966,332.40012216567993,0.8268606662750244,0.8976314067840576,6.189913242742786,37.0,0.0,0.0004548624208721,10.0,0.2953847324956156,0.0,20.0,4.0,255.0,-1.0,,,,,,,,
anpboost-in_context-log_count-seed3,eqi5lxxz,2026-07-21T13:01:52Z,anpboost,in_context,3,rmse,0.1109656507892284,0.2644115942017922,0.1118682040102315,0.2775075689319418,1426.575058221817,0.7831404209136963,0.8156571388244629,6.183639105616972,232.0,0.2,0.0004276097878757,10.0,0.0133482983182945,0.0,100.0,4.0,255.0,-1.0,,,,,,,,
anpboost-in_context-log_count-seed3,gev2rvah,2026-07-21T13:57:57Z,anpboost,in_context,3,rmse,0.1429427886955679,0.2947511913111223,0.1514204564752561,0.3386991689084076,444.9136791229248,0.9277124404907228,0.8656103610992432,6.342419891117871,56.0,0.2,0.0001082971516786,10.0,0.2589103504433043,0.0,20.0,16.0,255.0,-1.0,,,,,,,,
anpboost-in_context-log_count-seed3,hv4on863,2026-07-21T14:24:48Z,anpboost,in_context,3,rmse,0.1430528563339904,0.2998134374854624,0.1504188246447557,0.342377012314337,1641.1595413684845,0.8798167705535889,0.9363930225372314,6.373800371114019,146.0,0.2,2.017016316297149e-05,20.0,0.0582929613195039,1.0,1000.0,8.0,255.0,-1.0,,,,,,,,
anpboost-in_context-log_count-seed3,j1b9tlo3,2026-07-21T09:08:50Z,anpboost,in_context,3,rmse,0.1143223782455538,0.2697307258179471,0.1208873028340547,0.3008530193407469,382.8085408210754,0.6677846908569336,0.8293616771697998,6.192134772524319,46.0,0.0,0.0004242243954166,10.0,0.5800570688908553,1.0,20.0,4.0,255.0,-1.0,,,,,,,,
anpboost-in_context-log_count-seed3,juke89fu,2026-07-21T09:15:22Z,anpboost,in_context,3,rmse,0.1137091656601045,0.2713577307611926,0.1162840377799955,0.2909003000797295,520.3842668533325,0.8146755695343018,0.8271708488464355,5.775293114213869,130.0,0.0,0.0001721990923545,5.0,0.1380161223304589,0.0,1000.0,16.0,255.0,-1.0,,,,,,,,
anpboost-in_context-log_count-seed3,lzh2qxuv,2026-07-21T10:56:08Z,anpboost,in_context,3,rmse,0.1185870179043825,0.2719350709169231,0.12101105154124,0.2841070553779956,522.5412504673004,0.8428792953491211,0.864311695098877,5.9501154949112,72.0,0.0,0.0001083323625032,10.0,0.1351582698334605,0.0,100.0,8.0,255.0,-1.0,,,,,,,,
anpboost-in_context-log_count-seed3,o31nr87e,2026-07-21T12:40:55Z,anpboost,in_context,3,rmse,0.1348942237393842,0.2837105776242804,0.1416519659453393,0.3324400019444138,516.2555129528046,0.7823746204376221,0.8024940490722656,6.200788647987471,123.0,0.2,0.0001181285816262,5.0,0.0610030224551816,0.0,10.0,8.0,255.0,-1.0,,,,,,,,
anpboost-in_context-log_count-seed3,oh84j7qv,2026-07-21T10:25:17Z,anpboost,in_context,3,rmse,0.1166905529219622,0.2852707437421802,0.1174414440116269,0.3001529579468518,1093.5334553718567,0.7627017498016357,0.8659090995788574,6.184744494692799,172.0,0.2,0.000956484407922,10.0,0.0109977032995056,0.0,100.0,4.0,255.0,-1.0,,,,,,,,
anpboost-in_context-log_count-seed3,pst1r5a8,2026-07-21T11:16:46Z,anpboost,in_context,3,rmse,0.1725461409763487,0.3089886715010245,0.1754187753385316,0.3316504264523076,920.974621295929,0.8398921489715576,0.9091730117797852,5.883965368360914,238.0,0.2,2.9067203620664195e-05,5.0,0.1823458458254781,0.0,10.0,8.0,255.0,-1.0,,,,,,,,
anpboost-in_context-log_count-seed3,qbj6x288,2026-07-21T14:52:42Z,anpboost,in_context,3,rmse,0.1862145803150472,0.266246435462229,0.1897015334978446,0.2852791904288383,587.5781195163727,0.9086904525756836,0.9315471649169922,4.960205098960116,141.0,0.0,3.1392574253118284e-05,5.0,0.1121865737283773,0.0,10.0,4.0,255.0,-1.0,,,,,,,,
anpboost-in_context-log_count-seed3,swoq9227,2026-07-21T07:57:33Z,anpboost,in_context,3,rmse,0.1278659298818819,0.289018571100696,0.1247524025872885,0.2993823116932726,473.6064100265503,0.8202962875366211,0.7846429347991943,6.151382917115935,61.0,0.2,0.0003600091192911,10.0,0.083744968684368,0.0,100.0,16.0,255.0,-1.0,,,,,,,,
anpboost-in_context-log_count-seed3,x7w3s0w1,2026-07-21T10:15:51Z,anpboost,in_context,3,rmse,0.1254656142176662,0.2748326129096263,0.1293894672776891,0.3104246318159867,555.9838345050812,0.838965654373169,0.8838529586791992,6.190138846572492,131.0,0.2,0.0003013710908533,5.0,0.0130634630331783,0.0,10.0,8.0,255.0,-1.0,,,,,,,,
anpboost-in_context-log_count-seed3,y5dhiut1,2026-07-21T07:38:02Z,anpboost,in_context,3,rmse,0.1214397196395636,0.2868131832045227,0.1220579175507413,0.3181096981447316,1160.3297066688538,0.8100681304931641,0.7911036014556885,6.162619527025404,98.0,0.2,0.0001605191133358,20.0,0.0750195444362012,1.0,20.0,4.0,255.0,-1.0,,,,,,,,
anpboost-in_context-log_count-seed3,ye42n0bj,2026-07-21T09:47:16Z,anpboost,in_context,3,rmse,0.1154192595941583,0.2691858283132751,0.1173537803394808,0.2884832966731748,477.54613184928894,0.8939566612243652,0.81996750831604,6.2060161603958335,67.0,0.0,0.0002780425090632,10.0,0.0105542692281163,1.0,20.0,8.0,255.0,-1.0,,,,,,,,
anpboost-in_context-log_count-seed3,zojvm1k8,2026-07-21T11:32:16Z,anpboost,in_context,3,rmse,0.1391790212890827,0.2972154614436819,0.1469669864849242,0.3326816321305625,768.9572386741638,0.8722171783447266,0.9324617385864258,6.416191093665455,112.0,0.2,5.4597054376998136e-05,10.0,0.1053508308667582,0.0,20.0,4.0,255.0,-1.0,,,,,,,,
anpboost-in_context-log_count-seed3,zon9usfr,2026-07-21T12:28:32Z,anpboost,in_context,3,rmse,0.1266974820306486,0.2770427315505265,0.1299401354361572,0.3052112529535398,734.1340863704681,0.8850889205932617,0.8079607486724854,6.1833990768369125,107.0,0.2,0.0001496922341954,10.0,0.0831211929407696,1.0,1000.0,4.0,255.0,-1.0,,,,,,,,
anpboost-in_context-log_count-seed4,0es5rgwh,2026-07-21T11:02:54Z,anpboost,in_context,4,rmse,0.1101639454441395,0.2604857491991598,0.1308505441042786,0.3347851886598945,793.5316779613495,0.8336896896362305,0.8503131866455078,6.211516936947869,201.0,0.2,0.0008392140711648,5.0,0.0107859712708854,0.0,10.0,8.0,255.0,-1.0,,,,,,,,
anpboost-in_context-log_count-seed4,0ww9yo9e,2026-07-21T12:50:27Z,anpboost,in_context,4,rmse,0.1630900117704233,0.273434258171177,0.1768642693250977,0.333132384073508,1648.049742937088,0.7896606922149658,0.7917146682739258,6.034997257513978,432.0,0.2,1.5820851730418417e-05,5.0,0.0450196136386975,1.0,100.0,16.0,255.0,-1.0,,,,,,,,
anpboost-in_context-log_count-seed4,1hatda5d,2026-07-21T10:01:07Z,anpboost,in_context,4,rmse,0.1088650014202175,0.261929164373273,0.1232824468094369,0.32628180163267,552.631275177002,0.7185249328613281,0.7062077522277832,6.225789795445686,76.0,0.0,0.0002780425090632,10.0,0.0105542692281163,1.0,20.0,8.0,255.0,-1.0,,,,,,,,
anpboost-in_context-log_count-seed4,1hc3eo5m,2026-07-21T13:52:05Z,anpboost,in_context,4,rmse,0.1108844830656322,0.253787751008754,0.1267168378784886,0.3177986131603928,772.3499631881714,0.913954257965088,0.8626565933227539,5.967507552483857,120.0,0.0,7.917412954846521e-05,10.0,0.1011064623519062,0.0,20.0,8.0,255.0,-1.0,,,,,,,,
anpboost-in_context-log_count-seed4,4gpuq4ru,2026-07-21T14:05:06Z,anpboost,in_context,4,rmse,0.134410399626694,0.2715776909649176,0.1509917793629976,0.3311132655207654,1648.4882349967957,0.8786766529083252,0.7839725017547607,6.338733217841694,148.0,0.2,2.017016316297149e-05,20.0,0.0582929613195039,1.0,1000.0,8.0,255.0,-1.0,,,,,,,,
anpboost-in_context-log_count-seed4,4v7gdtst,2026-07-21T10:55:42Z,anpboost,in_context,4,rmse,0.1278785843761296,0.2606534174282077,0.1423606457917586,0.3178779586275131,423.1618294715881,0.7960913181304932,0.8889038562774658,6.007903168688969,55.0,0.0,0.0001083323625032,10.0,0.1351582698334605,0.0,100.0,8.0,255.0,-1.0,,,,,,,,
anpboost-in_context-log_count-seed4,5i102u4b,2026-07-21T11:28:03Z,anpboost,in_context,4,rmse,0.1457971370794822,0.2817688775755498,0.1623900076955388,0.3432588403115552,667.9004709720612,0.8884091377258301,0.8525650501251221,6.377871135887862,93.0,0.2,5.4597054376998136e-05,10.0,0.1053508308667582,0.0,20.0,4.0,255.0,-1.0,,,,,,,,
anpboost-in_context-log_count-seed4,ainz32kr,2026-07-21T12:11:19Z,anpboost,in_context,4,rmse,0.1179132689149708,0.261467885466962,0.1367879371899963,0.328978015741619,693.9649319648743,0.8936538696289062,0.8422238826751709,6.187164575624029,100.0,0.2,0.0001496922341954,10.0,0.0831211929407696,1.0,1000.0,4.0,255.0,-1.0,,,,,,,,
anpboost-in_context-log_count-seed4,b0dxekxm,2026-07-21T09:32:10Z,anpboost,in_context,4,rmse,0.1319815877592631,0.2671907554367988,0.1473676137527581,0.3236555677095031,353.8953802585602,0.8963191509246826,0.8194408416748047,5.876584984474332,75.0,0.0,0.0001721990923545,5.0,0.1380161223304589,0.0,1000.0,16.0,255.0,-1.0,,,,,,,,
anpboost-in_context-log_count-seed4,bqvuyusx,2026-07-21T14:32:43Z,anpboost,in_context,4,rmse,0.1829531142639528,0.2612525363974079,0.1967030748978454,0.3240441358994424,604.1912291049957,0.940178155899048,0.9767684936523438,4.856031188025756,146.0,0.0,3.1392574253118284e-05,5.0,0.1121865737283773,0.0,10.0,4.0,255.0,-1.0,,,,,,,,
anpboost-in_context-log_count-seed4,cbipd3ar,2026-07-21T10:25:31Z,anpboost,in_context,4,rmse,0.1179022643792606,0.2602833847597445,0.1388536361530282,0.3313486083120452,472.012017250061,0.8737905025482178,0.840263843536377,6.222079145368254,111.0,0.2,0.0003013710908533,5.0,0.0130634630331783,0.0,10.0,8.0,255.0,-1.0,,,,,,,,
anpboost-in_context-log_count-seed4,fo6sa6lx,2026-07-21T12:32:38Z,anpboost,in_context,4,rmse,0.105835909851332,0.2466996794389306,0.1268241117604513,0.3181534147929058,434.2448759078979,0.8556661605834961,0.7947220802307129,6.213821867768501,58.0,0.0,0.0002507518284371,10.0,0.0302023368339538,1.0,10.0,8.0,255.0,-1.0,,,,,,,,
anpboost-in_context-log_count-seed4,h6qtl5fp,2026-07-21T13:18:04Z,anpboost,in_context,4,rmse,0.1922258833856348,0.2599860987836884,0.2046319034464643,0.3201040269011132,778.103378534317,0.8511142730712891,0.8023557662963867,5.750739120917833,59.0,0.0,1.702035422361917e-05,20.0,0.0657821692431908,1.0,20.0,16.0,255.0,-1.0,,,,,,,,
anpboost-in_context-log_count-seed4,ici665xg,2026-07-21T10:41:10Z,anpboost,in_context,4,rmse,0.1103512279140025,0.2514742560950614,0.1302054561604173,0.3348939606044691,861.653062582016,0.8370568752288818,0.8099222183227539,6.184356749129499,128.0,0.2,0.0002371245680478,10.0,0.0322020325894309,1.0,100.0,16.0,255.0,-1.0,,,,,,,,
anpboost-in_context-log_count-seed4,lz6s8ee0,2026-07-21T11:39:19Z,anpboost,in_context,4,rmse,0.1905489243947265,0.2722922923385346,0.2011904398187121,0.3265045447356163,768.7371549606323,0.8813295364379883,0.8112461566925049,4.184113072350238,115.0,0.0,1.8406671834517417e-05,10.0,0.3476654204795515,0.0,20.0,8.0,255.0,-1.0,,,,,,,,
anpboost-in_context-log_count-seed4,mgkjtd2b,2026-07-21T08:34:16Z,anpboost,in_context,4,rmse,0.1349108589281432,0.3035351600314258,0.1477705137716123,0.35007032663582,791.7669250965118,0.8266866207122803,0.8537271022796631,5.566869564806556,117.0,0.2,0.0004385170256085,10.0,0.8972612866432508,1.0,20.0,8.0,255.0,-1.0,,,,,,,,
anpboost-in_context-log_count-seed4,ncdm7z5y,2026-07-21T08:47:37Z,anpboost,in_context,4,rmse,0.1776870425459568,0.3054725059665972,0.188219146940343,0.3514660835269799,1753.0525467395782,0.7914588451385498,0.8581533432006836,7.197504472373955,500.0,0.2,1.343677338411072e-05,5.0,0.1113002415673063,1.0,10.0,4.0,255.0,-1.0,,,,,,,,
anpboost-in_context-log_count-seed4,ooctcwyp,2026-07-21T07:51:29Z,anpboost,in_context,4,rmse,0.1126470119606119,0.2647943033765743,0.1307333599078858,0.3336309491660989,658.7751264572144,0.839479923248291,0.8183329105377197,6.124782860217606,97.0,0.2,0.0003600091192911,10.0,0.083744968684368,0.0,100.0,16.0,255.0,-1.0,,,,,,,,
anpboost-in_context-log_count-seed4,qczvjls2,2026-07-21T10:33:31Z,anpboost,in_context,4,rmse,0.1349722812892358,0.2945458462832258,0.1514511769795913,0.3531855609404211,449.8374056816101,0.8203299045562744,0.8069486618041992,6.212294492588642,59.0,0.2,0.000956484407922,10.0,0.0109977032995056,0.0,100.0,4.0,255.0,-1.0,,,,,,,,
anpboost-in_context-log_count-seed4,qg5vzp9n,2026-07-21T13:31:11Z,anpboost,in_context,4,rmse,0.1297234423557166,0.2775251684333149,0.1368740495076026,0.3067580563033562,570.2205502986908,0.8646998405456543,0.8446996212005615,6.35781632775744,79.0,0.2,0.0001082971516786,10.0,0.2589103504433043,0.0,20.0,16.0,255.0,-1.0,,,,,,,,
anpboost-in_context-log_count-seed4,r5wh9n6o,2026-07-21T10:10:27Z,anpboost,in_context,4,rmse,0.116654464337686,0.2637480436973847,0.1384071779837004,0.3506898658596261,894.7987470626831,0.8138144016265869,0.8342196941375732,6.211116474903321,67.0,0.2,0.0002563473332261,20.0,0.1427109105814198,1.0,1000.0,8.0,255.0,-1.0,,,,,,,,
anpboost-in_context-log_count-seed4,rrrz7yaf,2026-07-21T08:02:37Z,anpboost,in_context,4,rmse,0.2237447643606784,0.3407743273421396,0.2288453353600601,0.3620544095344032,1006.1674213409424,0.8820195198059082,0.8239619731903076,6.61994768959249,267.0,0.2,1.090384328196852e-05,5.0,0.7717846862118062,0.0,20.0,4.0,255.0,-1.0,,,,,,,,
anpboost-in_context-log_count-seed4,rwvsswsl,2026-07-21T09:16:59Z,anpboost,in_context,4,rmse,0.1079494863861224,0.263676882444608,0.1223366119685831,0.3192460526990403,481.18114256858826,0.7917757034301758,0.8366405963897705,6.294241599839826,63.0,0.0,0.0004548624208721,10.0,0.2953847324956156,0.0,20.0,4.0,255.0,-1.0,,,,,,,,
anpboost-in_context-log_count-seed4,uxko8gqh,2026-07-21T13:40:49Z,anpboost,in_context,4,rmse,0.1799748311477708,0.3183081903807953,0.1877756456796974,0.3564379225809121,650.7518167495728,0.812114953994751,0.8990604877471924,3.2422706306149456,162.0,0.0,3.9184339457363744e-05,5.0,0.7978205565731539,1.0,100.0,16.0,255.0,-1.0,,,,,,,,
anpboost-in_context-log_count-seed4,vob57h88,2026-07-21T08:19:32Z,anpboost,in_context,4,rmse,0.111931108008711,0.2498538319928256,0.1312651509429646,0.3206624607470169,875.7911186218262,0.8883373737335205,0.8601033687591553,6.210247516721744,135.0,0.2,0.0001381635682257,10.0,0.0261669745608544,1.0,20.0,8.0,255.0,-1.0,,,,,,,,
anpboost-in_context-log_count-seed4,vu9s2bk4,2026-07-21T11:16:34Z,anpboost,in_context,4,rmse,0.1913598093339761,0.3021088721359136,0.1973411040855941,0.3357824063673983,680.471563577652,0.7994468212127686,0.8199658393859863,6.213449846163392,164.0,0.2,2.9067203620664195e-05,5.0,0.1823458458254781,0.0,10.0,8.0,255.0,-1.0,,,,,,,,
anpboost-in_context-log_count-seed4,wmfvs3me,2026-07-21T09:38:45Z,anpboost,in_context,4,rmse,0.1603294552386595,0.2681018732893711,0.1733831832562142,0.3204831028226212,1293.1182513237,0.665090799331665,0.7501158714294434,6.052992096169299,111.0,0.0,1.5865500409725956e-05,20.0,0.019901994840577,0.0,100.0,4.0,255.0,-1.0,,,,,,,,
anpboost-in_context-log_count-seed4,x76z0sym,2026-07-21T12:23:01Z,anpboost,in_context,4,rmse,0.1261008506066857,0.263755009461823,0.1460164890172125,0.339521488211468,568.7580461502075,0.7856855392456055,0.848809003829956,6.24387882792138,138.0,0.2,0.0001181285816262,5.0,0.0610030224551816,0.0,10.0,8.0,255.0,-1.0,,,,,,,,
anpboost-in_context-log_count-seed4,yzvtymi2,2026-07-21T07:38:01Z,anpboost,in_context,4,rmse,0.1141895797167022,0.2522855690414828,0.1358045110855751,0.3309073853120169,796.8613333702087,0.8944430351257324,0.8992025852203369,6.229786585385271,60.0,0.2,0.0001605191133358,20.0,0.0750195444362012,1.0,20.0,4.0,255.0,-1.0,,,,,,,,
anpboost-in_context-log_count-seed4,z1owrdjh,2026-07-21T11:52:17Z,anpboost,in_context,4,rmse,0.1825238264012652,0.2764627326389535,0.1943012096255398,0.3314573056989252,1133.2212855815887,0.8558690547943115,0.7737922668457031,4.822510933549197,96.0,0.0,1.2904721633073898e-05,20.0,0.2325748079967941,0.0,100.0,8.0,255.0,-1.0,,,,,,,,
anpboost-in_context-log_count-seed4,zfb0t1cy,2026-07-21T12:40:01Z,anpboost,in_context,4,rmse,0.1194784157893608,0.2669128836741899,0.1400681607889994,0.3506508308850729,617.167653799057,0.8282101154327393,0.8734276294708252,6.217221244498535,90.0,0.2,0.0004276097878757,10.0,0.0133482983182945,0.0,100.0,4.0,255.0,-1.0,,,,,,,,
anpboost-in_context-log_count-seed4,zh427tlx,2026-07-21T09:25:10Z,anpboost,in_context,4,rmse,0.1111067539126751,0.2670297875093452,0.1274346294610396,0.3359792923311613,411.8963630199432,0.8613510131835938,0.8442022800445557,5.923573231687228,48.0,0.0,0.0004242243954166,10.0,0.5800570688908553,1.0,20.0,4.0,255.0,-1.0,,,,,,,,
anpboost-few_shot-log_count-seed0,04ht2gwa,2026-07-23T18:29:58Z,anpboost,few_shot,0,rmse,0.3050806382123162,0.5586289730609714,0.3667224319179449,0.6567114178134447,87.13040590286255,0.1512200832366943,0.1566958427429199,5.121438433480528,25.0,0.0,0.0004548624208721,10.0,0.2953847324956156,0.0,20.0,4.0,255.0,-1.0,,,,,,,,
anpboost-few_shot-log_count-seed0,2abrq7of,2026-07-23T18:59:29Z,anpboost,few_shot,0,rmse,0.40969612271178,0.6941782902069159,0.4637514930709622,0.7938531341732364,69.05732846260071,0.1380634307861328,0.146069049835205,2.604606240594348,13.0,0.0,1.8406671834517417e-05,10.0,0.3476654204795515,0.0,20.0,8.0,255.0,-1.0,,,,,,,,
anpboost-few_shot-log_count-seed0,2xjb9o0j,2026-07-23T18:27:15Z,anpboost,few_shot,0,rmse,0.3937836590935202,0.6655280898159077,0.4410417723123733,0.7560629708752571,158.08902430534363,0.1833693981170654,0.1831238269805908,4.2849857151737405,111.0,0.2,1.343677338411072e-05,5.0,0.1113002415673063,1.0,10.0,4.0,255.0,-1.0,,,,,,,,
anpboost-few_shot-log_count-seed0,4mk40mad,2026-07-23T18:55:36Z,anpboost,few_shot,0,rmse,0.4176104975681678,0.7162131104801417,0.4631729280731016,0.7963265877220559,77.93506336212158,0.2029814720153809,0.1949546337127685,3.806952608694903,35.0,0.2,2.9067203620664195e-05,5.0,0.1823458458254781,0.0,10.0,8.0,255.0,-1.0,,,,,,,,
anpboost-few_shot-log_count-seed0,6jezo6e6,2026-07-23T18:50:15Z,anpboost,few_shot,0,rmse,0.3749279844994638,0.6778266023632615,0.4243077709515245,0.7412011946548263,77.04016208648682,0.1675224304199218,0.1853368282318115,5.483148341946305,22.0,0.2,0.0002371245680478,10.0,0.0322020325894309,1.0,100.0,16.0,255.0,-1.0,,,,,,,,
anpboost-few_shot-log_count-seed0,8enh87uw,2026-07-23T18:19:23Z,anpboost,few_shot,0,rmse,0.3257592294730392,0.5930275817394295,0.3846408310091277,0.695324537449618,101.2266881465912,0.1704866886138916,0.1898789405822754,5.485718609594719,35.0,0.2,0.0003600091192911,10.0,0.083744968684368,0.0,100.0,16.0,255.0,-1.0,,,,,,,,
anpboost-few_shot-log_count-seed0,8irym2og,2026-07-23T19:03:09Z,anpboost,few_shot,0,rmse,0.3369001799938725,0.639189832794761,0.3915241233717355,0.6985750866874354,207.31668424606323,0.1575970649719238,0.1451773643493652,5.512311804130576,94.0,0.2,0.0001496922341954,10.0,0.0831211929407696,1.0,1000.0,4.0,255.0,-1.0,,,,,,,,
anpboost-few_shot-log_count-seed0,9w0sujom,2026-07-23T19:18:47Z,anpboost,few_shot,0,rmse,0.4040245205748315,0.6941087661883828,0.4547533263541138,0.7842012043752908,72.64742422103882,0.1964907646179199,0.2080743312835693,4.840289694999463,14.0,0.2,0.0001082971516786,10.0,0.2589103504433043,0.0,20.0,16.0,255.0,-1.0,,,,,,,,
anpboost-few_shot-log_count-seed0,9zirrryx,2026-07-23T18:33:38Z,anpboost,few_shot,0,rmse,0.3282417446959252,0.5870956601373614,0.402204780501236,0.7098244024364604,178.58087348937988,0.1838669776916504,0.1937153339385986,5.512311804130576,128.0,0.0,0.0001721990923545,5.0,0.1380161223304589,0.0,1000.0,16.0,255.0,-1.0,,,,,,,,
anpboost-few_shot-log_count-seed0,ba3akah1,2026-07-23T18:43:25Z,anpboost,few_shot,0,rmse,0.3518056532915901,0.6469367025766335,0.4035185839051407,0.7138847000518497,123.92129063606262,0.1970963478088379,0.1886672973632812,5.512311804130576,22.0,0.2,0.0002563473332261,20.0,0.1427109105814198,1.0,1000.0,8.0,255.0,-1.0,,,,,,,,
anpboost-few_shot-log_count-seed0,c3409aqz,2026-07-23T19:14:25Z,anpboost,few_shot,0,rmse,0.385986208448223,0.6725144070944534,0.4251944830161321,0.730769143765161,256.5412199497223,0.1760056018829345,0.158715009689331,4.5368763919763815,68.0,0.0,1.702035422361917e-05,20.0,0.0657821692431908,1.0,20.0,16.0,255.0,-1.0,,,,,,,,
anpboost-few_shot-log_count-seed0,djot9jx1,2026-07-23T18:36:42Z,anpboost,few_shot,0,rmse,0.3805346919041054,0.6750977065924404,0.4405134406099454,0.7788734941431479,304.309916973114,0.1848869323730468,0.1584739685058593,5.0132806106995,89.0,0.0,1.5865500409725956e-05,20.0,0.019901994840577,0.0,100.0,4.0,255.0,-1.0,,,,,,,,
anpboost-few_shot-log_count-seed0,dwp57jx4,2026-07-23T18:57:46Z,anpboost,few_shot,0,rmse,0.3718208462584252,0.6410902189016947,0.4134278829392749,0.7125246485033033,97.99066185951231,0.2189650535583496,0.2098574638366699,4.893801627781864,32.0,0.2,5.4597054376998136e-05,10.0,0.1053508308667582,0.0,20.0,4.0,255.0,-1.0,,,,,,,,
anpboost-few_shot-log_count-seed0,f1j0fknz,2026-07-23T19:06:42Z,anpboost,few_shot,0,rmse,0.3626480401731005,0.6257641675480206,0.4004714687262297,0.6958962156745172,113.27181243896484,0.180058479309082,0.1908087730407714,5.182753446670472,66.0,0.2,0.0001181285816262,5.0,0.0610030224551816,0.0,10.0,8.0,255.0,-1.0,,,,,,,,
anpboost-few_shot-log_count-seed0,f80vgd89,2026-07-23T18:15:11Z,anpboost,few_shot,0,rmse,0.3011634976256127,0.5430727782296925,0.3847747245618344,0.6899058014509017,207.6452214717865,0.197176456451416,0.1883726119995117,5.535302438093285,45.0,0.2,0.0001605191133358,20.0,0.0750195444362012,1.0,20.0,4.0,255.0,-1.0,,,,,,,,
anpboost-few_shot-log_count-seed0,mgwbc2c0,2026-07-23T19:11:54Z,anpboost,few_shot,0,rmse,0.3977103439031862,0.6779713820826558,0.4497769802627409,0.7782533010717626,145.91894340515137,0.1784799098968506,0.180276870727539,4.3392090289493614,100.0,0.2,1.5820851730418417e-05,5.0,0.0450196136386975,1.0,100.0,16.0,255.0,-1.0,,,,,,,,
anpboost-few_shot-log_count-seed0,nzq6jx9n,2026-07-23T19:10:14Z,anpboost,few_shot,0,rmse,0.336440980200674,0.6207776015338848,0.3701162589732822,0.6486607176485095,95.15672063827516,0.1922509670257568,0.1543717384338379,5.512314421408366,29.0,0.2,0.0004276097878757,10.0,0.0133482983182945,0.0,100.0,4.0,255.0,-1.0,,,,,,,,
anpboost-few_shot-log_count-seed0,o061l6eu,2026-07-23T18:54:06Z,anpboost,few_shot,0,rmse,0.3246190089805453,0.5954757114989851,0.3857107104442666,0.6851714991708885,84.68544459342957,0.1928718090057373,0.1763486862182617,5.523252945480219,43.0,0.2,0.0008392140711648,5.0,0.0107859712708854,0.0,10.0,8.0,255.0,-1.0,,,,,,,,
anpboost-few_shot-log_count-seed0,oh3syn3w,2026-07-23T19:22:09Z,anpboost,few_shot,0,rmse,0.3637023028205423,0.6309752150501878,0.4080761025450051,0.7077514935952325,123.71441531181335,0.2297127246856689,0.2008681297302246,4.746930796231834,48.0,0.0,7.917412954846521e-05,10.0,0.1011064623519062,0.0,20.0,8.0,255.0,-1.0,,,,,,,,
anpboost-few_shot-log_count-seed0,p2rh7zpp,2026-07-23T18:48:18Z,anpboost,few_shot,0,rmse,0.3163890464633119,0.5815255708585539,0.3834704540322325,0.6642879933482992,112.673757314682,0.1588804721832275,0.1719176769256591,5.511028707231175,39.0,0.2,0.000956484407922,10.0,0.0109977032995056,0.0,100.0,4.0,255.0,-1.0,,,,,,,,
anpboost-few_shot-log_count-seed0,p6mj4gqd,2026-07-23T18:25:16Z,anpboost,few_shot,0,rmse,0.4619124169443168,0.820455087524401,0.5354552356031314,0.9204623005001068,76.50906157493591,0.1490294933319091,0.1441924571990966,5.002505253918418,18.0,0.2,0.0004385170256085,10.0,0.8972612866432508,1.0,20.0,8.0,255.0,-1.0,,,,,,,,
anpboost-few_shot-log_count-seed0,qc2itkq1,2026-07-23T18:52:17Z,anpboost,few_shot,0,rmse,0.3756166944316789,0.6478393926119754,0.4223637145624683,0.7370997327491977,72.41573572158813,0.1362874507904052,0.1208350658416748,4.741338952034371,18.0,0.0,0.0001083323625032,10.0,0.1351582698334605,0.0,100.0,8.0,255.0,-1.0,,,,,,,,
anpboost-few_shot-log_count-seed0,qcmty2x1,2026-07-23T19:20:55Z,anpboost,few_shot,0,rmse,0.4008279837814032,0.6751464085385751,0.4644585352156757,0.7951025742291884,48.07026171684265,0.2000226974487304,0.179422378540039,1.5837754554798482,12.0,0.0,3.9184339457363744e-05,5.0,0.7978205565731539,1.0,100.0,16.0,255.0,-1.0,,,,,,,,
anpboost-few_shot-log_count-seed0,qzz9oz96,2026-07-23T19:24:19Z,anpboost,few_shot,0,rmse,0.4123685051413143,0.7460394856615348,0.4568559132047889,0.8111148581221591,212.28542852401733,0.1981966495513916,0.191777229309082,5.512311804130576,52.0,0.2,2.017016316297149e-05,20.0,0.0582929613195039,1.0,1000.0,8.0,255.0,-1.0,,,,,,,,
anpboost-few_shot-log_count-seed0,rn2e27x4,2026-07-23T19:00:42Z,anpboost,few_shot,0,rmse,0.3966728659237132,0.6716672049275904,0.4476345905667628,0.7674951979537438,142.00491452217102,0.1566603183746338,0.1489214897155761,3.3343786110330464,30.0,0.0,1.2904721633073898e-05,20.0,0.2325748079967941,0.0,100.0,8.0,255.0,-1.0,,,,,,,,
anpboost-few_shot-log_count-seed0,t5szsbhi,2026-07-23T18:31:30Z,anpboost,few_shot,0,rmse,0.327169859643076,0.5591986703508067,0.3716361334067571,0.6469643937352284,64.27412390708923,0.1735625267028808,0.1754288673400879,4.676681861663426,13.0,0.0,0.0004242243954166,10.0,0.5800570688908553,1.0,20.0,4.0,255.0,-1.0,,,,,,,,
anpboost-few_shot-log_count-seed0,u5164eis,2026-07-23T18:21:20Z,anpboost,few_shot,0,rmse,0.4491736916934742,0.7708169423153516,0.5000756130257195,0.8606081258090206,48.09785771369934,0.1573312282562256,0.1661255359649658,1.8352094380544868,13.0,0.2,1.090384328196852e-05,5.0,0.7717846862118062,0.0,20.0,4.0,255.0,-1.0,,,,,,,,
anpboost-few_shot-log_count-seed0,v7rhk4ce,2026-07-23T18:22:46Z,anpboost,few_shot,0,rmse,0.3655169318704044,0.6480038675469639,0.4110512878541772,0.7266767501866281,139.50263261795044,0.2234220504760742,0.2074277400970459,5.500142672910362,55.0,0.2,0.0001381635682257,10.0,0.0261669745608544,1.0,20.0,8.0,255.0,-1.0,,,,,,,,
anpboost-few_shot-log_count-seed0,wspa4q91,2026-07-23T19:08:41Z,anpboost,few_shot,0,rmse,0.3244166953890931,0.5595840503277297,0.3900416376140974,0.6875051797962272,87.77486085891724,0.1516597270965576,0.1440513134002685,5.425785951854564,26.0,0.0,0.0002507518284371,10.0,0.0302023368339538,1.0,10.0,8.0,255.0,-1.0,,,,,,,,
anpboost-few_shot-log_count-seed0,wthdgnsb,2026-07-23T19:28:09Z,anpboost,few_shot,0,rmse,0.3592808143765318,0.5943383172089155,0.4011301346289458,0.6810160807123955,121.34089875221252,0.1839163303375244,0.1808764934539795,3.394023564522763,72.0,0.0,3.1392574253118284e-05,5.0,0.1121865737283773,0.0,10.0,4.0,255.0,-1.0,,,,,,,,
anpboost-few_shot-log_count-seed0,x18544jq,2026-07-23T18:41:52Z,anpboost,few_shot,0,rmse,0.3148232553519454,0.5478200797561938,0.3544899899867679,0.6202150535791093,87.83898615837097,0.1612048149108886,0.153289794921875,5.489506234229243,28.0,0.0,0.0002780425090632,10.0,0.0105542692281163,1.0,20.0,8.0,255.0,-1.0,,,,,,,,
anpboost-few_shot-log_count-seed0,z1dho2rq,2026-07-23T18:45:34Z,anpboost,few_shot,0,rmse,0.2946999344171262,0.5436940142213766,0.3566263752099708,0.63256802283017,158.04898977279663,0.1920323371887207,0.1764395236968994,5.504979171554845,119.0,0.2,0.0003013710908533,5.0,0.0130634630331783,0.0,10.0,8.0,255.0,-1.0,,,,,,,,
anpboost-few_shot-log_count-seed1,04cwhvlw,2026-07-23T20:24:52Z,anpboost,few_shot,1,rmse,0.3991347369025735,0.6929141671020799,0.4116584927428002,0.7178921788766038,313.01257276535034,0.1482315063476562,0.1621005535125732,3.87777530981163,59.0,0.0,1.2904721633073898e-05,20.0,0.2325748079967941,0.0,100.0,8.0,255.0,-1.0,,,,,,,,
anpboost-few_shot-log_count-seed1,1lq0jsvx,2026-07-23T20:47:36Z,anpboost,few_shot,1,rmse,0.4254789165422028,0.7446805109507847,0.4522057626761642,0.808689899524037,238.4458434581757,0.1771914958953857,0.1785774230957031,5.117204462233368,37.0,0.0,1.702035422361917e-05,20.0,0.0657821692431908,1.0,20.0,16.0,255.0,-1.0,,,,,,,,
anpboost-few_shot-log_count-seed1,49qdn7rx,2026-07-23T19:46:53Z,anpboost,few_shot,1,rmse,0.3997500849705116,0.710235671883361,0.4239412195542279,0.7576625592409966,95.79068303108215,0.1655106544494629,0.1909558773040771,5.51209323624558,14.0,0.0,0.0004242243954166,10.0,0.5800570688908553,1.0,20.0,4.0,255.0,-1.0,,,,,,,,
anpboost-few_shot-log_count-seed1,73en48iy,2026-07-23T20:31:19Z,anpboost,few_shot,1,rmse,0.3890662099800858,0.6945584674972651,0.4449095183727788,0.8146912402659143,132.86943340301514,0.1876237392425537,0.1865198612213134,5.886605120250806,33.0,0.2,0.0001496922341954,10.0,0.0831211929407696,1.0,1000.0,4.0,255.0,-1.0,,,,,,,,
anpboost-few_shot-log_count-seed1,8hazuuse,2026-07-23T19:45:13Z,anpboost,few_shot,1,rmse,0.3699834187825521,0.6494121465355228,0.3890281527650122,0.6856655511721845,93.82543849945068,0.20912766456604,0.212632417678833,5.848018264190355,15.0,0.0,0.0004548624208721,10.0,0.2953847324956156,0.0,20.0,4.0,255.0,-1.0,,,,,,,,
anpboost-few_shot-log_count-seed1,aajp9wyd,2026-07-23T19:37:51Z,anpboost,few_shot,1,rmse,0.3753561580882353,0.666962309733118,0.3852194991766238,0.6818767565287395,200.05980801582336,0.1933903694152832,0.1756176948547363,5.968248710179302,58.0,0.2,0.0001381635682257,10.0,0.0261669745608544,1.0,20.0,8.0,255.0,-1.0,,,,,,,,
anpboost-few_shot-log_count-seed1,ai63vewu,2026-07-23T19:59:40Z,anpboost,few_shot,1,rmse,0.3697161506204044,0.6551907020288936,0.3751463946174173,0.6664191361905217,209.08565640449524,0.1609008312225341,0.1693558692932129,5.987742356549798,29.0,0.2,0.0002563473332261,20.0,0.1427109105814198,1.0,1000.0,8.0,255.0,-1.0,,,,,,,,
anpboost-few_shot-log_count-seed1,c1dnohq3,2026-07-23T20:34:38Z,anpboost,few_shot,1,rmse,0.4711216346890318,0.8186204274216498,0.5108831069048714,0.884815150506602,106.0944366455078,0.1980938911437988,0.1940305233001709,5.7849331197384,37.0,0.2,0.0001181285816262,5.0,0.0610030224551816,0.0,10.0,8.0,255.0,-1.0,,,,,,,,
anpboost-few_shot-log_count-seed1,drbjbdnv,2026-07-23T19:30:33Z,anpboost,few_shot,1,rmse,0.3754617429247089,0.6704724140846292,0.3924430697571998,0.6875622629389709,197.64311337471008,0.1953561305999756,0.2034850120544433,6.039304663827188,24.0,0.2,0.0001605191133358,20.0,0.0750195444362012,1.0,20.0,4.0,255.0,-1.0,,,,,,,,
anpboost-few_shot-log_count-seed1,fhdgxro0,2026-07-23T20:22:59Z,anpboost,few_shot,1,rmse,0.5103899787454044,0.8893264108982668,0.5099763758042279,0.873497790979846,82.74990010261536,0.1102223396301269,0.1035859584808349,3.346985183013742,14.0,0.0,1.8406671834517417e-05,10.0,0.3476654204795515,0.0,20.0,8.0,255.0,-1.0,,,,,,,,
anpboost-few_shot-log_count-seed1,ghyad1hi,2026-07-23T19:43:10Z,anpboost,few_shot,1,rmse,0.5918758616727942,1.0211634671367291,0.6221479228898591,1.05922135673064,107.8483657836914,0.1764864921569824,0.1633243560791015,4.26122516839039,40.0,0.2,1.343677338411072e-05,5.0,0.1113002415673063,1.0,10.0,4.0,255.0,-1.0,,,,,,,,
anpboost-few_shot-log_count-seed1,ii4qsdqg,2026-07-23T21:09:33Z,anpboost,few_shot,1,rmse,0.4772241330614277,0.8276449312110031,0.4966816023284314,0.8595451730712403,116.32139754295348,0.1889905929565429,0.2020812034606933,4.339027512339092,50.0,0.0,3.1392574253118284e-05,5.0,0.1121865737283773,0.0,10.0,4.0,255.0,-1.0,,,,,,,,
anpboost-few_shot-log_count-seed1,in5jlwrh,2026-07-23T20:43:04Z,anpboost,few_shot,1,rmse,0.4328196806066176,0.7491350162853325,0.4315964642693015,0.7457626733863508,266.61922669410706,0.149670124053955,0.1816778182983398,4.926874234905943,140.0,0.2,1.5820851730418417e-05,5.0,0.0450196136386975,1.0,100.0,16.0,255.0,-1.0,,,,,,,,
anpboost-few_shot-log_count-seed1,j7xkzokb,2026-07-23T19:33:57Z,anpboost,few_shot,1,rmse,0.3860443115234375,0.6860337860883162,0.4203698251761642,0.7567085571295735,94.96235728263856,0.152029275894165,0.1733245849609375,5.909239228963549,16.0,0.2,0.0003600091192911,10.0,0.083744968684368,0.0,100.0,16.0,255.0,-1.0,,,,,,,,
anpboost-few_shot-log_count-seed1,jd4qrdiw,2026-07-23T20:55:17Z,anpboost,few_shot,1,rmse,0.410154006060432,0.7186249975412174,0.4457385493259804,0.7973574323528165,113.40383553504944,0.215078592300415,0.1960010528564453,5.419156560020234,22.0,0.0,7.917412954846521e-05,10.0,0.1011064623519062,0.0,20.0,8.0,255.0,-1.0,,,,,,,,
anpboost-few_shot-log_count-seed1,lh4l0moh,2026-07-23T20:57:16Z,anpboost,few_shot,1,rmse,0.4050997864966299,0.7255398616279487,0.4295256371591605,0.760792719436256,587.2206611633301,0.1809186935424804,0.1825096607208252,6.071289337079513,127.0,0.2,2.017016316297149e-05,20.0,0.0582929613195039,1.0,1000.0,8.0,255.0,-1.0,,,,,,,,
anpboost-few_shot-log_count-seed1,pb6nbvyq,2026-07-23T20:19:06Z,anpboost,few_shot,1,rmse,0.7382841222426471,1.2497474214047604,0.7678704953661152,1.274683322615581,78.32141733169556,0.1733961105346679,0.1753003597259521,4.520899930114613,20.0,0.2,2.9067203620664195e-05,5.0,0.1823458458254781,0.0,10.0,8.0,255.0,-1.0,,,,,,,,
anpboost-few_shot-log_count-seed1,q2sryztt,2026-07-23T20:06:23Z,anpboost,few_shot,1,rmse,0.4132265577129289,0.6708224400675663,0.4217385086358762,0.6586171073444185,210.87331175804127,0.1314725875854492,0.1416840553283691,5.958133056758152,65.0,0.2,0.000956484407922,10.0,0.0109977032995056,0.0,100.0,4.0,255.0,-1.0,,,,,,,,
anpboost-few_shot-log_count-seed1,qch9hbwq,2026-07-23T20:10:22Z,anpboost,few_shot,1,rmse,0.3571950276692708,0.6648656391272049,0.3643733604281556,0.6644257979381508,198.95239567756653,0.2132058143615723,0.1870558261871338,5.952434299096999,60.0,0.2,0.0002371245680478,10.0,0.0322020325894309,1.0,100.0,16.0,255.0,-1.0,,,,,,,,
anpboost-few_shot-log_count-seed1,qjtjmweh,2026-07-23T19:41:16Z,anpboost,few_shot,1,rmse,0.5926513671875,1.0308557166557328,0.5335798674938725,0.9150193294916736,73.29247641563416,0.2096633911132812,0.2001073360443115,5.966434968342127,5.0,0.2,0.0004385170256085,10.0,0.8972612866432508,1.0,20.0,8.0,255.0,-1.0,,,,,,,,
anpboost-few_shot-log_count-seed1,rrs1k0fm,2026-07-23T20:03:14Z,anpboost,few_shot,1,rmse,0.3675403370576746,0.6593361198644786,0.3995821485332414,0.7031376268391025,169.29543042182922,0.2347805500030517,0.2274971008300781,5.962669427547091,75.0,0.2,0.0003013710908533,5.0,0.0130634630331783,0.0,10.0,8.0,255.0,-1.0,,,,,,,,
anpboost-few_shot-log_count-seed1,s63hchpy,2026-07-23T20:16:07Z,anpboost,few_shot,1,rmse,0.4546140782973346,0.7270042861513419,0.4886267269358915,0.7666920264084537,174.02526664733887,0.156843900680542,0.1756224632263183,5.993536629405974,81.0,0.2,0.0008392140711648,5.0,0.0107859712708854,0.0,10.0,8.0,255.0,-1.0,,,,,,,,
anpboost-few_shot-log_count-seed1,s89cjrph,2026-07-23T19:48:38Z,anpboost,few_shot,1,rmse,0.3775742773916207,0.684790170761951,0.3671428605621936,0.6478029051755287,135.7124035358429,0.1862139701843261,0.1637208461761474,5.17928301860269,54.0,0.0,0.0001721990923545,5.0,0.1380161223304589,0.0,1000.0,16.0,255.0,-1.0,,,,,,,,
anpboost-few_shot-log_count-seed1,swfujnu5,2026-07-23T19:57:53Z,anpboost,few_shot,1,rmse,0.4230215334424785,0.7519368051869468,0.4382429534313725,0.7649737433658471,96.68894147872923,0.1791591644287109,0.1864526271820068,5.954628739558723,15.0,0.0,0.0002780425090632,10.0,0.0105542692281163,1.0,20.0,8.0,255.0,-1.0,,,,,,,,
anpboost-few_shot-log_count-seed1,v0bsdllg,2026-07-23T20:51:39Z,anpboost,few_shot,1,rmse,0.4719197890337776,0.8261611327165864,0.4444155225566789,0.7687139163278569,94.9757034778595,0.158304214477539,0.17372727394104,5.327114687340528,13.0,0.2,0.0001082971516786,10.0,0.2589103504433043,0.0,20.0,16.0,255.0,-1.0,,,,,,,,
anpboost-few_shot-log_count-seed1,va2dpnsa,2026-07-23T20:13:46Z,anpboost,few_shot,1,rmse,0.4096969305300245,0.7230127812912748,0.4483416987400428,0.7974823369087038,106.6251096725464,0.1705071926116943,0.1736729145050048,5.404708826559094,20.0,0.0,0.0001083323625032,10.0,0.1351582698334605,0.0,100.0,8.0,255.0,-1.0,,,,,,,,
anpboost-few_shot-log_count-seed1,w8zfaa7f,2026-07-23T20:39:13Z,anpboost,few_shot,1,rmse,0.3521363501455269,0.6370079850834742,0.3555973726160386,0.6434936157024143,190.1963140964508,0.1837258338928223,0.1834938526153564,5.96974372470877,54.0,0.2,0.0004276097878757,10.0,0.0133482983182945,0.0,100.0,4.0,255.0,-1.0,,,,,,,,
anpboost-few_shot-log_count-seed1,x70e5jfq,2026-07-23T20:36:29Z,anpboost,few_shot,1,rmse,0.3870911841299019,0.6851236021852076,0.415646302466299,0.7296871982530437,109.49911165237428,0.1829667091369629,0.183154821395874,5.92351071595236,20.0,0.0,0.0002507518284371,10.0,0.0302023368339538,1.0,10.0,8.0,255.0,-1.0,,,,,,,,
anpboost-few_shot-log_count-seed1,xgvkga4q,2026-07-23T20:20:34Z,anpboost,few_shot,1,rmse,0.4560772764916513,0.7962807911549831,0.4862550623276654,0.8530271544826487,132.87403655052185,0.1793005466461181,0.169142484664917,5.605733849878741,29.0,0.2,5.4597054376998136e-05,10.0,0.1053508308667582,0.0,20.0,4.0,255.0,-1.0,,,,,,,,
anpboost-few_shot-log_count-seed1,xh7br08g,2026-07-23T19:50:58Z,anpboost,few_shot,1,rmse,0.4180194331150429,0.7420298136599899,0.4528106390261182,0.8150672849075371,365.7507314682007,0.1535060405731201,0.1774811744689941,5.62663946135678,71.0,0.0,1.5865500409725956e-05,20.0,0.019901994840577,0.0,100.0,4.0,255.0,-1.0,,,,,,,,
anpboost-few_shot-log_count-seed1,y4dsnw94,2026-07-23T20:53:20Z,anpboost,few_shot,1,rmse,0.4737218520220588,0.8231466296344916,0.4458645091337316,0.7685691121267787,111.44665026664734,0.1979937553405761,0.2147803306579589,1.9703237196405168,44.0,0.0,3.9184339457363744e-05,5.0,0.7978205565731539,1.0,100.0,16.0,255.0,-1.0,,,,,,,,
anpboost-few_shot-log_count-seed1,ycpg99y8,2026-07-23T19:35:37Z,anpboost,few_shot,1,rmse,0.5272828345205269,0.918124027387866,0.5119968788296568,0.8784552260512437,50.08423328399658,0.1791698932647705,0.2050318717956543,1.929046724692747,7.0,0.2,1.090384328196852e-05,5.0,0.7717846862118062,0.0,20.0,4.0,255.0,-1.0,,,,,,,,
anpboost-few_shot-log_count-seed2,1vamb2be,2026-07-23T18:23:52Z,anpboost,few_shot,2,rmse,0.3736878338982077,0.7087661442485758,0.3688642314836091,0.6835211791976513,150.31808185577393,0.2859294414520263,0.2574336528778076,6.4681682338706405,22.0,0.2,0.0001381635682257,10.0,0.0261669745608544,1.0,20.0,8.0,255.0,-1.0,,,,,,,,
anpboost-few_shot-log_count-seed2,1wwy1jhz,2026-07-23T18:41:15Z,anpboost,few_shot,2,rmse,0.3781915702071844,0.7025403369299248,0.3553417430204503,0.6316797536876793,486.0979678630829,0.3994514942169189,0.3583047389984131,6.140671466561014,75.0,0.0,1.5865500409725956e-05,20.0,0.019901994840577,0.0,100.0,4.0,255.0,-1.0,,,,,,,,
anpboost-few_shot-log_count-seed2,7how6bpb,2026-07-23T19:15:18Z,anpboost,few_shot,2,rmse,0.4288776472503064,0.7833098562619313,0.407288973939185,0.7208959294737258,200.0664448738098,0.3331990242004394,0.3609905242919922,6.077033820794536,36.0,0.2,5.4597054376998136e-05,10.0,0.1053508308667582,0.0,20.0,4.0,255.0,-1.0,,,,,,,,
anpboost-few_shot-log_count-seed2,7m0i7rlk,2026-07-23T19:54:13Z,anpboost,few_shot,2,rmse,0.5061852548636642,0.8786215697481504,0.5294009937959558,0.922100393966582,118.18121123313904,0.397223949432373,0.398380994796753,5.923562326424468,10.0,0.2,0.0001082971516786,10.0,0.2589103504433043,0.0,20.0,16.0,255.0,-1.0,,,,,,,,
anpboost-few_shot-log_count-seed2,7xzr3nik,2026-07-23T19:36:22Z,anpboost,few_shot,2,rmse,0.3884731816310509,0.7018957922890054,0.3888358621036305,0.7028345570838423,135.99429392814636,0.3786537647247314,0.3627686500549317,6.17978717071885,35.0,0.2,0.0001181285816262,5.0,0.0610030224551816,0.0,10.0,8.0,255.0,-1.0,,,,,,,,
anpboost-few_shot-log_count-seed2,85n7k10v,2026-07-23T19:48:42Z,anpboost,few_shot,2,rmse,0.3967251048368566,0.6918059724139468,0.4019147985121783,0.705526893705333,287.2308163642884,0.3076169490814209,0.3056004047393799,5.640597247281137,28.0,0.0,1.702035422361917e-05,20.0,0.0657821692431908,1.0,20.0,16.0,255.0,-1.0,,,,,,,,
anpboost-few_shot-log_count-seed2,94fbvbw2,2026-07-23T19:57:11Z,anpboost,few_shot,2,rmse,0.5492359834558823,0.968992230419862,0.5613056257659313,0.9919230639135131,82.48293995857239,0.4218766689300537,0.402048110961914,2.6531158199030367,11.0,0.0,3.9184339457363744e-05,5.0,0.7978205565731539,1.0,100.0,16.0,255.0,-1.0,,,,,,,,
anpboost-few_shot-log_count-seed2,94hg9e8w,2026-07-23T19:09:30Z,anpboost,few_shot,2,rmse,0.3311205695657169,0.6363304287814175,0.330299227845435,0.6190873837955999,231.8353641033173,0.3546082973480224,0.3758106231689453,6.467674522522166,84.0,0.2,0.0008392140711648,5.0,0.0107859712708854,0.0,10.0,8.0,255.0,-1.0,,,,,,,,
anpboost-few_shot-log_count-seed2,ag6x9w25,2026-07-23T19:45:20Z,anpboost,few_shot,2,rmse,0.4996048272824755,0.8680588188501638,0.4979814118030024,0.8682667129802969,195.2172639369965,0.3532674312591553,0.362253189086914,5.178630081841274,59.0,0.2,1.5820851730418417e-05,5.0,0.0450196136386975,1.0,100.0,16.0,255.0,-1.0,,,,,,,,
anpboost-few_shot-log_count-seed2,aqd4fofu,2026-07-23T18:57:33Z,anpboost,few_shot,2,rmse,0.3313578287760416,0.6396367734932923,0.3174689498602175,0.599300090959796,179.26341247558594,0.3630938529968261,0.3386850357055664,6.488657257477197,57.0,0.2,0.0003013710908533,5.0,0.0130634630331783,0.0,10.0,8.0,255.0,-1.0,,,,,,,,
anpboost-few_shot-log_count-seed2,c7q92ge7,2026-07-23T19:01:17Z,anpboost,few_shot,2,rmse,0.3949256448184742,0.7194262372112941,0.381969975490196,0.668345787614291,130.69304180145264,0.4154877662658691,0.3351747989654541,6.508459054402816,18.0,0.2,0.000956484407922,10.0,0.0109977032995056,0.0,100.0,4.0,255.0,-1.0,,,,,,,,
anpboost-few_shot-log_count-seed2,cwavs3wp,2026-07-23T19:58:40Z,anpboost,few_shot,2,rmse,0.4010416068282781,0.7016516554081048,0.3947022681142769,0.6878839493269172,142.22826147079468,0.3494508266448974,0.3588864803314209,5.924891119529126,18.0,0.0,7.917412954846521e-05,10.0,0.1011064623519062,0.0,20.0,8.0,255.0,-1.0,,,,,,,,
anpboost-few_shot-log_count-seed2,dyk6f6t1,2026-07-23T19:18:44Z,anpboost,few_shot,2,rmse,0.5497847014782475,0.9505716001070604,0.5626890893075981,0.9752806166365576,117.39927792549132,0.3480217456817627,0.3257458209991455,3.900732602810258,12.0,0.0,1.8406671834517417e-05,10.0,0.3476654204795515,0.0,20.0,8.0,255.0,-1.0,,,,,,,,
anpboost-few_shot-log_count-seed2,euxngfus,2026-07-23T19:20:48Z,anpboost,few_shot,2,rmse,0.4391357421875,0.7881045385189542,0.4411378149892769,0.7884818698684872,665.9841122627258,0.3948061466217041,0.4183692932128906,4.562436963497862,105.0,0.0,1.2904721633073898e-05,20.0,0.2325748079967941,0.0,100.0,8.0,255.0,-1.0,,,,,,,,
anpboost-few_shot-log_count-seed2,fornu6vb,2026-07-23T18:50:02Z,anpboost,few_shot,2,rmse,0.3290094113817401,0.631693053221089,0.315061112946155,0.5929495773162674,134.9649941921234,0.2806873321533203,0.323970079421997,6.4952906141290185,22.0,0.0,0.0002780425090632,10.0,0.0105542692281163,1.0,20.0,8.0,255.0,-1.0,,,,,,,,
anpboost-few_shot-log_count-seed2,gdyfjq1n,2026-07-23T19:13:28Z,anpboost,few_shot,2,rmse,0.5830082912071078,1.0055926441723386,0.6034945020488665,1.038241714932441,103.9770827293396,0.3996009826660156,0.4034295082092285,4.750277286291974,20.0,0.2,2.9067203620664195e-05,5.0,0.1823458458254781,0.0,10.0,8.0,255.0,-1.0,,,,,,,,
anpboost-few_shot-log_count-seed2,i144uyuy,2026-07-23T19:03:34Z,anpboost,few_shot,2,rmse,0.3738482007793352,0.7508276167277067,0.3465006809608609,0.6636805694834967,164.13543152809143,0.468379259109497,0.427403450012207,6.475073767887269,25.0,0.2,0.0002371245680478,10.0,0.0322020325894309,1.0,100.0,16.0,255.0,-1.0,,,,,,,,
anpboost-few_shot-log_count-seed2,j740s4la,2026-07-23T18:36:22Z,anpboost,few_shot,2,rmse,0.4049186257755055,0.726324605465528,0.4036127726236979,0.7171642627073787,101.68853211402892,0.3959138393402099,0.3952066898345947,6.114984059855355,5.0,0.0,0.0004242243954166,10.0,0.5800570688908553,1.0,20.0,4.0,255.0,-1.0,,,,,,,,
anpboost-few_shot-log_count-seed2,j9w0gz2f,2026-07-23T18:33:52Z,anpboost,few_shot,2,rmse,0.31125862271178,0.5821398510020718,0.3122628903856464,0.5778125824630946,142.84703946113586,0.3505079746246338,0.4026124477386474,6.284769665607647,20.0,0.0,0.0004548624208721,10.0,0.2953847324956156,0.0,20.0,4.0,255.0,-1.0,,,,,,,,
anpboost-few_shot-log_count-seed2,jkwioe0j,2026-07-23T18:26:35Z,anpboost,few_shot,2,rmse,0.4989127664005055,0.8673382037173812,0.5468340705422794,0.9403073985412428,116.17429447174072,0.4333539009094238,0.3602628707885742,6.483683225589048,12.0,0.2,0.0004385170256085,10.0,0.8972612866432508,1.0,20.0,8.0,255.0,-1.0,,,,,,,,
anpboost-few_shot-log_count-seed2,kws97j7z,2026-07-23T18:20:16Z,anpboost,few_shot,2,rmse,0.3609700520833333,0.7031558048400816,0.3547094606885723,0.6751811919600739,136.3674442768097,0.3611845970153808,0.327359676361084,6.440985046510087,18.0,0.2,0.0003600091192911,10.0,0.083744968684368,0.0,100.0,16.0,255.0,-1.0,,,,,,,,
anpboost-few_shot-log_count-seed2,l75f47e5,2026-07-23T18:22:39Z,anpboost,few_shot,2,rmse,0.5524207021675858,0.96313865815451,0.5747729731541054,1.011176340209952,66.52737975120544,0.3955206871032715,0.3777101039886474,1.8766192605642409,4.0,0.2,1.090384328196852e-05,5.0,0.7717846862118062,0.0,20.0,4.0,255.0,-1.0,,,,,,,,
anpboost-few_shot-log_count-seed2,lafdip7n,2026-07-23T20:01:36Z,anpboost,few_shot,2,rmse,0.4342235191195618,0.8271792412345951,0.4215868781594669,0.7688750451473144,364.4754376411438,0.4290101528167724,0.3989622592926025,6.306879076933425,43.0,0.2,2.017016316297149e-05,20.0,0.0582929613195039,1.0,1000.0,8.0,255.0,-1.0,,,,,,,,
anpboost-few_shot-log_count-seed2,momyj8ll,2026-07-23T19:06:56Z,anpboost,few_shot,2,rmse,0.3734352859796262,0.6708106328371944,0.365460324754902,0.6476534320360098,147.9520173072815,0.3430180549621582,0.3250021934509277,5.9413895633261,22.0,0.0,0.0001083323625032,10.0,0.1351582698334605,0.0,100.0,8.0,255.0,-1.0,,,,,,,,
anpboost-few_shot-log_count-seed2,nic03ew4,2026-07-23T18:29:35Z,anpboost,few_shot,2,rmse,0.5206542370366115,0.9024963600613686,0.5344768449371936,0.9298843214268532,144.5605652332306,0.4077301025390625,0.4083969593048096,4.640121844086775,41.0,0.2,1.343677338411072e-05,5.0,0.1113002415673063,1.0,10.0,4.0,255.0,-1.0,,,,,,,,
anpboost-few_shot-log_count-seed2,oa3pwk0a,2026-07-23T19:32:00Z,anpboost,few_shot,2,rmse,0.3757669187059589,0.7276489563930486,0.3617169847675398,0.691588637247504,183.403165102005,0.3426012992858886,0.3856556415557861,6.521872887413924,30.0,0.2,0.0001496922341954,10.0,0.0831211929407696,1.0,1000.0,4.0,255.0,-1.0,,,,,,,,
anpboost-few_shot-log_count-seed2,obw2eyox,2026-07-23T18:15:11Z,anpboost,few_shot,2,rmse,0.3718844843845741,0.7308216195767335,0.3644659004959406,0.7075050016097677,242.0851378440857,0.3213686943054199,0.3115859031677246,6.527131415116103,19.0,0.2,0.0001605191133358,20.0,0.0750195444362012,1.0,20.0,4.0,255.0,-1.0,,,,,,,,
anpboost-few_shot-log_count-seed2,xd88br0j,2026-07-23T19:40:48Z,anpboost,few_shot,2,rmse,0.3280332677504595,0.6172098480082373,0.336093079810049,0.6178354374415589,215.10759615898127,0.3957502841949463,0.404038667678833,6.502864263901553,39.0,0.2,0.0004276097878757,10.0,0.0133482983182945,0.0,100.0,4.0,255.0,-1.0,,,,,,,,
anpboost-few_shot-log_count-seed2,y7wvnmj4,2026-07-23T20:07:51Z,anpboost,few_shot,2,rmse,0.4188493616440717,0.7411468931339842,0.4115643071193321,0.7208042954604111,196.85143971443176,0.3062963485717773,0.319481611251831,4.727454394377967,69.0,0.0,3.1392574253118284e-05,5.0,0.1121865737283773,0.0,10.0,4.0,255.0,-1.0,,,,,,,,
anpboost-few_shot-log_count-seed2,yb0ab2od,2026-07-23T18:52:57Z,anpboost,few_shot,2,rmse,0.3454344805549172,0.6946246768671785,0.3328906190161611,0.6447779594962537,270.19437623023987,0.3283381462097168,0.3077120780944824,6.608230560363546,27.0,0.2,0.0002563473332261,20.0,0.1427109105814198,1.0,1000.0,8.0,255.0,-1.0,,,,,,,,
anpboost-few_shot-log_count-seed2,ygvxarse,2026-07-23T19:38:44Z,anpboost,few_shot,2,rmse,0.3449924543792126,0.6248967705701757,0.3328540876799938,0.5782167659480475,118.10822081565856,0.3517370223999023,0.383662223815918,6.44456705133873,11.0,0.0,0.0002507518284371,10.0,0.0302023368339538,1.0,10.0,8.0,255.0,-1.0,,,,,,,,
anpboost-few_shot-log_count-seed2,zol5cynh,2026-07-23T18:38:10Z,anpboost,few_shot,2,rmse,0.3627634385052849,0.7117729125907746,0.3222034828335631,0.6066384214503407,178.46471166610718,0.3316655158996582,0.335496187210083,5.9241838070046,57.0,0.0,0.0001721990923545,5.0,0.1380161223304589,0.0,1000.0,16.0,255.0,-1.0,,,,,,,,
anpboost-few_shot-log_count-seed3,022r265s,2026-07-23T20:32:20Z,anpboost,few_shot,3,rmse,0.2780142239297732,0.5148759781545333,0.2672283442640827,0.4999740008070101,199.8524367809296,0.2881562709808349,0.3765025138854981,6.7471206182046615,18.0,0.2,0.0004385170256085,10.0,0.8972612866432508,1.0,20.0,8.0,255.0,-1.0,,,,,,,,
anpboost-few_shot-log_count-seed3,4dnhnq5j,2026-07-23T21:47:08Z,anpboost,few_shot,3,rmse,0.3029126426871729,0.4428878053136747,0.311894607924274,0.4734858686980334,142.9057981967926,0.3180062770843506,0.3107829093933105,4.722265257510397,28.0,0.2,2.9067203620664195e-05,5.0,0.1823458458254781,0.0,10.0,8.0,255.0,-1.0,,,,,,,,
anpboost-few_shot-log_count-seed3,4zt329qf,2026-07-23T22:38:40Z,anpboost,few_shot,3,rmse,0.2997280436522463,0.4530060382121398,0.2972947307978408,0.4459090374307644,121.18111538887024,0.2614338397979736,0.2334983348846435,5.989796694570283,7.0,0.2,0.0001082971516786,10.0,0.2589103504433043,0.0,20.0,16.0,255.0,-1.0,,,,,,,,
anpboost-few_shot-log_count-seed3,5cryy2yh,2026-07-23T20:18:23Z,anpboost,few_shot,3,rmse,0.2574809141910207,0.4750598131703309,0.263957243260453,0.4936831678789125,263.2052018642425,0.3536379337310791,0.2942564487457275,6.606815082417678,30.0,0.2,0.0003600091192911,10.0,0.083744968684368,0.0,100.0,16.0,255.0,-1.0,,,,,,,,
anpboost-few_shot-log_count-seed3,61y859my,2026-07-23T21:40:37Z,anpboost,few_shot,3,rmse,0.2399263087203234,0.4559555148466574,0.2411997254087347,0.4709963746503926,384.7110807895661,0.2607321739196777,0.2606868743896484,6.647424380342471,120.0,0.2,0.0008392140711648,5.0,0.0107859712708854,0.0,10.0,8.0,255.0,-1.0,,,,,,,,
anpboost-few_shot-log_count-seed3,6np29tbj,2026-07-23T22:41:18Z,anpboost,few_shot,3,rmse,0.3362791873403228,0.5342285266297002,0.3455556183013459,0.5623148588994403,98.4285819530487,0.2866833209991455,0.252143383026123,2.399256627096256,14.0,0.0,3.9184339457363744e-05,5.0,0.7978205565731539,1.0,100.0,16.0,255.0,-1.0,,,,,,,,
anpboost-few_shot-log_count-seed3,6ptpxd9i,2026-07-23T21:24:07Z,anpboost,few_shot,3,rmse,0.2622040494726757,0.4741767716054589,0.2705299628458374,0.496587886021721,162.19629311561584,0.249652624130249,0.216827392578125,6.685025808915828,38.0,0.2,0.0003013710908533,5.0,0.0130634630331783,0.0,10.0,8.0,255.0,-1.0,,,,,,,,
anpboost-few_shot-log_count-seed3,6yq994uv,2026-07-23T22:13:17Z,anpboost,few_shot,3,rmse,0.2546876277904567,0.4598377090677774,0.2729051006161204,0.5076102447214927,178.4698417186737,0.3680639266967773,0.3412599563598633,6.63799002980046,18.0,0.0,0.0002507518284371,10.0,0.0302023368339538,1.0,10.0,8.0,255.0,-1.0,,,,,,,,
anpboost-few_shot-log_count-seed3,7943g8sw,2026-07-23T20:36:04Z,anpboost,few_shot,3,rmse,0.2959042184968531,0.4536787142099417,0.3000794369820226,0.4649889456072549,507.5049719810486,0.4180030822753906,0.4195113182067871,5.631287032804922,132.0,0.2,1.343677338411072e-05,5.0,0.1113002415673063,1.0,10.0,4.0,255.0,-1.0,,,,,,,,
anpboost-few_shot-log_count-seed3,7lnhf77c,2026-07-23T22:10:56Z,anpboost,few_shot,3,rmse,0.2922102832128614,0.4692655356128374,0.299067579974919,0.4884229037193158,129.4896273612976,0.3732481002807617,0.3837013244628906,6.322708111024688,26.0,0.2,0.0001181285816262,5.0,0.0610030224551816,0.0,10.0,8.0,255.0,-1.0,,,,,,,,
anpboost-few_shot-log_count-seed3,aoalhxtm,2026-07-23T21:32:00Z,anpboost,few_shot,3,rmse,0.2663419348886933,0.4699190709565032,0.2665668765188808,0.4707296256893715,185.96811079978943,0.2966320514678955,0.2876756191253662,6.677101345008251,19.0,0.2,0.0002371245680478,10.0,0.0322020325894309,1.0,100.0,16.0,255.0,-1.0,,,,,,,,
anpboost-few_shot-log_count-seed3,f3cu6uix,2026-07-23T20:45:29Z,anpboost,few_shot,3,rmse,0.2321858581968937,0.4486364674719299,0.2335019781962705,0.4682477207754642,226.89978218078613,0.3103353977203369,0.3458225727081299,6.72369593522766,25.0,0.0,0.0004548624208721,10.0,0.2953847324956156,0.0,20.0,4.0,255.0,-1.0,,,,,,,,
anpboost-few_shot-log_count-seed3,fiz9sa74,2026-07-23T22:16:32Z,anpboost,few_shot,3,rmse,0.2815646687866089,0.5174953146758704,0.270898790445071,0.5138073835146895,240.0646629333496,0.2591469287872314,0.2587342262268066,6.712471776688429,32.0,0.2,0.0004276097878757,10.0,0.0133482983182945,0.0,100.0,4.0,255.0,-1.0,,,,,,,,
anpboost-few_shot-log_count-seed3,gd9034gg,2026-07-23T23:17:34Z,anpboost,few_shot,3,rmse,0.3223911639106119,0.5006334042916758,0.3234621392171143,0.506293163800466,124.90389704704285,0.2099955081939697,0.2013499736785888,4.73026810154904,31.0,0.0,3.1392574253118284e-05,5.0,0.1121865737283773,0.0,10.0,4.0,255.0,-1.0,,,,,,,,
anpboost-few_shot-log_count-seed3,gfg50o14,2026-07-23T21:49:37Z,anpboost,few_shot,3,rmse,0.2882436674351944,0.5020769821344376,0.2837203416605652,0.4985161321202603,315.04764914512634,0.2733633518218994,0.3203670978546142,6.289840625141714,54.0,0.2,5.4597054376998136e-05,10.0,0.1053508308667582,0.0,20.0,4.0,255.0,-1.0,,,,,,,,
anpboost-few_shot-log_count-seed3,iruudbu7,2026-07-23T22:29:48Z,anpboost,few_shot,3,rmse,0.2831252945265765,0.4548135662170089,0.2886916338387182,0.4738169999508422,486.9055814743042,0.3165135383605957,0.2952823638916015,5.724518196947375,52.0,0.0,1.702035422361917e-05,20.0,0.0657821692431908,1.0,20.0,16.0,255.0,-1.0,,,,,,,,
anpboost-few_shot-log_count-seed3,jiavyhmo,2026-07-23T21:11:46Z,anpboost,few_shot,3,rmse,0.2410328067311737,0.4713408158754766,0.2311086607121993,0.4695701952686508,278.63642716407776,0.3623135089874267,0.3578710556030273,6.7074477820224265,40.0,0.0,0.0002780425090632,10.0,0.0105542692281163,1.0,20.0,8.0,255.0,-1.0,,,,,,,,
anpboost-few_shot-log_count-seed3,lyqujwid,2026-07-23T21:02:20Z,anpboost,few_shot,3,rmse,0.2840428908586739,0.4490405693207198,0.2995432343107396,0.4984909152021635,560.4991858005524,0.3849585056304931,0.3677070140838623,6.2926725630304,54.0,0.0,1.5865500409725956e-05,20.0,0.019901994840577,0.0,100.0,4.0,255.0,-1.0,,,,,,,,
anpboost-few_shot-log_count-seed3,nhpndscd,2026-07-23T20:24:59Z,anpboost,few_shot,3,rmse,0.3677705895983923,0.5669942264401929,0.374932940436503,0.5948355106196229,89.95506381988525,0.3379242420196533,0.338489294052124,1.822008375621808,4.0,0.2,1.090384328196852e-05,5.0,0.7717846862118062,0.0,20.0,4.0,255.0,-1.0,,,,,,,,
anpboost-few_shot-log_count-seed3,ot5m8e4c,2026-07-23T22:47:37Z,anpboost,few_shot,3,rmse,0.2594641308009565,0.4880653120563313,0.2658659154372819,0.5117427936333745,1750.4598236083984,0.207735538482666,0.1961057186126709,6.5733461802555295,257.0,0.2,2.017016316297149e-05,20.0,0.0582929613195039,1.0,1000.0,8.0,255.0,-1.0,,,,,,,,
anpboost-few_shot-log_count-seed3,qp24cfpu,2026-07-23T20:55:48Z,anpboost,few_shot,3,rmse,0.2359409199160331,0.4563532180036184,0.2317653971678714,0.4671638178989371,385.63043880462646,0.4137446880340576,0.3972740173339844,5.946327718055087,93.0,0.0,0.0001721990923545,5.0,0.1380161223304589,0.0,1000.0,16.0,255.0,-1.0,,,,,,,,
anpboost-few_shot-log_count-seed3,rgoa22je,2026-07-23T20:50:45Z,anpboost,few_shot,3,rmse,0.2409958235644629,0.4528301483858792,0.2363960364998753,0.4509470029193334,297.38917994499207,0.2963242530822754,0.3365430831909179,6.5035270805155845,39.0,0.0,0.0004242243954166,10.0,0.5800570688908553,1.0,20.0,4.0,255.0,-1.0,,,,,,,,
anpboost-few_shot-log_count-seed3,slpe5szs,2026-07-23T21:16:34Z,anpboost,few_shot,3,rmse,0.2471106273464762,0.4704636926059472,0.2613223561736665,0.5132411360923891,447.07178831100464,0.2730312347412109,0.2576687335968017,6.766578724374092,39.0,0.2,0.0002563473332261,20.0,0.1427109105814198,1.0,1000.0,8.0,255.0,-1.0,,,,,,,,
anpboost-few_shot-log_count-seed3,t7zijq03,2026-07-23T22:43:03Z,anpboost,few_shot,3,rmse,0.2800321569471273,0.4686102269808143,0.2801927469544492,0.4748878866602042,203.99779963493347,0.2974684238433838,0.250572919845581,6.029035032425917,31.0,0.0,7.917412954846521e-05,10.0,0.1011064623519062,0.0,20.0,8.0,255.0,-1.0,,,,,,,,
anpboost-few_shot-log_count-seed3,tufjjo7a,2026-07-23T22:07:10Z,anpboost,few_shot,3,rmse,0.2776420494376246,0.4861698515976613,0.2890983421804898,0.5141592902280255,208.7980191707611,0.308978796005249,0.3530275821685791,6.667528416119098,24.0,0.2,0.0001496922341954,10.0,0.0831211929407696,1.0,1000.0,4.0,255.0,-1.0,,,,,,,,
anpboost-few_shot-log_count-seed3,ugmmataz,2026-07-23T21:26:55Z,anpboost,few_shot,3,rmse,0.2460939477709449,0.4593483708804474,0.2456022283491322,0.4644558091912081,228.7920389175415,0.2843308448791504,0.2866647243499756,6.70144268503121,32.0,0.2,0.000956484407922,10.0,0.0109977032995056,0.0,100.0,4.0,255.0,-1.0,,,,,,,,
anpboost-few_shot-log_count-seed3,upkxi0uo,2026-07-23T21:55:00Z,anpboost,few_shot,3,rmse,0.3150150987467285,0.4551716372733907,0.3206321586996822,0.4734742961468477,147.1076271533966,0.2613492012023926,0.2493634223937988,3.706540805602442,10.0,0.0,1.8406671834517417e-05,10.0,0.3476654204795515,0.0,20.0,8.0,255.0,-1.0,,,,,,,,
anpboost-few_shot-log_count-seed3,wggdyjgj,2026-07-23T22:20:40Z,anpboost,few_shot,3,rmse,0.2865930407021124,0.4423786397676642,0.2930076348104125,0.4658623868866542,541.0447199344635,0.2340326309204101,0.2460818290710449,5.423524172485783,163.0,0.2,1.5820851730418417e-05,5.0,0.0450196136386975,1.0,100.0,16.0,255.0,-1.0,,,,,,,,
anpboost-few_shot-log_count-seed3,yvpyw9of,2026-07-23T21:57:35Z,anpboost,few_shot,3,rmse,0.2880922965965385,0.456022612062629,0.2917455823447626,0.4706417419844569,554.3368122577667,0.3552978038787842,0.3344683647155761,4.5024057046610935,57.0,0.0,1.2904721633073898e-05,20.0,0.2325748079967941,0.0,100.0,8.0,255.0,-1.0,,,,,,,,
anpboost-few_shot-log_count-seed3,zh8mzi8i,2026-07-23T20:12:21Z,anpboost,few_shot,3,rmse,0.2552588815584496,0.4702501029439526,0.2678230567087799,0.5064376248806651,354.5031659603119,0.279045820236206,0.3269295692443847,6.74064887513843,21.0,0.2,0.0001605191133358,20.0,0.0750195444362012,1.0,20.0,4.0,255.0,-1.0,,,,,,,,
anpboost-few_shot-log_count-seed3,zih7iufs,2026-07-23T20:27:53Z,anpboost,few_shot,3,rmse,0.2865890244306144,0.5080567035130964,0.2991354914747943,0.531126958438735,213.2938845157624,0.296281099319458,0.3368980884552002,6.663059246659762,24.0,0.2,0.0001381635682257,10.0,0.0261669745608544,1.0,20.0,8.0,255.0,-1.0,,,,,,,,
anpboost-few_shot-log_count-seed3,zwo96dgd,2026-07-23T21:35:13Z,anpboost,few_shot,3,rmse,0.2443240347317422,0.4603303626923783,0.2392714282689042,0.44542721301127,318.12090826034546,0.3393063545227051,0.3202641010284424,6.039932243214632,55.0,0.0,0.0001083323625032,10.0,0.1351582698334605,0.0,100.0,8.0,255.0,-1.0,,,,,,,,
anpboost-few_shot-log_count-seed4,1imc91u8,2026-07-23T20:49:44Z,anpboost,few_shot,4,rmse,0.3005962852670365,0.4486675903802501,0.3076090873233856,0.4902760576534055,120.25376892089844,0.1440057754516601,0.1927635669708252,2.8256822685450773,18.0,0.0,3.9184339457363744e-05,5.0,0.7978205565731539,1.0,100.0,16.0,255.0,-1.0,,,,,,,,
anpboost-few_shot-log_count-seed4,3bz6f9hx,2026-07-23T20:57:39Z,anpboost,few_shot,4,rmse,0.2961852770893514,0.5056872626231134,0.2879337103909286,0.4827156101573881,494.41272616386414,0.2173836231231689,0.2215743064880371,6.402794647935306,43.0,0.2,2.017016316297149e-05,20.0,0.0582929613195039,1.0,1000.0,8.0,255.0,-1.0,,,,,,,,
anpboost-few_shot-log_count-seed4,3imhsfkl,2026-07-23T19:34:15Z,anpboost,few_shot,4,rmse,0.2547279966979467,0.4409473009938185,0.2354909220700541,0.388978732742375,238.9492282867432,0.232602834701538,0.270350694656372,6.085746301130094,21.0,0.0,0.0001083323625032,10.0,0.1351582698334605,0.0,100.0,8.0,255.0,-1.0,,,,,,,,
anpboost-few_shot-log_count-seed4,52p5ff4k,2026-07-23T20:21:22Z,anpboost,few_shot,4,rmse,0.2573535181895023,0.4438559175656021,0.2257646278098777,0.3503610128150494,174.42145133018494,0.2225861549377441,0.2234084606170654,6.497082176804714,10.0,0.0,0.0002507518284371,10.0,0.0302023368339538,1.0,10.0,8.0,255.0,-1.0,,,,,,,,
anpboost-few_shot-log_count-seed4,757vv7w4,2026-07-23T20:16:05Z,anpboost,few_shot,4,rmse,0.2509772036255908,0.4446882321485122,0.239433680135737,0.4149505287358139,270.3678154945373,0.2737910747528076,0.3012566566467285,6.456313230449204,56.0,0.2,0.0001181285816262,5.0,0.0610030224551816,0.0,10.0,8.0,255.0,-1.0,,,,,,,,
anpboost-few_shot-log_count-seed4,7dkdqr65,2026-07-23T18:23:29Z,anpboost,few_shot,4,rmse,0.2369598260446757,0.4590865850073189,0.2153076737015335,0.4339978236753127,219.6396598815918,0.3280634880065918,0.3579151630401611,6.558009422078856,17.0,0.2,0.0003600091192911,10.0,0.083744968684368,0.0,100.0,16.0,255.0,-1.0,,,,,,,,
anpboost-few_shot-log_count-seed4,8eebjfmq,2026-07-23T21:05:59Z,anpboost,few_shot,4,rmse,0.2675104541938846,0.4074109728363749,0.2607976328128229,0.4076780295740626,282.6928343772888,0.1863820552825927,0.2073256969451904,4.975554423330962,75.0,0.0,3.1392574253118284e-05,5.0,0.1121865737283773,0.0,10.0,4.0,255.0,-1.0,,,,,,,,
anpboost-few_shot-log_count-seed4,90zlgs9k,2026-07-23T20:45:35Z,anpboost,few_shot,4,rmse,0.253755200810793,0.4088441896951311,0.2419647300054156,0.3771913399514542,186.6172077655792,0.1811656951904297,0.1789286136627197,6.399457203738155,17.0,0.2,0.0001082971516786,10.0,0.2589103504433043,0.0,20.0,16.0,255.0,-1.0,,,,,,,,
anpboost-few_shot-log_count-seed4,bjxnjrk2,2026-07-23T18:15:11Z,anpboost,few_shot,4,rmse,0.2318813740706243,0.468553946152425,0.2098160879952567,0.4367149480889188,483.8497936725617,0.3215620517730713,0.2830681800842285,6.592025780920031,30.0,0.2,0.0001605191133358,20.0,0.0750195444362012,1.0,20.0,4.0,255.0,-1.0,,,,,,,,
anpboost-few_shot-log_count-seed4,c45el6gz,2026-07-23T20:25:31Z,anpboost,few_shot,4,rmse,0.2403143874737394,0.4556348530196827,0.2154920169285365,0.3927032682941207,255.94023060798645,0.2714686393737793,0.2700674533843994,6.524764184451916,25.0,0.2,0.0004276097878757,10.0,0.0133482983182945,0.0,100.0,4.0,255.0,-1.0,,,,,,,,
anpboost-few_shot-log_count-seed4,c74t4raa,2026-07-23T18:37:48Z,anpboost,few_shot,4,rmse,0.2429747381130186,0.4339731870284963,0.2250474039208952,0.3841912368248665,171.62434792518616,0.2808921337127685,0.3126146793365478,6.822911480037174,8.0,0.2,0.0004385170256085,10.0,0.8972612866432508,1.0,20.0,8.0,255.0,-1.0,,,,,,,,
anpboost-few_shot-log_count-seed4,cu90m3ib,2026-07-23T19:58:21Z,anpboost,few_shot,4,rmse,0.2710631554868041,0.3931022905073634,0.2625283935082652,0.3724559760126418,484.6755383014679,0.2326517105102539,0.2697038650512695,4.768715964665755,33.0,0.0,1.2904721633073898e-05,20.0,0.2325748079967941,0.0,100.0,8.0,255.0,-1.0,,,,,,,,
anpboost-few_shot-log_count-seed4,d31gavrx,2026-07-23T19:12:34Z,anpboost,few_shot,4,rmse,0.2331847182842863,0.4443469099697483,0.2057258141734612,0.3735464105543957,194.1579756736755,0.3298821449279785,0.3454718589782715,6.519406648654091,15.0,0.0,0.0002780425090632,10.0,0.0105542692281163,1.0,20.0,8.0,255.0,-1.0,,,,,,,,
anpboost-few_shot-log_count-seed4,dfllfsq2,2026-07-23T19:01:15Z,anpboost,few_shot,4,rmse,0.2821608471269367,0.4599123338462824,0.2642545013831406,0.4164976518537691,596.5276892185211,0.2706894874572754,0.3256936073303222,6.25954068224553,45.0,0.0,1.5865500409725956e-05,20.0,0.019901994840577,0.0,100.0,4.0,255.0,-1.0,,,,,,,,
anpboost-few_shot-log_count-seed4,jci5uca6,2026-07-23T19:25:06Z,anpboost,few_shot,4,rmse,0.2373687199183873,0.4616796988093046,0.2022923161743809,0.3987492803046762,266.4833333492279,0.2515604496002197,0.2748346328735351,6.531019202598494,26.0,0.2,0.000956484407922,10.0,0.0109977032995056,0.0,100.0,4.0,255.0,-1.0,,,,,,,,
anpboost-few_shot-log_count-seed4,kf3ivbjj,2026-07-23T18:40:46Z,anpboost,few_shot,4,rmse,0.3125795636858259,0.4921079416020353,0.313078968613236,0.5047492627236151,397.1145770549774,0.2096991539001464,0.2688188552856445,5.58912047882705,91.0,0.2,1.343677338411072e-05,5.0,0.1113002415673063,1.0,10.0,4.0,255.0,-1.0,,,,,,,,
anpboost-few_shot-log_count-seed4,kfndhuk4,2026-07-23T18:49:30Z,anpboost,few_shot,4,rmse,0.2207770147243467,0.432064323219893,0.1947170519954944,0.3695933625213285,189.77573585510257,0.2658243179321289,0.2920355796813965,6.553554236545068,14.0,0.0,0.0004548624208721,10.0,0.2953847324956156,0.0,20.0,4.0,255.0,-1.0,,,,,,,,
anpboost-few_shot-log_count-seed4,llmslfxf,2026-07-23T19:22:24Z,anpboost,few_shot,4,rmse,0.2985724441143645,0.5334778278495463,0.3058298232063414,0.5506586062507879,155.63258624076843,0.2564287185668945,0.3007786273956299,6.510920959914038,20.0,0.2,0.0003013710908533,5.0,0.0130634630331783,0.0,10.0,8.0,255.0,-1.0,,,,,,,,
anpboost-few_shot-log_count-seed4,lvapdnpo,2026-07-23T19:39:42Z,anpboost,few_shot,4,rmse,0.267475064061269,0.4930141317945596,0.263805958833644,0.4937166001518608,215.8093295097351,0.3141617774963379,0.3456575870513916,6.510196182838256,38.0,0.2,0.0008392140711648,5.0,0.0107859712708854,0.0,10.0,8.0,255.0,-1.0,,,,,,,,
anpboost-few_shot-log_count-seed4,mcn5m8n4,2026-07-23T20:06:35Z,anpboost,few_shot,4,rmse,0.2416464861701517,0.4611977625627063,0.2078906619359576,0.3943032975525474,523.3294334411621,0.196317434310913,0.2518253326416015,6.518336888853633,77.0,0.2,0.0001496922341954,10.0,0.0831211929407696,1.0,1000.0,4.0,255.0,-1.0,,,,,,,,
anpboost-few_shot-log_count-seed4,ncbwhh5t,2026-07-23T18:57:17Z,anpboost,few_shot,4,rmse,0.2613087501846441,0.4533579797462868,0.2377512878841824,0.383443808544318,177.2376687526703,0.2775583267211914,0.3076772689819336,5.986123484166234,28.0,0.0,0.0001721990923545,5.0,0.1380161223304589,0.0,1000.0,16.0,255.0,-1.0,,,,,,,,
anpboost-few_shot-log_count-seed4,o22rx5kv,2026-07-23T18:52:52Z,anpboost,few_shot,4,rmse,0.2037750692928538,0.4197058452060943,0.1754231680007208,0.3511515379335868,260.0900237560272,0.2009563446044922,0.2193448543548584,6.349272085158777,25.0,0.0,0.0004242243954166,10.0,0.5800570688908553,1.0,20.0,4.0,255.0,-1.0,,,,,,,,
anpboost-few_shot-log_count-seed4,o8zrox4j,2026-07-23T20:30:48Z,anpboost,few_shot,4,rmse,0.2918990319516478,0.4348491546957096,0.2806060251104769,0.408220333911218,318.3127257823944,0.2367177009582519,0.2496035099029541,5.607226704325703,74.0,0.2,1.5820851730418417e-05,5.0,0.0450196136386975,1.0,100.0,16.0,255.0,-1.0,,,,,,,,
anpboost-few_shot-log_count-seed4,oaize86w,2026-07-23T19:43:28Z,anpboost,few_shot,4,rmse,0.2946745928596048,0.4431648997796563,0.2973264315771678,0.4653907084489805,223.59325671195984,0.2727861404418945,0.2603082656860351,5.404246384509039,42.0,0.2,2.9067203620664195e-05,5.0,0.1823458458254781,0.0,10.0,8.0,255.0,-1.0,,,,,,,,
anpboost-few_shot-log_count-seed4,p4yj53jj,2026-07-23T18:27:50Z,anpboost,few_shot,4,rmse,0.3196363689518776,0.4971834098307497,0.3251766295660109,0.5305256996637465,239.25561809539795,0.3589479923248291,0.3506226539611816,5.723164667004153,45.0,0.2,1.090384328196852e-05,5.0,0.7717846862118062,0.0,20.0,4.0,255.0,-1.0,,,,,,,,
anpboost-few_shot-log_count-seed4,qdvhm0tl,2026-07-23T20:36:18Z,anpboost,few_shot,4,rmse,0.2629437807227383,0.4084889168436244,0.2545679274059477,0.3998132314646827,487.8803813457489,0.2020719051361084,0.2083725929260254,5.823152192839209,42.0,0.0,1.702035422361917e-05,20.0,0.0657821692431908,1.0,20.0,16.0,255.0,-1.0,,,,,,,,
anpboost-few_shot-log_count-seed4,rid8dhr0,2026-07-23T19:15:54Z,anpboost,few_shot,4,rmse,0.2370198353999803,0.4603682862915362,0.2128545629915106,0.4231128927219135,383.6057426929474,0.2684590816497803,0.310985803604126,6.583194543773414,19.0,0.2,0.0002563473332261,20.0,0.1427109105814198,1.0,1000.0,8.0,255.0,-1.0,,,,,,,,
anpboost-few_shot-log_count-seed4,s151rsgq,2026-07-23T20:51:54Z,anpboost,few_shot,4,rmse,0.2485857731153985,0.4357283844091197,0.2248427249767162,0.3714953704819529,247.8891789913177,0.2222418785095214,0.1818687915802002,6.058773881345419,33.0,0.0,7.917412954846521e-05,10.0,0.1011064623519062,0.0,20.0,8.0,255.0,-1.0,,,,,,,,
anpboost-few_shot-log_count-seed4,sf4a4a92,2026-07-23T19:29:38Z,anpboost,few_shot,4,rmse,0.2487087089474461,0.4753840997578463,0.2246963874372855,0.4252846223010669,249.6605784893036,0.2548017501831054,0.3207604885101318,6.529754058416054,25.0,0.2,0.0002371245680478,10.0,0.0322020325894309,1.0,100.0,16.0,255.0,-1.0,,,,,,,,
anpboost-few_shot-log_count-seed4,ufrn6ggu,2026-07-23T19:52:16Z,anpboost,few_shot,4,rmse,0.2890049910344997,0.4069158991732361,0.2841214926785262,0.4030461441688069,226.86593961715693,0.2762441635131836,0.3022105693817138,4.081120035539715,19.0,0.0,1.8406671834517417e-05,10.0,0.3476654204795515,0.0,20.0,8.0,255.0,-1.0,,,,,,,,
anpboost-few_shot-log_count-seed4,y964qq0g,2026-07-23T18:33:46Z,anpboost,few_shot,4,rmse,0.2803838393267463,0.477044164242543,0.2663866918553751,0.4327734675447044,186.1410071849823,0.2784368991851806,0.2582898139953613,6.522383172287621,13.0,0.2,0.0001381635682257,10.0,0.0261669745608544,1.0,20.0,8.0,255.0,-1.0,,,,,,,,
anpboost-few_shot-log_count-seed4,zvrjb7lz,2026-07-23T19:47:23Z,anpboost,few_shot,4,rmse,0.2759754597639837,0.4574232472409756,0.261626718914698,0.4152178202239905,286.2442300319672,0.305361270904541,0.2873075008392334,6.379101837087321,30.0,0.2,5.4597054376998136e-05,10.0,0.1053508308667582,0.0,20.0,4.0,255.0,-1.0,,,,,,,,
np-in_context-log_count-seed0,1banyc4f,2026-07-20T09:04:26Z,np,in_context,0,rmse,0.201801216106559,0.2797595017411752,0.2077844639243611,0.3039446954181917,767.0020525455475,0.6793138980865479,0.6874709129333496,,,,,,,,,,,,1428.0,0.0142072116395773,1.4936835544198446e-05,,,,,
np-in_context-log_count-seed0,20h9n4mj,2026-07-20T12:19:26Z,np,in_context,0,rmse,0.1331516776959251,0.2768548014823242,0.141527099115862,0.3013452509695083,733.6238315105438,0.5748722553253174,0.6068739891052246,,,,,,,,,,,,1346.0,0.0630856701848367,5.338528208876637e-05,,,,,
np-in_context-log_count-seed0,4n7x7yh8,2026-07-20T08:53:41Z,np,in_context,0,rmse,0.1149238225192338,0.2786926877684974,0.1275689928653335,0.3132910788186175,638.0082790851593,0.5815746784210205,0.6400372982025146,,,,,,,,,,,,1173.0,0.1136089122187864,0.0007098936257405,,,,,
np-in_context-log_count-seed0,5y5e2njp,2026-07-20T10:29:06Z,np,in_context,0,rmse,0.1149489597922687,0.2681657493890322,0.1297751856098103,0.3142466218182324,693.4544143676758,0.7611055374145508,0.670400857925415,,,,,,,,,,,,1254.0,0.0529111224209254,0.0003535634629148,,,,,
np-in_context-log_count-seed0,6jhd3217,2026-07-20T10:05:49Z,np,in_context,0,rmse,0.1196394366668167,0.2718248157553259,0.1295161386969409,0.3098030513146313,479.6709167957306,0.8013169765472412,0.7421643733978271,,,,,,,,,,,,846.0,0.0286706574818092,0.0007750644796341,,,,,
np-in_context-log_count-seed0,913mjniu,2026-07-20T12:41:57Z,np,in_context,0,rmse,0.1501967934838765,0.2932926791180087,0.1564292972502501,0.3116464413466556,1850.1518483161929,0.6962409019470215,0.6424105167388916,,,,,,,,,,,,3479.0,0.1976747676118452,1.5998881492631487e-05,,,,,
np-in_context-log_count-seed0,9w65bxye,2026-07-20T08:18:31Z,np,in_context,0,rmse,0.1139211181994872,0.2722656369938416,0.1259471000029594,0.3008614263699429,783.6008455753326,0.711773157119751,0.7338941097259521,,,,,,,,,,,,1454.0,0.0875174422525385,0.0006074996073425,,,,,
np-in_context-log_count-seed0,a05u3ssh,2026-07-20T11:21:00Z,np,in_context,0,rmse,0.1402630172740309,0.2807589803029739,0.1449647819612788,0.2951084252923228,516.8762040138245,0.6045310497283936,0.6887938976287842,,,,,,,,,,,,938.0,0.0719015801147572,7.4827960376208e-05,,,,,
np-in_context-log_count-seed0,agmfrb04,2026-07-20T09:46:48Z,np,in_context,0,rmse,0.1184348222889386,0.278255239358001,0.1271516553959008,0.2985849966097285,453.8702440261841,0.8000731468200684,0.777402400970459,,,,,,,,,,,,799.0,0.0922958724505863,0.0003639639356786,,,,,
np-in_context-log_count-seed0,ai6x99qk,2026-07-20T12:04:38Z,np,in_context,0,rmse,0.1844507225970464,0.2825046006512844,0.1905228020112771,0.3038099846108866,880.0873708724976,0.671889066696167,0.6484670639038086,,,,,,,,,,,,1594.0,0.0420765122147681,1.810725406663106e-05,,,,,
np-in_context-log_count-seed0,c6nqdcen,2026-07-20T09:36:20Z,np,in_context,0,rmse,0.1180394665956046,0.2643725142747951,0.1283524275840117,0.2964584281368292,621.1274518966675,0.7707211971282959,0.7522318363189697,,,,,,,,,,,,1111.0,0.1957236684465528,0.0003965675081771,,,,,
np-in_context-log_count-seed0,d7dovqpt,2026-07-20T14:17:12Z,np,in_context,0,rmse,0.1493021309488437,0.280615824516214,0.1577102222492203,0.3073717023393193,1419.285497188568,0.7496936321258545,0.6960344314575195,,,,,,,,,,,,2669.0,0.1312659178930547,1.889582693802601e-05,,,,,
np-in_context-log_count-seed0,ddml8i6g,2026-07-20T13:29:56Z,np,in_context,0,rmse,0.1363872930773715,0.2804732430858839,0.1451165632737381,0.3063901005750308,1146.0220096111298,0.6995692253112793,0.7146346569061279,,,,,,,,,,,,2124.0,0.1306216650930796,3.210577849550394e-05,,,,,
np-in_context-log_count-seed0,doz5uoi1,2026-07-20T09:54:29Z,np,in_context,0,rmse,0.1153427754548186,0.2640231852182577,0.1273397086135381,0.2992090295457412,672.2263627052307,0.6344020366668701,0.6720647811889648,,,,,,,,,,,,1202.0,0.0236548851737866,0.0001904767808428,,,,,
np-in_context-log_count-seed0,el5mjuki,2026-07-20T09:17:20Z,np,in_context,0,rmse,0.1156854925286341,0.2700373820134589,0.1242697911587014,0.3008537913914168,504.4802017211914,0.7796730995178223,0.7812478542327881,,,,,,,,,,,,923.0,0.0040436794880651,0.0004626362841475,,,,,
np-in_context-log_count-seed0,emqvsrzf,2026-07-20T11:52:59Z,np,in_context,0,rmse,0.1184811366190306,0.2722312216252395,0.1285397993481677,0.2976433868861168,691.6078708171844,0.6599221229553223,0.6956169605255127,,,,,,,,,,,,1244.0,0.1333533430891335,0.00021941976179,,,,,
np-in_context-log_count-seed0,lb8g3d0i,2026-07-20T10:13:56Z,np,in_context,0,rmse,0.1215340655388588,0.2719331908983023,0.1310598847433389,0.297549929429354,903.2983720302582,0.651158332824707,0.6703863143920898,,,,,,,,,,,,1625.0,0.1043696643500143,6.75031252159592e-05,,,,,
np-in_context-log_count-seed0,ldl1yhdi,2026-07-20T09:25:51Z,np,in_context,0,rmse,0.1203166924712788,0.2810250366301036,0.1326419708296121,0.3213084090805038,621.1940159797668,0.6403942108154297,0.6846404075622559,,,,,,,,,,,,1111.0,0.1556313501899701,0.0005495716186411,,,,,
np-in_context-log_count-seed0,lwdy5fuf,2026-07-20T07:50:27Z,np,in_context,0,rmse,0.1192372051439123,0.2730898386246414,0.1326060444961649,0.3080333244642966,735.3513157367706,0.7138447761535645,0.6922564506530762,,,,,,,,,,,,1305.0,0.1097627007854649,0.0002693883019285,,,,,
np-in_context-log_count-seed0,male7vd2,2026-07-20T10:40:48Z,np,in_context,0,rmse,0.1215045982813339,0.2709869496575164,0.1352486505625604,0.313503098849945,537.7623157501221,0.7953019142150879,0.6457021236419678,,,,,,,,,,,,963.0,0.0912300664433097,0.0001370464839284,,,,,
np-in_context-log_count-seed0,njgdehcg,2026-07-20T11:05:33Z,np,in_context,0,rmse,0.1178511390163226,0.2683116798396512,0.1282192144704901,0.2997968328301818,919.0889916419984,0.6560859680175781,0.6439578533172607,,,,,,,,,,,,1737.0,0.1887496157029248,0.0002310152225018,,,,,
np-in_context-log_count-seed0,nwl2kbcp,2026-07-20T11:29:44Z,np,in_context,0,rmse,0.1777031006456998,0.2947880528754612,0.1848332443061533,0.3214103246055133,1387.6245126724243,0.7751643657684326,0.7407090663909912,,,,,,,,,,,,2542.0,0.1395262391854529,1.3196262418422204e-05,,,,,
np-in_context-log_count-seed0,okwczn3y,2026-07-20T08:31:42Z,np,in_context,0,rmse,0.1316515647283348,0.2794390181888044,0.1432208667292712,0.313884310838366,881.8857419490814,0.7045979499816895,0.7217803001403809,,,,,,,,,,,,1622.0,0.1927325521002058,5.846326121643416e-05,,,,,
np-in_context-log_count-seed0,oupe44l3,2026-07-20T13:12:55Z,np,in_context,0,rmse,0.1616437015438801,0.2808963682939502,0.1695978003774113,0.3076948423041368,1014.2168846130372,0.70339035987854,0.7239418029785156,,,,,,,,,,,,1912.0,0.0417753512189669,2.1019338091154404e-05,,,,,
np-in_context-log_count-seed0,p9p0hnin,2026-07-20T14:04:03Z,np,in_context,0,rmse,0.1945875434095783,0.2787767826104556,0.202507706524519,0.308264603841939,781.2609112262726,0.5750987529754639,0.598752498626709,,,,,,,,,,,,1450.0,0.0317939167291039,1.6624564693643617e-05,,,,,
np-in_context-log_count-seed0,qz1ndsnv,2026-07-20T13:49:10Z,np,in_context,0,rmse,0.1525709864547888,0.2793246000897638,0.1619557095497903,0.3091472073366779,885.800416469574,0.6179394721984863,0.7215604782104492,,,,,,,,,,,,1596.0,0.0932621545712612,3.082131641442947e-05,,,,,
np-in_context-log_count-seed0,t6b50diw,2026-07-20T12:31:46Z,np,in_context,0,rmse,0.1326264055667617,0.2778318795221804,0.1422145271459013,0.3109671061442086,604.0038306713104,0.625497579574585,0.6308150291442871,,,,,,,,,,,,1112.0,0.1140393540835759,7.537078298264379e-05,,,,,
np-in_context-log_count-seed0,ugsnjxr8,2026-07-20T08:02:50Z,np,in_context,0,rmse,0.1343371243355179,0.2791673899660027,0.1413633878605127,0.3000144814914145,446.5803272724152,0.7231683731079102,0.7372686862945557,,,,,,,,,,,,768.0,0.1205526752143287,0.0001229607110732,,,,,
np-in_context-log_count-seed0,v00ko85h,2026-07-20T10:57:39Z,np,in_context,0,rmse,0.12656818251416,0.2813043804996321,0.1387168336342773,0.3228396375540444,466.91927766799927,0.7138245105743408,0.6000499725341797,,,,,,,,,,,,855.0,0.1224191445444842,0.0001713436419711,,,,,
np-in_context-log_count-seed0,vqyks5ih,2026-07-20T08:46:32Z,np,in_context,0,rmse,0.1417750869446305,0.2848568952095883,0.154151316260345,0.3233324196891861,421.8311247825623,0.6846530437469482,0.6788835525512695,,,,,,,,,,,,761.0,0.1583450076165329,0.000114232541556,,,,,
np-in_context-log_count-seed0,x79y5pm1,2026-07-20T08:10:24Z,np,in_context,0,rmse,0.121442458918054,0.2742568624530861,0.1387122537666097,0.3219223380729233,480.8545639514923,0.6356534957885742,0.6312782764434814,,,,,,,,,,,,861.0,0.0847309598677809,0.0001957889720121,,,,,
np-in_context-log_count-seed0,zsj93pvo,2026-07-20T10:49:52Z,np,in_context,0,rmse,0.1168273533562406,0.2678302395863884,0.1290869031714131,0.3003130441255134,459.7576217651367,0.6106314659118652,0.613797664642334,,,,,,,,,,,,825.0,0.003757960087271,0.0001718980674331,,,,,
np-in_context-log_count-seed1,0qi17e6j,2026-07-20T08:01:06Z,np,in_context,1,rmse,0.115519657928236,0.2684800853933349,0.1182739656763626,0.2818468430155453,1028.6065468788147,0.6566643714904785,0.6535413265228271,,,,,,,,,,,,1937.0,0.1205526752143287,0.0001229607110732,,,,,
np-in_context-log_count-seed1,0tyv4d6u,2026-07-20T10:14:11Z,np,in_context,1,rmse,0.1147019767355603,0.2639655805262023,0.1242691384653062,0.3019798818655816,732.6582062244415,0.690802812576294,0.737356424331665,,,,,,,,,,,,1370.0,0.1957236684465528,0.0003965675081771,,,,,
np-in_context-log_count-seed1,4iz7q0g3,2026-07-20T10:36:32Z,np,in_context,1,rmse,0.1151090163476976,0.2609448277570201,0.1251937289403607,0.2862246303135723,479.5232243537903,0.7546718120574951,0.7081184387207031,,,,,,,,,,,,918.0,0.0236548851737866,0.0001904767808428,,,,,
np-in_context-log_count-seed1,61463rz0,2026-07-20T09:14:37Z,np,in_context,1,rmse,0.1122651150298704,0.2617537473464079,0.1196478661325793,0.2915326219417904,557.6920924186707,0.7666490077972412,0.7544372081756592,,,,,,,,,,,,1088.0,0.1136089122187864,0.0007098936257405,,,,,
np-in_context-log_count-seed1,6n92rp1s,2026-07-20T13:53:08Z,np,in_context,1,rmse,0.1495455105723866,0.3067917430645507,0.1506527776641521,0.3123949545289706,1973.1252233982088,0.7755885124206543,0.7276725769042969,,,,,,,,,,,,3813.0,0.1976747676118452,1.5998881492631487e-05,,,,,
np-in_context-log_count-seed1,7qgu6095,2026-07-20T14:54:29Z,np,in_context,1,rmse,0.1628467133004633,0.3022109679890996,0.1620583822123269,0.2965475143512261,633.1101784706116,0.5034592151641846,0.4857120513916016,,,,,,,,,,,,1475.0,0.1306216650930796,3.210577849550394e-05,,,,,
np-in_context-log_count-seed1,84l7cvc0,2026-07-20T09:45:32Z,np,in_context,1,rmse,0.1192082170051978,0.2652629110926854,0.1255900518993349,0.2738289655991076,690.4526646137238,0.7023701667785645,0.7600414752960205,,,,,,,,,,,,1300.0,0.0040436794880651,0.0004626362841475,,,,,
np-in_context-log_count-seed1,87hdhwpk,2026-07-20T11:15:09Z,np,in_context,1,rmse,0.1169238537831658,0.2743759974881369,0.1218549633550058,0.2904981170109357,772.7266306877136,0.6640405654907227,0.6981472969055176,,,,,,,,,,,,1506.0,0.0912300664433097,0.0001370464839284,,,,,
np-in_context-log_count-seed1,94bidx4h,2026-07-20T15:20:38Z,np,in_context,1,rmse,0.1504233579498157,0.2810825008807857,0.1523066572915403,0.284084363011267,1095.286864042282,0.3923327922821045,0.4140942096710205,,,,,,,,,,,,2758.0,0.0317939167291039,1.6624564693643617e-05,,,,,
np-in_context-log_count-seed1,9gqthhpe,2026-07-20T12:57:59Z,np,in_context,1,rmse,0.139557400757063,0.2803504182137065,0.1410008612562442,0.2820008507052112,1556.8708205223083,0.706890344619751,0.726628303527832,,,,,,,,,,,,3028.0,0.0420765122147681,1.810725406663106e-05,,,,,
np-in_context-log_count-seed1,9mf7jdvh,2026-07-20T11:28:09Z,np,in_context,1,rmse,0.12069414913767,0.2688853065487018,0.1221971030440357,0.2705785981700726,607.8486566543579,0.6999502182006836,0.680842399597168,,,,,,,,,,,,1161.0,0.003757960087271,0.0001718980674331,,,,,
np-in_context-log_count-seed1,9os3nybw,2026-07-20T08:30:01Z,np,in_context,1,rmse,0.1152442905537798,0.2681982139518891,0.1221911975927298,0.2887027536889745,613.8041739463806,0.6469817161560059,0.5912373065948486,,,,,,,,,,,,1186.0,0.0875174422525385,0.0006074996073425,,,,,
np-in_context-log_count-seed1,a1y1jko9,2026-07-20T11:50:41Z,np,in_context,1,rmse,0.1195551016154947,0.2731763376988916,0.1211438649430842,0.2822601675968709,649.5024499893188,0.7812399864196777,0.7241668701171875,,,,,,,,,,,,1229.0,0.1887496157029248,0.0002310152225018,,,,,
np-in_context-log_count-seed1,e9i06rca,2026-07-20T09:57:10Z,np,in_context,1,rmse,0.1085406208590433,0.2475341345172731,0.1190681956807021,0.2836595841357681,1013.219430923462,0.7084023952484131,0.6442067623138428,,,,,,,,,,,,1914.0,0.1556313501899701,0.0005495716186411,,,,,
np-in_context-log_count-seed1,eq270f9m,2026-07-20T08:18:22Z,np,in_context,1,rmse,0.1169436244410242,0.2724875058090046,0.1217682974691201,0.2882619555975838,692.0529811382294,0.7070941925048828,0.6488890647888184,,,,,,,,,,,,1347.0,0.0847309598677809,0.0001957889720121,,,,,
np-in_context-log_count-seed1,gredzdv2,2026-07-20T12:18:20Z,np,in_context,1,rmse,0.1632603591128423,0.3076257922480681,0.1640139494816612,0.3076614234192772,1723.4556086063385,0.7173902988433838,0.6544144153594971,,,,,,,,,,,,3332.0,0.1395262391854529,1.3196262418422204e-05,,,,,
np-in_context-log_count-seed1,inr5w2lj,2026-07-20T10:44:39Z,np,in_context,1,rmse,0.1189642600391222,0.2774296710531225,0.1292688141247726,0.3015169626482852,428.69296765327454,0.7118744850158691,0.5606982707977295,,,,,,,,,,,,820.0,0.0286706574818092,0.0007750644796341,,,,,
np-in_context-log_count-seed1,iyujia1j,2026-07-20T10:51:55Z,np,in_context,1,rmse,0.1224124298091196,0.2760016565271161,0.1261564906411901,0.2909174879328293,872.780061006546,0.793179988861084,0.7552211284637451,,,,,,,,,,,,1708.0,0.1043696643500143,6.75031252159592e-05,,,,,
np-in_context-log_count-seed1,kwlw4tsz,2026-07-20T12:01:38Z,np,in_context,1,rmse,0.1148016083217974,0.269049292111046,0.1234922717784888,0.2904750737561027,994.890426158905,0.6507527828216553,0.6944060325622559,,,,,,,,,,,,1891.0,0.0719015801147572,7.4827960376208e-05,,,,,
np-in_context-log_count-seed1,kxi3zqfn,2026-07-20T12:47:11Z,np,in_context,1,rmse,0.1180660043524433,0.2764830603742144,0.1229967942112785,0.2923398622099928,640.1042158603668,0.7336204051971436,0.6890048980712891,,,,,,,,,,,,1222.0,0.1333533430891335,0.00021941976179,,,,,
np-in_context-log_count-seed1,ljf8ko7i,2026-07-20T11:06:35Z,np,in_context,1,rmse,0.1164703085201674,0.271012415384104,0.1227761555765887,0.2823730507142195,505.7631909847259,0.7151434421539307,0.7575643062591553,,,,,,,,,,,,995.0,0.0529111224209254,0.0003535634629148,,,,,
np-in_context-log_count-seed1,n3e93el2,2026-07-20T07:50:27Z,np,in_context,1,rmse,0.1157207543097281,0.2731218894759218,0.1218873442120723,0.2968827210873133,630.9452257156372,0.7302381992340088,0.6466817855834961,,,,,,,,,,,,1173.0,0.1097627007854649,0.0002693883019285,,,,,
np-in_context-log_count-seed1,offwfbr3,2026-07-20T15:05:09Z,np,in_context,1,rmse,0.1323546433719209,0.2877481242838206,0.1354298010778337,0.2916878577943168,922.3465247154236,0.4146790504455566,0.3872902393341065,,,,,,,,,,,,2309.0,0.0932621545712612,3.082131641442947e-05,,,,,
np-in_context-log_count-seed1,og7ab40a,2026-07-20T10:26:32Z,np,in_context,1,rmse,0.1137753568998131,0.2603678803459594,0.1222837547611424,0.2876544738717128,593.2761604785919,0.7739648818969727,0.6041064262390137,,,,,,,,,,,,1146.0,0.0922958724505863,0.0003639639356786,,,,,
np-in_context-log_count-seed1,p79udqgp,2026-07-20T15:38:59Z,np,in_context,1,rmse,0.1677549069567754,0.3103853925532956,0.1677169642060826,0.3058862092979885,764.7131397724152,0.2308168411254882,0.2313997745513916,,,,,,,,,,,,2230.0,0.1312659178930547,1.889582693802601e-05,,,,,
np-in_context-log_count-seed1,qz00qyo8,2026-07-20T09:01:35Z,np,in_context,1,rmse,0.1209850001425283,0.2731904254556778,0.1265742363292012,0.2983410344688988,773.9428198337555,0.7325549125671387,0.7324013710021973,,,,,,,,,,,,1507.0,0.1583450076165329,0.000114232541556,,,,,
np-in_context-log_count-seed1,r5y99hc0,2026-07-20T13:39:54Z,np,in_context,1,rmse,0.1243518202201179,0.2812937234671904,0.128577856871604,0.2927604439471811,787.0413708686829,0.750758171081543,0.7331864833831787,,,,,,,,,,,,1490.0,0.1140393540835759,7.537078298264379e-05,,,,,
np-in_context-log_count-seed1,rpsqujbf,2026-07-20T09:24:02Z,np,in_context,1,rmse,0.1637366431534628,0.2769720527657457,0.1653431084408426,0.2774711748719011,1282.4117794036863,0.7110285758972168,0.6837546825408936,,,,,,,,,,,,2441.0,0.0142072116395773,1.4936835544198446e-05,,,,,
np-in_context-log_count-seed1,titxwsal,2026-07-20T08:40:22Z,np,in_context,1,rmse,0.1259005000156355,0.2806999383846736,0.1284553644956848,0.2869932551369975,1265.3795518875122,0.6731159687042236,0.6502649784088135,,,,,,,,,,,,2456.0,0.1927325521002058,5.846326121643416e-05,,,,,
np-in_context-log_count-seed1,v20r1v3e,2026-07-20T13:24:03Z,np,in_context,1,rmse,0.1184467879495458,0.2702236075639831,0.1241969941412794,0.2893004180003639,943.5682699680328,0.5746657848358154,0.5543243885040283,,,,,,,,,,,,1810.0,0.0630856701848367,5.338528208876637e-05,,,,,
np-in_context-log_count-seed1,x9c3a4ye,2026-07-20T14:26:09Z,np,in_context,1,rmse,0.1223713295615237,0.2714297063884989,0.1260916318300766,0.2827552290573283,1694.1373584270475,0.3324232101440429,0.3800444602966308,,,,,,,,,,,,3481.0,0.0417753512189669,2.1019338091154404e-05,,,,,
np-in_context-log_count-seed1,yuqaw8cb,2026-07-20T11:38:24Z,np,in_context,1,rmse,0.1166317662354453,0.2660040594251368,0.1211857664309061,0.2898660188771515,729.3521673679352,0.7034146785736084,0.7829701900482178,,,,,,,,,,,,1384.0,0.1224191445444842,0.0001713436419711,,,,,
np-in_context-log_count-seed2,3fgp6996,2026-07-20T11:09:33Z,np,in_context,2,rmse,0.1210023343760259,0.2860553332665033,0.1206732291467699,0.2822413577774852,1244.0874609947205,0.7985119819641113,0.8910036087036133,,,,,,,,,,,,1948.0,0.0630856701848367,5.338528208876637e-05,,,,,
np-in_context-log_count-seed2,9g4g8ucn,2026-07-20T09:11:00Z,np,in_context,2,rmse,0.1228222038547573,0.2826821230319815,0.1194553327357611,0.2736525932314962,332.753609418869,0.2747271060943603,0.3052864074707031,,,,,,,,,,,,949.0,0.0236548851737866,0.0001904767808428,,,,,
np-in_context-log_count-seed2,9wwl60wk,2026-07-20T12:51:55Z,np,in_context,2,rmse,0.1357581361367707,0.2998466061274356,0.1354430241541961,0.2875507064217639,1176.4156041145325,0.5472490787506104,0.5665521621704102,,,,,,,,,,,,2274.0,0.0932621545712612,3.082131641442947e-05,,,,,
np-in_context-log_count-seed2,acj49qym,2026-07-20T08:07:52Z,np,in_context,2,rmse,0.1222246019398557,0.2894468891554124,0.129093090787051,0.3031254342413835,325.43793416023254,0.312507152557373,0.3282604217529297,,,,,,,,,,,,950.0,0.0875174422525385,0.0006074996073425,,,,,
np-in_context-log_count-seed2,bp0hzc3b,2026-07-20T13:11:39Z,np,in_context,2,rmse,0.1679687317749503,0.3031458716417456,0.1638712438495939,0.2809945566805116,1165.5471556186676,0.6365005970001221,0.5648283958435059,,,,,,,,,,,,2274.0,0.0317939167291039,1.6624564693643617e-05,,,,,
np-in_context-log_count-seed2,bs8io2w6,2026-07-20T09:03:50Z,np,in_context,2,rmse,0.116395776996315,0.280748238896855,0.1160132877655426,0.2766378777976203,422.9094588756561,0.3209574222564697,0.3263051509857178,,,,,,,,,,,,1204.0,0.0922958724505863,0.0003639639356786,,,,,
np-in_context-log_count-seed2,byx3o92c,2026-07-20T11:47:53Z,np,in_context,2,rmse,0.1622258209692057,0.324014411121269,0.1636399687294248,0.3214008126134302,1800.5461087226868,0.7321987152099609,0.7348814010620117,,,,,,,,,,,,3125.0,0.1976747676118452,1.5998881492631487e-05,,,,,
np-in_context-log_count-seed2,cuxhua9d,2026-07-20T10:47:10Z,np,in_context,2,rmse,0.1560489217308834,0.2983913298514505,0.1532290671126378,0.2830952453450824,1334.4186108112335,0.9449481964111328,0.7870767116546631,,,,,,,,,,,,2499.0,0.0420765122147681,1.810725406663106e-05,,,,,
np-in_context-log_count-seed2,fc1dj15o,2026-07-20T09:23:18Z,np,in_context,2,rmse,0.1243614636305262,0.2901442883068497,0.124103231105552,0.2809096827046696,589.3010323047638,0.3203938007354736,0.3213458061218261,,,,,,,,,,,,1679.0,0.1043696643500143,6.75031252159592e-05,,,,,
np-in_context-log_count-seed2,fc65zlqw,2026-07-20T07:57:01Z,np,in_context,2,rmse,0.1397894537798173,0.3126241042452501,0.1374654017233893,0.2928746355526381,274.4395592212677,0.3269681930541992,0.3266110420227051,,,,,,,,,,,,793.0,0.1205526752143287,0.0001229607110732,,,,,
np-in_context-log_count-seed2,fo2snqyz,2026-07-20T10:38:34Z,np,in_context,2,rmse,0.1218191110625834,0.2852201283065149,0.1245183821887284,0.2887087132053017,508.8198244571686,0.6643979549407959,0.6396472454071045,,,,,,,,,,,,1172.0,0.1333533430891335,0.00021941976179,,,,,
np-in_context-log_count-seed2,fzbo5yx6,2026-07-20T11:30:25Z,np,in_context,2,rmse,0.1321959623993006,0.3041349781794597,0.1278506338258321,0.2837724921729034,1039.266454219818,1.2064111232757568,1.098475217819214,,,,,,,,,,,,1473.0,0.1140393540835759,7.537078298264379e-05,,,,,
np-in_context-log_count-seed2,gf3nr6ao,2026-07-20T08:58:02Z,np,in_context,2,rmse,0.1244709330887334,0.2938859979296524,0.1279695714297501,0.2995330304178334,341.35935044288635,0.2903382778167724,0.318314790725708,,,,,,,,,,,,984.0,0.1957236684465528,0.0003965675081771,,,,,
np-in_context-log_count-seed2,gtt7mewi,2026-07-20T09:16:38Z,np,in_context,2,rmse,0.1170537916270906,0.2748650309939821,0.1142854950829129,0.273144737612935,393.9132695198059,0.3414373397827148,0.3291091918945312,,,,,,,,,,,,1132.0,0.0286706574818092,0.0007750644796341,,,,,
np-in_context-log_count-seed2,isdprtci,2026-07-20T10:12:33Z,np,in_context,2,rmse,0.1232036228215987,0.2916638954688736,0.1234651012152489,0.281466643972464,495.6292901039123,0.2929437160491943,0.2926340103149414,,,,,,,,,,,,1411.0,0.0719015801147572,7.4827960376208e-05,,,,,
np-in_context-log_count-seed2,jnacu2uz,2026-07-20T08:21:01Z,np,in_context,2,rmse,0.1378316179847447,0.3065912272586019,0.1383666464872306,0.3002915117209853,315.2591207027436,0.3214852809906006,0.3245601654052734,,,,,,,,,,,,921.0,0.1583450076165329,0.000114232541556,,,,,
np-in_context-log_count-seed2,khd9ke42,2026-07-20T13:31:12Z,np,in_context,2,rmse,0.1506542374990838,0.3108233116486393,0.1502837346609689,0.3010249671021778,1556.12855386734,0.7992792129516602,0.8618109226226807,,,,,,,,,,,,2884.0,0.1312659178930547,1.889582693802601e-05,,,,,
np-in_context-log_count-seed2,ktae59nc,2026-07-20T12:37:19Z,np,in_context,2,rmse,0.1560607097183824,0.3169960501477017,0.1527484284682174,0.2997325038319572,869.3916003704071,0.7159371376037598,0.7042138576507568,,,,,,,,,,,,1717.0,0.1306216650930796,3.210577849550394e-05,,,,,
np-in_context-log_count-seed2,lugtyhw4,2026-07-20T08:01:41Z,np,in_context,2,rmse,0.1248516067439982,0.2958860055118489,0.1252123912926657,0.294231084313092,365.33892798423767,0.309255838394165,0.3012993335723877,,,,,,,,,,,,1056.0,0.0847309598677809,0.0001957889720121,,,,,
np-in_context-log_count-seed2,n4n19mc3,2026-07-20T10:20:55Z,np,in_context,2,rmse,0.1762801128772346,0.3236022348480967,0.1746682475104449,0.3104729464191986,1052.6927227973938,0.3846113681793213,0.3968007564544678,,,,,,,,,,,,2845.0,0.1395262391854529,1.3196262418422204e-05,,,,,
np-in_context-log_count-seed2,nl43dll0,2026-07-20T08:13:24Z,np,in_context,2,rmse,0.1495860888427282,0.3191593523886104,0.1489255353104189,0.3129374793952982,451.1016709804535,0.3211498260498047,0.295654296875,,,,,,,,,,,,1318.0,0.1927325521002058,5.846326121643416e-05,,,,,
np-in_context-log_count-seed2,oxmvln3n,2026-07-20T07:50:27Z,np,in_context,2,rmse,0.1208095974192051,0.287795791531061,0.119263750731607,0.2800734533706786,387.323201417923,0.3268513679504394,0.3200769424438476,,,,,,,,,,,,1092.0,0.1097627007854649,0.0002693883019285,,,,,
np-in_context-log_count-seed2,pbp5a41w,2026-07-20T08:53:43Z,np,in_context,2,rmse,0.128869230698773,0.3039808800865378,0.1285211437140611,0.3013739549937952,253.2126297950745,0.3177332878112793,0.2976975440979004,,,,,,,,,,,,727.0,0.1556313501899701,0.0005495716186411,,,,,
np-in_context-log_count-seed2,q6al8t3s,2026-07-20T08:49:53Z,np,in_context,2,rmse,0.122964273046681,0.2967846697291596,0.1188005546991676,0.2751813086209522,223.9678783416748,0.3223519325256347,0.326869249343872,,,,,,,,,,,,655.0,0.0040436794880651,0.0004626362841475,,,,,
np-in_context-log_count-seed2,rsqvn21o,2026-07-20T09:33:14Z,np,in_context,2,rmse,0.118968314394383,0.2853038801486415,0.1229920680220951,0.2907702737226467,381.7601089477539,0.2795100212097168,0.2798876762390136,,,,,,,,,,,,1057.0,0.0529111224209254,0.0003535634629148,,,,,
np-in_context-log_count-seed2,u0fhadie,2026-07-20T08:36:10Z,np,in_context,2,rmse,0.170092092288239,0.2964885852157345,0.1673479420757924,0.2759435525796013,816.3238260746002,0.2911596298217773,0.2729930877685547,,,,,,,,,,,,2361.0,0.0142072116395773,1.4936835544198446e-05,,,,,
np-in_context-log_count-seed2,ue6m2r3a,2026-07-20T12:18:00Z,np,in_context,2,rmse,0.1533514088854221,0.2979312547855868,0.151594769864542,0.2832795468193917,1150.7705128192902,0.7283227443695068,0.6349799633026123,,,,,,,,,,,,2244.0,0.0417753512189669,2.1019338091154404e-05,,,,,
np-in_context-log_count-seed2,ugd0w06w,2026-07-20T10:01:30Z,np,in_context,2,rmse,0.1155367188423252,0.2810984103862966,0.1176629429278166,0.2867189758552813,656.2334942817688,0.2948319911956787,0.2999846935272217,,,,,,,,,,,,1804.0,0.1887496157029248,0.0002310152225018,,,,,
np-in_context-log_count-seed2,we1tdmlr,2026-07-20T08:26:22Z,np,in_context,2,rmse,0.1181996230930371,0.2927866880807697,0.1181580810781237,0.2912595482174313,581.6798114776611,0.3259291648864746,0.3049945831298828,,,,,,,,,,,,1676.0,0.1136089122187864,0.0007098936257405,,,,,
np-in_context-log_count-seed2,wuqv5if0,2026-07-20T09:47:44Z,np,in_context,2,rmse,0.128697849429848,0.2940657465211879,0.1226805241211601,0.2673709855990063,439.6669368743897,0.3452644348144531,0.330939769744873,,,,,,,,,,,,1183.0,0.003757960087271,0.0001718980674331,,,,,
np-in_context-log_count-seed2,yri15clp,2026-07-20T09:55:10Z,np,in_context,2,rmse,0.1284795352777145,0.2972121255533608,0.1293206078005648,0.293972842931908,374.7044942378998,0.226661205291748,0.2315495014190673,,,,,,,,,,,,1031.0,0.1224191445444842,0.0001713436419711,,,,,
np-in_context-log_count-seed2,zhvs5b1m,2026-07-20T09:39:41Z,np,in_context,2,rmse,0.1206842358373739,0.2887005457952654,0.1185209969435387,0.2756233013365163,474.23841977119446,0.3198161125183105,0.3056104183197021,,,,,,,,,,,,1356.0,0.0912300664433097,0.0001370464839284,,,,,
np-in_context-log_count-seed3,2i0e9zc8,2026-07-21T10:02:36Z,np,in_context,3,rmse,0.1149490424387847,0.2676679797303713,0.1183131373221572,0.299737435613632,588.0201108455658,0.6574821472167969,0.7070846557617188,,,,,,,,,,,,1137.0,0.0922958724505863,0.0003639639356786,,,,,
np-in_context-log_count-seed3,431r5s62,2026-07-21T11:18:48Z,np,in_context,3,rmse,0.1219922099086422,0.284076174023502,0.1199043794818546,0.2954046875114902,832.7962050437927,0.704038143157959,0.674175500869751,,,,,,,,,,,,1594.0,0.0719015801147572,7.4827960376208e-05,,,,,
np-in_context-log_count-seed3,4szsbmtd,2026-07-21T09:08:23Z,np,in_context,3,rmse,0.1698708129740392,0.2826920900167139,0.1725525998832598,0.3052760378591605,1213.7436096668243,0.712899923324585,0.7361719608306885,,,,,,,,,,,,2319.0,0.0142072116395773,1.4936835544198446e-05,,,,,
np-in_context-log_count-seed3,5gedfdvv,2026-07-21T14:01:33Z,np,in_context,3,rmse,0.1304738864105455,0.2813541735931279,0.1322221694010643,0.3069441700759358,1254.7347564697266,0.7774059772491455,0.7138595581054688,,,,,,,,,,,,2378.0,0.0932621545712612,3.082131641442947e-05,,,,,
np-in_context-log_count-seed3,7s19h6qv,2026-07-21T10:37:55Z,np,in_context,3,rmse,0.1246116889503367,0.2851221646521275,0.1267865759889209,0.3088110766786738,418.5032551288605,0.6840345859527588,0.6631603240966797,,,,,,,,,,,,811.0,0.0529111224209254,0.0003535634629148,,,,,
np-in_context-log_count-seed3,bc1eopax,2026-07-21T13:04:10Z,np,in_context,3,rmse,0.176667936132175,0.324012277067081,0.1801307392931615,0.3475953153906228,1309.6432161331177,0.6952455043792725,0.5860002040863037,,,,,,,,,,,,2474.0,0.1976747676118452,1.5998881492631487e-05,,,,,
np-in_context-log_count-seed3,bjol4q4l,2026-07-21T12:51:39Z,np,in_context,3,rmse,0.1246208687135087,0.2806277929526132,0.1248489848156732,0.3027985538065809,742.1628141403198,0.7423446178436279,0.771087646484375,,,,,,,,,,,,1421.0,0.1140393540835759,7.537078298264379e-05,,,,,
np-in_context-log_count-seed3,bykeiskt,2026-07-21T10:21:17Z,np,in_context,3,rmse,0.1219552862114626,0.2745721514132428,0.1242123710410581,0.3033559678357426,484.70616030693054,0.6094508171081543,0.6462945938110352,,,,,,,,,,,,929.0,0.0286706574818092,0.0007750644796341,,,,,
np-in_context-log_count-seed3,c0qu1ufd,2026-07-21T13:37:54Z,np,in_context,3,rmse,0.1302105036259599,0.2834858262211083,0.1327546614667643,0.3113231466493455,1308.5714037418363,0.8046989440917969,0.7856042385101318,,,,,,,,,,,,2470.0,0.1306216650930796,3.210577849550394e-05,,,,,
np-in_context-log_count-seed3,d0jsd9js,2026-07-21T09:48:08Z,np,in_context,3,rmse,0.1113464396820176,0.2654017379458347,0.1147370244356995,0.2909721929106763,801.6212842464447,0.7594819068908691,0.7761578559875488,,,,,,,,,,,,1550.0,0.1957236684465528,0.0003965675081771,,,,,
np-in_context-log_count-seed3,egneg25o,2026-07-21T10:12:31Z,np,in_context,3,rmse,0.1183447275585398,0.2768848972898857,0.1211309475236218,0.2963090454719865,518.6121625900269,0.6599092483520508,0.6871097087860107,,,,,,,,,,,,983.0,0.0236548851737866,0.0001904767808428,,,,,
np-in_context-log_count-seed3,fs8rlssd,2026-07-21T10:55:43Z,np,in_context,3,rmse,0.1260938042729022,0.2804245312104075,0.1280606146232843,0.3061195581459685,348.5824308395386,0.6626880168914795,0.6441650390625,,,,,,,,,,,,687.0,0.003757960087271,0.0001718980674331,,,,,
np-in_context-log_count-seed3,hm8n967a,2026-07-21T09:28:45Z,np,in_context,3,rmse,0.1215861784769591,0.2801414946962423,0.1269395951681642,0.3096273777429492,284.16539764404297,0.710390567779541,0.6679186820983887,,,,,,,,,,,,530.0,0.0040436794880651,0.0004626362841475,,,,,
np-in_context-log_count-seed3,iixk2hj9,2026-07-21T08:02:24Z,np,in_context,3,rmse,0.1244602656319371,0.2756077191478031,0.129914547241027,0.3092828591106054,364.9189319610596,0.6230361461639404,0.6581473350524902,,,,,,,,,,,,718.0,0.0847309598677809,0.0001957889720121,,,,,
np-in_context-log_count-seed3,k5mok9ct,2026-07-21T11:12:11Z,np,in_context,3,rmse,0.1300414720081877,0.2882271721531577,0.1354842659205705,0.3235585167701156,389.12031173706055,0.6755139827728271,0.7092907428741455,,,,,,,,,,,,753.0,0.1887496157029248,0.0002310152225018,,,,,
np-in_context-log_count-seed3,kaz85ul4,2026-07-21T12:40:11Z,np,in_context,3,rmse,0.1368237908485931,0.2858600931652659,0.1380052753004099,0.310361322019599,680.9634475708008,0.751251220703125,0.71966552734375,,,,,,,,,,,,1317.0,0.0630856701848367,5.338528208876637e-05,,,,,
np-in_context-log_count-seed3,lsu3dp01,2026-07-21T08:08:36Z,np,in_context,3,rmse,0.116120198836624,0.2756619494920957,0.1192923276095399,0.2999314921866622,606.2265465259552,0.6890678405761719,0.6968283653259277,,,,,,,,,,,,1185.0,0.0875174422525385,0.0006074996073425,,,,,
np-in_context-log_count-seed3,nnpaquuq,2026-07-21T12:22:49Z,np,in_context,3,rmse,0.1727723921517118,0.292858112669933,0.174892892712456,0.3167370451971961,1033.787558078766,0.7626831531524658,0.751396656036377,,,,,,,,,,,,1953.0,0.0420765122147681,1.810725406663106e-05,,,,,
np-in_context-log_count-seed3,orckwqdh,2026-07-21T14:43:19Z,np,in_context,3,rmse,0.1662059915313648,0.3081277304295982,0.1692778547003949,0.3335498447312786,1214.1710407733915,0.6421914100646973,0.7388036251068115,,,,,,,,,,,,2251.0,0.1312659178930547,1.889582693802601e-05,,,,,
np-in_context-log_count-seed3,owpc98x6,2026-07-21T09:33:36Z,np,in_context,3,rmse,0.1158935485692916,0.2711873474963122,0.1129416901132334,0.2884560529217432,835.9150047302246,0.7151074409484863,0.6746721267700195,,,,,,,,,,,,1614.0,0.1556313501899701,0.0005495716186411,,,,,
np-in_context-log_count-seed3,qtiiuocy,2026-07-21T14:22:35Z,np,in_context,3,rmse,0.166594632293867,0.2892242204958802,0.1675815871284679,0.3092491818442692,1234.8140275478363,0.6774899959564209,0.7051441669464111,,,,,,,,,,,,2268.0,0.0317939167291039,1.6624564693643617e-05,,,,,
np-in_context-log_count-seed3,rv0cbww5,2026-07-21T11:01:39Z,np,in_context,3,rmse,0.1204999610359141,0.2806961653538399,0.1236002932536804,0.3081533707060515,617.4364631175995,0.7708194255828857,0.7902052402496338,,,,,,,,,,,,1199.0,0.1224191445444842,0.0001713436419711,,,,,
np-in_context-log_count-seed3,sgsec2q0,2026-07-21T13:26:12Z,np,in_context,3,rmse,0.1919642268822639,0.2987636085309469,0.1958382128542447,0.327913359696536,694.4326860904694,0.8158342838287354,0.6964094638824463,,,,,,,,,,,,1312.0,0.0417753512189669,2.1019338091154404e-05,,,,,
np-in_context-log_count-seed3,tedia7h5,2026-07-21T08:43:57Z,np,in_context,3,rmse,0.1207443981630365,0.2759942267213648,0.1229011663755081,0.2983538297609205,874.2781383991241,0.7079324722290039,0.6573283672332764,,,,,,,,,,,,1690.0,0.1583450076165329,0.000114232541556,,,,,
np-in_context-log_count-seed3,tkwfmv94,2026-07-21T10:29:29Z,np,in_context,3,rmse,0.1475168898110128,0.2930677505360901,0.1504842359537438,0.319725945807223,497.9139761924744,0.6515247821807861,0.6751956939697266,,,,,,,,,,,,948.0,0.1043696643500143,6.75031252159592e-05,,,,,
np-in_context-log_count-seed3,u6nb1i6f,2026-07-21T10:45:04Z,np,in_context,3,rmse,0.1185355333502216,0.2783664468137002,0.1193310942902231,0.294748732386687,632.4255452156067,0.5776097774505615,0.5081689357757568,,,,,,,,,,,,1210.0,0.0912300664433097,0.0001370464839284,,,,,
np-in_context-log_count-seed3,vqml4md9,2026-07-21T11:32:48Z,np,in_context,3,rmse,0.1475146052292028,0.3002986642553876,0.151043611179002,0.3284379632894026,2110.666847229004,0.7494587898254395,0.7002425193786621,,,,,,,,,,,,4000.0,0.1395262391854529,1.3196262418422204e-05,,,,,
np-in_context-log_count-seed3,wbip2p38,2026-07-21T07:38:01Z,np,in_context,3,rmse,0.1117273507699624,0.2647280049531261,0.1145108789487236,0.2956571780667777,831.0842216014862,0.7495169639587402,0.7622742652893066,,,,,,,,,,,,1528.0,0.1097627007854649,0.0002693883019285,,,,,
np-in_context-log_count-seed3,yeetc6hf,2026-07-21T08:58:39Z,np,in_context,3,rmse,0.1201838440840997,0.2732562002357022,0.1221126944446383,0.3039347438291468,566.4359900951385,0.5801384449005127,0.6746940612792969,,,,,,,,,,,,1090.0,0.1136089122187864,0.0007098936257405,,,,,
np-in_context-log_count-seed3,ysq7wr5z,2026-07-21T07:52:01Z,np,in_context,3,rmse,0.1241927738451101,0.2794721367008907,0.126968906709963,0.3032036406410405,613.0695886611938,0.7296972274780273,0.7184619903564453,,,,,,,,,,,,1155.0,0.1205526752143287,0.0001229607110732,,,,,
np-in_context-log_count-seed3,zbg2jeab,2026-07-21T12:08:06Z,np,in_context,3,rmse,0.1130435916336362,0.267801594596338,0.1131730234859571,0.2876485089038416,875.30681848526,0.5885460376739502,0.6991982460021973,,,,,,,,,,,,1657.0,0.1333533430891335,0.00021941976179,,,,,
np-in_context-log_count-seed3,zxmv8lp7,2026-07-21T08:18:50Z,np,in_context,3,rmse,0.1229852439099764,0.2817386339854047,0.1241245477659265,0.3021864067569595,1499.486447095871,0.6217496395111084,0.5683834552764893,,,,,,,,,,,,2892.0,0.1927325521002058,5.846326121643416e-05,,,,,
np-in_context-log_count-seed4,145k1dof,2026-07-21T08:19:33Z,np,in_context,4,rmse,0.1293731761113907,0.2767771202969695,0.1483205288141571,0.3364597636147893,810.6327049732208,0.7469086647033691,0.72495436668396,,,,,,,,,,,,1530.0,0.1927325521002058,5.846326121643416e-05,,,,,
np-in_context-log_count-seed4,1bccfsim,2026-07-21T07:38:01Z,np,in_context,4,rmse,0.109901894271261,0.2647289164616475,0.12755867655764,0.3220745220991439,684.5134811401367,0.7701232433319092,0.7709927558898926,,,,,,,,,,,,1257.0,0.1097627007854649,0.0002693883019285,,,,,
np-in_context-log_count-seed4,1uiuk7sb,2026-07-21T08:33:11Z,np,in_context,4,rmse,0.1159483645047943,0.2608531658579115,0.1339194534631667,0.3286569137176227,688.1701986789703,0.6404545307159424,0.7270612716674805,,,,,,,,,,,,1312.0,0.1583450076165329,0.000114232541556,,,,,
np-in_context-log_count-seed4,1wiuhne7,2026-07-21T11:42:24Z,np,in_context,4,rmse,0.1124898685962806,0.2573391088926419,0.1290718758714672,0.324114263849633,620.8030631542206,0.6981282234191895,0.7739009857177734,,,,,,,,,,,,1176.0,0.1333533430891335,0.00021941976179,,,,,
np-in_context-log_count-seed4,35mtxv53,2026-07-21T13:16:06Z,np,in_context,4,rmse,0.1514043221514256,0.2765891715703552,0.1650526039091085,0.3312646512556837,807.3994514942169,0.6873135566711426,0.6279256343841553,,,,,,,,,,,,1546.0,0.1306216650930796,3.210577849550394e-05,,,,,
np-in_context-log_count-seed4,3xzjz57p,2026-07-21T09:51:12Z,np,in_context,4,rmse,0.118943847222905,0.2675090605370575,0.1335399187749184,0.3207873285529332,336.13663625717163,0.6577305793762207,0.766183614730835,,,,,,,,,,,,645.0,0.0236548851737866,0.0001904767808428,,,,,
np-in_context-log_count-seed4,4cm4wanp,2026-07-21T11:11:16Z,np,in_context,4,rmse,0.1498052668819355,0.2790727527997183,0.1648925272131687,0.3361350862342587,1860.4079566001888,0.7666378021240234,0.7672462463378906,,,,,,,,,,,,3558.0,0.1395262391854529,1.3196262418422204e-05,,,,,
np-in_context-log_count-seed4,4ub1sz7e,2026-07-21T11:52:52Z,np,in_context,4,rmse,0.1608210475323105,0.2725558374540957,0.1737634917626083,0.3295636319145348,1099.8730280399325,0.567798376083374,0.6202080249786377,,,,,,,,,,,,2109.0,0.0420765122147681,1.810725406663106e-05,,,,,
np-in_context-log_count-seed4,6hyo67is,2026-07-21T09:12:55Z,np,in_context,4,rmse,0.1125510497782766,0.2582615329688498,0.129102556263792,0.3205912373243532,387.3312921524048,0.7289524078369141,0.6042218208312988,,,,,,,,,,,,737.0,0.0040436794880651,0.0004626362841475,,,,,
np-in_context-log_count-seed4,7mpubrdo,2026-07-21T10:44:36Z,np,in_context,4,rmse,0.1077069783255824,0.2538577165917197,0.1254442087700326,0.3252425151113038,869.3781449794769,0.7716238498687744,0.7764415740966797,,,,,,,,,,,,1681.0,0.1887496157029248,0.0002310152225018,,,,,
np-in_context-log_count-seed4,927sb89u,2026-07-21T10:31:40Z,np,in_context,4,rmse,0.11760640302092,0.260221339938496,0.1363068094551,0.3247359422251047,343.74238085746765,0.7259519100189209,0.7287068367004395,,,,,,,,,,,,661.0,0.003757960087271,0.0001718980674331,,,,,
np-in_context-log_count-seed4,92dt13fx,2026-07-21T13:29:44Z,np,in_context,4,rmse,0.1377755497038251,0.264019830778514,0.1541364374931458,0.3286761230623837,981.1955018043518,0.5790863037109375,0.5241556167602539,,,,,,,,,,,,1842.0,0.0932621545712612,3.082131641442947e-05,,,,,
np-in_context-log_count-seed4,9e3j50jm,2026-07-21T08:03:40Z,np,in_context,4,rmse,0.1217669004500475,0.2719877761231025,0.138702284579917,0.3281484184569243,355.7957479953766,0.7295231819152832,0.70455002784729,,,,,,,,,,,,697.0,0.0847309598677809,0.0001957889720121,,,,,
np-in_context-log_count-seed4,aewhkdsf,2026-07-21T09:19:29Z,np,in_context,4,rmse,0.107171616884959,0.2522355062087391,0.124671343312597,0.3219099654986748,581.1308000087738,0.6513309478759766,0.6632072925567627,,,,,,,,,,,,1103.0,0.1556313501899701,0.0005495716186411,,,,,
np-in_context-log_count-seed4,aj9guqk6,2026-07-21T12:28:37Z,np,in_context,4,rmse,0.1448413568543576,0.2871010151759035,0.158597087984049,0.3386683109076449,1825.278705596924,0.7610208988189697,1.1523916721343994,,,,,,,,,,,,3522.0,0.1976747676118452,1.5998881492631487e-05,,,,,
np-in_context-log_count-seed4,ey0f2fqe,2026-07-21T10:20:10Z,np,in_context,4,rmse,0.1123839486636827,0.2580067318931741,0.127204061258718,0.3145588997341035,682.5620036125183,0.6767985820770264,0.7170770168304443,,,,,,,,,,,,1314.0,0.0912300664433097,0.0001370464839284,,,,,
np-in_context-log_count-seed4,fnnnfmuk,2026-07-21T09:29:19Z,np,in_context,4,rmse,0.1109935294815633,0.2475978179254618,0.1277666790217217,0.3185501198422804,585.0891432762146,0.6576015949249268,0.773054838180542,,,,,,,,,,,,1117.0,0.1957236684465528,0.0003965675081771,,,,,
np-in_context-log_count-seed4,gwqrfcuz,2026-07-21T09:39:11Z,np,in_context,4,rmse,0.1088878189007591,0.2487806833153365,0.1268333637196084,0.3193263493171555,713.5608243942261,0.6916723251342773,0.6979250907897949,,,,,,,,,,,,1368.0,0.0922958724505863,0.0003639639356786,,,,,
np-in_context-log_count-seed4,hg1y6f4x,2026-07-21T14:02:44Z,np,in_context,4,rmse,0.1461215426543259,0.2777100701260451,0.1607950290626298,0.3338375110835446,1423.190571308136,0.7145490646362305,0.7869589328765869,,,,,,,,,,,,2699.0,0.1312659178930547,1.889582693802601e-05,,,,,
np-in_context-log_count-seed4,krbt30nm,2026-07-21T10:15:11Z,np,in_context,4,rmse,0.1224036825739819,0.2680347407855263,0.1405937267161046,0.335955027105297,291.3448498249054,0.7813816070556641,0.7376730442047119,,,,,,,,,,,,551.0,0.0529111224209254,0.0003535634629148,,,,,
np-in_context-log_count-seed4,p3lz8gy4,2026-07-21T07:49:36Z,np,in_context,4,rmse,0.1133172966131416,0.2631625646388699,0.1283967895521333,0.3223002864543995,836.8245885372162,0.6996891498565674,0.6639642715454102,,,,,,,,,,,,1580.0,0.1205526752143287,0.0001229607110732,,,,,
np-in_context-log_count-seed4,pimorqa3,2026-07-21T08:50:58Z,np,in_context,4,rmse,0.1580327122783841,0.2645985923262725,0.1686881254435937,0.3124395986180513,1309.074046611786,0.5231716632843018,0.6488215923309326,,,,,,,,,,,,2535.0,0.0142072116395773,1.4936835544198446e-05,,,,,
np-in_context-log_count-seed4,rvrk5xbw,2026-07-21T08:44:47Z,np,in_context,4,rmse,0.1164088776733,0.2675251833984475,0.1320934221007648,0.3263559743664796,363.3231632709503,0.6865270137786865,0.6483666896820068,,,,,,,,,,,,701.0,0.1136089122187864,0.0007098936257405,,,,,
np-in_context-log_count-seed4,sm2x7vjg,2026-07-21T10:59:13Z,np,in_context,4,rmse,0.1143886016537426,0.2577861234290433,0.1310968008068423,0.3172177008490399,697.9593455791473,0.7109096050262451,0.722400426864624,,,,,,,,,,,,1375.0,0.0719015801147572,7.4827960376208e-05,,,,,
np-in_context-log_count-seed4,sw22eesw,2026-07-21T10:05:29Z,np,in_context,4,rmse,0.1326109917380183,0.2714562091345745,0.1484628896913817,0.3307842175690493,574.4062600135803,0.5873634815216064,0.5719807147979736,,,,,,,,,,,,1086.0,0.1043696643500143,6.75031252159592e-05,,,,,
np-in_context-log_count-seed4,t2m60hrw,2026-07-21T12:59:11Z,np,in_context,4,rmse,0.160279845244943,0.2703857182990634,0.1733571420545163,0.3264567654134334,970.6086099147795,0.7431075572967529,0.7180204391479492,,,,,,,,,,,,1846.0,0.0417753512189669,2.1019338091154404e-05,,,,,
np-in_context-log_count-seed4,utfz4kyz,2026-07-21T08:10:20Z,np,in_context,4,rmse,0.1078716541283072,0.2586356306633616,0.1283192252617026,0.3306611196724873,544.986362695694,0.5493509769439697,0.6512148380279541,,,,,,,,,,,,1057.0,0.0875174422525385,0.0006074996073425,,,,,
np-in_context-log_count-seed4,v7x5hdfi,2026-07-21T12:11:24Z,np,in_context,4,rmse,0.1463666253200325,0.2698575828004826,0.161018507805123,0.3275966939052991,534.3999140262604,0.7119085788726807,0.7789442539215088,,,,,,,,,,,,1021.0,0.0630856701848367,5.338528208876637e-05,,,,,
np-in_context-log_count-seed4,wcv44kld,2026-07-21T13:46:13Z,np,in_context,4,rmse,0.1763156353300596,0.2730872804953991,0.1875405760027735,0.3250608837504901,957.4409770965576,0.7644853591918945,0.7522568702697754,,,,,,,,,,,,1843.0,0.0317939167291039,1.6624564693643617e-05,,,,,
np-in_context-log_count-seed4,xbfpyvfk,2026-07-21T09:57:33Z,np,in_context,4,rmse,0.1080432801255657,0.2537289395396074,0.127128164349071,0.3231016835170723,468.6088299751282,0.6747915744781494,0.7139461040496826,,,,,,,,,,,,918.0,0.0286706574818092,0.0007750644796341,,,,,
np-in_context-log_count-seed4,y69su2qy,2026-07-21T10:37:32Z,np,in_context,4,rmse,0.124235100635734,0.2739209729634814,0.1401959839356193,0.3335123893766318,417.08401823043823,0.703357458114624,0.7235107421875,,,,,,,,,,,,806.0,0.1224191445444842,0.0001713436419711,,,,,
np-in_context-log_count-seed4,zda1wbyu,2026-07-21T12:20:26Z,np,in_context,4,rmse,0.1385196370190618,0.2686753383859054,0.1569280499602986,0.3384615632120438,475.5086846351623,0.7075111865997314,0.5598421096801758,,,,,,,,,,,,907.0,0.1140393540835759,7.537078298264379e-05,,,,,
np-few_shot-log_count-seed0,16bzlsp2,2026-07-23T18:15:11Z,np,few_shot,0,rmse,0.3040715236289828,0.5277099373566627,0.3784045360634825,0.702133811429085,89.87574553489685,0.1770870685577392,0.1762690544128418,,,,,,,,,,,,502.0,0.1097627007854649,0.0002693883019285,,,,,
np-few_shot-log_count-seed0,1b9c6e2c,2026-07-23T18:30:44Z,np,few_shot,0,rmse,0.3378589704924938,0.5658663004272488,0.362957503684394,0.609974653888389,261.06803274154663,0.1520960330963134,0.1630671024322509,,,,,,,,,,,,1973.0,0.0142072116395773,1.4936835544198446e-05,,,,,
np-few_shot-log_count-seed0,1cpg3vrh,2026-07-23T18:58:15Z,np,few_shot,0,rmse,0.3204570695465686,0.5399368415398319,0.3562451840414237,0.611997157049966,107.66205883026124,0.177854299545288,0.1734628677368164,,,,,,,,,,,,749.0,0.0719015801147572,7.4827960376208e-05,,,,,
np-few_shot-log_count-seed0,2123dzuy,2026-07-23T19:35:43Z,np,few_shot,0,rmse,0.3281108781403186,0.562221822825574,0.3714230674759128,0.6449492805716172,253.6846532821656,0.1646318435668945,0.1509499549865723,,,,,,,,,,,,1753.0,0.0932621545712612,3.082131641442947e-05,,,,,
np-few_shot-log_count-seed0,4bcb0wyn,2026-07-23T18:49:37Z,np,few_shot,0,rmse,0.3105916939529718,0.5280401255187416,0.3968905125863654,0.7551748080146548,56.44564962387085,0.1960237026214599,0.1642861366271973,,,,,,,,,,,,380.0,0.0529111224209254,0.0003535634629148,,,,,
np-few_shot-log_count-seed0,6255m1j3,2026-07-23T19:16:41Z,np,few_shot,0,rmse,0.3212525610830269,0.5509230403457577,0.3671709412735325,0.6403745286764243,171.3952279090881,0.1889214515686035,0.1878650188446045,,,,,,,,,,,,1167.0,0.0630856701848367,5.338528208876637e-05,,,,,
np-few_shot-log_count-seed0,6dt8cy4c,2026-07-23T18:16:54Z,np,few_shot,0,rmse,0.3010580923043045,0.5279966246390202,0.3821636764804925,0.7256816763554802,152.45901155471802,0.1461215019226074,0.1344759464263916,,,,,,,,,,,,1020.0,0.1205526752143287,0.0001229607110732,,,,,
np-few_shot-log_count-seed0,6jgn2na9,2026-07-23T18:36:08Z,np,few_shot,0,rmse,0.2976477230296415,0.5151418941329614,0.3895032468722268,0.7113115991611925,64.13186359405518,0.1890656948089599,0.1804437637329101,,,,,,,,,,,,396.0,0.0040436794880651,0.0004626362841475,,,,,
np-few_shot-log_count-seed0,6pvxw963,2026-07-23T18:51:33Z,np,few_shot,0,rmse,0.3077018289005055,0.5346274768126723,0.3664563780624049,0.6566810907086307,99.85811114311218,0.1393289566040039,0.1462531089782714,,,,,,,,,,,,748.0,0.0912300664433097,0.0001370464839284,,,,,
np-few_shot-log_count-seed0,8zcwch1v,2026-07-23T18:53:36Z,np,few_shot,0,rmse,0.331645741182215,0.5548450341567835,0.375212632618376,0.6403421518926663,60.767900228500366,0.1441259384155273,0.1324295997619629,,,,,,,,,,,,414.0,0.003757960087271,0.0001718980674331,,,,,
np-few_shot-log_count-seed0,bs7kd9o0,2026-07-23T19:31:09Z,np,few_shot,0,rmse,0.3225359150007659,0.5513269529697827,0.3622464998256846,0.6292950901894441,268.77550435066223,0.1558752059936523,0.1455607414245605,,,,,,,,,,,,1827.0,0.1306216650930796,3.210577849550394e-05,,,,,
np-few_shot-log_count-seed0,by5ounxl,2026-07-23T19:40:01Z,np,few_shot,0,rmse,0.3286379645852482,0.5467607747171628,0.363694568192983,0.6170875238454991,337.55169200897217,0.1316759586334228,0.1143155097961425,,,,,,,,,,,,2300.0,0.0317939167291039,1.6624564693643617e-05,,,,,
np-few_shot-log_count-seed0,chgblkip,2026-07-23T18:41:10Z,np,few_shot,0,rmse,0.3042192047717524,0.5319816624774376,0.385567686378835,0.7265052076812096,64.78851580619812,0.1589832305908203,0.1594629287719726,,,,,,,,,,,,457.0,0.0922958724505863,0.0003639639356786,,,,,
np-few_shot-log_count-seed0,d64y1o9y,2026-07-23T18:22:14Z,np,few_shot,0,rmse,0.3173335954254749,0.5547646196051189,0.3947130864822357,0.7346163820249774,220.60066747665405,0.1522281169891357,0.1674349308013916,,,,,,,,,,,,1549.0,0.1927325521002058,5.846326121643416e-05,,,,,
np-few_shot-log_count-seed0,drclw3g7,2026-07-23T18:38:26Z,np,few_shot,0,rmse,0.3041860243853401,0.5446704499647108,0.421719069413191,0.7915362518254101,94.55213689804076,0.1282122135162353,0.1344499588012695,,,,,,,,,,,,612.0,0.1957236684465528,0.0003965675081771,,,,,
np-few_shot-log_count-seed0,e3c3yr7u,2026-07-23T19:09:25Z,np,few_shot,0,rmse,0.3127263686236213,0.5510930775619585,0.38107169810947,0.7122149664842883,80.7109363079071,0.1360321044921875,0.1303529739379882,,,,,,,,,,,,555.0,0.1333533430891335,0.00021941976179,,,,,
np-few_shot-log_count-seed0,em3bl9fl,2026-07-23T18:19:31Z,np,few_shot,0,rmse,0.3125751570159313,0.5330389268893511,0.3865073244663571,0.7118619520775832,71.6917073726654,0.1512501239776611,0.145472764968872,,,,,,,,,,,,502.0,0.0847309598677809,0.0001957889720121,,,,,
np-few_shot-log_count-seed0,f16anwu2,2026-07-23T18:29:26Z,np,few_shot,0,rmse,0.2938755409390318,0.5428977845912781,0.3905287736811454,0.7433312998240234,72.83309483528137,0.1692230701446533,0.147996187210083,,,,,,,,,,,,505.0,0.1136089122187864,0.0007098936257405,,,,,
np-few_shot-log_count-seed0,fk50f0q7,2026-07-23T18:37:16Z,np,few_shot,0,rmse,0.3093541762408088,0.5398069067673211,0.414193174660085,0.8007260526733361,64.61700510978699,0.1828434467315673,0.1743814945220947,,,,,,,,,,,,390.0,0.1556313501899701,0.0005495716186411,,,,,
np-few_shot-log_count-seed0,flti0snm,2026-07-23T19:25:59Z,np,few_shot,0,rmse,0.3265327004825367,0.550250722450556,0.3646053290995816,0.6298715020914991,305.9804813861847,0.1628575325012207,0.1529085636138916,,,,,,,,,,,,2125.0,0.0417753512189669,2.1019338091154404e-05,,,,,
np-few_shot-log_count-seed0,gk5mxdxd,2026-07-23T18:47:05Z,np,few_shot,0,rmse,0.3186281989602482,0.5432553423591668,0.374605933260966,0.6586005650466211,148.1888964176178,0.1413757801055908,0.1218395233154296,,,,,,,,,,,,1050.0,0.1043696643500143,6.75031252159592e-05,,,,,
np-few_shot-log_count-seed0,j3y6vjg7,2026-07-23T18:56:23Z,np,few_shot,0,rmse,0.3003530165728401,0.5460958058811429,0.3715447044759444,0.6712631130596478,108.40611362457275,0.1465218067169189,0.1287951469421386,,,,,,,,,,,,771.0,0.1887496157029248,0.0002310152225018,,,,,
np-few_shot-log_count-seed0,nxbr8lmq,2026-07-23T18:27:31Z,np,few_shot,0,rmse,0.3149884990617341,0.5399796503022111,0.3913001317765118,0.7144690999513051,111.18181300163268,0.1351270675659179,0.1283748149871826,,,,,,,,,,,,786.0,0.1583450076165329,0.000114232541556,,,,,
np-few_shot-log_count-seed0,pqk7d7l5,2026-07-23T19:19:37Z,np,few_shot,0,rmse,0.3189161412856158,0.549541899322338,0.3724540725924664,0.6581761234193948,148.79456448554993,0.1462929248809814,0.1415073871612548,,,,,,,,,,,,1055.0,0.1140393540835759,7.537078298264379e-05,,,,,
np-few_shot-log_count-seed0,pw2ibpft,2026-07-23T19:00:09Z,np,few_shot,0,rmse,0.3242708692363664,0.5544388322981681,0.3614033356641417,0.6259901122215192,551.6925451755524,0.1681344509124756,0.1725828647613525,,,,,,,,,,,,4000.0,0.1395262391854529,1.3196262418422204e-05,,,,,
np-few_shot-log_count-seed0,qlxev8e9,2026-07-23T18:43:02Z,np,few_shot,0,rmse,0.3220037422928156,0.5352270617152326,0.3713489091420512,0.6405422427407115,57.46275687217712,0.1545209884643554,0.1457629203796386,,,,,,,,,,,,422.0,0.0236548851737866,0.0001904767808428,,,,,
np-few_shot-log_count-seed0,tlpbkk9c,2026-07-23T19:10:50Z,np,few_shot,0,rmse,0.32498405306947,0.5452824122146156,0.3686100648334495,0.6386813563392003,345.3390018939972,0.1586389541625976,0.152571439743042,,,,,,,,,,,,2461.0,0.0420765122147681,1.810725406663106e-05,,,,,
np-few_shot-log_count-seed0,uuic85du,2026-07-23T18:21:12Z,np,few_shot,0,rmse,0.3031168619791666,0.5388749313020678,0.3802568849637107,0.7044063698413335,56.30700492858887,0.162010908126831,0.1595172882080078,,,,,,,,,,,,379.0,0.0875174422525385,0.0006074996073425,,,,,
np-few_shot-log_count-seed0,wruy6hrx,2026-07-23T18:44:26Z,np,few_shot,0,rmse,0.3062299541398591,0.5321494095804544,0.3900330951682936,0.7167465025964679,48.57204461097717,0.2353267669677734,0.2210903167724609,,,,,,,,,,,,313.0,0.0286706574818092,0.0007750644796341,,,,,
np-few_shot-log_count-seed0,wsyo1gbx,2026-07-23T19:22:10Z,np,few_shot,0,rmse,0.3986120784983915,0.7006469625936417,0.4495711568402953,0.7892013116097296,223.48274970054624,0.1587886810302734,0.1585960388183593,,,,,,,,,,,,1550.0,0.1976747676118452,1.5998881492631487e-05,,,,,
np-few_shot-log_count-seed0,yfjrlegr,2026-07-23T19:45:59Z,np,few_shot,0,rmse,0.3177113252527573,0.5379026683269404,0.3596886563252726,0.62531577078865,466.1205034255981,0.1601121425628662,0.172919750213623,,,,,,,,,,,,3059.0,0.1312659178930547,1.889582693802601e-05,,,,,
np-few_shot-log_count-seed0,zd712f67,2026-07-23T18:54:56Z,np,few_shot,0,rmse,0.3189766678155637,0.5445698464578921,0.3927918408995468,0.7201613759485888,82.64795470237732,0.1819140911102295,0.1586625576019287,,,,,,,,,,,,540.0,0.1224191445444842,0.0001713436419711,,,,,
np-few_shot-log_count-seed1,0h307x3w,2026-07-23T20:32:36Z,np,few_shot,1,rmse,0.4158177394492953,0.7520672786043819,0.4144316430185355,0.7389334790143034,77.23808073997498,0.1572790145874023,0.1648573875427246,,,,,,,,,,,,426.0,0.1887496157029248,0.0002310152225018,,,,,
np-few_shot-log_count-seed1,1nwa0v2q,2026-07-23T19:55:15Z,np,few_shot,1,rmse,0.4149884392233456,0.7378414970441396,0.430528289196538,0.7588539306831982,66.5681483745575,0.1445960998535156,0.1536896228790283,,,,,,,,,,,,325.0,0.1097627007854649,0.0002693883019285,,,,,
np-few_shot-log_count-seed1,1sth9jny,2026-07-23T20:27:51Z,np,few_shot,1,rmse,0.4095912858551624,0.753373236570542,0.4007672178979014,0.7167771565090325,130.61468148231506,0.1487181186676025,0.1398384571075439,,,,,,,,,,,,715.0,0.003757960087271,0.0001718980674331,,,,,
np-few_shot-log_count-seed1,27z1fey5,2026-07-23T20:22:51Z,np,few_shot,1,rmse,0.3847215241076899,0.6949941700771423,0.3978153602749694,0.7098031652943347,54.76961421966553,0.1159722805023193,0.1226603984832763,,,,,,,,,,,,334.0,0.0529111224209254,0.0003535634629148,,,,,
np-few_shot-log_count-seed1,69y636nw,2026-07-23T21:00:14Z,np,few_shot,1,rmse,0.441384827856924,0.8120097420798171,0.4387738396139706,0.7729127107567162,233.90486359596247,0.1743395328521728,0.1765229701995849,,,,,,,,,,,,1247.0,0.0417753512189669,2.1019338091154404e-05,,,,,
np-few_shot-log_count-seed1,6drbsnll,2026-07-23T20:34:44Z,np,few_shot,1,rmse,0.4225959927428002,0.7542448345229732,0.4318579281077665,0.7624024773266914,99.9075779914856,0.1793973445892334,0.1712429523468017,,,,,,,,,,,,528.0,0.0719015801147572,7.4827960376208e-05,,,,,
np-few_shot-log_count-seed1,79juqu31,2026-07-23T21:10:35Z,np,few_shot,1,rmse,0.4256721646178002,0.7734436396801682,0.4190243590111826,0.73944178498812,280.47382640838623,0.1328117847442627,0.1253049373626709,,,,,,,,,,,,1631.0,0.0317939167291039,1.6624564693643617e-05,,,,,
np-few_shot-log_count-seed1,8a0usq3a,2026-07-23T19:58:08Z,np,few_shot,1,rmse,0.4316376629997702,0.7612263101484221,0.4456410127527573,0.782106840236268,64.44751858711243,0.1826775074005127,0.1884772777557373,,,,,,,,,,,,339.0,0.0847309598677809,0.0001957889720121,,,,,
np-few_shot-log_count-seed1,9qat3el3,2026-07-23T21:07:02Z,np,few_shot,1,rmse,0.4306330961339614,0.7912525944525319,0.4161577710918352,0.734802139494382,205.9944314956665,0.1758439540863037,0.1633205413818359,,,,,,,,,,,,1177.0,0.0932621545712612,3.082131641442947e-05,,,,,
np-few_shot-log_count-seed1,a3g2k57q,2026-07-23T20:02:02Z,np,few_shot,1,rmse,0.4221174651501225,0.7621501896602885,0.4172656489353554,0.7392723567545709,158.475435256958,0.143312931060791,0.1124379634857177,,,,,,,,,,,,860.0,0.1927325521002058,5.846326121643416e-05,,,,,
np-few_shot-log_count-seed1,apqpqdh1,2026-07-23T20:44:01Z,np,few_shot,1,rmse,0.4270341162588082,0.7557901825197333,0.4453589345894608,0.7794695328345449,63.7166690826416,0.1274785995483398,0.1334574222564697,,,,,,,,,,,,339.0,0.1333533430891335,0.00021941976179,,,,,
np-few_shot-log_count-seed1,argkk86s,2026-07-23T19:56:27Z,np,few_shot,1,rmse,0.4432476268095129,0.7921686582898126,0.4452286664177389,0.7845403077336093,75.35962533950806,0.1435909271240234,0.1545634269714355,,,,,,,,,,,,424.0,0.1205526752143287,0.0001229607110732,,,,,
np-few_shot-log_count-seed1,bwalqmcu,2026-07-23T20:50:58Z,np,few_shot,1,rmse,0.4250929888556985,0.7665775141565713,0.4236149806602328,0.7499512775969914,122.52918434143066,0.1749627590179443,0.1920778751373291,,,,,,,,,,,,630.0,0.1140393540835759,7.537078298264379e-05,,,,,
np-few_shot-log_count-seed1,cftbis8q,2026-07-23T20:13:41Z,np,few_shot,1,rmse,0.4447960947074142,0.7947543927738099,0.4541980818206189,0.7950527403436346,53.63839316368103,0.1564435958862304,0.1663219928741455,,,,,,,,,,,,271.0,0.1556313501899701,0.0005495716186411,,,,,
np-few_shot-log_count-seed1,dbkjognl,2026-07-23T20:36:48Z,np,few_shot,1,rmse,0.4519303864123774,0.8160020483798246,0.449645128437117,0.7910540858289069,411.106600522995,0.1355915069580078,0.165628433227539,,,,,,,,,,,,2188.0,0.1395262391854529,1.3196262418422204e-05,,,,,
np-few_shot-log_count-seed1,fh7tvbq2,2026-07-23T20:49:00Z,np,few_shot,1,rmse,0.4369770723230698,0.777822887517223,0.452708345301011,0.7956274740924768,107.62905979156494,0.1823296546936035,0.1916205883026123,,,,,,,,,,,,635.0,0.0630856701848367,5.338528208876637e-05,,,,,
np-few_shot-log_count-seed1,hrxxxvtg,2026-07-23T20:15:48Z,np,few_shot,1,rmse,0.4287611119887408,0.769741270281717,0.4221380495557598,0.7431938944296935,65.95830249786377,0.2001707553863525,0.2029757499694824,,,,,,,,,,,,340.0,0.1957236684465528,0.0003965675081771,,,,,
np-few_shot-log_count-seed1,in1xs8mr,2026-07-23T20:19:37Z,np,few_shot,1,rmse,0.4048103482115502,0.7260140829934802,0.4052327473958333,0.7170053659514521,50.775554895401,0.1550014019012451,0.1654896736145019,,,,,,,,,,,,266.0,0.0286706574818092,0.0007750644796341,,,,,
np-few_shot-log_count-seed1,jpmzzgiu,2026-07-23T20:30:48Z,np,few_shot,1,rmse,0.4338670319201899,0.774085303846064,0.4417953192018995,0.7777897303030625,61.75515604019165,0.169482946395874,0.1794729232788086,,,,,,,,,,,,371.0,0.1224191445444842,0.0001713436419711,,,,,
np-few_shot-log_count-seed1,k4wa6n8c,2026-07-23T20:06:32Z,np,few_shot,1,rmse,0.4015228271484375,0.7528677800115803,0.3654809689989277,0.6590691447110353,75.53471541404724,0.1376290321350097,0.1813294887542725,,,,,,,,,,,,396.0,0.1136089122187864,0.0007098936257405,,,,,
np-few_shot-log_count-seed1,kgvfvdg0,2026-07-23T19:59:18Z,np,few_shot,1,rmse,0.4010735006893382,0.7648202147930239,0.3566294651405484,0.650963441845722,76.11686706542969,0.2029106616973877,0.2169525623321533,,,,,,,,,,,,396.0,0.0875174422525385,0.0006074996073425,,,,,
np-few_shot-log_count-seed1,knixsxgg,2026-07-23T20:53:37Z,np,few_shot,1,rmse,0.4480958527209712,0.7991698869800792,0.4533973544251685,0.7977014826212213,392.4466118812561,0.1659629344940185,0.180187702178955,,,,,,,,,,,,2076.0,0.1976747676118452,1.5998881492631487e-05,,,,,
np-few_shot-log_count-seed1,l596ddgj,2026-07-23T21:15:20Z,np,few_shot,1,rmse,0.4343329934512868,0.7891440183778267,0.4296216777726716,0.7581865620959011,303.48987889289856,0.200040340423584,0.1555838584899902,,,,,,,,,,,,1756.0,0.1312659178930547,1.889582693802601e-05,,,,,
np-few_shot-log_count-seed1,ndwlyxkk,2026-07-23T20:18:27Z,np,few_shot,1,rmse,0.4332390280330882,0.7743589748265038,0.4425288780062806,0.7805550093185999,63.15957450866699,0.1746876239776611,0.1944751739501953,,,,,,,,,,,,334.0,0.0236548851737866,0.0001904767808428,,,,,
np-few_shot-log_count-seed1,ohqaaql9,2026-07-23T20:45:09Z,np,few_shot,1,rmse,0.4552605124080882,0.8149398617800689,0.4636216705920649,0.8115212305218353,226.75028228759768,0.1533412933349609,0.1343486309051513,,,,,,,,,,,,1247.0,0.0420765122147681,1.810725406663106e-05,,,,,
np-few_shot-log_count-seed1,tbgvtswg,2026-07-23T20:04:44Z,np,few_shot,1,rmse,0.4207731957529105,0.7547423015241858,0.4160973642386642,0.7372302296482145,102.60132384300232,0.1843650341033935,0.1558902263641357,,,,,,,,,,,,524.0,0.1583450076165329,0.000114232541556,,,,,
np-few_shot-log_count-seed1,vab2o6bw,2026-07-23T20:20:33Z,np,few_shot,1,rmse,0.4365578744925704,0.7856317429325255,0.4352808335248161,0.7668947875930485,122.53406000137328,0.1442756652832031,0.1399040222167968,,,,,,,,,,,,635.0,0.1043696643500143,6.75031252159592e-05,,,,,
np-few_shot-log_count-seed1,xi8kx0fr,2026-07-23T20:17:30Z,np,few_shot,1,rmse,0.4139132630591299,0.7389886549697516,0.4242392745672487,0.7505549070887408,52.90046548843384,0.1451380252838134,0.1551203727722168,,,,,,,,,,,,300.0,0.0922958724505863,0.0003639639356786,,,,,
np-few_shot-log_count-seed1,yfdm502a,2026-07-23T21:04:13Z,np,few_shot,1,rmse,0.4460177253274356,0.7952714815900618,0.4544133803423714,0.7984486913117211,163.212260723114,0.1548299789428711,0.1369273662567138,,,,,,,,,,,,952.0,0.1306216650930796,3.210577849550394e-05,,,,,
np-few_shot-log_count-seed1,yl1zwbwi,2026-07-23T20:12:30Z,np,few_shot,1,rmse,0.3992359236174939,0.741842306702148,0.3822075638116575,0.6941584439056767,66.04879093170166,0.1699211597442627,0.1539928913116455,,,,,,,,,,,,334.0,0.0040436794880651,0.0004626362841475,,,,,
np-few_shot-log_count-seed1,yu4gerol,2026-07-23T20:07:53Z,np,few_shot,1,rmse,0.4257862764246323,0.7764444248715775,0.4150663787243413,0.7275211118310835,272.6402966976166,0.1941080093383789,0.1886789798736572,,,,,,,,,,,,1631.0,0.0142072116395773,1.4936835544198446e-05,,,,,
np-few_shot-log_count-seed1,zi6n9ewl,2026-07-23T20:25:54Z,np,few_shot,1,rmse,0.4468137254901961,0.7917462405184774,0.4561348709405637,0.7993697016808438,67.7344582080841,0.1739423274993896,0.1757161617279052,,,,,,,,,,,,371.0,0.0912300664433097,0.0001370464839284,,,,,
np-few_shot-log_count-seed2,0lgg1bgh,2026-07-23T19:01:31Z,np,few_shot,2,rmse,0.3949277391620711,0.7297282201671847,0.3912632362515318,0.7139800151380916,457.1049902439117,0.2727746963500976,0.3368096351623535,,,,,,,,,,,,1704.0,0.1395262391854529,1.3196262418422204e-05,,,,,
np-few_shot-log_count-seed2,24ta6mm3,2026-07-23T18:40:40Z,np,few_shot,2,rmse,0.3828825408337163,0.7009915288475748,0.383488254921109,0.7021119677907434,68.74246120452881,0.1848101615905761,0.2393639087677002,,,,,,,,,,,,274.0,0.1957236684465528,0.0003965675081771,,,,,
np-few_shot-log_count-seed2,4w56u40f,2026-07-23T18:17:22Z,np,few_shot,2,rmse,0.3788443771063113,0.7045309049163516,0.375218230602788,0.6879901816363269,108.73764419555664,0.3316905498504638,0.2692217826843261,,,,,,,,,,,,385.0,0.1205526752143287,0.0001229607110732,,,,,
np-few_shot-log_count-seed2,6akpjsf3,2026-07-23T19:36:55Z,np,few_shot,2,rmse,0.3719690061083027,0.6926637231755796,0.3765425139782475,0.6937599074760008,267.70611119270325,0.3582882881164551,0.3160855770111084,,,,,,,,,,,,959.0,0.1306216650930796,3.210577849550394e-05,,,,,
np-few_shot-log_count-seed2,8eol309i,2026-07-23T18:31:29Z,np,few_shot,2,rmse,0.3676452038334865,0.6770570549432343,0.362567766974954,0.651338599432744,370.452508687973,0.3153078556060791,0.3418688774108886,,,,,,,,,,,,1412.0,0.0142072116395773,1.4936835544198446e-05,,,,,
np-few_shot-log_count-seed2,907ajl7q,2026-07-23T19:46:04Z,np,few_shot,2,rmse,0.3732455384497549,0.6903580330678626,0.3722881840724571,0.6763801165789893,381.9275207519531,0.3460266590118408,0.3158624172210693,,,,,,,,,,,,1289.0,0.0317939167291039,1.6624564693643617e-05,,,,,
np-few_shot-log_count-seed2,9n6zbjjy,2026-07-23T18:22:15Z,np,few_shot,2,rmse,0.3342069738051471,0.6514251348541292,0.3278957591337316,0.6282292502095116,103.05757713317873,0.3649716377258301,0.3793427944183349,,,,,,,,,,,,381.0,0.0875174422525385,0.0006074996073425,,,,,
np-few_shot-log_count-seed2,avufoef6,2026-07-23T18:45:05Z,np,few_shot,2,rmse,0.3648511400409773,0.6878501114578087,0.3647439395680147,0.6708422581158116,86.33386373519897,0.2302207946777344,0.2329046726226806,,,,,,,,,,,,339.0,0.0236548851737866,0.0001904767808428,,,,,
np-few_shot-log_count-seed2,bj7siyja,2026-07-23T18:55:47Z,np,few_shot,2,rmse,0.3690684599034926,0.7050977819381505,0.3585982079599418,0.6702969512150941,106.55468225479126,0.3574061393737793,0.2927670478820801,,,,,,,,,,,,388.0,0.1224191445444842,0.0001713436419711,,,,,
np-few_shot-log_count-seed2,bsghadxt,2026-07-23T18:47:47Z,np,few_shot,2,rmse,0.3757928885665594,0.7066004112075186,0.375605863683364,0.6938181578051086,145.93276810646057,0.2659218311309814,0.2812678813934326,,,,,,,,,,,,542.0,0.1043696643500143,6.75031252159592e-05,,,,,
np-few_shot-log_count-seed2,d01oggie,2026-07-23T18:30:05Z,np,few_shot,2,rmse,0.3507684745040594,0.6702274940582055,0.3479657341452206,0.6590144250429264,78.7928774356842,0.2082288265228271,0.2125437259674072,,,,,,,,,,,,289.0,0.1136089122187864,0.0007098936257405,,,,,
np-few_shot-log_count-seed2,d45em1nj,2026-07-23T18:50:18Z,np,few_shot,2,rmse,0.3527274636661305,0.6667389192514543,0.3463618858187806,0.6390249619407593,73.66035151481628,0.2344019412994384,0.2487356662750244,,,,,,,,,,,,298.0,0.0529111224209254,0.0003535634629148,,,,,
np-few_shot-log_count-seed2,dg5k6ntr,2026-07-23T19:41:28Z,np,few_shot,2,rmse,0.373522081562117,0.7048187451460326,0.37891372979856,0.7024610746355732,270.5445568561554,0.2882447242736816,0.3312005996704101,,,,,,,,,,,,960.0,0.0932621545712612,3.082131641442947e-05,,,,,
np-few_shot-log_count-seed2,dglokb7r,2026-07-23T19:22:14Z,np,few_shot,2,rmse,0.3664717431161918,0.7219713216537916,0.3600334616268382,0.6893279063739995,178.3214499950409,0.2727534770965576,0.2765736579895019,,,,,,,,,,,,654.0,0.1140393540835759,7.537078298264379e-05,,,,,
np-few_shot-log_count-seed2,dvnmgq8t,2026-07-23T18:15:11Z,np,few_shot,2,rmse,0.3736746993719362,0.695174475317022,0.3630982941272212,0.667454423924475,97.9010887145996,0.4271938800811768,0.3789091110229492,,,,,,,,,,,,306.0,0.1097627007854649,0.0002693883019285,,,,,
np-few_shot-log_count-seed2,elyn59jo,2026-07-23T19:25:18Z,np,few_shot,2,rmse,0.4005034502814797,0.7364582375054355,0.3957822014303769,0.722215918005649,425.9953110218048,0.378326416015625,0.4235012531280517,,,,,,,,,,,,1529.0,0.1976747676118452,1.5998881492631487e-05,,,,,
np-few_shot-log_count-seed2,ez8yypu4,2026-07-23T18:24:47Z,np,few_shot,2,rmse,0.3793945910883884,0.7221298954834338,0.3667112462660845,0.68172374474177,180.5417857170105,0.2723035812377929,0.2397530078887939,,,,,,,,,,,,675.0,0.1927325521002058,5.846326121643416e-05,,,,,
np-few_shot-log_count-seed2,f94sv1b0,2026-07-23T19:10:59Z,np,few_shot,2,rmse,0.3772185381721048,0.7114212125137261,0.3738440420113358,0.688270523348835,349.49656987190247,0.3961193561553955,0.3671514987945556,,,,,,,,,,,,1289.0,0.0420765122147681,1.810725406663106e-05,,,,,
np-few_shot-log_count-seed2,glloheh8,2026-07-23T18:39:26Z,np,few_shot,2,rmse,0.3604399737189798,0.6731625221293552,0.3575647092333027,0.6671267005381224,68.84943652153015,0.2406256198883057,0.2171220779418945,,,,,,,,,,,,269.0,0.1556313501899701,0.0005495716186411,,,,,
np-few_shot-log_count-seed2,jio5nrik,2026-07-23T18:52:08Z,np,few_shot,2,rmse,0.3604467055376838,0.6923654490598606,0.3567438462201286,0.6702718714441072,108.62295389175416,0.2379176616668701,0.2677483558654785,,,,,,,,,,,,428.0,0.0912300664433097,0.0001370464839284,,,,,
np-few_shot-log_count-seed2,lsj6a9ka,2026-07-23T18:46:36Z,np,few_shot,2,rmse,0.3380196664847579,0.6454831534518607,0.3308104870366115,0.6254227145867692,65.91079235076904,0.2869493961334228,0.2391324043273925,,,,,,,,,,,,271.0,0.0286706574818092,0.0007750644796341,,,,,
np-few_shot-log_count-seed2,mhjlz73h,2026-07-23T19:32:29Z,np,few_shot,2,rmse,0.3887490066827512,0.708420610893673,0.3889851588828891,0.7008250249405368,260.4435260295868,0.33681321144104,0.3345000743865967,,,,,,,,,,,,946.0,0.0417753512189669,2.1019338091154404e-05,,,,,
np-few_shot-log_count-seed2,mpzpl8hy,2026-07-23T18:54:14Z,np,few_shot,2,rmse,0.3605160881491268,0.6440395140508008,0.3673180075252757,0.6517864644909275,88.00709247589111,0.3104987144470215,0.3372759819030761,,,,,,,,,,,,318.0,0.003757960087271,0.0001718980674331,,,,,
np-few_shot-log_count-seed2,mq4u8t9x,2026-07-23T18:57:39Z,np,few_shot,2,rmse,0.3818142161649816,0.700814296915651,0.3841347488702512,0.7079311128255455,78.79559183120728,0.3454744815826416,0.3214573860168457,,,,,,,,,,,,313.0,0.1887496157029248,0.0002310152225018,,,,,
np-few_shot-log_count-seed2,npw8wt3n,2026-07-23T19:19:03Z,np,few_shot,2,rmse,0.3628921807981005,0.6901922399326521,0.3584358364928002,0.6653990928563903,185.0974357128144,0.2714254856109619,0.2714476585388183,,,,,,,,,,,,690.0,0.0630856701848367,5.338528208876637e-05,,,,,
np-few_shot-log_count-seed2,omxtgk3e,2026-07-23T18:59:03Z,np,few_shot,2,rmse,0.3691589953852635,0.7091944539089468,0.366150650323606,0.6869358666514851,142.6985924243927,0.3463609218597412,0.3679845333099365,,,,,,,,,,,,534.0,0.0719015801147572,7.4827960376208e-05,,,,,
np-few_shot-log_count-seed2,p8xtqksr,2026-07-23T18:37:45Z,np,few_shot,2,rmse,0.3270931468290441,0.6291495365457241,0.3229117000804228,0.6023623302995551,95.2008411884308,0.3536345958709717,0.3854386806488037,,,,,,,,,,,,323.0,0.0040436794880651,0.0004626362841475,,,,,
np-few_shot-log_count-seed2,qq5d31wj,2026-07-23T18:41:55Z,np,few_shot,2,rmse,0.3756196863511029,0.7032026889513511,0.3539115456973805,0.6399585476506846,70.91995763778687,0.3832204341888428,0.3920319080352783,,,,,,,,,,,,274.0,0.0922958724505863,0.0003639639356786,,,,,
np-few_shot-log_count-seed2,w0yppsun,2026-07-23T19:09:13Z,np,few_shot,2,rmse,0.3580326155120251,0.697041784928415,0.3483355353860294,0.6610750854856329,100.76903247833252,0.3288710117340088,0.3280608654022217,,,,,,,,,,,,384.0,0.1333533430891335,0.00021941976179,,,,,
np-few_shot-log_count-seed2,x0low04k,2026-07-23T19:52:32Z,np,few_shot,2,rmse,0.3944999246036305,0.7346534536765565,0.3915551279105392,0.7185176314585181,354.3969662189484,0.3466386795043945,0.3511743545532226,,,,,,,,,,,,1265.0,0.1312659178930547,1.889582693802601e-05,,,,,
np-few_shot-log_count-seed2,z6kosw43,2026-07-23T18:19:45Z,np,few_shot,2,rmse,0.3712574079924938,0.6934875529184624,0.362226837756587,0.6667893358695103,87.30556201934814,0.3061821460723877,0.3945963382720947,,,,,,,,,,,,332.0,0.0847309598677809,0.0001957889720121,,,,,
np-few_shot-log_count-seed2,zh0bkn2x,2026-07-23T18:28:02Z,np,few_shot,2,rmse,0.3793542300953584,0.727251859008493,0.3719848034428615,0.695079233876931,114.4448914527893,0.3115479946136474,0.2982449531555176,,,,,,,,,,,,445.0,0.1583450076165329,0.000114232541556,,,,,
np-few_shot-log_count-seed3,0hh0ghuo,2026-07-23T22:45:45Z,np,few_shot,3,rmse,0.2467194668436098,0.4442376437467667,0.265151171242133,0.4910694710917608,539.070422410965,0.2477247714996338,0.2532169818878174,,,,,,,,,,,,1903.0,0.1306216650930796,3.210577849550394e-05,,,,,
np-few_shot-log_count-seed3,0jih0al3,2026-07-23T20:31:45Z,np,few_shot,3,rmse,0.2889024880923635,0.4697858658907508,0.2942823141902417,0.4879460609388028,521.0489881038666,0.3787770271301269,0.3408417701721191,,,,,,,,,,,,1428.0,0.0142072116395773,1.4936835544198446e-05,,,,,
np-few_shot-log_count-seed3,1wjynkd0,2026-07-23T20:23:11Z,np,few_shot,3,rmse,0.2452636901307795,0.4543164961264169,0.2583633377212113,0.4853297269802973,245.08962225914,0.2966082096099853,0.2733783721923828,,,,,,,,,,,,752.0,0.1583450076165329,0.000114232541556,,,,,
np-few_shot-log_count-seed3,269hnpiv,2026-07-23T21:05:42Z,np,few_shot,3,rmse,0.2410474569942516,0.4589499862912163,0.2505488904380608,0.4861034761557204,126.60782194137572,0.3338682651519775,0.3263223171234131,,,,,,,,,,,,375.0,0.0286706574818092,0.0007750644796341,,,,,
np-few_shot-log_count-seed3,2r1xg9y0,2026-07-23T21:40:44Z,np,few_shot,3,rmse,0.2496780441147261,0.4763409966134515,0.2548804696749595,0.4821025783593874,312.2634415626526,0.2207238674163818,0.2251143455505371,,,,,,,,,,,,1034.0,0.0719015801147572,7.4827960376208e-05,,,,,
np-few_shot-log_count-seed3,4ddgtdpj,2026-07-23T21:30:47Z,np,few_shot,3,rmse,0.2184871776272744,0.4199998458627643,0.231488350500257,0.4489977916412098,337.42962741851807,0.2747981548309326,0.2435481548309326,,,,,,,,,,,,1082.0,0.1224191445444842,0.0001713436419711,,,,,
np-few_shot-log_count-seed3,4dxp95an,2026-07-23T21:20:50Z,np,few_shot,3,rmse,0.2281196267155564,0.4372897878806633,0.2417018201985839,0.4702378520432853,282.55568408966064,0.1861021518707275,0.2506508827209472,,,,,,,,,,,,909.0,0.0912300664433097,0.0001370464839284,,,,,
np-few_shot-log_count-seed3,55a5nage,2026-07-23T21:27:52Z,np,few_shot,3,rmse,0.2248289311752243,0.4080725580937421,0.2452583198889659,0.4590305360978757,170.06692123413086,0.245624303817749,0.221747875213623,,,,,,,,,,,,545.0,0.003757960087271,0.0001718980674331,,,,,
np-few_shot-log_count-seed3,5z4r2u0q,2026-07-23T20:50:14Z,np,few_shot,3,rmse,0.2205115153806159,0.4140801630584096,0.2335262888093532,0.4552274467926264,317.0698082447052,0.3297469615936279,0.3307321071624756,,,,,,,,,,,,861.0,0.1957236684465528,0.0003965675081771,,,,,
np-few_shot-log_count-seed3,68q9a2mu,2026-07-23T20:28:45Z,np,few_shot,3,rmse,0.2238583626561721,0.4281430306121264,0.2259573209083686,0.4326954584276616,131.06016778945923,0.3313996791839599,0.2730398178100586,,,,,,,,,,,,404.0,0.1136089122187864,0.0007098936257405,,,,,
np-few_shot-log_count-seed3,68w4l3n9,2026-07-23T22:12:01Z,np,few_shot,3,rmse,0.2319160073490466,0.449719075783504,0.2368406864367834,0.4595021876314834,574.5817270278931,0.2337167263031006,0.2600569725036621,,,,,,,,,,,,1799.0,0.0630856701848367,5.338528208876637e-05,,,,,
np-few_shot-log_count-seed3,70cwkpav,2026-07-23T22:39:20Z,np,few_shot,3,rmse,0.2953982899933013,0.489140360334575,0.3030070554936752,0.5099233115952679,304.7039604187012,0.2101693153381347,0.2383186817169189,,,,,,,,,,,,1098.0,0.0417753512189669,2.1019338091154404e-05,,,,,
np-few_shot-log_count-seed3,82fp0030,2026-07-23T19:58:45Z,np,few_shot,3,rmse,0.2350347182329963,0.4437225074679863,0.2419693130082409,0.462129944505478,199.5985507965088,0.3353223800659179,0.3555548191070556,,,,,,,,,,,,535.0,0.1097627007854649,0.0002693883019285,,,,,
np-few_shot-log_count-seed3,89c92ows,2026-07-23T20:15:52Z,np,few_shot,3,rmse,0.2482207460869345,0.4533139195319446,0.2613766062651888,0.4895655632553181,431.0608956813812,0.2480833530426025,0.2856931686401367,,,,,,,,,,,,1181.0,0.1927325521002058,5.846326121643416e-05,,,,,
np-few_shot-log_count-seed3,dum0s5h7,2026-07-23T21:58:50Z,np,few_shot,3,rmse,0.2264958055520937,0.4317094585824628,0.2363355033775626,0.4473118485608324,272.11691427230835,0.3144466876983642,0.3089568614959717,,,,,,,,,,,,838.0,0.1333533430891335,0.00021941976179,,,,,
np-few_shot-log_count-seed3,fsnempm1,2026-07-23T21:07:54Z,np,few_shot,3,rmse,0.2209943503230542,0.4225894270084653,0.2361378541377819,0.4624898422039183,599.2453911304474,0.2512352466583252,0.2785944938659668,,,,,,,,,,,,1744.0,0.1043696643500143,6.75031252159592e-05,,,,,
np-few_shot-log_count-seed3,h85fy6hc,2026-07-23T21:47:13Z,np,few_shot,3,rmse,0.2894424027721523,0.4913646754789372,0.3035254892062095,0.5274345847380699,690.5846297740936,0.3046069145202636,0.2711813449859619,,,,,,,,,,,,2243.0,0.1395262391854529,1.3196262418422204e-05,,,,,
np-few_shot-log_count-seed3,hddwigp1,2026-07-23T20:59:11Z,np,few_shot,3,rmse,0.2124761275256262,0.4209737972547421,0.224262576041407,0.4382046236216301,316.8656611442566,0.2921802997589111,0.3345000743865967,,,,,,,,,,,,856.0,0.0236548851737866,0.0001904767808428,,,,,
np-few_shot-log_count-seed3,jt9fl1pw,2026-07-23T20:02:10Z,np,few_shot,3,rmse,0.2219108208820803,0.4266606312875754,0.2336692163499735,0.45503351764645,460.2889907360077,0.2451140880584716,0.245840311050415,,,,,,,,,,,,1273.0,0.1205526752143287,0.0001229607110732,,,,,
np-few_shot-log_count-seed3,kty46dwh,2026-07-23T20:40:55Z,np,few_shot,3,rmse,0.2289124600076723,0.4159242998711379,0.2377997233884284,0.437002836582261,293.2606723308563,0.3395061492919922,0.3479394912719726,,,,,,,,,,,,803.0,0.0040436794880651,0.0004626362841475,,,,,
np-few_shot-log_count-seed3,m3oq3brw,2026-07-23T21:17:59Z,np,few_shot,3,rmse,0.231338835665854,0.4422272996456169,0.2430698931038914,0.465218827815144,159.93850445747375,0.2969324588775635,0.2886099815368652,,,,,,,,,,,,477.0,0.0529111224209254,0.0003535634629148,,,,,
np-few_shot-log_count-seed3,p6gcjyxb,2026-07-23T22:22:56Z,np,few_shot,3,rmse,0.2404599707956209,0.4394486117944609,0.2515640639117802,0.4676278230386175,306.0111665725708,0.2812802791595459,0.2687108516693115,,,,,,,,,,,,925.0,0.1140393540835759,7.537078298264379e-05,,,,,
np-few_shot-log_count-seed3,q2m4936a,2026-07-23T23:13:01Z,np,few_shot,3,rmse,0.2977277883147433,0.5054185981178251,0.3073678744041314,0.5304499398505755,361.0073316097259,0.1912858486175537,0.1959331035614013,,,,,,,,,,,,1449.0,0.1312659178930547,1.889582693802601e-05,,,,,
np-few_shot-log_count-seed3,qnt8bc62,2026-07-23T21:36:30Z,np,few_shot,3,rmse,0.2240698558621012,0.424556259833448,0.24395712398936,0.4715770579194653,248.54969096183777,0.2630558013916015,0.2364363670349121,,,,,,,,,,,,811.0,0.1887496157029248,0.0002310152225018,,,,,
np-few_shot-log_count-seed3,rboxs50j,2026-07-23T22:03:46Z,np,few_shot,3,rmse,0.2934825589150517,0.484739001920467,0.3031167423023897,0.5100583414349075,418.41694140434265,0.2518436908721924,0.236217975616455,,,,,,,,,,,,1297.0,0.0420765122147681,1.810725406663106e-05,,,,,
np-few_shot-log_count-seed3,rm6hp917,2026-07-23T20:46:51Z,np,few_shot,3,rmse,0.2293999349607427,0.4350148911991273,0.2341893691484141,0.4513915580488622,184.255882024765,0.273956298828125,0.2658448219299316,,,,,,,,,,,,511.0,0.1556313501899701,0.0005495716186411,,,,,
np-few_shot-log_count-seed3,rnzzm5st,2026-07-23T23:03:25Z,np,few_shot,3,rmse,0.2736154634241806,0.4669234382119736,0.2851290488884908,0.4981072165952326,571.8206157684326,0.1481170654296875,0.1514203548431396,,,,,,,,,,,,2004.0,0.0317939167291039,1.6624564693643617e-05,,,,,
np-few_shot-log_count-seed3,spqsw519,2026-07-23T22:54:50Z,np,few_shot,3,rmse,0.2626366505950897,0.4748097393631443,0.2804552650641824,0.5162012236876337,493.7305493354797,0.2551629543304443,0.2819490432739258,,,,,,,,,,,,1721.0,0.0932621545712612,3.082131641442947e-05,,,,,
np-few_shot-log_count-seed3,vgm0vv36,2026-07-23T20:09:56Z,np,few_shot,3,rmse,0.2329221898513444,0.4269660225047593,0.2486094572727131,0.4685434490355203,180.1494009494781,0.3445005416870117,0.357511043548584,,,,,,,,,,,,535.0,0.0847309598677809,0.0001957889720121,,,,,
np-few_shot-log_count-seed3,w9pyw1sa,2026-07-23T20:13:01Z,np,few_shot,3,rmse,0.2276276943096492,0.4295492617811303,0.2450638654106041,0.4714651873426819,165.52768802642822,0.2296016216278076,0.2574379444122314,,,,,,,,,,,,453.0,0.0875174422525385,0.0006074996073425,,,,,
np-few_shot-log_count-seed3,yrc35jbn,2026-07-23T22:28:07Z,np,few_shot,3,rmse,0.280308914564899,0.4835575873607414,0.293774529682437,0.5167412591266276,660.1844928264618,0.2521841526031494,0.2457728385925293,,,,,,,,,,,,2244.0,0.1976747676118452,1.5998881492631487e-05,,,,,
np-few_shot-log_count-seed3,zbo55mjl,2026-07-23T20:55:44Z,np,few_shot,3,rmse,0.2309844301324542,0.4311167787595617,0.2471760438898149,0.4665476254635962,202.5036323070526,0.2934768199920654,0.3187761306762695,,,,,,,,,,,,535.0,0.0922958724505863,0.0003639639356786,,,,,
np-few_shot-log_count-seed4,0kakkrng,2026-07-23T18:26:12Z,np,few_shot,4,rmse,0.3086165740710346,0.5318211235372017,0.3022912716739392,0.5130810468377781,177.9943835735321,0.2353317737579345,0.2270622253417968,,,,,,,,,,,,511.0,0.1927325521002058,5.846326121643416e-05,,,,,
np-few_shot-log_count-seed4,1bv0ga4f,2026-07-23T18:43:49Z,np,few_shot,4,rmse,0.2548582093054507,0.5200702750885181,0.218828057990503,0.4335235685787908,133.23213124275208,0.2354729175567627,0.2160930633544922,,,,,,,,,,,,375.0,0.0040436794880651,0.0004626362841475,,,,,
np-few_shot-log_count-seed4,2yw4rjzl,2026-07-23T19:19:06Z,np,few_shot,4,rmse,0.2649933310116039,0.5035558270530948,0.2331828172875459,0.4179122812156775,260.56316685676575,0.2302427291870117,0.2120583057403564,,,,,,,,,,,,719.0,0.0719015801147572,7.4827960376208e-05,,,,,
np-few_shot-log_count-seed4,3r010drq,2026-07-23T18:22:09Z,np,few_shot,4,rmse,0.2816305080381762,0.5169523797873187,0.2619707914887282,0.466592970188473,140.7731442451477,0.2914845943450928,0.2460763454437256,,,,,,,,,,,,380.0,0.0847309598677809,0.0001957889720121,,,,,
np-few_shot-log_count-seed4,5g805ey5,2026-07-23T19:07:05Z,np,few_shot,4,rmse,0.3213120147961528,0.5450919605899416,0.3194136064519327,0.5443333487510257,89.62149930000305,0.3219411373138428,0.2538280487060547,,,,,,,,,,,,239.0,0.0529111224209254,0.0003535634629148,,,,,
np-few_shot-log_count-seed4,5nxn4xc6,2026-07-23T19:32:37Z,np,few_shot,4,rmse,0.2809014200162487,0.5335597177942738,0.2688947596877971,0.499761099183384,181.96588110923767,0.2340238094329834,0.2561304569244385,,,,,,,,,,,,493.0,0.1333533430891335,0.00021941976179,,,,,
np-few_shot-log_count-seed4,69ix2ykm,2026-07-23T19:59:28Z,np,few_shot,4,rmse,0.2841601972820378,0.5302936458074832,0.2560432373531281,0.4472133398366928,577.4879639148712,0.2688593864440918,0.2738122940063476,,,,,,,,,,,,1621.0,0.0417753512189669,2.1019338091154404e-05,,,,,
np-few_shot-log_count-seed4,6u5s041t,2026-07-23T20:14:34Z,np,few_shot,4,rmse,0.3061218582281545,0.5201210059059478,0.2864847304329039,0.4647307600107854,204.7834963798523,0.2701318264007568,0.246840238571167,,,,,,,,,,,,639.0,0.0932621545712612,3.082131641442947e-05,,,,,
np-few_shot-log_count-seed4,6upoqw2c,2026-07-23T18:54:48Z,np,few_shot,4,rmse,0.261433705562303,0.496713389907652,0.22466974687324,0.4045813222853606,155.77177691459656,0.2540132999420166,0.2624092102050781,,,,,,,,,,,,419.0,0.0236548851737866,0.0001904767808428,,,,,
np-few_shot-log_count-seed4,a4djuzko,2026-07-23T19:43:50Z,np,few_shot,4,rmse,0.2774523887313714,0.5011196173035362,0.2561487500629728,0.4453619975238705,281.61918020248413,0.2102057933807373,0.2501208782196045,,,,,,,,,,,,797.0,0.0630856701848367,5.338528208876637e-05,,,,,
np-few_shot-log_count-seed4,algvqp12,2026-07-23T20:18:42Z,np,few_shot,4,rmse,0.3083016531808035,0.517630278564424,0.2838051558802367,0.4489195375577762,331.5388677120209,0.2191123962402344,0.2242231369018554,,,,,,,,,,,,925.0,0.0317939167291039,1.6624564693643617e-05,,,,,
np-few_shot-log_count-seed4,b4f85og5,2026-07-23T18:52:21Z,np,few_shot,4,rmse,0.2619351939994748,0.5105628933662516,0.2343040829613095,0.4409744262072049,142.1035351753235,0.203143835067749,0.2296142578125,,,,,,,,,,,,380.0,0.0922958724505863,0.0003639639356786,,,,,
np-few_shot-log_count-seed4,bpkm2mok,2026-07-23T19:12:06Z,np,few_shot,4,rmse,0.3205828626616662,0.5326302393193131,0.3023848990283946,0.4892918807817984,84.75543737411499,0.2048876285552978,0.2042405605316162,,,,,,,,,,,,259.0,0.003757960087271,0.0001718980674331,,,,,
np-few_shot-log_count-seed4,dis4jl22,2026-07-23T18:33:48Z,np,few_shot,4,rmse,0.2962120120264903,0.5526751994669304,0.2696212652499082,0.4839046282706101,141.0450005531311,0.2027416229248047,0.2310326099395752,,,,,,,,,,,,421.0,0.1136089122187864,0.0007098936257405,,,,,
np-few_shot-log_count-seed4,e7k367wl,2026-07-23T19:01:55Z,np,few_shot,4,rmse,0.2895198789965205,0.5328042300119813,0.2574516949830231,0.4473824330936655,258.35833954811096,0.255779504776001,0.2761876583099365,,,,,,,,,,,,692.0,0.1043696643500143,6.75031252159592e-05,,,,,
np-few_shot-log_count-seed4,fbzjba86,2026-07-23T18:49:01Z,np,few_shot,4,rmse,0.2963927453305541,0.5475992935087611,0.2857021029033358,0.523918780071668,117.3115758895874,0.1948089599609375,0.2150769233703613,,,,,,,,,,,,320.0,0.1957236684465528,0.0003965675081771,,,,,
np-few_shot-log_count-seed4,if0a26gz,2026-07-23T18:46:08Z,np,few_shot,4,rmse,0.3172787578166032,0.5721541238048202,0.3182801292056129,0.566914189706896,90.75341439247131,0.1678826808929443,0.1793010234832763,,,,,,,,,,,,260.0,0.1556313501899701,0.0005495716186411,,,,,
np-few_shot-log_count-seed4,imba3wec,2026-07-23T18:24:36Z,np,few_shot,4,rmse,0.3004026012260373,0.5423674627190744,0.2963931144229949,0.5298207630504161,91.36007595062256,0.2619454860687256,0.2534151077270508,,,,,,,,,,,,249.0,0.0875174422525385,0.0006074996073425,,,,,
np-few_shot-log_count-seed4,js1adjl1,2026-07-23T20:09:11Z,np,few_shot,4,rmse,0.314724834025407,0.5424404725666452,0.3034611671689957,0.5120017525223957,264.7918531894684,0.2366030216217041,0.2378795146942138,,,,,,,,,,,,717.0,0.1306216650930796,3.210577849550394e-05,,,,,
np-few_shot-log_count-seed4,jx9nwf9i,2026-07-23T19:16:33Z,np,few_shot,4,rmse,0.2729798645532432,0.5011305938026104,0.261831130174102,0.4723471040134807,147.22431683540344,0.2402589321136474,0.2901239395141601,,,,,,,,,,,,397.0,0.1887496157029248,0.0002310152225018,,,,,
np-few_shot-log_count-seed4,kyefzq5s,2026-07-23T19:09:34Z,np,few_shot,4,rmse,0.3021002056217995,0.5386393010100706,0.288422907471026,0.5081201701562864,134.93578004837036,0.1807246208190918,0.23130464553833,,,,,,,,,,,,370.0,0.0912300664433097,0.0001370464839284,,,,,
np-few_shot-log_count-seed4,muum3br0,2026-07-23T18:36:14Z,np,few_shot,4,rmse,0.2949926873215106,0.5183820499361768,0.2594885003629815,0.4062707167013889,450.52791571617126,0.1779396533966064,0.2225794792175293,,,,,,,,,,,,1254.0,0.0142072116395773,1.4936835544198446e-05,,,,,
np-few_shot-log_count-seed4,n1eljfhb,2026-07-23T18:15:11Z,np,few_shot,4,rmse,0.277848444065126,0.5208178858862688,0.2609307743254162,0.4883444999067582,138.24650168418884,0.2454009056091309,0.2817146778106689,,,,,,,,,,,,355.0,0.1097627007854649,0.0002693883019285,,,,,
np-few_shot-log_count-seed4,n95oixk0,2026-07-23T18:17:45Z,np,few_shot,4,rmse,0.2588671195406873,0.5079125469291338,0.2201242224879996,0.4065588887568027,249.5899827480316,0.1967976093292236,0.2390317916870117,,,,,,,,,,,,677.0,0.1205526752143287,0.0001229607110732,,,,,
np-few_shot-log_count-seed4,nuitl62m,2026-07-23T19:13:36Z,np,few_shot,4,rmse,0.2700216790207294,0.5170351809041807,0.243492896468551,0.4419587831225172,171.2370364665985,0.2200987339019775,0.2531802654266357,,,,,,,,,,,,481.0,0.1224191445444842,0.0001713436419711,,,,,
np-few_shot-log_count-seed4,p8pyvr00,2026-07-23T19:49:05Z,np,few_shot,4,rmse,0.2982857327501313,0.5355728720402267,0.2831770927186996,0.4917069388236739,202.38766288757324,0.2741994857788086,0.2826862335205078,,,,,,,,,,,,548.0,0.1140393540835759,7.537078298264379e-05,,,,,
np-few_shot-log_count-seed4,plsrfquh,2026-07-23T19:23:32Z,np,few_shot,4,rmse,0.3432800228856191,0.5894027378615351,0.3397904562571692,0.5759604363789403,421.2557160854339,0.1702020168304443,0.1892402172088623,,,,,,,,,,,,1162.0,0.1395262391854529,1.3196262418422204e-05,,,,,
np-few_shot-log_count-seed4,qrwnjmh2,2026-07-23T18:29:15Z,np,few_shot,4,rmse,0.2751947931882714,0.5236015696334416,0.2484778994605654,0.4512906008627848,267.5576684474945,0.1895198822021484,0.1816365718841552,,,,,,,,,,,,783.0,0.1583450076165329,0.000114232541556,,,,,
np-few_shot-log_count-seed4,ssbnsdrj,2026-07-23T18:59:09Z,np,few_shot,4,rmse,0.2956225291019728,0.5367246305092697,0.2761278066685591,0.4883353028939529,129.74121952056885,0.2264895439147949,0.2491419315338134,,,,,,,,,,,,365.0,0.0286706574818092,0.0007750644796341,,,,,
np-few_shot-log_count-seed4,sywr4tku,2026-07-23T19:35:44Z,np,few_shot,4,rmse,0.3000217726250656,0.536726979906141,0.2652225191631014,0.4359317109004023,461.40381240844727,0.1983904838562011,0.2005860805511474,,,,,,,,,,,,1284.0,0.0420765122147681,1.810725406663106e-05,,,,,
np-few_shot-log_count-seed4,uo9p72w2,2026-07-23T19:52:32Z,np,few_shot,4,rmse,0.3507579514960281,0.6104957689986619,0.3477124456375364,0.5978135005841239,410.7605004310608,0.2466750144958496,0.2516369819641113,,,,,,,,,,,,1137.0,0.1976747676118452,1.5998881492631487e-05,,,,,
np-few_shot-log_count-seed4,vz6nf94i,2026-07-23T20:24:46Z,np,few_shot,4,rmse,0.3349047107856814,0.5794043613411999,0.3241801867409358,0.5476277744076288,320.94527554512024,0.1867387294769287,0.1983768939971924,,,,,,,,,,,,914.0,0.1312659178930547,1.889582693802601e-05,,,,,
anp-in_context-log_count-seed0,00qe9haj,2026-07-20T07:50:27Z,anp,in_context,0,rmse,0.1193309852216104,0.2681936699281939,0.1302692865801443,0.30218355699092,609.0706377029419,0.765082597732544,0.7739191055297852,,,,,,,,,,,,875.0,0.1097627007854649,0.0002693883019285,,,,,
anp-in_context-log_count-seed0,1mljx7qp,2026-07-20T12:34:15Z,anp,in_context,0,rmse,0.1334365828276131,0.2721104621673435,0.1401682985076832,0.2918481416852063,659.3694589138031,0.716027021408081,0.6745860576629639,,,,,,,,,,,,999.0,0.0719015801147572,7.4827960376208e-05,,,,,
anp-in_context-log_count-seed0,3bhlsrm0,2026-07-20T09:07:40Z,anp,in_context,0,rmse,0.1324849543364151,0.2887553725290036,0.1389975641310102,0.3016096141898803,650.3849167823792,0.5335597991943359,0.497528076171875,,,,,,,,,,,,985.0,0.1583450076165329,0.000114232541556,,,,,
anp-in_context-log_count-seed0,49o09qbz,2026-07-20T14:52:12Z,anp,in_context,0,rmse,0.1973690477909348,0.286293373385452,0.2025645160044073,0.3063351952018511,669.8623285293579,0.5495526790618896,0.5163657665252686,,,,,,,,,,,,1157.0,0.0417753512189669,2.1019338091154404e-05,,,,,
anp-in_context-log_count-seed0,4qjxwc3a,2026-07-20T10:56:06Z,anp,in_context,0,rmse,0.1151874911018941,0.2559416039193419,0.123699169951035,0.2865687697863837,669.5755431652069,0.7617800235748291,0.6856141090393066,,,,,,,,,,,,1017.0,0.0236548851737866,0.0001904767808428,,,,,
anp-in_context-log_count-seed0,4qqa8z7s,2026-07-20T15:50:17Z,anp,in_context,0,rmse,0.1674913091335044,0.2913436370147283,0.1732029334583895,0.3113047716446748,967.7964408397676,0.261401891708374,0.2609941959381103,,,,,,,,,,,,2037.0,0.1312659178930547,1.889582693802601e-05,,,,,
anp-in_context-log_count-seed0,5j66ooei,2026-07-20T14:19:32Z,anp,in_context,0,rmse,0.1540898552801748,0.2951071914430462,0.1591590524621181,0.3086349500234124,1952.5756895542145,0.5569181442260742,0.5637619495391846,,,,,,,,,,,,3109.0,0.1976747676118452,1.5998881492631487e-05,,,,,
anp-in_context-log_count-seed0,61828o0m,2026-07-20T08:00:43Z,anp,in_context,0,rmse,0.1164692825090231,0.2654908345585871,0.1230646856340433,0.2854552820230323,1112.761753320694,0.761681318283081,0.7875397205352783,,,,,,,,,,,,1663.0,0.1205526752143287,0.0001229607110732,,,,,
anp-in_context-log_count-seed0,6jm51kyh,2026-07-20T11:38:08Z,anp,in_context,0,rmse,0.1381616746207491,0.281628833006869,0.1435860166984605,0.300814118254508,449.0105109214782,0.7257115840911865,0.7456049919128418,,,,,,,,,,,,658.0,0.0912300664433097,0.0001370464839284,,,,,
anp-in_context-log_count-seed0,73bnzp7j,2026-07-20T11:07:22Z,anp,in_context,0,rmse,0.1181332940668825,0.2640787350087165,0.1316927087780207,0.2991817425599082,628.6529021263123,0.7704122066497803,0.7828078269958496,,,,,,,,,,,,966.0,0.0286706574818092,0.0007750644796341,,,,,
anp-in_context-log_count-seed0,7s2sdo2e,2026-07-20T10:01:55Z,anp,in_context,0,rmse,0.1125275527315464,0.2695618507831809,0.1267802515868203,0.3020924443174711,567.3616478443146,0.7528042793273926,0.7599217891693115,,,,,,,,,,,,834.0,0.0040436794880651,0.0004626362841475,,,,,
anp-in_context-log_count-seed0,80c1ur9w,2026-07-20T10:11:30Z,anp,in_context,0,rmse,0.1153936334841643,0.2670298925366913,0.1220381040766919,0.2924495277132485,955.5568475723268,0.7168619632720947,0.6839406490325928,,,,,,,,,,,,1409.0,0.1556313501899701,0.0005495716186411,,,,,
anp-in_context-log_count-seed0,8oigk8yd,2026-07-20T08:19:23Z,anp,in_context,0,rmse,0.1107658212036176,0.2523403005761644,0.1257422635145133,0.3093235082705343,1098.4327416419983,0.7756659984588623,0.7260684967041016,,,,,,,,,,,,1686.0,0.0847309598677809,0.0001957889720121,,,,,
anp-in_context-log_count-seed0,9f5232tt,2026-07-20T11:45:44Z,anp,in_context,0,rmse,0.1131060071613477,0.2572371410605302,0.1231362444466589,0.2865137011853491,867.9107074737549,0.8216497898101807,0.7924456596374512,,,,,,,,,,,,1296.0,0.003757960087271,0.0001718980674331,,,,,
anp-in_context-log_count-seed0,g80q1wjs,2026-07-20T14:04:22Z,anp,in_context,0,rmse,0.1227767508624857,0.2707619972455794,0.1308156299230507,0.3002118987144438,903.0201649665833,0.6000998020172119,0.6519439220428467,,,,,,,,,,,,1383.0,0.1140393540835759,7.537078298264379e-05,,,,,
anp-in_context-log_count-seed0,ijfd9o3i,2026-07-20T11:17:59Z,anp,in_context,0,rmse,0.1330129957154027,0.2731934223603009,0.1407875623730045,0.2978115748104828,729.9914438724518,0.6736719608306885,0.7147362232208252,,,,,,,,,,,,1113.0,0.1043696643500143,6.75031252159592e-05,,,,,
anp-in_context-log_count-seed0,m6xdtmxy,2026-07-20T11:30:17Z,anp,in_context,0,rmse,0.1228331781515327,0.2739187546564843,0.1315188038326616,0.3035735027680223,463.9516277313232,0.7964088916778564,0.6956238746643066,,,,,,,,,,,,683.0,0.0529111224209254,0.0003535634629148,,,,,
anp-in_context-log_count-seed0,n4v83uun,2026-07-20T15:31:34Z,anp,in_context,0,rmse,0.1668813625783685,0.2752308291788743,0.1744147981384977,0.2994339515813378,1116.672192811966,0.2690706253051758,0.2613418102264404,,,,,,,,,,,,2129.0,0.0317939167291039,1.6624564693643617e-05,,,,,
anp-in_context-log_count-seed0,nnr6was9,2026-07-20T10:27:33Z,anp,in_context,0,rmse,0.118038044534694,0.2692221741577516,0.1272061691392347,0.3085088427226007,882.1901345252991,0.7559304237365723,0.837975025177002,,,,,,,,,,,,1339.0,0.1957236684465528,0.0003965675081771,,,,,
anp-in_context-log_count-seed0,o8n77mc1,2026-07-20T13:17:50Z,anp,in_context,0,rmse,0.1348189601150037,0.2903994175244114,0.1411413038836084,0.3115485469041733,461.29864859580994,0.7458043098449707,0.8049147129058838,,,,,,,,,,,,691.0,0.1333533430891335,0.00021941976179,,,,,
anp-in_context-log_count-seed0,oloqp8i0,2026-07-20T09:18:37Z,anp,in_context,0,rmse,0.1205873715854998,0.276070786401884,0.1311726963925677,0.313793402675909,551.5974547863007,0.6699883937835693,0.7179813385009766,,,,,,,,,,,,826.0,0.1136089122187864,0.0007098936257405,,,,,
anp-in_context-log_count-seed0,osw1m3ls,2026-07-20T13:44:28Z,anp,in_context,0,rmse,0.1141850220458494,0.2533049244984377,0.125795505109942,0.290968200552396,1186.6744756698608,0.6940169334411621,0.6239547729492188,,,,,,,,,,,,1783.0,0.0630856701848367,5.338528208876637e-05,,,,,
anp-in_context-log_count-seed0,qgwmknp2,2026-07-20T08:50:31Z,anp,in_context,0,rmse,0.1329402362466534,0.2824304385585374,0.1387013439194692,0.299587679448112,1022.0808336734772,0.7412843704223633,0.6902191638946533,,,,,,,,,,,,1567.0,0.1927325521002058,5.846326121643416e-05,,,,,
anp-in_context-log_count-seed0,rwla4tjy,2026-07-20T12:45:22Z,anp,in_context,0,rmse,0.1662114246806485,0.2904102562940858,0.1714927627368775,0.3052951711794405,1872.5981624126432,0.6438415050506592,0.6596968173980713,,,,,,,,,,,,2883.0,0.1395262391854529,1.3196262418422204e-05,,,,,
anp-in_context-log_count-seed0,s1w9j4jp,2026-07-20T10:42:23Z,anp,in_context,0,rmse,0.1160166615123784,0.261659345019031,0.1224274726581032,0.29666493546878,815.2385277748108,0.720973014831543,0.7191736698150635,,,,,,,,,,,,1233.0,0.0922958724505863,0.0003639639356786,,,,,
anp-in_context-log_count-seed0,setpgj6i,2026-07-20T08:37:49Z,anp,in_context,0,rmse,0.1203614419259285,0.2688328674134775,0.1345897992977798,0.3210686329346636,754.5269360542297,0.7250723838806152,0.7507624626159668,,,,,,,,,,,,1137.0,0.0875174422525385,0.0006074996073425,,,,,
anp-in_context-log_count-seed0,tjgjgtb3,2026-07-20T15:17:35Z,anp,in_context,0,rmse,0.1515518956463819,0.2773512561920322,0.1590811401774617,0.3030038267227456,832.2093091011047,0.3289549350738525,0.339656114578247,,,,,,,,,,,,1567.0,0.0932621545712612,3.082131641442947e-05,,,,,
anp-in_context-log_count-seed0,v7iwvlj0,2026-07-20T12:00:20Z,anp,in_context,0,rmse,0.1175226677342939,0.2606542325256371,0.1330483672974916,0.3115104436055741,980.5394899845124,0.7664444446563721,0.73394775390625,,,,,,,,,,,,1477.0,0.1224191445444842,0.0001713436419711,,,,,
anp-in_context-log_count-seed0,vfp7i5qg,2026-07-20T09:27:56Z,anp,in_context,0,rmse,0.1434277932112068,0.2574844809983457,0.1539362608710399,0.2946431122451436,2031.827888727188,0.5860114097595215,0.6508538722991943,,,,,,,,,,,,3061.0,0.0142072116395773,1.4936835544198446e-05,,,,,
anp-in_context-log_count-seed0,wscqxvuz,2026-07-20T15:03:28Z,anp,in_context,0,rmse,0.156207882867869,0.2885010140721066,0.1621840883518212,0.3077125399381489,839.7171621322632,0.4268496036529541,0.4253411293029785,,,,,,,,,,,,1518.0,0.1306216650930796,3.210577849550394e-05,,,,,
anp-in_context-log_count-seed0,y7f65ghn,2026-07-20T13:25:38Z,anp,in_context,0,rmse,0.1767002702998754,0.2716502873590492,0.1866392021143143,0.3101015426882751,1122.060784816742,0.814028263092041,0.7486312389373779,,,,,,,,,,,,1698.0,0.0420765122147681,1.810725406663106e-05,,,,,
anp-in_context-log_count-seed0,z7lzo35k,2026-07-20T12:16:47Z,anp,in_context,0,rmse,0.1185142201264098,0.2592092809274737,0.1328253611950432,0.312956976569601,1040.4104359149933,0.6215674877166748,0.676408052444458,,,,,,,,,,,,1575.0,0.1887496157029248,0.0002310152225018,,,,,
anp-in_context-log_count-seed1,0f6ooioz,2026-07-20T11:25:48Z,anp,in_context,1,rmse,0.120324280486215,0.2742148494562729,0.1298203624094817,0.2974222242915298,802.4168844223022,0.7172024250030518,0.6441881656646729,,,,,,,,,,,,1245.0,0.0719015801147572,7.4827960376208e-05,,,,,
anp-in_context-log_count-seed1,139xrop2,2026-07-20T09:06:31Z,anp,in_context,1,rmse,0.2052025907657096,0.2876157226624056,0.2062363056694852,0.2874963436637276,867.6415576934814,0.6898002624511719,0.7812726497650146,,,,,,,,,,,,1367.0,0.0142072116395773,1.4936835544198446e-05,,,,,
anp-in_context-log_count-seed1,1jldc645,2026-07-20T09:21:06Z,anp,in_context,1,rmse,0.1147032523763653,0.2697872608978396,0.1208587981802754,0.2920195796400516,717.4449565410614,0.648876428604126,0.6430604457855225,,,,,,,,,,,,1119.0,0.0040436794880651,0.0004626362841475,,,,,
anp-in_context-log_count-seed1,3cojxe4f,2026-07-20T13:53:40Z,anp,in_context,1,rmse,0.1417255479356517,0.2722452722709288,0.1471886696234091,0.2897052595057188,1564.825697183609,0.6203358173370361,0.5672976970672607,,,,,,,,,,,,2433.0,0.0417753512189669,2.1019338091154404e-05,,,,,
anp-in_context-log_count-seed1,7mu4y1r8,2026-07-20T15:04:06Z,anp,in_context,1,rmse,0.1589332440399718,0.2752456939440588,0.1622759014199045,0.2821083999795551,1281.305818319321,0.431342601776123,0.4099993705749512,,,,,,,,,,,,2342.0,0.0317939167291039,1.6624564693643617e-05,,,,,
anp-in_context-log_count-seed1,87hwd9nl,2026-07-20T12:31:29Z,anp,in_context,1,rmse,0.1487651291551572,0.2639911664213117,0.1534449246858153,0.2807563398836453,1553.9848144054413,0.6721179485321045,0.6652178764343262,,,,,,,,,,,,2434.0,0.0420765122147681,1.810725406663106e-05,,,,,
anp-in_context-log_count-seed1,8fak6eux,2026-07-20T15:25:34Z,anp,in_context,1,rmse,0.1718347179641795,0.3058841021367428,0.1746782542176418,0.313635203267218,1082.4423513412476,0.340264081954956,0.3226051330566406,,,,,,,,,,,,2010.0,0.1312659178930547,1.889582693802601e-05,,,,,
anp-in_context-log_count-seed1,9t6h9on9,2026-07-20T08:19:34Z,anp,in_context,1,rmse,0.1315129598169561,0.3013655794286327,0.1345559205359907,0.3122348346048796,300.5039474964142,0.71685791015625,0.7073214054107666,,,,,,,,,,,,473.0,0.0875174422525385,0.0006074996073425,,,,,
anp-in_context-log_count-seed1,am5cqy64,2026-07-20T13:32:01Z,anp,in_context,1,rmse,0.190290147730894,0.3277579824887803,0.1919963064626394,0.3300947574892885,1291.7754986286163,0.7187778949737549,0.6599407196044922,,,,,,,,,,,,1997.0,0.1976747676118452,1.5998881492631487e-05,,,,,
anp-in_context-log_count-seed1,bpzaotp3,2026-07-20T07:58:25Z,anp,in_context,1,rmse,0.1460999223370182,0.2967369080074694,0.1469072637576011,0.3006769044433198,442.9547653198242,0.6222045421600342,0.7626187801361084,,,,,,,,,,,,668.0,0.1205526752143287,0.0001229607110732,,,,,
anp-in_context-log_count-seed1,g9r57ck8,2026-07-20T12:15:33Z,anp,in_context,1,rmse,0.1178992551756716,0.2702816893340187,0.1211114586920729,0.2926634243845811,947.8005175590516,0.7897439002990723,0.673736572265625,,,,,,,,,,,,1478.0,0.1333533430891335,0.00021941976179,,,,,
anp-in_context-log_count-seed1,hjtpzqlk,2026-07-20T10:22:33Z,anp,in_context,1,rmse,0.122951414443144,0.2725320047180227,0.1265890639423197,0.2825287530356576,869.439558506012,0.8232948780059814,0.7848858833312988,,,,,,,,,,,,1345.0,0.1043696643500143,6.75031252159592e-05,,,,,
anp-in_context-log_count-seed1,j2siu1fx,2026-07-20T10:44:31Z,anp,in_context,1,rmse,0.1271233986816694,0.277569552399127,0.127417625461499,0.2842974005473872,560.9500138759613,0.7354474067687988,0.7015841007232666,,,,,,,,,,,,877.0,0.0912300664433097,0.0001370464839284,,,,,
anp-in_context-log_count-seed1,jbafk1bd,2026-07-20T08:05:56Z,anp,in_context,1,rmse,0.118943469736211,0.2797119600090637,0.120764935540567,0.2859965592563711,810.2613596916199,0.6480703353881836,0.6759881973266602,,,,,,,,,,,,1249.0,0.0847309598677809,0.0001957889720121,,,,,
anp-in_context-log_count-seed1,ke3qelni,2026-07-20T11:39:18Z,anp,in_context,1,rmse,0.1583881678450535,0.2952226489109579,0.1610580014596589,0.2999446032120634,2168.1455416679382,0.7301275730133057,0.6788115501403809,,,,,,,,,,,,3318.0,0.1395262391854529,1.3196262418422204e-05,,,,,
anp-in_context-log_count-seed1,l29gzrp7,2026-07-20T10:54:00Z,anp,in_context,1,rmse,0.1218675005413408,0.2750983654465563,0.1233520813300388,0.2836733572542632,502.4047343730927,0.6861729621887207,0.5578553676605225,,,,,,,,,,,,787.0,0.003757960087271,0.0001718980674331,,,,,
anp-in_context-log_count-seed1,lpvi0grs,2026-07-20T09:33:11Z,anp,in_context,1,rmse,0.1304082808512595,0.2938141300962152,0.1324209412295786,0.3124237081761379,462.0869002342224,0.7734549045562744,0.8008213043212891,,,,,,,,,,,,706.0,0.1556313501899701,0.0005495716186411,,,,,
anp-in_context-log_count-seed1,lx0n5ny6,2026-07-20T11:15:40Z,anp,in_context,1,rmse,0.1258595741876807,0.2836480917138389,0.1238217465790773,0.27861252847893,600.3551890850067,0.6991622447967529,0.7760491371154785,,,,,,,,,,,,944.0,0.1887496157029248,0.0002310152225018,,,,,
anp-in_context-log_count-seed1,mm9lquwu,2026-07-20T10:09:27Z,anp,in_context,1,rmse,0.119924617793925,0.2871444658460007,0.1302354086493274,0.3226695106437257,777.6705496311188,0.8125653266906738,0.8253350257873535,,,,,,,,,,,,1167.0,0.0286706574818092,0.0007750644796341,,,,,
anp-in_context-log_count-seed1,mndaluyz,2026-07-20T09:41:00Z,anp,in_context,1,rmse,0.1344403704533279,0.3082272584312326,0.1337551092042364,0.3139588049615531,627.7893025875092,0.803170919418335,0.7381801605224609,,,,,,,,,,,,959.0,0.1957236684465528,0.0003965675081771,,,,,
anp-in_context-log_count-seed1,mpjzx7uc,2026-07-20T09:51:35Z,anp,in_context,1,rmse,0.1128000424354423,0.2582747413040111,0.1220932319929333,0.2867225371765909,597.7786691188812,0.7558445930480957,0.7040033340454102,,,,,,,,,,,,904.0,0.0922958724505863,0.0003639639356786,,,,,
anp-in_context-log_count-seed1,mwcm67as,2026-07-20T08:24:41Z,anp,in_context,1,rmse,0.1411908408644519,0.30704785174856,0.1422294550108774,0.3011975609085245,982.1944258213044,0.5916504859924316,0.6465475559234619,,,,,,,,,,,,1537.0,0.1927325521002058,5.846326121643416e-05,,,,,
anp-in_context-log_count-seed1,o5dyl35e,2026-07-20T14:19:52Z,anp,in_context,1,rmse,0.1303211295086404,0.2820753327934271,0.1344316492459273,0.2952458258945615,1508.1967000961304,0.6311032772064209,0.6062314510345459,,,,,,,,,,,,2337.0,0.1306216650930796,3.210577849550394e-05,,,,,
anp-in_context-log_count-seed1,rltlcz7i,2026-07-20T07:50:27Z,anp,in_context,1,rmse,0.1281489041442005,0.2890415298967425,0.1297774116855488,0.3013954254806579,470.2616286277771,0.8029608726501465,0.7699687480926514,,,,,,,,,,,,706.0,0.1097627007854649,0.0002693883019285,,,,,
anp-in_context-log_count-seed1,s3qlif2r,2026-07-20T11:02:30Z,anp,in_context,1,rmse,0.1172588371824902,0.269999411227229,0.123759260982106,0.2936712848110351,783.2061703205109,0.720228910446167,0.6127848625183105,,,,,,,,,,,,1243.0,0.1224191445444842,0.0001713436419711,,,,,
anp-in_context-log_count-seed1,sx3djzu6,2026-07-20T13:15:46Z,anp,in_context,1,rmse,0.1213877391499697,0.2786265684601858,0.1317093308684055,0.3073817880940914,967.1585578918456,0.6942813396453857,0.6697602272033691,,,,,,,,,,,,1535.0,0.1140393540835759,7.537078298264379e-05,,,,,
anp-in_context-log_count-seed1,un4fd145,2026-07-20T10:37:10Z,anp,in_context,1,rmse,0.1208214172794147,0.2802615035474202,0.1253945760161304,0.2966781768377403,434.1206328868866,0.6862070560455322,0.6273982524871826,,,,,,,,,,,,677.0,0.0529111224209254,0.0003535634629148,,,,,
anp-in_context-log_count-seed1,vbawz4mh,2026-07-20T12:57:30Z,anp,in_context,1,rmse,0.1188235742608631,0.2702946913520676,0.124176357328779,0.2847054422918806,1089.5780169963837,0.7592456340789795,0.7476401329040527,,,,,,,,,,,,1705.0,0.0630856701848367,5.338528208876637e-05,,,,,
anp-in_context-log_count-seed1,vohx7xxr,2026-07-20T14:45:07Z,anp,in_context,1,rmse,0.1352594968051225,0.2731827325581152,0.1410489402331116,0.2916000190273695,1132.0463345050812,0.5325965881347656,0.4683783054351806,,,,,,,,,,,,2021.0,0.0932621545712612,3.082131641442947e-05,,,,,
anp-in_context-log_count-seed1,wsfwvtp4,2026-07-20T08:41:10Z,anp,in_context,1,rmse,0.133435531577451,0.2925200986098356,0.1419378744406601,0.3205354036383943,615.3364105224609,0.7004375457763672,0.7475061416625977,,,,,,,,,,,,954.0,0.1583450076165329,0.000114232541556,,,,,
anp-in_context-log_count-seed1,yfrgfxjk,2026-07-20T10:01:40Z,anp,in_context,1,rmse,0.1256572823330675,0.280678843961916,0.129399411535218,0.2986858603301483,459.3348662853241,0.6915833950042725,0.8102281093597412,,,,,,,,,,,,705.0,0.0236548851737866,0.0001904767808428,,,,,
anp-in_context-log_count-seed1,zltd3uqm,2026-07-20T08:51:33Z,anp,in_context,1,rmse,0.1225662518764488,0.2839294007356825,0.1253255114719863,0.2894605417466956,890.0194191932678,0.6427111625671387,0.6065089702606201,,,,,,,,,,,,1399.0,0.1136089122187864,0.0007098936257405,,,,,
anp-in_context-log_count-seed2,0xmrpcgp,2026-07-20T13:37:02Z,anp,in_context,2,rmse,0.1702878244770497,0.2884758786391043,0.1688649817202627,0.2766231138269367,1419.8229100704193,1.1161766052246094,1.156475305557251,,,,,,,,,,,,2076.0,0.0317939167291039,1.6624564693643617e-05,,,,,
anp-in_context-log_count-seed2,1aj58o8u,2026-07-20T10:41:28Z,anp,in_context,2,rmse,0.1350360635830008,0.2854662771626776,0.1370575017311622,0.2882080878529801,601.5446891784668,0.6630702018737793,0.6986391544342041,,,,,,,,,,,,997.0,0.0719015801147572,7.4827960376208e-05,,,,,
anp-in_context-log_count-seed2,2bxnrvz0,2026-07-20T10:27:06Z,anp,in_context,2,rmse,0.1323849329256606,0.3069625337987983,0.1360894857090678,0.3030420760586518,386.83060359954834,0.3633663654327392,0.3636031150817871,,,,,,,,,,,,817.0,0.1224191445444842,0.0001713436419711,,,,,
anp-in_context-log_count-seed2,36f9xeve,2026-07-20T11:51:15Z,anp,in_context,2,rmse,0.1575570701989424,0.2982886382486978,0.1587342399054529,0.2955950665953613,730.2711746692657,0.6276931762695312,0.685297966003418,,,,,,,,,,,,950.0,0.0630856701848367,5.338528208876637e-05,,,,,
anp-in_context-log_count-seed2,76q12ykg,2026-07-20T08:43:10Z,anp,in_context,2,rmse,0.1364186203885394,0.3199965716518323,0.1345962594441069,0.3070828839914793,461.5155584812164,0.308438777923584,0.2858521938323974,,,,,,,,,,,,975.0,0.1136089122187864,0.0007098936257405,,,,,
anp-in_context-log_count-seed2,7fplmome,2026-07-20T14:00:51Z,anp,in_context,2,rmse,0.1684111699828128,0.3061407185986146,0.1663643240027256,0.2932540721713138,1686.2693762779236,1.048802137374878,1.1637468338012695,,,,,,,,,,,,2093.0,0.1312659178930547,1.889582693802601e-05,,,,,
anp-in_context-log_count-seed2,96c61o41,2026-07-20T09:31:27Z,anp,in_context,2,rmse,0.120470846983796,0.2849466670626677,0.1256683113894976,0.2875505340135301,408.8874299526215,0.4566845893859863,0.408477783203125,,,,,,,,,,,,852.0,0.0922958724505863,0.0003639639356786,,,,,
anp-in_context-log_count-seed2,af7odkfu,2026-07-20T13:13:52Z,anp,in_context,2,rmse,0.1329511651639001,0.2878766750765706,0.1326197123820479,0.2771611294505194,1382.453936338425,0.708937406539917,0.729623556137085,,,,,,,,,,,,2185.0,0.0932621545712612,3.082131641442947e-05,,,,,
anp-in_context-log_count-seed2,ddu9yiyv,2026-07-20T12:55:14Z,anp,in_context,2,rmse,0.1476405377311382,0.2972436415170945,0.1504677127349579,0.2990740387227294,1110.624092578888,0.5969600677490234,0.5472042560577393,,,,,,,,,,,,1743.0,0.1306216650930796,3.210577849550394e-05,,,,,
anp-in_context-log_count-seed2,eg6tze06,2026-07-20T08:15:08Z,anp,in_context,2,rmse,0.1271185361144673,0.3078713444961665,0.1268613011151946,0.2984240908495105,358.99844670295715,0.3177547454833984,0.2983388900756836,,,,,,,,,,,,765.0,0.0875174422525385,0.0006074996073425,,,,,
anp-in_context-log_count-seed2,eiu6wq69,2026-07-20T10:14:19Z,anp,in_context,2,rmse,0.1314385421785379,0.2971582896882913,0.1324726661459484,0.2884647924789764,376.7807967662811,0.3316478729248047,0.3440330028533935,,,,,,,,,,,,796.0,0.0912300664433097,0.0001370464839284,,,,,
anp-in_context-log_count-seed2,fd6dd0st,2026-07-20T09:22:12Z,anp,in_context,2,rmse,0.1300573474912427,0.3184252762982696,0.1307164621037661,0.3027579422854118,548.1484739780426,0.3225727081298828,0.3395054340362549,,,,,,,,,,,,1135.0,0.1957236684465528,0.0003965675081771,,,,,
anp-in_context-log_count-seed2,gd027x3v,2026-07-20T10:51:36Z,anp,in_context,2,rmse,0.1826089617773355,0.3209030935925714,0.1814467082176857,0.3052226016453409,1703.733303308487,0.950453519821167,0.9554119110107422,,,,,,,,,,,,2481.0,0.1395262391854529,1.3196262418422204e-05,,,,,
anp-in_context-log_count-seed2,iavkcd5d,2026-07-20T07:50:27Z,anp,in_context,2,rmse,0.1159734615108917,0.275695838293032,0.1218821772555547,0.2854248162207755,613.1797876358032,0.3469529151916504,0.3550968170166015,,,,,,,,,,,,1302.0,0.1097627007854649,0.0002693883019285,,,,,
anp-in_context-log_count-seed2,ixrb90gb,2026-07-20T10:20:42Z,anp,in_context,2,rmse,0.1250470936129359,0.2920970960280911,0.1222883862758404,0.2816802958460471,377.7907509803772,0.4662909507751465,0.4393429756164551,,,,,,,,,,,,750.0,0.003757960087271,0.0001718980674331,,,,,
anp-in_context-log_count-seed2,n44sfdha,2026-07-20T09:56:35Z,anp,in_context,2,rmse,0.1304120352114982,0.293158739731607,0.1309100197934473,0.2864360120527369,641.2953395843506,0.3493638038635254,0.3335790634155273,,,,,,,,,,,,1302.0,0.1043696643500143,6.75031252159592e-05,,,,,
anp-in_context-log_count-seed2,n4wsbrub,2026-07-20T08:32:23Z,anp,in_context,2,rmse,0.1275252230000631,0.296424819110437,0.1318134326903265,0.3007040804303653,642.0815670490265,0.3085052967071533,0.3167290687561035,,,,,,,,,,,,1381.0,0.1583450076165329,0.000114232541556,,,,,
anp-in_context-log_count-seed2,ofzmzv8a,2026-07-20T10:33:39Z,anp,in_context,2,rmse,0.1373825564783327,0.3133531375992395,0.1356077998144189,0.2979198029038803,462.12089824676514,0.3781874179840088,0.4492089748382568,,,,,,,,,,,,889.0,0.1887496157029248,0.0002310152225018,,,,,
anp-in_context-log_count-seed2,oo6xh50c,2026-07-20T12:32:24Z,anp,in_context,2,rmse,0.1490338292036254,0.2778728049049893,0.1498645996438983,0.2746107297360616,1362.841204404831,0.7566485404968262,0.6900992393493652,,,,,,,,,,,,2173.0,0.0417753512189669,2.1019338091154404e-05,,,,,
anp-in_context-log_count-seed2,qp68997n,2026-07-20T09:38:22Z,anp,in_context,2,rmse,0.117860154585036,0.2845270014136746,0.120713774671176,0.282710296113492,580.1694769859314,0.3527388572692871,0.3543555736541748,,,,,,,,,,,,1207.0,0.0236548851737866,0.0001904767808428,,,,,
anp-in_context-log_count-seed2,rj4hyicw,2026-07-20T09:01:03Z,anp,in_context,2,rmse,0.111736494139372,0.2685848606209347,0.1135735411499758,0.2733679150177077,686.4365911483765,0.3478178977966308,0.3488533496856689,,,,,,,,,,,,1433.0,0.0040436794880651,0.0004626362841475,,,,,
anp-in_context-log_count-seed2,spx7sqma,2026-07-20T08:50:58Z,anp,in_context,2,rmse,0.2124481642291316,0.2987818290925616,0.2113097106689316,0.2881269948624674,598.6519603729248,0.3207383155822754,0.3508071899414062,,,,,,,,,,,,1260.0,0.0142072116395773,1.4936835544198446e-05,,,,,
anp-in_context-log_count-seed2,tp8s9tqe,2026-07-20T10:07:22Z,anp,in_context,2,rmse,0.1269133747018352,0.2964348625100753,0.1241101699340771,0.281989326290725,411.156147480011,0.2684826850891113,0.3175864219665527,,,,,,,,,,,,869.0,0.0529111224209254,0.0003535634629148,,,,,
anp-in_context-log_count-seed2,u6utqk8f,2026-07-20T08:05:54Z,anp,in_context,2,rmse,0.1158130401305305,0.2745908890044957,0.1187593617488846,0.2791251523081984,547.6173582077026,0.2961986064910888,0.2941291332244873,,,,,,,,,,,,1163.0,0.0847309598677809,0.0001957889720121,,,,,
anp-in_context-log_count-seed2,ug2flzbe,2026-07-20T09:12:36Z,anp,in_context,2,rmse,0.1213639180100257,0.2828311968846357,0.1264584779401357,0.2942040657895789,570.672749042511,0.3492116928100586,0.3493061065673828,,,,,,,,,,,,1191.0,0.1556313501899701,0.0005495716186411,,,,,
anp-in_context-log_count-seed2,uqsubt3i,2026-07-20T08:00:46Z,anp,in_context,2,rmse,0.1494468762935447,0.3072967897023677,0.1490565264608098,0.2999165960195455,301.73552536964417,0.329190731048584,0.2771902084350586,,,,,,,,,,,,641.0,0.1205526752143287,0.0001229607110732,,,,,
anp-in_context-log_count-seed2,v332ol68,2026-07-20T11:20:22Z,anp,in_context,2,rmse,0.1405373132578141,0.3133973349138164,0.1414812586370623,0.3009041814726418,469.7267706394195,0.7441322803497314,0.8620686531066895,,,,,,,,,,,,583.0,0.1333533430891335,0.00021941976179,,,,,
anp-in_context-log_count-seed2,zd46j01r,2026-07-20T12:03:32Z,anp,in_context,2,rmse,0.1546861465125994,0.3149356122842445,0.1530214417408905,0.2991084675449533,516.2159078121185,0.5536839962005615,0.6091136932373047,,,,,,,,,,,,831.0,0.1140393540835759,7.537078298264379e-05,,,,,
anp-in_context-log_count-seed2,zgfx8za5,2026-07-20T08:21:13Z,anp,in_context,2,rmse,0.1404181880513751,0.3115991485965532,0.1417660959952269,0.3031421546294132,663.4233391284943,0.3468580245971679,0.3480772972106933,,,,,,,,,,,,1408.0,0.1927325521002058,5.846326121643416e-05,,,,,
anp-in_context-log_count-seed2,zhfy0ajr,2026-07-20T11:28:19Z,anp,in_context,2,rmse,0.1792273707335747,0.2912061014925146,0.1797998727269344,0.2863375651381851,1367.4577839374542,1.0785484313964844,0.8509476184844971,,,,,,,,,,,,1694.0,0.0420765122147681,1.810725406663106e-05,,,,,
anp-in_context-log_count-seed2,zoka7q89,2026-07-20T12:12:15Z,anp,in_context,2,rmse,0.1952135904299514,0.3401076776523542,0.1948114584546909,0.3293517745007894,1201.9127769470217,0.7148699760437012,0.6642661094665527,,,,,,,,,,,,1905.0,0.1976747676118452,1.5998881492631487e-05,,,,,
anp-in_context-log_count-seed2,zv8rryoc,2026-07-20T09:48:08Z,anp,in_context,2,rmse,0.116891750696138,0.2855724729479295,0.115578182196572,0.2709046044066376,500.0167598724365,0.4167397022247314,0.4111988544464111,,,,,,,,,,,,998.0,0.0286706574818092,0.0007750644796341,,,,,
anp-in_context-log_count-seed3,1narhnnn,2026-07-21T12:50:03Z,anp,in_context,3,rmse,0.1392255569112774,0.2835311635346039,0.1401251729697496,0.2960708907693926,781.3941485881805,0.592261552810669,0.6578123569488525,,,,,,,,,,,,1193.0,0.0630856701848367,5.338528208876637e-05,,,,,
anp-in_context-log_count-seed3,2l2jahsc,2026-07-21T09:44:07Z,anp,in_context,3,rmse,0.1217692441998898,0.2829882057548078,0.1242761200114324,0.3100530761664267,721.8406095504761,0.7737534046173096,0.8027663230895996,,,,,,,,,,,,1107.0,0.1957236684465528,0.0003965675081771,,,,,
anp-in_context-log_count-seed3,5kuknzsb,2026-07-21T10:30:08Z,anp,in_context,3,rmse,0.1233835956099353,0.281167696103671,0.1248077580631342,0.3003786649812389,1086.2681877613068,0.6640489101409912,0.6294043064117432,,,,,,,,,,,,1636.0,0.1043696643500143,6.75031252159592e-05,,,,,
anp-in_context-log_count-seed3,81aqtd0d,2026-07-21T09:56:17Z,anp,in_context,3,rmse,0.1167024245559605,0.2750376217715982,0.1212108890140439,0.3094361527642393,660.4011535644531,0.6583633422851562,0.7028398513793945,,,,,,,,,,,,1028.0,0.0922958724505863,0.0003639639356786,,,,,
anp-in_context-log_count-seed3,9lczc06i,2026-07-21T11:42:30Z,anp,in_context,3,rmse,0.1398603059844393,0.2784311030532523,0.1435552568426655,0.30463250946884,598.7543756961823,0.7855339050292969,0.7236242294311523,,,,,,,,,,,,908.0,0.0719015801147572,7.4827960376208e-05,,,,,
anp-in_context-log_count-seed3,b7ako7hz,2026-07-21T12:24:40Z,anp,in_context,3,rmse,0.1570698003124424,0.2881662000341201,0.1559525655550857,0.2887153592044068,1515.3132393360138,0.6605973243713379,0.65921950340271,,,,,,,,,,,,2300.0,0.0420765122147681,1.810725406663106e-05,,,,,
anp-in_context-log_count-seed3,bxjnhz4r,2026-07-21T11:20:34Z,anp,in_context,3,rmse,0.1245759912609828,0.277752806101387,0.1289020062394313,0.3179613794778929,593.4513702392578,0.7472550868988037,0.7019240856170654,,,,,,,,,,,,910.0,0.1224191445444842,0.0001713436419711,,,,,
anp-in_context-log_count-seed3,dii7b3ki,2026-07-21T09:12:48Z,anp,in_context,3,rmse,0.1109110305969566,0.2638221598529973,0.1126874563599354,0.2836836847924008,580.6507694721222,0.7207436561584473,0.7397739887237549,,,,,,,,,,,,874.0,0.0040436794880651,0.0004626362841475,,,,,
anp-in_context-log_count-seed3,dx22euhp,2026-07-21T07:52:22Z,anp,in_context,3,rmse,0.169586900389262,0.3067836401387534,0.1727035911524904,0.3334437097766348,335.97420501708984,0.7775604724884033,1.053619146347046,,,,,,,,,,,,495.0,0.1205526752143287,0.0001229607110732,,,,,
anp-in_context-log_count-seed3,e8fc86qr,2026-07-21T09:22:36Z,anp,in_context,3,rmse,0.1161164587860071,0.2721942452759966,0.1180178696863592,0.2887979448993941,1283.1345601081848,0.6830785274505615,0.7458858489990234,,,,,,,,,,,,1897.0,0.1556313501899701,0.0005495716186411,,,,,
anp-in_context-log_count-seed3,hlm6p41i,2026-07-21T14:22:42Z,anp,in_context,3,rmse,0.1324527619691787,0.2816933775877941,0.1320282298585643,0.2921250673843835,1497.8937573432922,0.8134744167327881,0.8482387065887451,,,,,,,,,,,,2192.0,0.0932621545712612,3.082131641442947e-05,,,,,
anp-in_context-log_count-seed3,hwni573r,2026-07-21T07:38:01Z,anp,in_context,3,rmse,0.1189465612905462,0.2763487942557651,0.1190229225305168,0.2998321563214808,838.1601305007935,0.5742933750152588,0.6843206882476807,,,,,,,,,,,,1230.0,0.1097627007854649,0.0002693883019285,,,,,
anp-in_context-log_count-seed3,in1smouo,2026-07-21T13:46:10Z,anp,in_context,3,rmse,0.2019308772790184,0.297856931799716,0.2041421047850232,0.3164988911813076,730.3424286842346,0.7890937328338623,0.6802310943603516,,,,,,,,,,,,1103.0,0.0417753512189669,2.1019338091154404e-05,,,,,
anp-in_context-log_count-seed3,jwfvt6vc,2026-07-21T11:00:47Z,anp,in_context,3,rmse,0.1263840528652212,0.2931540826430883,0.1232996832558248,0.2954340509170734,727.120432138443,0.7681002616882324,0.7299764156341553,,,,,,,,,,,,1143.0,0.0912300664433097,0.0001370464839284,,,,,
anp-in_context-log_count-seed3,lrrukfhd,2026-07-21T13:03:12Z,anp,in_context,3,rmse,0.1315336749098476,0.2769914300904415,0.1377529736558972,0.3146801729445258,708.8150036334991,0.7287945747375488,0.8047993183135986,,,,,,,,,,,,1077.0,0.1140393540835759,7.537078298264379e-05,,,,,
anp-in_context-log_count-seed3,ngkaf6a6,2026-07-21T10:21:07Z,anp,in_context,3,rmse,0.1225385248999063,0.272202333317588,0.1229656499815798,0.3018304498712014,531.9838745594025,0.707883358001709,0.6303844451904297,,,,,,,,,,,,810.0,0.0286706574818092,0.0007750644796341,,,,,
anp-in_context-log_count-seed3,nkps9y2d,2026-07-21T08:13:45Z,anp,in_context,3,rmse,0.1382802179495193,0.2856313674698866,0.1420336169083312,0.3216124578370976,838.6490693092346,0.6891429424285889,0.7225196361541748,,,,,,,,,,,,1305.0,0.1927325521002058,5.846326121643416e-05,,,,,
anp-in_context-log_count-seed3,o1foncm8,2026-07-21T15:06:16Z,anp,in_context,3,rmse,0.1449612132317627,0.2914510153624056,0.1494802870912678,0.3136342269623552,1895.3857507705688,0.5833203792572021,0.5590348243713379,,,,,,,,,,,,2875.0,0.1312659178930547,1.889582693802601e-05,,,,,
anp-in_context-log_count-seed3,pa6uepxh,2026-07-21T10:07:24Z,anp,in_context,3,rmse,0.1188791804367743,0.273939252629362,0.1169780597569586,0.2829397537994161,806.8016836643219,0.7523441314697266,0.6941380500793457,,,,,,,,,,,,1239.0,0.0236548851737866,0.0001904767808428,,,,,
anp-in_context-log_count-seed3,qot2ky7x,2026-07-21T08:39:53Z,anp,in_context,3,rmse,0.1295278180524397,0.3033563069370054,0.1314519296747074,0.3215531617705957,390.8035335540771,0.6469874382019043,0.6743781566619873,,,,,,,,,,,,605.0,0.1136089122187864,0.0007098936257405,,,,,
anp-in_context-log_count-seed3,riid9ln4,2026-07-21T10:48:22Z,anp,in_context,3,rmse,0.1172032734847474,0.2744030587024526,0.1181619296339824,0.2977940906145045,713.9239430427551,0.5446035861968994,0.5429050922393799,,,,,,,,,,,,1083.0,0.0529111224209254,0.0003535634629148,,,,,
anp-in_context-log_count-seed3,t1czvtwr,2026-07-21T11:52:37Z,anp,in_context,3,rmse,0.2019193090766048,0.3195064689980926,0.2044598323298312,0.338364239150149,1228.5348587036133,0.7153873443603516,0.7976586818695068,,,,,,,,,,,,1848.0,0.1395262391854529,1.3196262418422204e-05,,,,,
anp-in_context-log_count-seed3,tyi1rerp,2026-07-21T11:13:02Z,anp,in_context,3,rmse,0.1239663919113534,0.2834012334938083,0.1256098049800202,0.2919280893498402,444.5594902038574,0.7216145992279053,0.784184455871582,,,,,,,,,,,,674.0,0.003757960087271,0.0001718980674331,,,,,
anp-in_context-log_count-seed3,u8pk6px3,2026-07-21T13:59:03Z,anp,in_context,3,rmse,0.1358014207706559,0.2881829041124282,0.1391926749216811,0.3143640254454519,1412.407850265503,0.7872574329376221,0.7386527061462402,,,,,,,,,,,,2114.0,0.1306216650930796,3.210577849550394e-05,,,,,
anp-in_context-log_count-seed3,vnbiotfl,2026-07-21T14:47:48Z,anp,in_context,3,rmse,0.188925510599843,0.294949764131513,0.1909235449955008,0.3124596555630187,1100.673658132553,0.7347061634063721,0.7313563823699951,,,,,,,,,,,,1629.0,0.0317939167291039,1.6624564693643617e-05,,,,,
anp-in_context-log_count-seed3,vq9doyiq,2026-07-21T07:58:07Z,anp,in_context,3,rmse,0.1263579997763967,0.2867181688368186,0.1264619235167656,0.3062287417244089,542.0609102249146,0.7453644275665283,0.7173178195953369,,,,,,,,,,,,815.0,0.0847309598677809,0.0001957889720121,,,,,
anp-in_context-log_count-seed3,wkzm3z3o,2026-07-21T08:27:51Z,anp,in_context,3,rmse,0.1294745814146752,0.2860406104225149,0.1314218723988037,0.3068541536773042,713.6347458362579,0.7420892715454102,0.7182397842407227,,,,,,,,,,,,1091.0,0.1583450076165329,0.000114232541556,,,,,
anp-in_context-log_count-seed3,x3y0rcal,2026-07-21T08:46:31Z,anp,in_context,3,rmse,0.166437416029337,0.2801205757872154,0.1686164612806136,0.2977961443294811,1569.272316455841,0.7182912826538086,0.689077615737915,,,,,,,,,,,,2382.0,0.0142072116395773,1.4936835544198446e-05,,,,,
anp-in_context-log_count-seed3,xkys6rsx,2026-07-21T13:15:09Z,anp,in_context,3,rmse,0.162830658073912,0.3089252437808832,0.1647013976803799,0.3311042443808632,1853.593073129654,0.7276597023010254,0.8214230537414551,,,,,,,,,,,,2822.0,0.1976747676118452,1.5998881492631487e-05,,,,,
anp-in_context-log_count-seed3,xq9bmje3,2026-07-21T08:07:17Z,anp,in_context,3,rmse,0.1213418458692292,0.2813633880935909,0.1229553930250142,0.2940527717366846,380.56965732574463,0.6617956161499023,0.7030658721923828,,,,,,,,,,,,606.0,0.0875174422525385,0.0006074996073425,,,,,
anp-in_context-log_count-seed3,y7j8fomf,2026-07-21T11:30:35Z,anp,in_context,3,rmse,0.1251359050688536,0.2868074493372312,0.1256102447473709,0.3044728874665231,707.4631414413452,0.625694990158081,0.6519293785095215,,,,,,,,,,,,1074.0,0.1887496157029248,0.0002310152225018,,,,,
anp-in_context-log_count-seed3,z0yf2bgj,2026-07-21T12:13:13Z,anp,in_context,3,rmse,0.1272381819038174,0.291084288990552,0.1239333200094154,0.2958759761078248,679.3756501674652,0.7201423645019531,0.7427027225494385,,,,,,,,,,,,1038.0,0.1333533430891335,0.00021941976179,,,,,
anp-in_context-log_count-seed4,415q3h0k,2026-07-21T10:27:18Z,anp,in_context,4,rmse,0.112468242560758,0.2478686344566801,0.1299761668382836,0.3226188604786664,451.3361475467682,0.6786918640136719,0.7037105560302734,,,,,,,,,,,,700.0,0.0529111224209254,0.0003535634629148,,,,,
anp-in_context-log_count-seed4,4h0h7aou,2026-07-21T09:37:52Z,anp,in_context,4,rmse,0.1198631870949426,0.2660200370660124,0.1366268478066349,0.3275580172681004,534.8053724765778,0.7703080177307129,0.7916529178619385,,,,,,,,,,,,822.0,0.1957236684465528,0.0003965675081771,,,,,
anp-in_context-log_count-seed4,4mmgjg1e,2026-07-21T10:34:56Z,anp,in_context,4,rmse,0.1250379074836723,0.2605725777725262,0.146786385199974,0.3436107005698288,454.9656307697296,0.7942402362823486,0.7104437351226807,,,,,,,,,,,,713.0,0.0912300664433097,0.0001370464839284,,,,,
anp-in_context-log_count-seed4,5ga0baf9,2026-07-21T12:27:14Z,anp,in_context,4,rmse,0.1525970977961679,0.2647107292792788,0.1705616642712195,0.337571961119042,595.4612376689911,0.6939127445220947,0.7144763469696045,,,,,,,,,,,,911.0,0.0630856701848367,5.338528208876637e-05,,,,,
anp-in_context-log_count-seed4,5j5dxrpl,2026-07-21T13:44:43Z,anp,in_context,4,rmse,0.1636411686250077,0.2737447667762143,0.1771871270101327,0.3323621351418147,818.1678864955902,0.6557025909423828,0.56447434425354,,,,,,,,,,,,1267.0,0.1306216650930796,3.210577849550394e-05,,,,,
anp-in_context-log_count-seed4,6d2fgk65,2026-07-21T11:00:26Z,anp,in_context,4,rmse,0.129640695841416,0.2634250887223672,0.1508030357342812,0.3393503443234124,383.6382477283478,0.6732995510101318,0.6423132419586182,,,,,,,,,,,,595.0,0.1887496157029248,0.0002310152225018,,,,,
anp-in_context-log_count-seed4,6j0a5y77,2026-07-21T12:37:17Z,anp,in_context,4,rmse,0.119938662124266,0.2533489926701197,0.1377695812394803,0.3230588791395166,787.06738448143,0.6060535907745361,0.6184284687042236,,,,,,,,,,,,1227.0,0.1140393540835759,7.537078298264379e-05,,,,,
anp-in_context-log_count-seed4,addbq4c9,2026-07-21T07:44:46Z,anp,in_context,4,rmse,0.1206362425773941,0.2561287798498247,0.1408709387360087,0.3278281615260449,568.9197986125946,0.6975467205047607,0.750941276550293,,,,,,,,,,,,862.0,0.1205526752143287,0.0001229607110732,,,,,
anp-in_context-log_count-seed4,avse6pu5,2026-07-21T09:26:42Z,anp,in_context,4,rmse,0.1139806008744555,0.2557144326927559,0.1396623723110314,0.3477845124122981,643.471529006958,0.6808784008026123,0.6768507957458496,,,,,,,,,,,,979.0,0.1556313501899701,0.0005495716186411,,,,,
anp-in_context-log_count-seed4,fganib4g,2026-07-21T10:48:10Z,anp,in_context,4,rmse,0.1141398220071269,0.2515154242281086,0.1349546335820665,0.3275072332962985,688.9654414653778,0.7092685699462891,0.6801602840423584,,,,,,,,,,,,1068.0,0.1224191445444842,0.0001713436419711,,,,,
anp-in_context-log_count-seed4,hge3wx3p,2026-07-21T07:38:01Z,anp,in_context,4,rmse,0.1252212051464163,0.2661994974870573,0.1448523286159638,0.3410601946256487,394.4595808982849,0.7946662902832031,0.762174129486084,,,,,,,,,,,,589.0,0.1097627007854649,0.0002693883019285,,,,,
anp-in_context-log_count-seed4,j3d7i7p3,2026-07-21T08:46:03Z,anp,in_context,4,rmse,0.1127277575503675,0.2546963003114181,0.1265183245527271,0.3161043720899837,548.0614352226257,0.7217450141906738,0.7611086368560791,,,,,,,,,,,,852.0,0.1136089122187864,0.0007098936257405,,,,,
anp-in_context-log_count-seed4,lm5haxt9,2026-07-21T11:06:57Z,anp,in_context,4,rmse,0.1163250469868485,0.251327344495601,0.1372441044376568,0.3300269102954213,787.7391304969788,0.6946539878845215,0.705817461013794,,,,,,,,,,,,1227.0,0.0719015801147572,7.4827960376208e-05,,,,,
anp-in_context-log_count-seed4,mvununef,2026-07-21T08:06:10Z,anp,in_context,4,rmse,0.1134259779083706,0.2558216716256789,0.1304854736548966,0.322244725452627,478.23613238334656,0.6817867755889893,0.6818511486053467,,,,,,,,,,,,750.0,0.0875174422525385,0.0006074996073425,,,,,
anp-in_context-log_count-seed4,n9cjcctq,2026-07-21T10:42:39Z,anp,in_context,4,rmse,0.1380044581872078,0.2598655784639858,0.1554589673228885,0.3293179716779573,323.4435477256775,0.7276759147644043,0.7032928466796875,,,,,,,,,,,,509.0,0.003757960087271,0.0001718980674331,,,,,
anp-in_context-log_count-seed4,nmwwyx4l,2026-07-21T11:20:12Z,anp,in_context,4,rmse,0.1540214183312508,0.2663140242059286,0.1692778737423325,0.3339509739098938,2111.5682559013367,0.7345607280731201,0.6585948467254639,,,,,,,,,,,,3181.0,0.1395262391854529,1.3196262418422204e-05,,,,,
anp-in_context-log_count-seed4,o5thv5o2,2026-07-21T10:10:41Z,anp,in_context,4,rmse,0.1132195622911976,0.2518784408339735,0.134449480612021,0.3349433519832667,988.3173179626464,0.7160885334014893,0.8183059692382812,,,,,,,,,,,,1537.0,0.1043696643500143,6.75031252159592e-05,,,,,
anp-in_context-log_count-seed4,ompjodqr,2026-07-21T08:55:19Z,anp,in_context,4,rmse,0.1626482131575816,0.2639734580183278,0.1785685275813356,0.329627735974612,1549.5544319152832,0.7219014167785645,0.7344222068786621,,,,,,,,,,,,2353.0,0.0142072116395773,1.4936835544198446e-05,,,,,
anp-in_context-log_count-seed4,onal46xh,2026-07-21T07:54:25Z,anp,in_context,4,rmse,0.112466434393578,0.2476650668443546,0.1348442565966644,0.3323176895743863,697.4698326587677,0.6093778610229492,0.6323542594909668,,,,,,,,,,,,1069.0,0.0847309598677809,0.0001957889720121,,,,,
anp-in_context-log_count-seed4,p41upkqo,2026-07-21T14:16:57Z,anp,in_context,4,rmse,0.1828220665229516,0.2723530970540351,0.1950070928986446,0.3275140465718341,1106.8617401123047,0.804595947265625,0.8720295429229736,,,,,,,,,,,,1654.0,0.0317939167291039,1.6624564693643617e-05,,,,,
anp-in_context-log_count-seed4,pftq6c8h,2026-07-21T08:32:24Z,anp,in_context,4,rmse,0.1167731957760109,0.2602902794825164,0.1390001646512397,0.3346592379599209,810.8870775699615,0.76104736328125,0.7357020378112793,,,,,,,,,,,,1249.0,0.1583450076165329,0.000114232541556,,,,,
anp-in_context-log_count-seed4,q43xdp0t,2026-07-21T13:58:29Z,anp,in_context,4,rmse,0.1424322471952168,0.2534434030714059,0.1593142501122559,0.326279226843986,1047.2035217285156,0.6443881988525391,0.6827609539031982,,,,,,,,,,,,1630.0,0.0932621545712612,3.082131641442947e-05,,,,,
anp-in_context-log_count-seed4,rq9onk3e,2026-07-21T09:53:42Z,anp,in_context,4,rmse,0.1245199893733278,0.2474774846930395,0.1442658616148907,0.3264973450285871,377.0346171855927,0.7174246311187744,0.7310657501220703,,,,,,,,,,,,562.0,0.0236548851737866,0.0001904767808428,,,,,
anp-in_context-log_count-seed4,s4rgku3t,2026-07-21T09:47:28Z,anp,in_context,4,rmse,0.1283395547835273,0.2688750740900646,0.1463086371836455,0.3434482063484918,337.4623992443085,0.7165448665618896,0.7717990875244141,,,,,,,,,,,,501.0,0.0922958724505863,0.0003639639356786,,,,,
anp-in_context-log_count-seed4,siawn6fa,2026-07-21T11:55:32Z,anp,in_context,4,rmse,0.1136153946526785,0.2580051733294404,0.1367571284054357,0.3397754751187478,795.1522586345673,0.760291337966919,0.6974589824676514,,,,,,,,,,,,1221.0,0.1333533430891335,0.00021941976179,,,,,
anp-in_context-log_count-seed4,tovjt7el,2026-07-21T12:09:05Z,anp,in_context,4,rmse,0.1775755829306315,0.2720068026128213,0.1920993377107753,0.333028670001951,1082.2389023303986,0.7555322647094727,0.7505514621734619,,,,,,,,,,,,1636.0,0.0420765122147681,1.810725406663106e-05,,,,,
anp-in_context-log_count-seed4,ue3ngl7r,2026-07-21T13:26:39Z,anp,in_context,4,rmse,0.1667186889396047,0.2627553508911238,0.1793271622044828,0.3209131609105283,1076.9285304546356,0.7697567939758301,0.7665331363677979,,,,,,,,,,,,1638.0,0.0417753512189669,2.1019338091154404e-05,,,,,
anp-in_context-log_count-seed4,v8wge089,2026-07-21T14:35:31Z,anp,in_context,4,rmse,0.1478807429284815,0.260573527356698,0.1645265475676055,0.3312964999210691,1652.051824092865,0.6703588962554932,0.683542013168335,,,,,,,,,,,,2451.0,0.1312659178930547,1.889582693802601e-05,,,,,
anp-in_context-log_count-seed4,vela2shl,2026-07-21T08:14:16Z,anp,in_context,4,rmse,0.1236611099346824,0.2617085948046805,0.1402567807577958,0.3234862346433788,1078.1348264217377,0.7566101551055908,0.7214839458465576,,,,,,,,,,,,1645.0,0.1927325521002058,5.846326121643416e-05,,,,,
anp-in_context-log_count-seed4,x30u18h6,2026-07-21T12:50:32Z,anp,in_context,4,rmse,0.1418770556188486,0.2635815271639575,0.1590544241137225,0.3304703919265999,2159.29510140419,0.6988561153411865,0.6779415607452393,,,,,,,,,,,,3267.0,0.1976747676118452,1.5998881492631487e-05,,,,,
anp-in_context-log_count-seed4,yy2f6mot,2026-07-21T10:00:39Z,anp,in_context,4,rmse,0.1101644984490479,0.2690859849803454,0.1277785488811017,0.333211344556385,572.3693165779114,0.7652087211608887,0.6200754642486572,,,,,,,,,,,,882.0,0.0286706574818092,0.0007750644796341,,,,,
anp-in_context-log_count-seed4,z4y75kbt,2026-07-21T09:21:16Z,anp,in_context,4,rmse,0.1189411509859539,0.2589449097600158,0.1359342158629448,0.3258275592691887,318.61268305778503,0.7268273830413818,0.7179689407348633,,,,,,,,,,,,485.0,0.0040436794880651,0.0004626362841475,,,,,
anp-few_shot-log_count-seed0,084gen8w,2026-07-23T19:10:02Z,anp,few_shot,0,rmse,0.351849484911152,0.6335135140496324,0.3975509426898453,0.7057098472545487,90.72921180725098,0.1618309020996093,0.1601009368896484,,,,,,,,,,,,551.0,0.1887496157029248,0.0002310152225018,,,,,
anp-few_shot-log_count-seed0,1lkufwq3,2026-07-23T18:51:38Z,anp,few_shot,0,rmse,0.3325427485447303,0.6044980133712566,0.4092253710145157,0.7141941812405531,98.28626918792725,0.1540546417236328,0.1311395168304443,,,,,,,,,,,,637.0,0.0922958724505863,0.0003639639356786,,,,,
anp-few_shot-log_count-seed0,28lhrwep,2026-07-23T18:41:59Z,anp,few_shot,0,rmse,0.2995676676432292,0.554885816653315,0.3421465891128137,0.6077388109503988,82.67718935012817,0.1353366374969482,0.1303296089172363,,,,,,,,,,,,515.0,0.0040436794880651,0.0004626362841475,,,,,
anp-few_shot-log_count-seed0,38vupeww,2026-07-23T19:23:11Z,anp,few_shot,0,rmse,0.3293451346603094,0.5981189211882454,0.365111314259001,0.6567882448590955,102.24585580825806,0.1800730228424072,0.1804561614990234,,,,,,,,,,,,590.0,0.1333533430891335,0.00021941976179,,,,,
anp-few_shot-log_count-seed0,3v77i9mr,2026-07-23T19:07:29Z,anp,few_shot,0,rmse,0.3292603735830269,0.6150161180501424,0.3590329307571628,0.6371239306612098,147.83964610099792,0.1565198898315429,0.1772894859313964,,,,,,,,,,,,916.0,0.1224191445444842,0.0001713436419711,,,,,
anp-few_shot-log_count-seed0,6bhwd59y,2026-07-23T18:17:26Z,anp,few_shot,0,rmse,0.333843874463848,0.580091229760634,0.4020037544668325,0.7122113155062675,119.26736426353456,0.1301968097686767,0.1511046886444091,,,,,,,,,,,,714.0,0.1205526752143287,0.0001229607110732,,,,,
anp-few_shot-log_count-seed0,6hg1r7au,2026-07-23T19:35:19Z,anp,few_shot,0,rmse,0.3222012089748008,0.5502395273151772,0.3850615774158532,0.6828124558555642,199.135080575943,0.1725759506225586,0.1684153079986572,,,,,,,,,,,,1230.0,0.0630856701848367,5.338528208876637e-05,,,,,
anp-few_shot-log_count-seed0,7fy76o8g,2026-07-23T19:58:55Z,anp,few_shot,0,rmse,0.3673074161305147,0.6557002006636335,0.3938225365071944,0.6876728234053114,269.7339856624603,0.1487188339233398,0.1339240074157714,,,,,,,,,,,,1642.0,0.0317939167291039,1.6624564693643617e-05,,,,,
anp-few_shot-log_count-seed0,7u4w9pjf,2026-07-23T19:13:14Z,anp,few_shot,0,rmse,0.3262546913296568,0.5801058362492012,0.3916638356918737,0.7113637574707158,196.41441321372983,0.1969966888427734,0.1573350429534912,,,,,,,,,,,,1167.0,0.0719015801147572,7.4827960376208e-05,,,,,
anp-few_shot-log_count-seed0,9eu519wq,2026-07-23T19:44:45Z,anp,few_shot,0,rmse,0.3343199187634038,0.5818386716380697,0.3800449332649277,0.6710609785809601,394.4540719985962,0.1945066452026367,0.1699569225311279,,,,,,,,,,,,2360.0,0.0417753512189669,2.1019338091154404e-05,,,,,
anp-few_shot-log_count-seed0,ax7h5mqw,2026-07-23T18:26:29Z,anp,few_shot,0,rmse,0.3491861979166666,0.6778552312358719,0.4031404878256528,0.7329286016982683,170.12864995002747,0.1610579490661621,0.1562180519104004,,,,,,,,,,,,1086.0,0.1583450076165329,0.000114232541556,,,,,
anp-few_shot-log_count-seed0,cq7skbms,2026-07-23T18:53:37Z,anp,few_shot,0,rmse,0.3169982610964307,0.5700002237418476,0.3982855311271869,0.7172582836159099,119.88543391227722,0.1783571243286132,0.1675984859466552,,,,,,,,,,,,744.0,0.0236548851737866,0.0001904767808428,,,,,
anp-few_shot-log_count-seed0,fjcp5wzk,2026-07-23T18:55:53Z,anp,few_shot,0,rmse,0.2876883114085478,0.5536413381064273,0.3373918204471983,0.5929065630982047,104.5425295829773,0.1665670871734619,0.1553797721862793,,,,,,,,,,,,627.0,0.0286706574818092,0.0007750644796341,,,,,
anp-few_shot-log_count-seed0,g9jmlmd2,2026-07-23T19:24:58Z,anp,few_shot,0,rmse,0.3206745222503063,0.5525848445352167,0.3793190420278429,0.6793953250361578,557.9946796894073,0.1792030334472656,0.1688122749328613,,,,,,,,,,,,3425.0,0.0420765122147681,1.810725406663106e-05,,,,,
anp-few_shot-log_count-seed0,kvx2bd01,2026-07-23T18:59:37Z,anp,few_shot,0,rmse,0.3087272494446997,0.5609055094079328,0.3622746651361245,0.6507204621740222,86.11262321472168,0.1379332542419433,0.1353604793548584,,,,,,,,,,,,509.0,0.0529111224209254,0.0003535634629148,,,,,
anp-few_shot-log_count-seed0,lee4eflr,2026-07-23T18:44:38Z,anp,few_shot,0,rmse,0.3388857972388174,0.6262488605598364,0.3867514960422477,0.7130151230020261,69.04114627838135,0.1467471122741699,0.1445174217224121,,,,,,,,,,,,402.0,0.1556313501899701,0.0005495716186411,,,,,
anp-few_shot-log_count-seed0,m6ftq6cg,2026-07-23T18:22:26Z,anp,few_shot,0,rmse,0.3174642525467218,0.5631013699421534,0.3756205344055052,0.6679549267355871,65.70921874046326,0.1640019416809082,0.1680538654327392,,,,,,,,,,,,381.0,0.0875174422525385,0.0006074996073425,,,,,
anp-few_shot-log_count-seed0,nfs8z3hp,2026-07-23T19:51:24Z,anp,few_shot,0,rmse,0.411675905713848,0.7432501336979795,0.4431333096951065,0.7758212006169897,139.6869456768036,0.184067964553833,0.1615855693817138,,,,,,,,,,,,810.0,0.1306216650930796,3.210577849550394e-05,,,,,
anp-few_shot-log_count-seed0,p8vdjz5y,2026-07-23T20:04:21Z,anp,few_shot,0,rmse,0.4045595655254289,0.7347519600278967,0.4341748529708893,0.7610209922576486,229.66188073158264,0.1721229553222656,0.1758315563201904,,,,,,,,,,,,1342.0,0.1312659178930547,1.889582693802601e-05,,,,,
anp-few_shot-log_count-seed0,psxhaoiz,2026-07-23T18:31:51Z,anp,few_shot,0,rmse,0.3304977117800245,0.5621218881979739,0.3989910876291518,0.7126431618890906,480.4319922924042,0.1573748588562011,0.1539449691772461,,,,,,,,,,,,3043.0,0.0142072116395773,1.4936835544198446e-05,,,,,
anp-few_shot-log_count-seed0,qsdaziee,2026-07-23T18:29:26Z,anp,few_shot,0,rmse,0.287043732287837,0.5439020474930937,0.3428687662430273,0.62027633850969,80.90556311607361,0.1640703678131103,0.16190767288208,,,,,,,,,,,,500.0,0.1136089122187864,0.0007098936257405,,,,,
anp-few_shot-log_count-seed0,qvn4thdq,2026-07-23T18:58:23Z,anp,few_shot,0,rmse,0.4095814723594516,0.7114645321722894,0.4671818421771995,0.8196718379191513,68.86791634559631,0.1458847522735595,0.1504182815551757,,,,,,,,,,,,415.0,0.1043696643500143,6.75031252159592e-05,,,,,
anp-few_shot-log_count-seed0,r91jadit,2026-07-23T18:15:11Z,anp,few_shot,0,rmse,0.2994544534122242,0.5383383382293506,0.3573672466781028,0.6505402174525344,121.2777020931244,0.1500508785247802,0.1406412124633789,,,,,,,,,,,,647.0,0.1097627007854649,0.0002693883019285,,,,,
anp-few_shot-log_count-seed0,rv89uwun,2026-07-23T19:41:35Z,anp,few_shot,0,rmse,0.4370470533183976,0.7818342020584333,0.4744682389388945,0.8328311054292864,174.56578969955444,0.1656627655029297,0.1487119197845459,,,,,,,,,,,,1014.0,0.1976747676118452,1.5998881492631487e-05,,,,,
anp-few_shot-log_count-seed0,s1fvmyqz,2026-07-23T18:47:54Z,anp,few_shot,0,rmse,0.3082194010416667,0.5673882266548125,0.3919269801636981,0.7050295861298247,114.48044490814208,0.1633415222167968,0.1557505130767822,,,,,,,,,,,,695.0,0.1957236684465528,0.0003965675081771,,,,,
anp-few_shot-log_count-seed0,spbbwgqm,2026-07-23T18:19:46Z,anp,few_shot,0,rmse,0.3119721356560202,0.5857121032178193,0.3911759568034514,0.7040138771107111,155.96300101280212,0.1654253005981445,0.153815746307373,,,,,,,,,,,,987.0,0.0847309598677809,0.0001957889720121,,,,,
anp-few_shot-log_count-seed0,t75wuewu,2026-07-23T18:24:55Z,anp,few_shot,0,rmse,0.4379589604396446,0.7770449875441666,0.4884308975560186,0.8608784816680722,74.16135811805725,0.1278619766235351,0.1148324012756347,,,,,,,,,,,,420.0,0.1927325521002058,5.846326121643416e-05,,,,,
anp-few_shot-log_count-seed0,tu9cznui,2026-07-23T19:38:43Z,anp,few_shot,0,rmse,0.4146412568933823,0.7232797360022122,0.4721776254278651,0.828624777222983,68.155588388443,0.1529655456542968,0.1659319400787353,,,,,,,,,,,,385.0,0.1140393540835759,7.537078298264379e-05,,,,,
anp-few_shot-log_count-seed0,twfhngxx,2026-07-23T19:16:37Z,anp,few_shot,0,rmse,0.4109492881625306,0.7479691811175336,0.434772978931605,0.7621207992450896,287.63067650794983,0.1809873580932617,0.154041051864624,,,,,,,,,,,,1793.0,0.1395262391854529,1.3196262418422204e-05,,,,,
anp-few_shot-log_count-seed0,usfij20v,2026-07-23T19:54:20Z,anp,few_shot,0,rmse,0.3455214257333793,0.6164299667333011,0.3859048034791772,0.6912644119264063,270.17644333839417,0.1610059738159179,0.1617794036865234,,,,,,,,,,,,1642.0,0.0932621545712612,3.082131641442947e-05,,,,,
anp-few_shot-log_count-seed0,wnl2n0yl,2026-07-23T19:05:49Z,anp,few_shot,0,rmse,0.3163430008233762,0.5387995954668797,0.3881216610179228,0.6939306011333853,96.58404636383057,0.1629970073699951,0.1498839855194091,,,,,,,,,,,,575.0,0.003757960087271,0.0001718980674331,,,,,
anp-few_shot-log_count-seed0,z7fcyt6u,2026-07-23T19:03:13Z,anp,few_shot,0,rmse,0.3231994928098192,0.5910575783422346,0.3703930837387487,0.659055027467498,151.70634484291077,0.1783602237701416,0.1750102043151855,,,,,,,,,,,,918.0,0.0912300664433097,0.0001370464839284,,,,,
anp-few_shot-log_count-seed1,00fi03op,2026-07-23T22:12:43Z,anp,few_shot,1,rmse,0.3566993563782935,0.6484876940386413,0.3665280211205576,0.6506972155207559,383.19450783729553,0.1630992889404297,0.1476702690124511,,,,,,,,,,,,2016.0,0.0932621545712612,3.082131641442947e-05,,,,,
anp-few_shot-log_count-seed1,1r4pnpok,2026-07-23T22:24:57Z,anp,few_shot,1,rmse,0.3752632889093137,0.6706687978054706,0.3975687363568474,0.7008420882869966,388.0867326259613,0.1301450729370117,0.1472022533416748,,,,,,,,,,,,2089.0,0.1312659178930547,1.889582693802601e-05,,,,,
anp-few_shot-log_count-seed1,4wc9c1fz,2026-07-23T21:28:50Z,anp,few_shot,1,rmse,0.3680395986519608,0.6620820828731071,0.3632561178768382,0.63508862980655,400.3970465660095,0.1503646373748779,0.1521070003509521,,,,,,,,,,,,2157.0,0.0420765122147681,1.810725406663106e-05,,,,,
anp-few_shot-log_count-seed1,55sxe4ah,2026-07-23T20:39:45Z,anp,few_shot,1,rmse,0.351670747644761,0.6233468864771395,0.3821044323491115,0.6818818317907964,86.68470358848572,0.1611499786376953,0.1842794418334961,,,,,,,,,,,,397.0,0.1556313501899701,0.0005495716186411,,,,,
anp-few_shot-log_count-seed1,5iiqe76t,2026-07-23T20:29:02Z,anp,few_shot,1,rmse,0.3741598091873468,0.6681849511793563,0.387594424977022,0.6872731212488887,474.4890234470368,0.2038872241973877,0.1921515464782714,,,,,,,,,,,,2377.0,0.0142072116395773,1.4936835544198446e-05,,,,,
anp-few_shot-log_count-seed1,6quuqpwm,2026-07-23T20:55:54Z,anp,few_shot,1,rmse,0.3431119133444393,0.6140733677922604,0.3581281175800398,0.6540556150806767,126.16840386390686,0.1883761882781982,0.1923391819000244,,,,,,,,,,,,580.0,0.0529111224209254,0.0003535634629148,,,,,
anp-few_shot-log_count-seed1,76zymgcn,2026-07-23T20:59:43Z,anp,few_shot,1,rmse,0.3402756634880515,0.6279673708688778,0.3408562753714767,0.6225967850045848,189.8344452381134,0.1861584186553955,0.1910734176635742,,,,,,,,,,,,875.0,0.0912300664433097,0.0001370464839284,,,,,
anp-few_shot-log_count-seed1,7gpmpimq,2026-07-23T21:46:00Z,anp,few_shot,1,rmse,0.3740604774624693,0.674195899394585,0.4099141438802083,0.7303927251713896,701.7463355064392,0.1653368473052978,0.1444556713104248,,,,,,,,,,,,3882.0,0.1976747676118452,1.5998881492631487e-05,,,,,
anp-few_shot-log_count-seed1,98ozcpxv,2026-07-23T20:14:27Z,anp,few_shot,1,rmse,0.3490595798866421,0.6313037772596758,0.3640781178193933,0.6530772540556667,109.39701867103577,0.1789045333862304,0.1831574440002441,,,,,,,,,,,,534.0,0.0847309598677809,0.0001957889720121,,,,,
anp-few_shot-log_count-seed1,9crev6wo,2026-07-23T21:59:54Z,anp,few_shot,1,rmse,0.3706151027305453,0.6702239448836063,0.3592616960114124,0.629513175814,395.95897030830383,0.1565289497375488,0.1390645503997802,,,,,,,,,,,,2054.0,0.0417753512189669,2.1019338091154404e-05,,,,,
anp-few_shot-log_count-seed1,acjbtzkj,2026-07-23T20:11:33Z,anp,few_shot,1,rmse,0.3367346670113358,0.6210990042494502,0.3335833082012102,0.612430975386099,169.88794660568237,0.1661655902862548,0.1701216697692871,,,,,,,,,,,,804.0,0.1205526752143287,0.0001229607110732,,,,,
anp-few_shot-log_count-seed1,aik3ya6r,2026-07-23T20:27:33Z,anp,few_shot,1,rmse,0.3742475921032475,0.6599993682181328,0.407133394129136,0.7273693520353512,75.78581476211548,0.179013967514038,0.1701586246490478,,,,,,,,,,,,373.0,0.1136089122187864,0.0007098936257405,,,,,
anp-few_shot-log_count-seed1,c44aq9su,2026-07-23T20:16:22Z,anp,few_shot,1,rmse,0.3397250904756433,0.6131534168992088,0.3462178548177083,0.6234774136637237,81.88505721092224,0.2010884284973144,0.2180268764495849,,,,,,,,,,,,382.0,0.0875174422525385,0.0006074996073425,,,,,
anp-few_shot-log_count-seed1,c9njf5jv,2026-07-23T22:19:12Z,anp,few_shot,1,rmse,0.3783247405407475,0.6737230395249227,0.3790683222751991,0.6671163513407187,340.25323963165283,0.1501426696777343,0.1424815654754638,,,,,,,,,,,,1803.0,0.0317939167291039,1.6624564693643617e-05,,,,,
anp-few_shot-log_count-seed1,d72t6zb4,2026-07-23T20:47:31Z,anp,few_shot,1,rmse,0.3400590784409467,0.6266323424474846,0.360597707711014,0.6677135012288765,145.01164865493774,0.1106889247894287,0.1130955219268798,,,,,,,,,,,,697.0,0.0236548851737866,0.0001904767808428,,,,,
anp-few_shot-log_count-seed1,e18wq28l,2026-07-23T20:37:22Z,anp,few_shot,1,rmse,0.3364133947035845,0.6075484938408442,0.3769039378446691,0.6698853805858381,107.10557174682616,0.1937646865844726,0.1824712753295898,,,,,,,,,,,,504.0,0.0040436794880651,0.0004626362841475,,,,,
anp-few_shot-log_count-seed1,fk1ro8uq,2026-07-23T20:50:41Z,anp,few_shot,1,rmse,0.347743195178462,0.6096122737900039,0.3499003092447916,0.6055872116723884,116.5609805583954,0.2217285633087158,0.230443000793457,,,,,,,,,,,,539.0,0.0286706574818092,0.0007750644796341,,,,,
anp-few_shot-log_count-seed1,gpwd5bnb,2026-07-23T21:11:42Z,anp,few_shot,1,rmse,0.3548236323337929,0.6416461539652379,0.3796345430261948,0.7021315214251651,177.2073848247528,0.1215758323669433,0.1228613853454589,,,,,,,,,,,,893.0,0.0719015801147572,7.4827960376208e-05,,,,,
anp-few_shot-log_count-seed1,gv6w8993,2026-07-23T20:41:43Z,anp,few_shot,1,rmse,0.3619763542624081,0.6409071490349825,0.3927052516563266,0.699188902503444,130.39547967910767,0.1671504974365234,0.1771228313446045,,,,,,,,,,,,625.0,0.1957236684465528,0.0003965675081771,,,,,
anp-few_shot-log_count-seed1,h619r09h,2026-07-23T20:44:30Z,anp,few_shot,1,rmse,0.3410711550245098,0.6128794389114056,0.3718036726409314,0.6713638549730397,86.60102581977844,0.1549460887908935,0.154747724533081,,,,,,,,,,,,411.0,0.0922958724505863,0.0003639639356786,,,,,
anp-few_shot-log_count-seed1,hvsnaekr,2026-07-23T21:04:31Z,anp,few_shot,1,rmse,0.3255632587507659,0.6113737488305238,0.3225505155675551,0.5949265552902147,173.6737232208252,0.1371574401855468,0.139294147491455,,,,,,,,,,,,894.0,0.1224191445444842,0.0001713436419711,,,,,
anp-few_shot-log_count-seed1,i3z8t1by,2026-07-23T21:02:57Z,anp,few_shot,1,rmse,0.382202776740579,0.688850265683953,0.3993014167336857,0.715973982343415,90.04512739181519,0.1854050159454345,0.1714236736297607,,,,,,,,,,,,449.0,0.003757960087271,0.0001718980674331,,,,,
anp-few_shot-log_count-seed1,itfk26tb,2026-07-23T21:14:43Z,anp,few_shot,1,rmse,0.3990490483302696,0.7064731353619286,0.4065965540268842,0.7127010052096926,451.1159536838531,0.1419060230255127,0.1443936824798584,,,,,,,,,,,,2324.0,0.1395262391854529,1.3196262418422204e-05,,,,,
anp-few_shot-log_count-seed1,jzkgbhfn,2026-07-23T21:38:21Z,anp,few_shot,1,rmse,0.3595227110619639,0.6531638810474943,0.3586773741479013,0.6419320181690434,189.47677612304688,0.1358871459960937,0.1329913139343261,,,,,,,,,,,,1013.0,0.0630856701848367,5.338528208876637e-05,,,,,
anp-few_shot-log_count-seed1,m2m9up8t,2026-07-23T20:22:58Z,anp,few_shot,1,rmse,0.3446229224111519,0.6353897367328556,0.3729303696576286,0.6858845071956652,175.51840806007385,0.1367013454437256,0.1207492351531982,,,,,,,,,,,,947.0,0.1583450076165329,0.000114232541556,,,,,
anp-few_shot-log_count-seed1,m6oq3hfz,2026-07-23T21:07:30Z,anp,few_shot,1,rmse,0.3591350480621936,0.6540074708457557,0.3822770361806832,0.6927605009391141,141.09198594093323,0.1928839683532714,0.194368839263916,,,,,,,,,,,,692.0,0.1887496157029248,0.0002310152225018,,,,,
anp-few_shot-log_count-seed1,mhxap3zg,2026-07-23T21:43:14Z,anp,few_shot,1,rmse,0.3528194352692249,0.6430663679591742,0.3675689398073682,0.6603924560987474,155.7035615444183,0.1117982864379882,0.1187875270843506,,,,,,,,,,,,866.0,0.1140393540835759,7.537078298264379e-05,,,,,
anp-few_shot-log_count-seed1,o8adm5kf,2026-07-23T21:22:19Z,anp,few_shot,1,rmse,0.3420161826937806,0.6201719936374721,0.3397159950405943,0.6199495020765204,107.85534262657166,0.1446325778961181,0.1449427604675293,,,,,,,,,,,,568.0,0.1333533430891335,0.00021941976179,,,,,
anp-few_shot-log_count-seed1,rtlusk2c,2026-07-23T20:09:32Z,anp,few_shot,1,rmse,0.3412618300494026,0.6107231833449625,0.3584618063534007,0.6448565307439841,87.67875027656555,0.1070423126220703,0.1186022758483886,,,,,,,,,,,,437.0,0.1097627007854649,0.0002693883019285,,,,,
anp-few_shot-log_count-seed1,tzmbxrep,2026-07-23T20:18:23Z,anp,few_shot,1,rmse,0.3567447437959559,0.6468015694157897,0.3744370404411765,0.6726910490255291,242.48547744750977,0.1797082424163818,0.1833796501159668,,,,,,,,,,,,1135.0,0.1927325521002058,5.846326121643416e-05,,,,,
anp-few_shot-log_count-seed1,w46oobkm,2026-07-23T22:07:57Z,anp,few_shot,1,rmse,0.3699328254250919,0.6628582378462186,0.3981201471066942,0.7105248404121677,278.7440586090088,0.1251423358917236,0.1375148296356201,,,,,,,,,,,,1530.0,0.1306216650930796,3.210577849550394e-05,,,,,
anp-few_shot-log_count-seed1,zo6ilthq,2026-07-23T20:52:51Z,anp,few_shot,1,rmse,0.3688099281460631,0.6629434060312153,0.3870044184666054,0.6957672792598072,160.59312534332275,0.1658594608306884,0.1703023910522461,,,,,,,,,,,,768.0,0.1043696643500143,6.75031252159592e-05,,,,,
anp-few_shot-log_count-seed2,06q6cxsg,2026-07-23T19:52:16Z,anp,few_shot,2,rmse,0.4223253736308976,0.7917684117687834,0.3992034912109375,0.7250155524293352,246.84635210037231,0.3788063526153565,0.3605291843414306,,,,,,,,,,,,785.0,0.1306216650930796,3.210577849550394e-05,,,,,
anp-few_shot-log_count-seed2,2fv2li8k,2026-07-23T18:20:00Z,anp,few_shot,2,rmse,0.3352099549536611,0.665681485696137,0.3124465942382812,0.5967471444513189,153.42530870437622,0.3047192096710205,0.2928752899169922,,,,,,,,,,,,511.0,0.0847309598677809,0.0001957889720121,,,,,
anp-few_shot-log_count-seed2,766utnz4,2026-07-23T18:47:04Z,anp,few_shot,2,rmse,0.3979802150352328,0.7292030608559532,0.3975466859106924,0.722651946671475,78.01821947097778,0.3272078037261963,0.3334414958953857,,,,,,,,,,,,266.0,0.1957236684465528,0.0003965675081771,,,,,
anp-few_shot-log_count-seed2,8y69jyay,2026-07-23T18:17:59Z,anp,few_shot,2,rmse,0.3901078766467525,0.693146926496255,0.3864150103400735,0.6816399382239126,100.25363516807556,0.3189215660095215,0.3123536109924316,,,,,,,,,,,,329.0,0.1205526752143287,0.0001229607110732,,,,,
anp-few_shot-log_count-seed2,ab753z4q,2026-07-23T19:45:20Z,anp,few_shot,2,rmse,0.3864568373736213,0.7348894835246355,0.3549523746266084,0.6441532837168841,410.4565272331238,0.4103677272796631,0.3899824619293213,,,,,,,,,,,,1269.0,0.0417753512189669,2.1019338091154404e-05,,,,,
anp-few_shot-log_count-seed2,as83m0mt,2026-07-23T18:42:37Z,anp,few_shot,2,rmse,0.3089667226753982,0.5955812555159679,0.2944104961320465,0.5630299502609222,106.36415553092957,0.2656471729278564,0.2891368865966797,,,,,,,,,,,,375.0,0.0040436794880651,0.0004626362841475,,,,,
anp-few_shot-log_count-seed2,cmkkhtyk,2026-07-23T18:15:11Z,anp,few_shot,2,rmse,0.3386030907724418,0.6272303092624517,0.3337979784198835,0.6067758742324643,122.71496629714966,0.2922446727752685,0.2953972816467285,,,,,,,,,,,,356.0,0.1097627007854649,0.0002693883019285,,,,,
anp-few_shot-log_count-seed2,diqdjb8w,2026-07-23T18:44:28Z,anp,few_shot,2,rmse,0.3078767664292279,0.5867480091170861,0.3144449869791667,0.600119298932427,150.46269702911377,0.2864186763763428,0.2929561138153076,,,,,,,,,,,,520.0,0.1556313501899701,0.0005495716186411,,,,,
anp-few_shot-log_count-seed2,drn5crd8,2026-07-23T18:22:51Z,anp,few_shot,2,rmse,0.3137376074697457,0.5906203315460915,0.3209086997836244,0.6090159519167587,149.6502296924591,0.3467206954956054,0.4355359077453614,,,,,,,,,,,,486.0,0.0875174422525385,0.0006074996073425,,,,,
anp-few_shot-log_count-seed2,f2984pjs,2026-07-23T18:34:03Z,anp,few_shot,2,rmse,0.3729199278588389,0.6941566277976225,0.3489630904852175,0.6121300853055486,471.62431287765503,0.3226385116577148,0.2681558132171631,,,,,,,,,,,,1530.0,0.0142072116395773,1.4936835544198446e-05,,,,,
anp-few_shot-log_count-seed2,fwbb21ij,2026-07-23T20:02:28Z,anp,few_shot,2,rmse,0.3776072483436734,0.7155222134780004,0.3542319503484987,0.6441963060210607,492.5610933303833,0.3547620773315429,0.3322799205780029,,,,,,,,,,,,1587.0,0.0317939167291039,1.6624564693643617e-05,,,,,
anp-few_shot-log_count-seed2,g2997mbf,2026-07-23T19:23:17Z,anp,few_shot,2,rmse,0.3424747841030943,0.663394536998247,0.3259802724800857,0.6114492937241502,145.23457026481628,0.3033394813537597,0.2532603740692138,,,,,,,,,,,,451.0,0.1333533430891335,0.00021941976179,,,,,
anp-few_shot-log_count-seed2,ginzjons,2026-07-23T18:30:29Z,anp,few_shot,2,rmse,0.3035590078316483,0.5765343581412359,0.3276347740023744,0.6204128300380471,157.99135637283325,0.2045936584472656,0.2262377738952636,,,,,,,,,,,,531.0,0.1136089122187864,0.0007098936257405,,,,,
anp-few_shot-log_count-seed2,h03q5x56,2026-07-23T19:37:03Z,anp,few_shot,2,rmse,0.4242470535577512,0.8045531639233794,0.3897355621936274,0.7168078134930175,490.5850832462311,0.3008246421813965,0.3010404109954834,,,,,,,,,,,,1560.0,0.1976747676118452,1.5998881492631487e-05,,,,,
anp-few_shot-log_count-seed2,jf27jkmh,2026-07-23T18:49:22Z,anp,few_shot,2,rmse,0.3142999088062959,0.6287033244871352,0.3093042111864277,0.6102561229133647,159.7668559551239,0.264000654220581,0.2364435195922851,,,,,,,,,,,,557.0,0.0922958724505863,0.0003639639356786,,,,,
anp-few_shot-log_count-seed2,jotfwmqg,2026-07-23T19:32:06Z,anp,few_shot,2,rmse,0.4009469125785079,0.7453459423566726,0.3713603599398744,0.6578136948785558,166.98879623413086,0.3181567192077636,0.3137214183807373,,,,,,,,,,,,524.0,0.0630856701848367,5.338528208876637e-05,,,,,
anp-few_shot-log_count-seed2,m5ug6r3p,2026-07-23T18:59:45Z,anp,few_shot,2,rmse,0.4201498891793045,0.7657331774356543,0.4129177916283701,0.7430797891144383,126.8613302707672,0.3357741832733154,0.3346576690673828,,,,,,,,,,,,417.0,0.1043696643500143,6.75031252159592e-05,,,,,
anp-few_shot-log_count-seed2,mbxnqedw,2026-07-23T19:06:05Z,anp,few_shot,2,rmse,0.3865078795189951,0.6908264277914342,0.3856274773092831,0.6870689591759438,100.75547409057616,0.3439705371856689,0.3117678165435791,,,,,,,,,,,,324.0,0.0912300664433097,0.0001370464839284,,,,,
anp-few_shot-log_count-seed2,n3ciw8rv,2026-07-23T20:12:12Z,anp,few_shot,2,rmse,0.4415750540939032,0.8297762821938568,0.4104340796377144,0.7479200055311377,332.70090222358704,0.3540668487548828,0.3930370807647705,,,,,,,,,,,,1039.0,0.1312659178930547,1.889582693802601e-05,,,,,
anp-few_shot-log_count-seed2,o6gkz52m,2026-07-23T19:17:03Z,anp,few_shot,2,rmse,0.4532929962756587,0.8243698060665673,0.4215142941942402,0.743249178568049,342.6380727291107,0.1896123886108398,0.1120715141296386,,,,,,,,,,,,1128.0,0.1395262391854529,1.3196262418422204e-05,,,,,
anp-few_shot-log_count-seed2,o7vefvgx,2026-07-23T19:14:51Z,anp,few_shot,2,rmse,0.4108215631223192,0.7314852393758364,0.4027632470224417,0.7105983272774922,126.50978422164916,0.3096954822540283,0.3173644542694092,,,,,,,,,,,,399.0,0.0719015801147572,7.4827960376208e-05,,,,,
anp-few_shot-log_count-seed2,p5qswr3p,2026-07-23T19:25:47Z,anp,few_shot,2,rmse,0.3911706064261642,0.7423324868174042,0.3655603745404411,0.6568577486608178,371.76282954216,0.2896897792816162,0.2823050022125244,,,,,,,,,,,,1191.0,0.0420765122147681,1.810725406663106e-05,,,,,
anp-few_shot-log_count-seed2,pw9c4dm5,2026-07-23T19:57:14Z,anp,few_shot,2,rmse,0.393623322131587,0.7580780987153447,0.3690394382850797,0.6885673089352917,308.8903167247772,0.3594493865966797,0.3023228645324707,,,,,,,,,,,,974.0,0.0932621545712612,3.082131641442947e-05,,,,,
anp-few_shot-log_count-seed2,q67u4bwh,2026-07-23T18:54:18Z,anp,few_shot,2,rmse,0.3289754830154718,0.600455772343032,0.3486614152496936,0.6121852259903335,206.62997579574585,0.2743909358978271,0.284095287322998,,,,,,,,,,,,667.0,0.0286706574818092,0.0007750644796341,,,,,
anp-few_shot-log_count-seed2,qiauhv6c,2026-07-23T19:02:53Z,anp,few_shot,2,rmse,0.2910143085554534,0.5572674695291112,0.311196959252451,0.5886744729526868,185.8547093868256,0.3389043807983398,0.3455958366394043,,,,,,,,,,,,602.0,0.0529111224209254,0.0003535634629148,,,,,
anp-few_shot-log_count-seed2,rpd1gvc6,2026-07-23T19:07:51Z,anp,few_shot,2,rmse,0.3492427751129748,0.6688428664395538,0.3329649382946538,0.6104571174874662,124.83467698097228,0.3013896942138672,0.2879519462585449,,,,,,,,,,,,410.0,0.003757960087271,0.0001718980674331,,,,,
anp-few_shot-log_count-seed2,rqpceoa4,2026-07-23T18:28:26Z,anp,few_shot,2,rmse,0.3737478817210478,0.680859133008612,0.3713655957988664,0.671740870715182,116.9914493560791,0.3198716640472412,0.3641018867492676,,,,,,,,,,,,400.0,0.1583450076165329,0.000114232541556,,,,,
anp-few_shot-log_count-seed2,rz8puzvw,2026-07-23T19:12:28Z,anp,few_shot,2,rmse,0.3408098407820159,0.6575331169903693,0.3414549883674173,0.6512220298947637,136.90134239196777,0.3817276954650879,0.3535091876983642,,,,,,,,,,,,451.0,0.1887496157029248,0.0002310152225018,,,,,
anp-few_shot-log_count-seed2,t0tjlsb4,2026-07-23T18:25:27Z,anp,few_shot,2,rmse,0.4087416704963235,0.766713230067382,0.3982952641505821,0.7374676048059969,155.88867449760437,0.2984395027160644,0.3143422603607178,,,,,,,,,,,,522.0,0.1927325521002058,5.846326121643416e-05,,,,,
anp-few_shot-log_count-seed2,u5z710h7,2026-07-23T18:52:28Z,anp,few_shot,2,rmse,0.341522216796875,0.6188816195525095,0.3545887068206189,0.6376969530035522,103.45924019813538,0.2658746242523193,0.2951924800872803,,,,,,,,,,,,349.0,0.0236548851737866,0.0001904767808428,,,,,
anp-few_shot-log_count-seed2,v6yb1r7o,2026-07-23T19:34:59Z,anp,few_shot,2,rmse,0.429855406518076,0.783550443852408,0.4134275847790288,0.7405319819098253,119.91329264640808,0.332005500793457,0.2769038677215576,,,,,,,,,,,,399.0,0.1140393540835759,7.537078298264379e-05,,,,,
anp-few_shot-log_count-seed2,zb2ctg56,2026-07-23T19:10:03Z,anp,few_shot,2,rmse,0.3507819381414675,0.6762013444538216,0.3397435805376838,0.6334006262979878,131.27672386169434,0.2819783687591553,0.2336292266845703,,,,,,,,,,,,439.0,0.1224191445444842,0.0001713436419711,,,,,
anp-few_shot-log_count-seed3,0vm15djk,2026-07-23T23:00:27Z,anp,few_shot,3,rmse,0.3046201361735107,0.5295821198550695,0.3106111961965666,0.543467036574496,525.4692187309265,0.2257862091064453,0.2247354984283447,,,,,,,,,,,,1530.0,0.0317939167291039,1.6624564693643617e-05,,,,,
anp-few_shot-log_count-seed3,1lr312u1,2026-07-23T21:37:53Z,anp,few_shot,3,rmse,0.2568625300855247,0.4608293603344708,0.2612449516684322,0.4767842866004579,161.66155242919922,0.2569823265075683,0.2515900135040283,,,,,,,,,,,,447.0,0.003757960087271,0.0001718980674331,,,,,
anp-few_shot-log_count-seed3,2mtzmuqe,2026-07-23T22:31:22Z,anp,few_shot,3,rmse,0.2598789933909209,0.4972223898622522,0.2607502808955945,0.4872112016511739,921.716693162918,0.2375059127807617,0.2231595516204834,,,,,,,,,,,,2734.0,0.0417753512189669,2.1019338091154404e-05,,,,,
anp-few_shot-log_count-seed3,2wlzf0fg,2026-07-23T22:22:37Z,anp,few_shot,3,rmse,0.3107720904668806,0.5175271907047047,0.321685791015625,0.546934566588683,148.56591868400574,0.2551717758178711,0.269303560256958,,,,,,,,,,,,395.0,0.1140393540835759,7.537078298264379e-05,,,,,
anp-few_shot-log_count-seed3,3pmgtkfj,2026-07-23T21:32:59Z,anp,few_shot,3,rmse,0.2530618137043946,0.4921810128571714,0.2513945894250841,0.4919898483215884,289.6933331489563,0.2783567905426025,0.2807939052581787,,,,,,,,,,,,792.0,0.0912300664433097,0.0001370464839284,,,,,
anp-few_shot-log_count-seed3,51scl2p6,2026-07-23T21:40:40Z,anp,few_shot,3,rmse,0.3019264350503178,0.5123264762254744,0.3058993186456256,0.5248893045598036,118.45097613334656,0.2172026634216309,0.2409517765045166,,,,,,,,,,,,322.0,0.1224191445444842,0.0001713436419711,,,,,
anp-few_shot-log_count-seed3,58kiv8g4,2026-07-23T21:18:08Z,anp,few_shot,3,rmse,0.2514250765769099,0.4717646263546578,0.2466920831743052,0.4778822951979602,310.09942150115967,0.3462417125701904,0.3010051250457763,,,,,,,,,,,,827.0,0.0286706574818092,0.0007750644796341,,,,,
anp-few_shot-log_count-seed3,5jfyv7a0,2026-07-23T20:32:53Z,anp,few_shot,3,rmse,0.3152456996685724,0.5316922274412841,0.3225013679664132,0.5485149856278299,194.52523469924927,0.4320857524871826,0.3900558948516845,,,,,,,,,,,,476.0,0.1927325521002058,5.846326121643416e-05,,,,,
anp-few_shot-log_count-seed3,60fn1kxn,2026-07-23T20:18:52Z,anp,few_shot,3,rmse,0.2735421360430427,0.4911042534849948,0.270256308710587,0.4833610313432497,155.65180015563965,0.3622152805328369,0.2812638282775879,,,,,,,,,,,,360.0,0.1097627007854649,0.0002693883019285,,,,,
anp-few_shot-log_count-seed3,670r1nw1,2026-07-23T22:25:12Z,anp,few_shot,3,rmse,0.3846481186323841,0.6711232627458829,0.3768794325032714,0.6458142622451921,252.4835889339447,0.250129222869873,0.248115062713623,,,,,,,,,,,,664.0,0.1976747676118452,1.5998881492631487e-05,,,,,
anp-few_shot-log_count-seed3,7ify9lb1,2026-07-23T21:07:29Z,anp,few_shot,3,rmse,0.2634610207463547,0.4918630858164429,0.2584721421672482,0.4892463759021682,221.075129032135,0.3090431690216064,0.3621749877929687,,,,,,,,,,,,558.0,0.1957236684465528,0.0003965675081771,,,,,
anp-few_shot-log_count-seed3,7p59wbsi,2026-07-23T21:13:32Z,anp,few_shot,3,rmse,0.231391640508163,0.4512410505295862,0.226502210288081,0.4526716411369061,264.77834701538086,0.3031647205352783,0.3179285526275635,,,,,,,,,,,,693.0,0.0236548851737866,0.0001904767808428,,,,,
anp-few_shot-log_count-seed3,812qowqg,2026-07-23T20:36:13Z,anp,few_shot,3,rmse,0.2633413541114936,0.4843165374685831,0.2703308835699931,0.5052266102562532,305.9289917945862,0.3723938465118408,0.3501679897308349,,,,,,,,,,,,729.0,0.1583450076165329,0.000114232541556,,,,,
anp-few_shot-log_count-seed3,br8xlz8x,2026-07-23T22:07:54Z,anp,few_shot,3,rmse,0.3088278195199557,0.5489191808877673,0.3074834334885967,0.5386504455505046,560.4214961528778,0.2798221111297607,0.3427121639251709,,,,,,,,,,,,1530.0,0.0420765122147681,1.810725406663106e-05,,,,,
anp-few_shot-log_count-seed3,ct76pml2,2026-07-23T21:23:23Z,anp,few_shot,3,rmse,0.302823524056736,0.5159752902908158,0.3097928808788478,0.5329525416331085,172.55136704444885,0.2038171291351318,0.1952824592590332,,,,,,,,,,,,495.0,0.1043696643500143,6.75031252159592e-05,,,,,
anp-few_shot-log_count-seed3,ex43kona,2026-07-23T21:45:57Z,anp,few_shot,3,rmse,0.2527589807481851,0.4738930606061045,0.2578795899897962,0.4984038915517461,331.47117948532104,0.2739129066467285,0.2972826957702636,,,,,,,,,,,,923.0,0.1887496157029248,0.0002310152225018,,,,,
anp-few_shot-log_count-seed3,i3g46qu1,2026-07-23T20:58:30Z,anp,few_shot,3,rmse,0.2322750528930785,0.4428022169848757,0.2276686785347083,0.4390598048123852,179.28051924705505,0.3293380737304687,0.3365888595581054,,,,,,,,,,,,422.0,0.0040436794880651,0.0004626362841475,,,,,
anp-few_shot-log_count-seed3,j2tvblnl,2026-07-23T23:09:18Z,anp,few_shot,3,rmse,0.3683173501955072,0.6248629703251444,0.3563475832268818,0.5924045610944881,197.110276222229,0.2119314670562744,0.1791305541992187,,,,,,,,,,,,585.0,0.1312659178930547,1.889582693802601e-05,,,,,
anp-few_shot-log_count-seed3,j4jp7adv,2026-07-23T21:11:17Z,anp,few_shot,3,rmse,0.2629399095194884,0.4735603277218054,0.2623610491766887,0.472604521974195,130.47776746749878,0.346240758895874,0.3274240493774414,,,,,,,,,,,,332.0,0.0922958724505863,0.0003639639356786,,,,,
anp-few_shot-log_count-seed3,laze9k1e,2026-07-23T20:29:20Z,anp,few_shot,3,rmse,0.2566130040055614,0.5029576379135217,0.2448369917104156,0.4711903213509808,165.2784743309021,0.3002371788024902,0.2855889797210693,,,,,,,,,,,,447.0,0.0875174422525385,0.0006074996073425,,,,,
anp-few_shot-log_count-seed3,ln7u1f41,2026-07-23T21:01:35Z,anp,few_shot,3,rmse,0.246703036642027,0.466510726044253,0.2567285022374283,0.5012639388614418,198.2865188121796,0.2762508392333984,0.2735593318939209,,,,,,,,,,,,491.0,0.1556313501899701,0.0005495716186411,,,,,
anp-few_shot-log_count-seed3,pdb2qhu3,2026-07-23T21:54:38Z,anp,few_shot,3,rmse,0.300722222979499,0.5093294516536302,0.3110050950663634,0.5373922538589712,177.422856092453,0.2797496318817138,0.2469635009765625,,,,,,,,,,,,473.0,0.0719015801147572,7.4827960376208e-05,,,,,
anp-few_shot-log_count-seed3,pm0mkpmw,2026-07-23T21:57:48Z,anp,few_shot,3,rmse,0.385306787158057,0.6482372618608029,0.3770337851192516,0.6265394899878839,224.71148347854617,0.2969069480895996,0.2460768222808838,,,,,,,,,,,,615.0,0.1395262391854529,1.3196262418422204e-05,,,,,
anp-few_shot-log_count-seed3,q23v1kch,2026-07-23T22:54:48Z,anp,few_shot,3,rmse,0.3133866832120825,0.5472977151748722,0.3202816781588827,0.5695098837204632,304.5929551124573,0.3040521144866943,0.2864959239959717,,,,,,,,,,,,898.0,0.0932621545712612,3.082131641442947e-05,,,,,
anp-few_shot-log_count-seed3,r4mnlyf3,2026-07-23T22:17:26Z,anp,few_shot,3,rmse,0.2860940493947844,0.5212356282023528,0.2766852031795239,0.4845796677475969,304.52757143974304,0.2545216083526611,0.2517650127410888,,,,,,,,,,,,830.0,0.0630856701848367,5.338528208876637e-05,,,,,
anp-few_shot-log_count-seed3,rncqwbyn,2026-07-23T20:47:19Z,anp,few_shot,3,rmse,0.2997962289888148,0.5076303363720037,0.3096391367888522,0.5324256829237114,665.8701074123383,0.332115888595581,0.3393685817718506,,,,,,,,,,,,1610.0,0.0142072116395773,1.4936835544198446e-05,,,,,
anp-few_shot-log_count-seed3,rv0bggs2,2026-07-23T22:47:01Z,anp,few_shot,3,rmse,0.2824247594131667,0.5059638664860006,0.2845376833367086,0.5118192501941665,461.1925930976868,0.2199208736419677,0.2304320335388183,,,,,,,,,,,,1353.0,0.1306216650930796,3.210577849550394e-05,,,,,
anp-few_shot-log_count-seed3,soi8zg7q,2026-07-23T21:26:21Z,anp,few_shot,3,rmse,0.2401363414638895,0.4448362786886659,0.2337243944436222,0.4408798379731042,315.7547326087952,0.2536542415618896,0.3036143779754638,,,,,,,,,,,,897.0,0.0529111224209254,0.0003535634629148,,,,,
anp-few_shot-log_count-seed3,tjjg7scz,2026-07-23T22:01:41Z,anp,few_shot,3,rmse,0.2404245850096196,0.4629783436568547,0.2344384084075897,0.4651663605261473,316.15565824508667,0.2702877521514892,0.2959630489349365,,,,,,,,,,,,843.0,0.1333533430891335,0.00021941976179,,,,,
anp-few_shot-log_count-seed3,ty1gloiz,2026-07-23T20:42:36Z,anp,few_shot,3,rmse,0.2411849838667591,0.4453696869377583,0.2364931268207097,0.4443024656936021,227.56828808784485,0.2901332378387451,0.2569303512573242,,,,,,,,,,,,552.0,0.1136089122187864,0.0007098936257405,,,,,
anp-few_shot-log_count-seed3,wol33sc5,2026-07-23T20:25:35Z,anp,few_shot,3,rmse,0.2566270305295052,0.4684564136299523,0.2653676543611353,0.4933850171001793,179.77371525764465,0.3752646446228027,0.3307857513427734,,,,,,,,,,,,453.0,0.0847309598677809,0.0001957889720121,,,,,
anp-few_shot-log_count-seed3,yqpukao0,2026-07-23T20:21:35Z,anp,few_shot,3,rmse,0.3186356153706848,0.5474136217890678,0.3208326680115902,0.5524144097540884,132.9280309677124,0.2327637672424316,0.2583363056182861,,,,,,,,,,,,342.0,0.1205526752143287,0.0001229607110732,,,,,
anp-few_shot-log_count-seed4,10akl4sy,2026-07-23T18:18:40Z,anp,few_shot,4,rmse,0.2836914703625591,0.4711450857698362,0.2789262663119684,0.4542695023436068,141.05281925201416,0.2636280059814453,0.2986049652099609,,,,,,,,,,,,321.0,0.1205526752143287,0.0001229607110732,,,,,
anp-few_shot-log_count-seed4,10qm6kce,2026-07-23T19:16:57Z,anp,few_shot,4,rmse,0.2244657308113675,0.4325732859842618,0.2022603759059199,0.3885755027818741,257.3105523586273,0.248518705368042,0.2627098560333252,,,,,,,,,,,,573.0,0.1224191445444842,0.0001713436419711,,,,,
anp-few_shot-log_count-seed4,1lou90eh,2026-07-23T18:51:49Z,anp,few_shot,4,rmse,0.2309648529822085,0.4407652154581885,0.2086796281198976,0.3872673689523551,169.96393275260925,0.2497487068176269,0.2924165725708008,,,,,,,,,,,,392.0,0.1957236684465528,0.0003965675081771,,,,,
anp-few_shot-log_count-seed4,22wf92it,2026-07-23T20:06:36Z,anp,few_shot,4,rmse,0.295009709205948,0.4820286990219814,0.2785050069213544,0.4278633987135424,298.2709193229676,0.2835352420806885,0.2748312950134277,,,,,,,,,,,,677.0,0.0417753512189669,2.1019338091154404e-05,,,,,
anp-few_shot-log_count-seed4,8x2bq2id,2026-07-23T18:46:00Z,anp,few_shot,4,rmse,0.2366894313267299,0.4658143482708683,0.209022480848605,0.4084551500602978,151.63805270195007,0.173323392868042,0.2308979034423828,,,,,,,,,,,,371.0,0.0040436794880651,0.0004626362841475,,,,,
anp-few_shot-log_count-seed4,9r912dvx,2026-07-23T19:12:03Z,anp,few_shot,4,rmse,0.2855554789054293,0.4839016735323392,0.2704858618438559,0.4382128275952598,128.88763999938965,0.1988575458526611,0.2084345817565918,,,,,,,,,,,,321.0,0.0912300664433097,0.0001370464839284,,,,,
anp-few_shot-log_count-seed4,azy480wg,2026-07-23T18:48:47Z,anp,few_shot,4,rmse,0.2516060997458065,0.4555620758266477,0.2567719964123277,0.4589192390297257,122.19861936569214,0.1973514556884765,0.2444052696228027,,,,,,,,,,,,281.0,0.1556313501899701,0.0005495716186411,,,,,
anp-few_shot-log_count-seed4,bge8q3yk,2026-07-23T19:48:48Z,anp,few_shot,4,rmse,0.2589161335921087,0.4556293520522954,0.2424769714395836,0.4118983472270985,279.2269115447998,0.2400658130645752,0.22188401222229,,,,,,,,,,,,637.0,0.0630856701848367,5.338528208876637e-05,,,,,
anp-few_shot-log_count-seed4,c2qi6im7,2026-07-23T20:21:25Z,anp,few_shot,4,rmse,0.3015430995396205,0.4830808671289616,0.2861133398833098,0.4327438588375158,281.4151453971863,0.2345418930053711,0.2252790927886963,,,,,,,,,,,,677.0,0.0317939167291039,1.6624564693643617e-05,,,,,
anp-few_shot-log_count-seed4,csrqn9zr,2026-07-23T19:09:34Z,anp,few_shot,4,rmse,0.2604157904616925,0.4312835803012781,0.2551523667794687,0.4235653664086807,115.24069952964784,0.2527482509613037,0.2328054904937744,,,,,,,,,,,,259.0,0.0529111224209254,0.0003535634629148,,,,,
anp-few_shot-log_count-seed4,frdrce7a,2026-07-23T20:11:39Z,anp,few_shot,4,rmse,0.2885267113437171,0.4844564708902177,0.2738316419894102,0.440281084399352,272.37377285957336,0.1806151866912841,0.177164077758789,,,,,,,,,,,,677.0,0.1306216650930796,3.210577849550394e-05,,,,,
anp-few_shot-log_count-seed4,g52qk11r,2026-07-23T19:02:53Z,anp,few_shot,4,rmse,0.2088957393870634,0.4277104374734753,0.189018897909336,0.4054371450531454,202.2323875427246,0.2010688781738281,0.2401387691497802,,,,,,,,,,,,454.0,0.0286706574818092,0.0007750644796341,,,,,
anp-few_shot-log_count-seed4,goc9ba4l,2026-07-23T18:40:28Z,anp,few_shot,4,rmse,0.296427334056181,0.4644140309115797,0.2799354992215596,0.416858462949267,324.8610610961914,0.1757092475891113,0.1919515132904052,,,,,,,,,,,,751.0,0.0142072116395773,1.4936835544198446e-05,,,,,
anp-few_shot-log_count-seed4,hvircc16,2026-07-23T18:21:10Z,anp,few_shot,4,rmse,0.2503924650304457,0.4810804429404698,0.2264076550801595,0.4236794327932737,205.32137775421145,0.223834753036499,0.2225589752197265,,,,,,,,,,,,466.0,0.0847309598677809,0.0001957889720121,,,,,
anp-few_shot-log_count-seed4,klc96ew9,2026-07-23T19:28:37Z,anp,few_shot,4,rmse,0.2893829345703125,0.4910148473506813,0.2703262699974907,0.4345125759740038,575.8127162456512,0.2654101848602295,0.2417976856231689,,,,,,,,,,,,1338.0,0.1395262391854529,1.3196262418422204e-05,,,,,
anp-few_shot-log_count-seed4,kyw4a3bn,2026-07-23T19:22:11Z,anp,few_shot,4,rmse,0.2428128218450466,0.471718986355257,0.2165874445879901,0.4104233409940319,219.38122653961184,0.2249372005462646,0.2312250137329101,,,,,,,,,,,,504.0,0.1887496157029248,0.0002310152225018,,,,,
anp-few_shot-log_count-seed4,l35ulfs0,2026-07-23T20:26:27Z,anp,few_shot,4,rmse,0.2734549706723509,0.4750609554243863,0.2525056379812735,0.4103598117044113,547.1154170036316,0.2358121871948242,0.2559618949890136,,,,,,,,,,,,1310.0,0.1312659178930547,1.889582693802601e-05,,,,,
anp-few_shot-log_count-seed4,mbmpt7bt,2026-07-23T19:14:17Z,anp,few_shot,4,rmse,0.2605722090777229,0.4772071188755198,0.2279594759461741,0.3705729821734518,154.45946145057678,0.3035812377929687,0.3206710815429687,,,,,,,,,,,,357.0,0.003757960087271,0.0001718980674331,,,,,
anp-few_shot-log_count-seed4,o07dw6pj,2026-07-23T19:41:21Z,anp,few_shot,4,rmse,0.2788439838826155,0.4666353255762383,0.2603520875254636,0.4163206753522017,442.0223970413208,0.1928348541259765,0.2035262584686279,,,,,,,,,,,,1027.0,0.0420765122147681,1.810725406663106e-05,,,,,
anp-few_shot-log_count-seed4,oqmkbz7c,2026-07-23T19:56:22Z,anp,few_shot,4,rmse,0.299838570987477,0.5154305220377039,0.2848736137309402,0.4635539167412777,509.8435196876526,0.2464203834533691,0.2449140548706054,,,,,,,,,,,,1186.0,0.1976747676118452,1.5998881492631487e-05,,,,,
anp-few_shot-log_count-seed4,pdkxy2h4,2026-07-23T18:37:11Z,anp,few_shot,4,rmse,0.2127665671981683,0.4366803456332753,0.1796925971116969,0.3904733833532006,192.4955611228943,0.218571662902832,0.2122857570648193,,,,,,,,,,,,446.0,0.1136089122187864,0.0007098936257405,,,,,
anp-few_shot-log_count-seed4,pp7c9gvm,2026-07-23T19:53:33Z,anp,few_shot,4,rmse,0.2910458220153296,0.4833522217838205,0.2808120904145417,0.4485336194439434,164.33721685409546,0.1901321411132812,0.2079336643218994,,,,,,,,,,,,373.0,0.1140393540835759,7.537078298264379e-05,,,,,
anp-few_shot-log_count-seed4,qdev8xdq,2026-07-23T18:34:18Z,anp,few_shot,4,rmse,0.2659370358250722,0.4690083130022342,0.2475714799588319,0.4155062319541679,167.8747260570526,0.1865096092224121,0.1844635009765625,,,,,,,,,,,,402.0,0.1583450076165329,0.000114232541556,,,,,
anp-few_shot-log_count-seed4,qgzbquqd,2026-07-23T18:59:54Z,anp,few_shot,4,rmse,0.2446455755153624,0.4540548403512613,0.2197995536541812,0.3874811522383439,169.56691312789917,0.2318477630615234,0.2692630290985107,,,,,,,,,,,,396.0,0.0236548851737866,0.0001904767808428,,,,,
anp-few_shot-log_count-seed4,sv6ozcs1,2026-07-23T19:25:56Z,anp,few_shot,4,rmse,0.2929198641736968,0.487528992646323,0.278099830062301,0.4393748376808453,156.35292553901672,0.2563996315002441,0.2510209083557129,,,,,,,,,,,,355.0,0.0719015801147572,7.4827960376208e-05,,,,,
anp-few_shot-log_count-seed4,tox8o4jp,2026-07-23T18:15:11Z,anp,few_shot,4,rmse,0.2468619787392496,0.4694439594575375,0.227566330521195,0.4291230740699591,195.8893449306488,0.2380132675170898,0.2603633403778076,,,,,,,,,,,,427.0,0.1097627007854649,0.0002693883019285,,,,,
anp-few_shot-log_count-seed4,wbok6by0,2026-07-23T18:54:51Z,anp,few_shot,4,rmse,0.222298245470063,0.44727091502011,0.1907537647025295,0.4030619315848871,298.00965332984924,0.2706556320190429,0.2621247768402099,,,,,,,,,,,,684.0,0.0922958724505863,0.0003639639356786,,,,,
anp-few_shot-log_count-seed4,wxd567ik,2026-07-23T18:28:21Z,anp,few_shot,4,rmse,0.2750228433048023,0.4698473430589006,0.2589544884111515,0.4200001197799728,242.12452006340027,0.2400853633880615,0.2499041557312011,,,,,,,,,,,,558.0,0.1927325521002058,5.846326121643416e-05,,,,,
anp-few_shot-log_count-seed4,x8czzrv3,2026-07-23T18:24:45Z,anp,few_shot,4,rmse,0.2242329060530462,0.4531234234688256,0.1907265062685366,0.3784085767206331,167.76504921913147,0.2636942863464355,0.2607421875,,,,,,,,,,,,385.0,0.0875174422525385,0.0006074996073425,,,,,
anp-few_shot-log_count-seed4,yhktlpqx,2026-07-23T19:38:17Z,anp,few_shot,4,rmse,0.2692850577731092,0.4660936018502027,0.2498494133116707,0.4112386352172108,128.3022186756134,0.2253482341766357,0.2174041271209716,,,,,,,,,,,,301.0,0.1333533430891335,0.00021941976179,,,,,
anp-few_shot-log_count-seed4,zf1t7o56,2026-07-23T19:06:21Z,anp,few_shot,4,rmse,0.2806312496922597,0.4666284813917546,0.2713855728270515,0.4377303672139658,187.93097949028007,0.1995849609375,0.2424371242523193,,,,,,,,,,,,435.0,0.1043696643500143,6.75031252159592e-05,,,,,
anp-few_shot-log_count-seed4,zqms6ywd,2026-07-23T20:16:17Z,anp,few_shot,4,rmse,0.2857080667960543,0.4836946462225627,0.2675378683382872,0.4344742628340868,303.365594625473,0.2309482097625732,0.227733850479126,,,,,,,,,,,,712.0,0.0932621545712612,3.082131641442947e-05,,,,,
gbm_group_cat-in_context-log_count-seed0,0eb7x1lh,2026-07-20T07:53:49Z,gbm_group_cat,in_context,0,rmse,,0.5377427990495945,,0.5316036394993383,,,,,500.0,,,,,,,,,,,,0.0474589257602997,0.0,10.0,2.0,500.0,-1.0
gbm_group_cat-in_context-log_count-seed0,0o9x48a1,2026-07-20T07:52:39Z,gbm_group_cat,in_context,0,rmse,,0.3991143874115622,,0.3933902292923098,,,,,500.0,,,,,,,,,,,,0.0490572683068294,0.0,100.0,4.0,500.0,-1.0
gbm_group_cat-in_context-log_count-seed0,0zkyf8rf,2026-07-20T07:55:47Z,gbm_group_cat,in_context,0,rmse,,0.6884186128244679,,0.6569669720754725,,,,,500.0,,,,,,,,,,,,0.0310546307698111,0.0,1000.0,16.0,1000.0,-1.0
gbm_group_cat-in_context-log_count-seed0,265uz1pt,2026-07-20T07:56:20Z,gbm_group_cat,in_context,0,rmse,,0.6408507420997943,,0.6157854596705311,,,,,500.0,,,,,,,,,,,,0.0814494767975024,0.0,1000.0,8.0,255.0,-1.0
gbm_group_cat-in_context-log_count-seed0,2ed6zrtw,2026-07-20T07:55:09Z,gbm_group_cat,in_context,0,rmse,,0.377915987234619,,0.3757266250096137,,,,,500.0,,,,,,,,,,,,0.0634627667122372,0.0,10.0,4.0,1000.0,-1.0
gbm_group_cat-in_context-log_count-seed0,5jt609bq,2026-07-20T07:52:12Z,gbm_group_cat,in_context,0,rmse,,0.6043414149434844,,0.5866062405965174,,,,,500.0,,,,,,,,,,,,0.2090966500355389,1.0,1000.0,64.0,1000.0,-1.0
gbm_group_cat-in_context-log_count-seed0,690aqr90,2026-07-20T07:54:37Z,gbm_group_cat,in_context,0,rmse,,0.6856467641958234,,0.65343454264404,,,,,500.0,,,,,,,,,,,,0.0330251750818893,1.0,1000.0,4.0,255.0,-1.0
gbm_group_cat-in_context-log_count-seed0,883s2ind,2026-07-20T07:54:27Z,gbm_group_cat,in_context,0,rmse,,0.6836260513853121,,0.6512463464301881,,,,,500.0,,,,,,,,,,,,0.0347260839230521,0.0,1000.0,32.0,500.0,-1.0
gbm_group_cat-in_context-log_count-seed0,92kcte9d,2026-07-20T07:53:24Z,gbm_group_cat,in_context,0,rmse,,0.423378132721835,,0.4192250646963277,,,,,500.0,,,,,,,,,,,,0.0235110426118622,0.0,20.0,4.0,1000.0,-1.0
gbm_group_cat-in_context-log_count-seed0,bffjhlx2,2026-07-20T07:53:07Z,gbm_group_cat,in_context,0,rmse,,0.2858434386129906,,0.2892880904071215,,,,,377.0,,,,,,,,,,,,0.1183473185096848,1.0,20.0,32.0,255.0,-1.0
gbm_group_cat-in_context-log_count-seed0,c4y3tu24,2026-07-20T07:50:27Z,gbm_group_cat,in_context,0,rmse,,0.3634643475040463,,0.3521012333061781,,,,,500.0,,,,,,,,,,,,0.1252065381499946,0.0,100.0,4.0,255.0,-1.0
gbm_group_cat-in_context-log_count-seed0,csqm4k63,2026-07-20T07:55:57Z,gbm_group_cat,in_context,0,rmse,,0.3979813059988559,,0.4212840611365063,,,,,37.0,,,,,,,,,,,,0.8668489138169221,0.0,10.0,32.0,1000.0,-1.0
gbm_group_cat-in_context-log_count-seed0,hkm4wn8f,2026-07-20T07:51:40Z,gbm_group_cat,in_context,0,rmse,,0.3371872150958203,,0.3355573268310052,,,,,500.0,,,,,,,,,,,,0.0432480329052877,0.0,10.0,8.0,255.0,-1.0
gbm_group_cat-in_context-log_count-seed0,hqt8u3ru,2026-07-20T07:51:19Z,gbm_group_cat,in_context,0,rmse,,0.3968215155676586,,0.394937301721936,,,,,500.0,,,,,,,,,,,,0.0427421832403684,1.0,20.0,4.0,500.0,-1.0
gbm_group_cat-in_context-log_count-seed0,i6gfvvpm,2026-07-20T07:51:09Z,gbm_group_cat,in_context,0,rmse,,0.6395470098236415,,0.6153793912548431,,,,,500.0,,,,,,,,,,,,0.0817147891511586,0.0,1000.0,16.0,255.0,-1.0
gbm_group_cat-in_context-log_count-seed0,j0i4pguw,2026-07-20T07:52:22Z,gbm_group_cat,in_context,0,rmse,,0.4652583469675891,,0.4577321171939652,,,,,499.0,,,,,,,,,,,,0.4096264371525448,0.0,100.0,2.0,255.0,-1.0
gbm_group_cat-in_context-log_count-seed0,jtggduwt,2026-07-20T07:56:00Z,gbm_group_cat,in_context,0,rmse,,0.5682944864672731,,0.56002113896869,,,,,500.0,,,,,,,,,,,,0.0298960963897528,1.0,20.0,2.0,500.0,-1.0
gbm_group_cat-in_context-log_count-seed0,ljkag3pp,2026-07-20T07:54:16Z,gbm_group_cat,in_context,0,rmse,,0.6510510061100877,,0.6226182456356777,,,,,499.0,,,,,,,,,,,,0.0652352517670139,0.0,1000.0,16.0,500.0,-1.0
gbm_group_cat-in_context-log_count-seed0,mftpet4d,2026-07-20T07:53:36Z,gbm_group_cat,in_context,0,rmse,,0.3278117917865918,,0.3439846252422232,,,,,73.0,,,,,,,,,,,,0.5342090140143507,1.0,20.0,32.0,500.0,-1.0
gbm_group_cat-in_context-log_count-seed0,mumimf9t,2026-07-20T07:50:38Z,gbm_group_cat,in_context,0,rmse,,0.3272035179935886,,0.336565233474203,,,,,500.0,,,,,,,,,,,,0.0109758154193801,0.0,20.0,32.0,1000.0,-1.0
gbm_group_cat-in_context-log_count-seed0,mvxj9jd2,2026-07-20T07:52:29Z,gbm_group_cat,in_context,0,rmse,,0.3246042580681075,,0.3212032116934199,,,,,491.0,,,,,,,,,,,,0.2482318741925865,1.0,20.0,4.0,500.0,-1.0
gbm_group_cat-in_context-log_count-seed0,npk917lj,2026-07-20T07:53:58Z,gbm_group_cat,in_context,0,rmse,,0.2968005292025423,,0.2967866217691721,,,,,490.0,,,,,,,,,,,,0.0988058664639341,0.0,20.0,16.0,255.0,-1.0
gbm_group_cat-in_context-log_count-seed0,o6e1kbip,2026-07-20T07:55:23Z,gbm_group_cat,in_context,0,rmse,,0.3502663714306255,,0.3469558295135824,,,,,500.0,,,,,,,,,,,,0.0182856525100933,1.0,100.0,16.0,1000.0,-1.0
gbm_group_cat-in_context-log_count-seed0,os5tfwtf,2026-07-20T07:54:56Z,gbm_group_cat,in_context,0,rmse,,0.3537987709520958,,0.3538307781560542,,,,,241.0,,,,,,,,,,,,0.6428191198097525,1.0,20.0,8.0,500.0,-1.0
gbm_group_cat-in_context-log_count-seed0,q39ug7g5,2026-07-20T07:53:40Z,gbm_group_cat,in_context,0,rmse,,0.4963603201643018,,0.492632153609562,,,,,500.0,,,,,,,,,,,,0.1271700786387963,1.0,10.0,2.0,500.0,-1.0
gbm_group_cat-in_context-log_count-seed0,q5g3xshm,2026-07-20T07:54:48Z,gbm_group_cat,in_context,0,rmse,,0.5177395488322885,,0.5135780715471776,,,,,499.0,,,,,,,,,,,,0.0725779803885817,1.0,10.0,2.0,500.0,-1.0
gbm_group_cat-in_context-log_count-seed0,qdi2jc7q,2026-07-20T07:56:08Z,gbm_group_cat,in_context,0,rmse,,0.4626074255256823,,0.4545199180836038,,,,,500.0,,,,,,,,,,,,0.013859244495551,0.0,100.0,4.0,500.0,-1.0
gbm_group_cat-in_context-log_count-seed0,tne083h1,2026-07-20T07:51:54Z,gbm_group_cat,in_context,0,rmse,,0.7410425486352318,,0.7018919800463005,,,,,499.0,,,,,,,,,,,,0.1489449797127196,1.0,1000.0,2.0,255.0,-1.0
gbm_group_cat-in_context-log_count-seed0,vx6o4r0z,2026-07-20T07:52:02Z,gbm_group_cat,in_context,0,rmse,,0.5941779942936334,,0.5763013178917037,,,,,499.0,,,,,,,,,,,,0.250587007964955,1.0,1000.0,16.0,255.0,-1.0
gbm_group_cat-in_context-log_count-seed0,xlxvu6wk,2026-07-20T07:55:02Z,gbm_group_cat,in_context,0,rmse,,0.3192843783834975,,0.319484919334318,,,,,219.0,,,,,,,,,,,,0.4380606481501048,0.0,20.0,32.0,255.0,-1.0
gbm_group_cat-in_context-log_count-seed0,xx4okgke,2026-07-20T07:51:30Z,gbm_group_cat,in_context,0,rmse,,0.6992272488009313,,0.6690748344290213,,,,,500.0,,,,,,,,,,,,0.0247266182197764,1.0,1000.0,4.0,500.0,-1.0
gbm_group_cat-in_context-log_count-seed0,z8x7j4g1,2026-07-20T07:52:51Z,gbm_group_cat,in_context,0,rmse,,0.3607572853235291,,0.3584118940558661,,,,,500.0,,,,,,,,,,,,0.0235714344093274,0.0,10.0,8.0,500.0,-1.0
gbm_group_cat-in_context-log_count-seed1,15dijxqa,2026-07-20T08:02:01Z,gbm_group_cat,in_context,1,rmse,,0.3191617989920582,,0.3311588104584952,,,,,114.0,,,,,,,,,,,,0.5342090140143507,1.0,20.0,32.0,500.0,-1.0
gbm_group_cat-in_context-log_count-seed1,4iqtyj0p,2026-07-20T08:03:43Z,gbm_group_cat,in_context,1,rmse,,0.3459938392442288,,0.3303091628077284,,,,,500.0,,,,,,,,,,,,0.0182856525100933,1.0,100.0,16.0,1000.0,-1.0
gbm_group_cat-in_context-log_count-seed1,5i355fly,2026-07-20T08:02:15Z,gbm_group_cat,in_context,1,rmse,,0.5435296973748891,,0.531074270074572,,,,,500.0,,,,,,,,,,,,0.0474589257602997,0.0,10.0,2.0,500.0,-1.0
gbm_group_cat-in_context-log_count-seed1,5zivz1sl,2026-07-20T08:04:18Z,gbm_group_cat,in_context,1,rmse,,0.4043549543148651,,0.3977158785538757,,,,,25.0,,,,,,,,,,,,0.8668489138169221,0.0,10.0,32.0,1000.0,-1.0
gbm_group_cat-in_context-log_count-seed1,96qv5dao,2026-07-20T08:03:21Z,gbm_group_cat,in_context,1,rmse,,0.3392500664444763,,0.345046865082189,,,,,276.0,,,,,,,,,,,,0.6428191198097525,1.0,20.0,8.0,500.0,-1.0
gbm_group_cat-in_context-log_count-seed1,ambbpwzo,2026-07-20T08:04:41Z,gbm_group_cat,in_context,1,rmse,,0.6361309003374741,,0.6250294572953192,,,,,500.0,,,,,,,,,,,,0.0814494767975024,0.0,1000.0,8.0,255.0,-1.0
gbm_group_cat-in_context-log_count-seed1,awym77r0,2026-07-20T08:01:50Z,gbm_group_cat,in_context,1,rmse,,0.4170083365188069,,0.4101792273168868,,,,,500.0,,,,,,,,,,,,0.0235110426118622,0.0,20.0,4.0,1000.0,-1.0
gbm_group_cat-in_context-log_count-seed1,b3n9alhe,2026-07-20T08:01:21Z,gbm_group_cat,in_context,1,rmse,,0.2741263781275991,,0.2884984725684826,,,,,499.0,,,,,,,,,,,,0.1183473185096848,1.0,20.0,32.0,255.0,-1.0
gbm_group_cat-in_context-log_count-seed1,bxmeeicp,2026-07-20T07:59:45Z,gbm_group_cat,in_context,1,rmse,,0.6916371299355751,,0.6787849168778449,,,,,500.0,,,,,,,,,,,,0.0247266182197764,1.0,1000.0,4.0,500.0,-1.0
gbm_group_cat-in_context-log_count-seed1,dj9k1ol1,2026-07-20T07:59:24Z,gbm_group_cat,in_context,1,rmse,,0.6351787895046384,,0.6241945294008936,,,,,500.0,,,,,,,,,,,,0.0817147891511586,0.0,1000.0,16.0,255.0,-1.0
gbm_group_cat-in_context-log_count-seed1,e1sczluj,2026-07-20T08:00:27Z,gbm_group_cat,in_context,1,rmse,,0.5988895674921705,,0.5908086412373443,,,,,500.0,,,,,,,,,,,,0.2090966500355389,1.0,1000.0,64.0,1000.0,-1.0
gbm_group_cat-in_context-log_count-seed1,j56dgj0g,2026-07-20T07:58:43Z,gbm_group_cat,in_context,1,rmse,,0.3611564189607517,,0.3567692100824905,,,,,500.0,,,,,,,,,,,,0.1252065381499946,0.0,100.0,4.0,255.0,-1.0
gbm_group_cat-in_context-log_count-seed1,jx5zrup4,2026-07-20T08:02:06Z,gbm_group_cat,in_context,1,rmse,,0.4963371879078495,,0.4898092110066076,,,,,500.0,,,,,,,,,,,,0.1271700786387963,1.0,10.0,2.0,500.0,-1.0
gbm_group_cat-in_context-log_count-seed1,krneq6gb,2026-07-20T08:03:02Z,gbm_group_cat,in_context,1,rmse,,0.6799568184748835,,0.6665993361504144,,,,,500.0,,,,,,,,,,,,0.0330251750818893,1.0,1000.0,4.0,255.0,-1.0
gbm_group_cat-in_context-log_count-seed1,l14lx4mz,2026-07-20T08:01:06Z,gbm_group_cat,in_context,1,rmse,,0.3523147634166033,,0.3436312698652853,,,,,500.0,,,,,,,,,,,,0.0235714344093274,0.0,10.0,8.0,500.0,-1.0
gbm_group_cat-in_context-log_count-seed1,l5nlvrcc,2026-07-20T08:00:17Z,gbm_group_cat,in_context,1,rmse,,0.5930738779308035,,0.5839758726603125,,,,,500.0,,,,,,,,,,,,0.250587007964955,1.0,1000.0,16.0,255.0,-1.0
gbm_group_cat-in_context-log_count-seed1,mrc7mzea,2026-07-20T08:00:54Z,gbm_group_cat,in_context,1,rmse,,0.3907395903210106,,0.3849218980134317,,,,,500.0,,,,,,,,,,,,0.0490572683068294,0.0,100.0,4.0,500.0,-1.0
gbm_group_cat-in_context-log_count-seed1,njtls2it,2026-07-20T08:03:12Z,gbm_group_cat,in_context,1,rmse,,0.5202728343302895,,0.5105955909235755,,,,,500.0,,,,,,,,,,,,0.0725779803885817,1.0,10.0,2.0,500.0,-1.0
gbm_group_cat-in_context-log_count-seed1,nr1xryup,2026-07-20T08:00:09Z,gbm_group_cat,in_context,1,rmse,,0.7266990672413047,,0.7227877576179359,,,,,499.0,,,,,,,,,,,,0.1489449797127196,1.0,1000.0,2.0,255.0,-1.0
gbm_group_cat-in_context-log_count-seed1,nsiuyy5f,2026-07-20T08:02:52Z,gbm_group_cat,in_context,1,rmse,,0.6771205340425429,,0.6634852115135215,,,,,500.0,,,,,,,,,,,,0.0347260839230521,0.0,1000.0,32.0,500.0,-1.0
gbm_group_cat-in_context-log_count-seed1,o47tyln2,2026-07-20T07:59:34Z,gbm_group_cat,in_context,1,rmse,,0.3867148348123231,,0.3835865198776337,,,,,500.0,,,,,,,,,,,,0.0427421832403684,1.0,20.0,4.0,500.0,-1.0
gbm_group_cat-in_context-log_count-seed1,q6x63y43,2026-07-20T08:03:26Z,gbm_group_cat,in_context,1,rmse,,0.3107375648437436,,0.320038591800528,,,,,176.0,,,,,,,,,,,,0.4380606481501048,0.0,20.0,32.0,255.0,-1.0
gbm_group_cat-in_context-log_count-seed1,qlhjkeka,2026-07-20T08:02:24Z,gbm_group_cat,in_context,1,rmse,,0.2841763230282795,,0.2846509987547107,,,,,500.0,,,,,,,,,,,,0.0988058664639341,0.0,20.0,16.0,255.0,-1.0
gbm_group_cat-in_context-log_count-seed1,qsszwql9,2026-07-20T08:03:32Z,gbm_group_cat,in_context,1,rmse,,0.34971944924697,,0.3539698850175768,,,,,500.0,,,,,,,,,,,,0.0634627667122372,0.0,10.0,4.0,1000.0,-1.0
gbm_group_cat-in_context-log_count-seed1,s4dp39pb,2026-07-20T07:58:54Z,gbm_group_cat,in_context,1,rmse,,0.326332036024121,,0.3140716829053178,,,,,500.0,,,,,,,,,,,,0.0109758154193801,0.0,20.0,32.0,1000.0,-1.0
gbm_group_cat-in_context-log_count-seed1,uch2ijii,2026-07-20T08:00:44Z,gbm_group_cat,in_context,1,rmse,,0.3259313483436277,,0.3251017658228274,,,,,500.0,,,,,,,,,,,,0.2482318741925865,1.0,20.0,4.0,500.0,-1.0
gbm_group_cat-in_context-log_count-seed1,ukd2xvdo,2026-07-20T08:04:21Z,gbm_group_cat,in_context,1,rmse,,0.5757225644346365,,0.5619482675653572,,,,,500.0,,,,,,,,,,,,0.0298960963897528,1.0,20.0,2.0,500.0,-1.0
gbm_group_cat-in_context-log_count-seed1,v31kvmzp,2026-07-20T08:02:41Z,gbm_group_cat,in_context,1,rmse,,0.645388237775358,,0.6342231916640069,,,,,500.0,,,,,,,,,,,,0.0652352517670139,0.0,1000.0,16.0,500.0,-1.0
gbm_group_cat-in_context-log_count-seed1,xb6y55bs,2026-07-20T08:04:07Z,gbm_group_cat,in_context,1,rmse,,0.6825148629008008,,0.6695932964944836,,,,,500.0,,,,,,,,,,,,0.0310546307698111,0.0,1000.0,16.0,1000.0,-1.0
gbm_group_cat-in_context-log_count-seed1,xf1af74d,2026-07-20T08:04:29Z,gbm_group_cat,in_context,1,rmse,,0.4716999559413359,,0.4602056709223047,,,,,500.0,,,,,,,,,,,,0.013859244495551,0.0,100.0,4.0,500.0,-1.0
gbm_group_cat-in_context-log_count-seed1,xgdojyvg,2026-07-20T07:59:55Z,gbm_group_cat,in_context,1,rmse,,0.324674894219528,,0.3206020084227849,,,,,500.0,,,,,,,,,,,,0.0432480329052877,0.0,10.0,8.0,255.0,-1.0
gbm_group_cat-in_context-log_count-seed1,zcfjju22,2026-07-20T08:00:36Z,gbm_group_cat,in_context,1,rmse,,0.4586311023284201,,0.457853345613083,,,,,500.0,,,,,,,,,,,,0.4096264371525448,0.0,100.0,2.0,255.0,-1.0
gbm_group_cat-in_context-log_count-seed2,28fw7lsq,2026-07-20T08:08:13Z,gbm_group_cat,in_context,2,rmse,,0.3963155995442478,,0.4054417920080136,,,,,499.0,,,,,,,,,,,,0.0427421832403684,1.0,20.0,4.0,500.0,-1.0
gbm_group_cat-in_context-log_count-seed2,3acqvkju,2026-07-20T08:11:55Z,gbm_group_cat,in_context,2,rmse,,0.3254192054385978,,0.3285565336271304,,,,,116.0,,,,,,,,,,,,0.4380606481501048,0.0,20.0,32.0,255.0,-1.0
gbm_group_cat-in_context-log_count-seed2,41hbrvgl,2026-07-20T08:09:30Z,gbm_group_cat,in_context,2,rmse,,0.3261660210389162,,0.3278092300872855,,,,,496.0,,,,,,,,,,,,0.2482318741925865,1.0,20.0,4.0,500.0,-1.0
gbm_group_cat-in_context-log_count-seed2,4sd8jxcj,2026-07-20T08:12:55Z,gbm_group_cat,in_context,2,rmse,,0.4686503905073962,,0.4794492629981913,,,,,500.0,,,,,,,,,,,,0.013859244495551,0.0,100.0,4.0,500.0,-1.0
gbm_group_cat-in_context-log_count-seed2,5x0ehjyq,2026-07-20T08:09:40Z,gbm_group_cat,in_context,2,rmse,,0.3942036426772002,,0.4041281278032318,,,,,500.0,,,,,,,,,,,,0.0490572683068294,0.0,100.0,4.0,500.0,-1.0
gbm_group_cat-in_context-log_count-seed2,8o2u5g5o,2026-07-20T08:07:33Z,gbm_group_cat,in_context,2,rmse,,0.3364998184216601,,0.3455098888638016,,,,,500.0,,,,,,,,,,,,0.0109758154193801,0.0,20.0,32.0,1000.0,-1.0
gbm_group_cat-in_context-log_count-seed2,8tuf49cz,2026-07-20T08:10:19Z,gbm_group_cat,in_context,2,rmse,,0.4223615002690278,,0.4325205510132771,,,,,500.0,,,,,,,,,,,,0.0235110426118622,0.0,20.0,4.0,1000.0,-1.0
gbm_group_cat-in_context-log_count-seed2,9m3xs55n,2026-07-20T08:12:34Z,gbm_group_cat,in_context,2,rmse,,0.6824550699527264,,0.6730323239812108,,,,,500.0,,,,,,,,,,,,0.0310546307698111,0.0,1000.0,16.0,1000.0,-1.0
gbm_group_cat-in_context-log_count-seed2,atamjmi2,2026-07-20T08:11:22Z,gbm_group_cat,in_context,2,rmse,,0.6786811965306737,,0.6693368979447542,,,,,500.0,,,,,,,,,,,,0.0347260839230521,0.0,1000.0,32.0,500.0,-1.0
gbm_group_cat-in_context-log_count-seed2,cwouzvjk,2026-07-20T08:10:44Z,gbm_group_cat,in_context,2,rmse,,0.5354791383975637,,0.5418377141886526,,,,,500.0,,,,,,,,,,,,0.0474589257602997,0.0,10.0,2.0,500.0,-1.0
gbm_group_cat-in_context-log_count-seed2,dcfwoael,2026-07-20T08:10:36Z,gbm_group_cat,in_context,2,rmse,,0.4952952019354976,,0.5015938083937465,,,,,500.0,,,,,,,,,,,,0.1271700786387963,1.0,10.0,2.0,500.0,-1.0
gbm_group_cat-in_context-log_count-seed2,dcxhqdbz,2026-07-20T08:08:25Z,gbm_group_cat,in_context,2,rmse,,0.6923020183330995,,0.6831278282240996,,,,,500.0,,,,,,,,,,,,0.0247266182197764,1.0,1000.0,4.0,500.0,-1.0
gbm_group_cat-in_context-log_count-seed2,fgmg5mt4,2026-07-20T08:11:42Z,gbm_group_cat,in_context,2,rmse,,0.515300374159499,,0.5226128600401987,,,,,500.0,,,,,,,,,,,,0.0725779803885817,1.0,10.0,2.0,500.0,-1.0
gbm_group_cat-in_context-log_count-seed2,fj0zpdrg,2026-07-20T08:08:35Z,gbm_group_cat,in_context,2,rmse,,0.3399727706242838,,0.3466793553342448,,,,,500.0,,,,,,,,,,,,0.0432480329052877,0.0,10.0,8.0,255.0,-1.0
gbm_group_cat-in_context-log_count-seed2,gcvc9y2w,2026-07-20T08:11:11Z,gbm_group_cat,in_context,2,rmse,,0.6496966656442861,,0.6410102471012621,,,,,500.0,,,,,,,,,,,,0.0652352517670139,0.0,1000.0,16.0,500.0,-1.0
gbm_group_cat-in_context-log_count-seed2,hjit39wi,2026-07-20T08:12:44Z,gbm_group_cat,in_context,2,rmse,,0.4100990599448843,,0.4298630172432718,,,,,37.0,,,,,,,,,,,,0.8668489138169221,0.0,10.0,32.0,1000.0,-1.0
gbm_group_cat-in_context-log_count-seed2,icbhuk1p,2026-07-20T08:08:57Z,gbm_group_cat,in_context,2,rmse,,0.5969573776416577,,0.5894151657983814,,,,,500.0,,,,,,,,,,,,0.250587007964955,1.0,1000.0,16.0,255.0,-1.0
gbm_group_cat-in_context-log_count-seed2,knd12kwv,2026-07-20T08:11:59Z,gbm_group_cat,in_context,2,rmse,,0.3724333129371764,,0.3856808354811712,,,,,500.0,,,,,,,,,,,,0.0634627667122372,0.0,10.0,4.0,1000.0,-1.0
gbm_group_cat-in_context-log_count-seed2,m5edd45s,2026-07-20T08:12:10Z,gbm_group_cat,in_context,2,rmse,,0.3512927009246494,,0.3628053731687077,,,,,500.0,,,,,,,,,,,,0.0182856525100933,1.0,100.0,16.0,1000.0,-1.0
gbm_group_cat-in_context-log_count-seed2,mj2ru02w,2026-07-20T08:10:30Z,gbm_group_cat,in_context,2,rmse,,0.341086325468168,,0.3335859466093387,,,,,141.0,,,,,,,,,,,,0.5342090140143507,1.0,20.0,32.0,500.0,-1.0
gbm_group_cat-in_context-log_count-seed2,ntrrgr1t,2026-07-20T08:13:07Z,gbm_group_cat,in_context,2,rmse,,0.6409413489814483,,0.6334093712536419,,,,,500.0,,,,,,,,,,,,0.0814494767975024,0.0,1000.0,8.0,255.0,-1.0
gbm_group_cat-in_context-log_count-seed2,nx2pa3av,2026-07-20T08:07:22Z,gbm_group_cat,in_context,2,rmse,,0.3636049877766275,,0.3682265968860782,,,,,499.0,,,,,,,,,,,,0.1252065381499946,0.0,100.0,4.0,255.0,-1.0
gbm_group_cat-in_context-log_count-seed2,qq4jcxcs,2026-07-20T08:10:53Z,gbm_group_cat,in_context,2,rmse,,0.3055287720677132,,0.3075154713842529,,,,,498.0,,,,,,,,,,,,0.0988058664639341,0.0,20.0,16.0,255.0,-1.0
gbm_group_cat-in_context-log_count-seed2,raihd94f,2026-07-20T08:12:47Z,gbm_group_cat,in_context,2,rmse,,0.5658831769288841,,0.5712719660522748,,,,,500.0,,,,,,,,,,,,0.0298960963897528,1.0,20.0,2.0,500.0,-1.0
gbm_group_cat-in_context-log_count-seed2,s2s3pi1d,2026-07-20T08:08:03Z,gbm_group_cat,in_context,2,rmse,,0.6399139476910225,,0.6321170852110658,,,,,500.0,,,,,,,,,,,,0.0817147891511586,0.0,1000.0,16.0,255.0,-1.0
gbm_group_cat-in_context-log_count-seed2,stwasnwa,2026-07-20T08:09:08Z,gbm_group_cat,in_context,2,rmse,,0.6047592528857466,,0.5942439588713481,,,,,500.0,,,,,,,,,,,,0.2090966500355389,1.0,1000.0,64.0,1000.0,-1.0
gbm_group_cat-in_context-log_count-seed2,ujqzota6,2026-07-20T08:11:50Z,gbm_group_cat,in_context,2,rmse,,0.3378235309419929,,0.351935630390379,,,,,168.0,,,,,,,,,,,,0.6428191198097525,1.0,20.0,8.0,500.0,-1.0
gbm_group_cat-in_context-log_count-seed2,v9md1vx8,2026-07-20T08:09:18Z,gbm_group_cat,in_context,2,rmse,,0.4655530110451304,,0.4672953641021222,,,,,500.0,,,,,,,,,,,,0.4096264371525448,0.0,100.0,2.0,255.0,-1.0
gbm_group_cat-in_context-log_count-seed2,vu26h18r,2026-07-20T08:10:07Z,gbm_group_cat,in_context,2,rmse,,0.3066909447071402,,0.3115928163373152,,,,,289.0,,,,,,,,,,,,0.1183473185096848,1.0,20.0,32.0,255.0,-1.0
gbm_group_cat-in_context-log_count-seed2,wjapmwv8,2026-07-20T08:09:52Z,gbm_group_cat,in_context,2,rmse,,0.3634262719038342,,0.3717648806983036,,,,,500.0,,,,,,,,,,,,0.0235714344093274,0.0,10.0,8.0,500.0,-1.0
gbm_group_cat-in_context-log_count-seed2,yxo6sq27,2026-07-20T08:08:49Z,gbm_group_cat,in_context,2,rmse,,0.7261137605404807,,0.7207973786069555,,,,,500.0,,,,,,,,,,,,0.1489449797127196,1.0,1000.0,2.0,255.0,-1.0
gbm_group_cat-in_context-log_count-seed2,z1b7pa47,2026-07-20T08:11:32Z,gbm_group_cat,in_context,2,rmse,,0.681077415028003,,0.6717980454981779,,,,,500.0,,,,,,,,,,,,0.0330251750818893,1.0,1000.0,4.0,255.0,-1.0
gbm_group_cat-in_context-log_count-seed3,0agrqedu,2026-07-21T07:42:24Z,gbm_group_cat,in_context,3,rmse,,0.6867548298276734,,0.6524472487357023,,,,,500.0,,,,,,,,,,,,0.0347260839230521,0.0,1000.0,32.0,500.0,-1.0
gbm_group_cat-in_context-log_count-seed3,0fppq1y4,2026-07-21T07:44:39Z,gbm_group_cat,in_context,3,rmse,,0.4686318836130569,,0.4639560530721797,,,,,500.0,,,,,,,,,,,,0.013859244495551,0.0,100.0,4.0,500.0,-1.0
gbm_group_cat-in_context-log_count-seed3,175pyhyn,2026-07-21T07:41:16Z,gbm_group_cat,in_context,3,rmse,,0.4196102110578049,,0.4220335272628718,,,,,500.0,,,,,,,,,,,,0.0235110426118622,0.0,20.0,4.0,1000.0,-1.0
gbm_group_cat-in_context-log_count-seed3,1kh0y66x,2026-07-21T07:42:58Z,gbm_group_cat,in_context,3,rmse,,0.3297700312881004,,0.3547798683128749,,,,,120.0,,,,,,,,,,,,0.6428191198097525,1.0,20.0,8.0,500.0,-1.0
gbm_group_cat-in_context-log_count-seed3,2uczyt66,2026-07-21T07:40:40Z,gbm_group_cat,in_context,3,rmse,,0.3540827986453747,,0.3711009184733133,,,,,500.0,,,,,,,,,,,,0.0235714344093274,0.0,10.0,8.0,500.0,-1.0
gbm_group_cat-in_context-log_count-seed3,2yfjp53s,2026-07-21T07:38:47Z,gbm_group_cat,in_context,3,rmse,,0.6467389371439369,,0.6195564310894184,,,,,500.0,,,,,,,,,,,,0.0817147891511586,0.0,1000.0,16.0,255.0,-1.0
gbm_group_cat-in_context-log_count-seed3,39abyzu7,2026-07-21T07:39:46Z,gbm_group_cat,in_context,3,rmse,,0.6000790039153951,,0.5837071152350498,,,,,500.0,,,,,,,,,,,,0.250587007964955,1.0,1000.0,16.0,255.0,-1.0
gbm_group_cat-in_context-log_count-seed3,400vk9yy,2026-07-21T07:42:47Z,gbm_group_cat,in_context,3,rmse,,0.5155167845187567,,0.5211346532475569,,,,,500.0,,,,,,,,,,,,0.0725779803885817,1.0,10.0,2.0,500.0,-1.0
gbm_group_cat-in_context-log_count-seed3,4vzelexv,2026-07-21T07:43:46Z,gbm_group_cat,in_context,3,rmse,,0.6927556811859849,,0.6575566825093782,,,,,500.0,,,,,,,,,,,,0.0310546307698111,0.0,1000.0,16.0,1000.0,-1.0
gbm_group_cat-in_context-log_count-seed3,6e9tkjrc,2026-07-21T07:43:57Z,gbm_group_cat,in_context,3,rmse,,0.3875365883219831,,0.4052713658970397,,,,,56.0,,,,,,,,,,,,0.8668489138169221,0.0,10.0,32.0,1000.0,-1.0
gbm_group_cat-in_context-log_count-seed3,8q7yp92k,2026-07-21T07:38:16Z,gbm_group_cat,in_context,3,rmse,,0.3214279141062355,,0.3424508950997468,,,,,500.0,,,,,,,,,,,,0.0109758154193801,0.0,20.0,32.0,1000.0,-1.0
gbm_group_cat-in_context-log_count-seed3,9u4lqf32,2026-07-21T07:43:10Z,gbm_group_cat,in_context,3,rmse,,0.3706554492164236,,0.3823734024238595,,,,,499.0,,,,,,,,,,,,0.0634627667122372,0.0,10.0,4.0,1000.0,-1.0
gbm_group_cat-in_context-log_count-seed3,bg0e94k7,2026-07-21T07:43:22Z,gbm_group_cat,in_context,3,rmse,,0.3421977031421719,,0.3567457646218631,,,,,500.0,,,,,,,,,,,,0.0182856525100933,1.0,100.0,16.0,1000.0,-1.0
gbm_group_cat-in_context-log_count-seed3,bku31746,2026-07-21T07:39:37Z,gbm_group_cat,in_context,3,rmse,,0.7383013705482084,,0.708543426353689,,,,,500.0,,,,,,,,,,,,0.1489449797127196,1.0,1000.0,2.0,255.0,-1.0
gbm_group_cat-in_context-log_count-seed3,ccyj3uxn,2026-07-21T07:39:10Z,gbm_group_cat,in_context,3,rmse,,0.7034047725618148,,0.6670575234240822,,,,,500.0,,,,,,,,,,,,0.0247266182197764,1.0,1000.0,4.0,500.0,-1.0
gbm_group_cat-in_context-log_count-seed3,d1jxhmit,2026-07-21T07:41:55Z,gbm_group_cat,in_context,3,rmse,,0.2926813017951037,,0.3175417864968173,,,,,487.0,,,,,,,,,,,,0.0988058664639341,0.0,20.0,16.0,255.0,-1.0
gbm_group_cat-in_context-log_count-seed3,emzh2ppz,2026-07-21T07:39:22Z,gbm_group_cat,in_context,3,rmse,,0.3340016225673681,,0.3501619018999233,,,,,500.0,,,,,,,,,,,,0.0432480329052877,0.0,10.0,8.0,255.0,-1.0
gbm_group_cat-in_context-log_count-seed3,ezufi0qo,2026-07-21T07:38:58Z,gbm_group_cat,in_context,3,rmse,,0.39414145646591,,0.4015076676344546,,,,,500.0,,,,,,,,,,,,0.0427421832403684,1.0,20.0,4.0,500.0,-1.0
gbm_group_cat-in_context-log_count-seed3,it1xj8fx,2026-07-21T07:41:29Z,gbm_group_cat,in_context,3,rmse,,0.3356445040512212,,0.3512914352605914,,,,,193.0,,,,,,,,,,,,0.5342090140143507,1.0,20.0,32.0,500.0,-1.0
gbm_group_cat-in_context-log_count-seed3,iubmhma5,2026-07-21T07:42:14Z,gbm_group_cat,in_context,3,rmse,,0.6554361347812895,,0.6277257348226207,,,,,500.0,,,,,,,,,,,,0.0652352517670139,0.0,1000.0,16.0,500.0,-1.0
gbm_group_cat-in_context-log_count-seed3,jnvyc5ls,2026-07-21T07:44:52Z,gbm_group_cat,in_context,3,rmse,,0.6470552473081852,,0.6195001179426184,,,,,500.0,,,,,,,,,,,,0.0814494767975024,0.0,1000.0,8.0,255.0,-1.0
gbm_group_cat-in_context-log_count-seed3,kr41632d,2026-07-21T07:39:57Z,gbm_group_cat,in_context,3,rmse,,0.6081688532494335,,0.592006057653358,,,,,499.0,,,,,,,,,,,,0.2090966500355389,1.0,1000.0,64.0,1000.0,-1.0
gbm_group_cat-in_context-log_count-seed3,n218th81,2026-07-21T07:41:46Z,gbm_group_cat,in_context,3,rmse,,0.5354016784427051,,0.5382163621161092,,,,,500.0,,,,,,,,,,,,0.0474589257602997,0.0,10.0,2.0,500.0,-1.0
gbm_group_cat-in_context-log_count-seed3,q8dpkizj,2026-07-21T07:41:36Z,gbm_group_cat,in_context,3,rmse,,0.4952533649625389,,0.5033757875489602,,,,,500.0,,,,,,,,,,,,0.1271700786387963,1.0,10.0,2.0,500.0,-1.0
gbm_group_cat-in_context-log_count-seed3,q8nxxpfy,2026-07-21T07:40:08Z,gbm_group_cat,in_context,3,rmse,,0.4620900052785274,,0.4701227124723138,,,,,500.0,,,,,,,,,,,,0.4096264371525448,0.0,100.0,2.0,255.0,-1.0
gbm_group_cat-in_context-log_count-seed3,qj23x9qh,2026-07-21T07:43:04Z,gbm_group_cat,in_context,3,rmse,,0.3189482891978373,,0.3424626379133874,,,,,153.0,,,,,,,,,,,,0.4380606481501048,0.0,20.0,32.0,255.0,-1.0
gbm_group_cat-in_context-log_count-seed3,ql2kuknr,2026-07-21T07:44:13Z,gbm_group_cat,in_context,3,rmse,,0.5656189955814812,,0.5637892041060523,,,,,500.0,,,,,,,,,,,,0.0298960963897528,1.0,20.0,2.0,500.0,-1.0
gbm_group_cat-in_context-log_count-seed3,tt625yfk,2026-07-21T07:38:01Z,gbm_group_cat,in_context,3,rmse,,0.3639212859883685,,0.3734172338702705,,,,,499.0,,,,,,,,,,,,0.1252065381499946,0.0,100.0,4.0,255.0,-1.0
gbm_group_cat-in_context-log_count-seed3,upeoa0e1,2026-07-21T07:42:36Z,gbm_group_cat,in_context,3,rmse,,0.6895080008846848,,0.6538130176630244,,,,,500.0,,,,,,,,,,,,0.0330251750818893,1.0,1000.0,4.0,255.0,-1.0
gbm_group_cat-in_context-log_count-seed3,v6yscm9i,2026-07-21T07:40:28Z,gbm_group_cat,in_context,3,rmse,,0.3958557812446263,,0.3990982118773502,,,,,500.0,,,,,,,,,,,,0.0490572683068294,0.0,100.0,4.0,500.0,-1.0
gbm_group_cat-in_context-log_count-seed3,wlmzkuq2,2026-07-21T07:40:57Z,gbm_group_cat,in_context,3,rmse,,0.2872443447013034,,0.3152198493264188,,,,,389.0,,,,,,,,,,,,0.1183473185096848,1.0,20.0,32.0,255.0,-1.0
gbm_group_cat-in_context-log_count-seed3,zxuq7ssk,2026-07-21T07:40:17Z,gbm_group_cat,in_context,3,rmse,,0.3123004162006255,,0.3365286245558031,,,,,497.0,,,,,,,,,,,,0.2482318741925865,1.0,20.0,4.0,500.0,-1.0
gbm_group_cat-in_context-log_count-seed4,25xqkofd,2026-07-21T07:56:34Z,gbm_group_cat,in_context,4,rmse,,0.6488702144040401,,0.683002856008317,,,,,500.0,,,,,,,,,,,,0.0347260839230521,0.0,1000.0,32.0,500.0,-1.0
gbm_group_cat-in_context-log_count-seed4,3qy0bp4p,2026-07-21T07:56:44Z,gbm_group_cat,in_context,4,rmse,,0.6515288623829237,,0.6861411240668941,,,,,500.0,,,,,,,,,,,,0.0330251750818893,1.0,1000.0,4.0,255.0,-1.0
gbm_group_cat-in_context-log_count-seed4,3s7050vb,2026-07-21T07:54:26Z,gbm_group_cat,in_context,4,rmse,,0.5824050075943563,,0.6102344463886349,,,,,500.0,,,,,,,,,,,,0.2090966500355389,1.0,1000.0,64.0,1000.0,-1.0
gbm_group_cat-in_context-log_count-seed4,6n7x2taz,2026-07-21T07:57:49Z,gbm_group_cat,in_context,4,rmse,,0.6542200230352812,,0.6881324507504731,,,,,500.0,,,,,,,,,,,,0.0310546307698111,0.0,1000.0,16.0,1000.0,-1.0
gbm_group_cat-in_context-log_count-seed4,72ae6hcx,2026-07-21T07:57:04Z,gbm_group_cat,in_context,4,rmse,,0.3413362771985855,,0.3617422058638598,,,,,176.0,,,,,,,,,,,,0.6428191198097525,1.0,20.0,8.0,500.0,-1.0
gbm_group_cat-in_context-log_count-seed4,7catbeqi,2026-07-21T07:56:17Z,gbm_group_cat,in_context,4,rmse,,0.3071173326980073,,0.329794790899778,,,,,237.0,,,,,,,,,,,,0.0988058664639341,0.0,20.0,16.0,255.0,-1.0
gbm_group_cat-in_context-log_count-seed4,84us84vn,2026-07-21T07:56:55Z,gbm_group_cat,in_context,4,rmse,,0.5156013826383556,,0.5293958782574796,,,,,500.0,,,,,,,,,,,,0.0725779803885817,1.0,10.0,2.0,500.0,-1.0
gbm_group_cat-in_context-log_count-seed4,8i8gkqp1,2026-07-21T07:54:36Z,gbm_group_cat,in_context,4,rmse,,0.4669465795144429,,0.4772246666555094,,,,,500.0,,,,,,,,,,,,0.4096264371525448,0.0,100.0,2.0,255.0,-1.0
gbm_group_cat-in_context-log_count-seed4,8khr27bf,2026-07-21T07:54:55Z,gbm_group_cat,in_context,4,rmse,,0.3976619647866062,,0.4077912379112653,,,,,500.0,,,,,,,,,,,,0.0490572683068294,0.0,100.0,4.0,500.0,-1.0
gbm_group_cat-in_context-log_count-seed4,8l8w22u2,2026-07-21T07:55:08Z,gbm_group_cat,in_context,4,rmse,,0.3574536405079344,,0.3705740354175362,,,,,500.0,,,,,,,,,,,,0.0235714344093274,0.0,10.0,8.0,500.0,-1.0
gbm_group_cat-in_context-log_count-seed4,b1zb1ud2,2026-07-21T07:54:16Z,gbm_group_cat,in_context,4,rmse,,0.5781443123749056,,0.6066614208191812,,,,,500.0,,,,,,,,,,,,0.250587007964955,1.0,1000.0,16.0,255.0,-1.0
gbm_group_cat-in_context-log_count-seed4,bc9856im,2026-07-21T07:57:24Z,gbm_group_cat,in_context,4,rmse,,0.3475846664058082,,0.360433304812597,,,,,500.0,,,,,,,,,,,,0.0182856525100933,1.0,100.0,16.0,1000.0,-1.0
gbm_group_cat-in_context-log_count-seed4,cv6a80lv,2026-07-21T07:57:09Z,gbm_group_cat,in_context,4,rmse,,0.3080147181647711,,0.3364793724944666,,,,,120.0,,,,,,,,,,,,0.4380606481501048,0.0,20.0,32.0,255.0,-1.0
gbm_group_cat-in_context-log_count-seed4,egsmjesr,2026-07-21T07:58:25Z,gbm_group_cat,in_context,4,rmse,,0.614465885034633,,0.6444325570480673,,,,,500.0,,,,,,,,,,,,0.0814494767975024,0.0,1000.0,8.0,255.0,-1.0
gbm_group_cat-in_context-log_count-seed4,eyfuerlm,2026-07-21T07:58:13Z,gbm_group_cat,in_context,4,rmse,,0.4605434098421195,,0.4721670491038597,,,,,500.0,,,,,,,,,,,,0.013859244495551,0.0,100.0,4.0,500.0,-1.0
gbm_group_cat-in_context-log_count-seed4,ftmbyxft,2026-07-21T07:56:08Z,gbm_group_cat,in_context,4,rmse,,0.5326498786145253,,0.5490222515427869,,,,,500.0,,,,,,,,,,,,0.0474589257602997,0.0,10.0,2.0,500.0,-1.0
gbm_group_cat-in_context-log_count-seed4,gc1l0dxx,2026-07-21T07:53:53Z,gbm_group_cat,in_context,4,rmse,,0.3353121427795046,,0.3505280427333181,,,,,500.0,,,,,,,,,,,,0.0432480329052877,0.0,10.0,8.0,255.0,-1.0
gbm_group_cat-in_context-log_count-seed4,h5n9wh64,2026-07-21T07:56:24Z,gbm_group_cat,in_context,4,rmse,,0.6236925162334398,,0.6549839970331869,,,,,499.0,,,,,,,,,,,,0.0652352517670139,0.0,1000.0,16.0,500.0,-1.0
gbm_group_cat-in_context-log_count-seed4,hsk0b13z,2026-07-21T07:55:59Z,gbm_group_cat,in_context,4,rmse,,0.4985569710646102,,0.5113955619946288,,,,,500.0,,,,,,,,,,,,0.1271700786387963,1.0,10.0,2.0,500.0,-1.0
gbm_group_cat-in_context-log_count-seed4,kusbqbpv,2026-07-21T07:52:50Z,gbm_group_cat,in_context,4,rmse,,0.322126132018959,,0.3424756730025167,,,,,500.0,,,,,,,,,,,,0.0109758154193801,0.0,20.0,32.0,1000.0,-1.0
gbm_group_cat-in_context-log_count-seed4,l3blzh7i,2026-07-21T07:54:45Z,gbm_group_cat,in_context,4,rmse,,0.3189402470800615,,0.342326005032586,,,,,497.0,,,,,,,,,,,,0.2482318741925865,1.0,20.0,4.0,500.0,-1.0
gbm_group_cat-in_context-log_count-seed4,lgbx3a36,2026-07-21T07:55:42Z,gbm_group_cat,in_context,4,rmse,,0.4203146331433753,,0.4329539479746265,,,,,500.0,,,,,,,,,,,,0.0235110426118622,0.0,20.0,4.0,1000.0,-1.0
gbm_group_cat-in_context-log_count-seed4,mxbs99bg,2026-07-21T07:57:13Z,gbm_group_cat,in_context,4,rmse,,0.3755098368707166,,0.3928464934090445,,,,,500.0,,,,,,,,,,,,0.0634627667122372,0.0,10.0,4.0,1000.0,-1.0
gbm_group_cat-in_context-log_count-seed4,nm4ki8hv,2026-07-21T07:53:21Z,gbm_group_cat,in_context,4,rmse,,0.6147700484909709,,0.6451711592395185,,,,,500.0,,,,,,,,,,,,0.0817147891511586,0.0,1000.0,16.0,255.0,-1.0
gbm_group_cat-in_context-log_count-seed4,r8a7kuzc,2026-07-21T07:54:08Z,gbm_group_cat,in_context,4,rmse,,0.7059450010816791,,0.743594049317703,,,,,500.0,,,,,,,,,,,,0.1489449797127196,1.0,1000.0,2.0,255.0,-1.0
gbm_group_cat-in_context-log_count-seed4,tus7vwde,2026-07-21T07:55:54Z,gbm_group_cat,in_context,4,rmse,,0.3157017100883723,,0.3536070629445525,,,,,102.0,,,,,,,,,,,,0.5342090140143507,1.0,20.0,32.0,500.0,-1.0
gbm_group_cat-in_context-log_count-seed4,un4lgpxt,2026-07-21T07:58:00Z,gbm_group_cat,in_context,4,rmse,,0.3957946818324185,,0.4316460243798997,,,,,37.0,,,,,,,,,,,,0.8668489138169221,0.0,10.0,32.0,1000.0,-1.0
gbm_group_cat-in_context-log_count-seed4,v39k5n2h,2026-07-21T07:55:24Z,gbm_group_cat,in_context,4,rmse,,0.2810361532515874,,0.3103875794336053,,,,,379.0,,,,,,,,,,,,0.1183473185096848,1.0,20.0,32.0,255.0,-1.0
gbm_group_cat-in_context-log_count-seed4,vmzdoh1l,2026-07-21T07:53:43Z,gbm_group_cat,in_context,4,rmse,,0.6641277612420943,,0.6972175365775526,,,,,500.0,,,,,,,,,,,,0.0247266182197764,1.0,1000.0,4.0,500.0,-1.0
gbm_group_cat-in_context-log_count-seed4,wj6vc5cs,2026-07-21T07:58:04Z,gbm_group_cat,in_context,4,rmse,,0.560441202010338,,0.5787367403274913,,,,,500.0,,,,,,,,,,,,0.0298960963897528,1.0,20.0,2.0,500.0,-1.0
gbm_group_cat-in_context-log_count-seed4,xzdiqudn,2026-07-21T07:53:31Z,gbm_group_cat,in_context,4,rmse,,0.3935752941629288,,0.4073108013788154,,,,,500.0,,,,,,,,,,,,0.0427421832403684,1.0,20.0,4.0,500.0,-1.0
gbm_group_cat-in_context-log_count-seed4,y4ssk46w,2026-07-21T07:52:39Z,gbm_group_cat,in_context,4,rmse,,0.3542870592059786,,0.363679791506154,,,,,498.0,,,,,,,,,,,,0.1252065381499946,0.0,100.0,4.0,255.0,-1.0
gbm_group_cat-few_shot-log_count-seed0,0lhzocmn,2026-07-23T18:25:02Z,gbm_group_cat,few_shot,0,rmse,,0.8097931417018386,,0.8330968746340978,,,,,500.0,,,,,,,,,,,,0.0298960963897528,1.0,20.0,2.0,500.0,-1.0
gbm_group_cat-few_shot-log_count-seed0,0zps6kur,2026-07-23T18:18:37Z,gbm_group_cat,few_shot,0,rmse,,0.7347211927346664,,0.7154519681740831,,,,,325.0,,,,,,,,,,,,0.0490572683068294,0.0,100.0,4.0,500.0,-1.0
gbm_group_cat-few_shot-log_count-seed0,13i2abkb,2026-07-23T18:16:20Z,gbm_group_cat,few_shot,0,rmse,,1.0643701421494387,,1.1047446604925597,,,,,1.0,,,,,,,,,,,,0.1489449797127196,1.0,1000.0,2.0,255.0,-1.0
gbm_group_cat-few_shot-log_count-seed0,1v9mkac4,2026-07-23T18:18:08Z,gbm_group_cat,few_shot,0,rmse,,0.6564740088960683,,0.6731994194965775,,,,,161.0,,,,,,,,,,,,0.2482318741925865,1.0,20.0,4.0,500.0,-1.0
gbm_group_cat-few_shot-log_count-seed0,25y0ii84,2026-07-23T18:16:16Z,gbm_group_cat,few_shot,0,rmse,,0.6966330297394714,,0.7232143802668477,,,,,197.0,,,,,,,,,,,,0.0432480329052877,0.0,10.0,8.0,255.0,-1.0
gbm_group_cat-few_shot-log_count-seed0,2kcu7toa,2026-07-23T18:22:35Z,gbm_group_cat,few_shot,0,rmse,,0.687733435038936,,0.7061732300774697,,,,,37.0,,,,,,,,,,,,0.4380606481501048,0.0,20.0,32.0,255.0,-1.0
gbm_group_cat-few_shot-log_count-seed0,4m752vzv,2026-07-23T18:20:45Z,gbm_group_cat,few_shot,0,rmse,,0.7802778389143618,,0.8042396060698926,,,,,338.0,,,,,,,,,,,,0.1271700786387963,1.0,10.0,2.0,500.0,-1.0
gbm_group_cat-few_shot-log_count-seed0,7go5hp3h,2026-07-23T18:18:49Z,gbm_group_cat,few_shot,0,rmse,,0.6719668759601303,,0.684320784699247,,,,,118.0,,,,,,,,,,,,0.1183473185096848,1.0,20.0,32.0,255.0,-1.0
gbm_group_cat-few_shot-log_count-seed0,8a6ev1v0,2026-07-23T18:20:53Z,gbm_group_cat,few_shot,0,rmse,,0.795293552927159,,0.8190474317954766,,,,,498.0,,,,,,,,,,,,0.0474589257602997,0.0,10.0,2.0,500.0,-1.0
gbm_group_cat-few_shot-log_count-seed0,a43vy97t,2026-07-23T18:22:26Z,gbm_group_cat,few_shot,0,rmse,,0.784713924585363,,0.8075706670327832,,,,,464.0,,,,,,,,,,,,0.0725779803885817,1.0,10.0,2.0,500.0,-1.0
gbm_group_cat-few_shot-log_count-seed0,bh8omfnd,2026-07-23T18:17:12Z,gbm_group_cat,few_shot,0,rmse,,0.790295169413354,,0.7811900931948368,,,,,59.0,,,,,,,,,,,,0.4096264371525448,0.0,100.0,2.0,255.0,-1.0
gbm_group_cat-few_shot-log_count-seed0,ed2c3w8s,2026-07-23T18:21:29Z,gbm_group_cat,few_shot,0,rmse,,1.0643701421494387,,1.1047446604925597,,,,,1.0,,,,,,,,,,,,0.0652352517670139,0.0,1000.0,16.0,500.0,-1.0
gbm_group_cat-few_shot-log_count-seed0,eyayfchw,2026-07-23T18:21:26Z,gbm_group_cat,few_shot,0,rmse,,0.6691323798229055,,0.6949671287044853,,,,,116.0,,,,,,,,,,,,0.0988058664639341,0.0,20.0,16.0,255.0,-1.0
gbm_group_cat-few_shot-log_count-seed0,gvmrnf23,2026-07-23T18:23:11Z,gbm_group_cat,few_shot,0,rmse,,0.7041906654356713,,0.6967186325689707,,,,,483.0,,,,,,,,,,,,0.0182856525100933,1.0,100.0,16.0,1000.0,-1.0
gbm_group_cat-few_shot-log_count-seed0,h87nxfvc,2026-07-23T18:16:12Z,gbm_group_cat,few_shot,0,rmse,,1.0643701421494387,,1.1047446604925597,,,,,1.0,,,,,,,,,,,,0.0247266182197764,1.0,1000.0,4.0,500.0,-1.0
gbm_group_cat-few_shot-log_count-seed0,if08cqqt,2026-07-23T18:24:59Z,gbm_group_cat,few_shot,0,rmse,,0.7128974501560067,,0.7520423708013015,,,,,7.0,,,,,,,,,,,,0.8668489138169221,0.0,10.0,32.0,1000.0,-1.0
gbm_group_cat-few_shot-log_count-seed0,iq3xkpaw,2026-07-23T18:17:04Z,gbm_group_cat,few_shot,0,rmse,,1.0643701421494387,,1.1047446604925597,,,,,1.0,,,,,,,,,,,,0.250587007964955,1.0,1000.0,16.0,255.0,-1.0
gbm_group_cat-few_shot-log_count-seed0,k10d9eml,2026-07-23T18:21:33Z,gbm_group_cat,few_shot,0,rmse,,1.0643701421494387,,1.1047446604925597,,,,,1.0,,,,,,,,,,,,0.0347260839230521,0.0,1000.0,32.0,500.0,-1.0
gbm_group_cat-few_shot-log_count-seed0,mduqktbj,2026-07-23T18:15:49Z,gbm_group_cat,few_shot,0,rmse,,1.0643701421494387,,1.1047446604925597,,,,,1.0,,,,,,,,,,,,0.0817147891511586,0.0,1000.0,16.0,255.0,-1.0
gbm_group_cat-few_shot-log_count-seed0,mfm8i96v,2026-07-23T18:25:08Z,gbm_group_cat,few_shot,0,rmse,,0.763203067904061,,0.7601368493545215,,,,,500.0,,,,,,,,,,,,0.013859244495551,0.0,100.0,4.0,500.0,-1.0
gbm_group_cat-few_shot-log_count-seed0,nl4fliri,2026-07-23T18:15:11Z,gbm_group_cat,few_shot,0,rmse,,0.7149498358453752,,0.7113983877957608,,,,,236.0,,,,,,,,,,,,0.1252065381499946,0.0,100.0,4.0,255.0,-1.0
gbm_group_cat-few_shot-log_count-seed0,o4px0yls,2026-07-23T18:16:04Z,gbm_group_cat,few_shot,0,rmse,,0.6802068369763001,,0.687395508820233,,,,,428.0,,,,,,,,,,,,0.0427421832403684,1.0,20.0,4.0,500.0,-1.0
gbm_group_cat-few_shot-log_count-seed0,pwhess3c,2026-07-23T18:17:08Z,gbm_group_cat,few_shot,0,rmse,,1.0643701421494387,,1.1047446604925597,,,,,1.0,,,,,,,,,,,,0.2090966500355389,1.0,1000.0,64.0,1000.0,-1.0
gbm_group_cat-few_shot-log_count-seed0,pzuwa6as,2026-07-23T18:23:06Z,gbm_group_cat,few_shot,0,rmse,,0.6739455455801049,,0.6891690488540595,,,,,328.0,,,,,,,,,,,,0.0634627667122372,0.0,10.0,4.0,1000.0,-1.0
gbm_group_cat-few_shot-log_count-seed0,sh8jhkol,2026-07-23T18:19:20Z,gbm_group_cat,few_shot,0,rmse,,0.6965021922595603,,0.6800344735674132,,,,,79.0,,,,,,,,,,,,0.5342090140143507,1.0,20.0,32.0,500.0,-1.0
gbm_group_cat-few_shot-log_count-seed0,siwesqqk,2026-07-23T18:22:31Z,gbm_group_cat,few_shot,0,rmse,,0.724088547844827,,0.7432677403043362,,,,,34.0,,,,,,,,,,,,0.6428191198097525,1.0,20.0,8.0,500.0,-1.0
gbm_group_cat-few_shot-log_count-seed0,skgk4qyi,2026-07-23T18:15:32Z,gbm_group_cat,few_shot,0,rmse,,0.6873527216461802,,0.7053094753249384,,,,,500.0,,,,,,,,,,,,0.0109758154193801,0.0,20.0,32.0,1000.0,-1.0
gbm_group_cat-few_shot-log_count-seed0,v4plv0kk,2026-07-23T18:18:43Z,gbm_group_cat,few_shot,0,rmse,,0.7079178275355116,,0.7311199168679732,,,,,368.0,,,,,,,,,,,,0.0235714344093274,0.0,10.0,8.0,500.0,-1.0
gbm_group_cat-few_shot-log_count-seed0,vqez7qqp,2026-07-23T18:18:53Z,gbm_group_cat,few_shot,0,rmse,,0.693137688343611,,0.7033698353031317,,,,,496.0,,,,,,,,,,,,0.0235110426118622,0.0,20.0,4.0,1000.0,-1.0
gbm_group_cat-few_shot-log_count-seed0,w66f5y8h,2026-07-23T18:23:20Z,gbm_group_cat,few_shot,0,rmse,,1.0643701421494387,,1.1047446604925597,,,,,1.0,,,,,,,,,,,,0.0310546307698111,0.0,1000.0,16.0,1000.0,-1.0
gbm_group_cat-few_shot-log_count-seed0,y63cwuie,2026-07-23T18:25:15Z,gbm_group_cat,few_shot,0,rmse,,1.0643701421494387,,1.1047446604925597,,,,,1.0,,,,,,,,,,,,0.0814494767975024,0.0,1000.0,8.0,255.0,-1.0
gbm_group_cat-few_shot-log_count-seed0,zhuikomn,2026-07-23T18:21:37Z,gbm_group_cat,few_shot,0,rmse,,1.0643701421494387,,1.1047446604925597,,,,,1.0,,,,,,,,,,,,0.0330251750818893,1.0,1000.0,4.0,255.0,-1.0
gbm_group_cat-few_shot-log_count-seed1,0gs7c9sq,2026-07-23T18:30:15Z,gbm_group_cat,few_shot,1,rmse,,0.9308339964803388,,0.9136645668601804,,,,,90.0,,,,,,,,,,,,0.2482318741925865,1.0,20.0,4.0,500.0,-1.0
gbm_group_cat-few_shot-log_count-seed1,0yjx8r0d,2026-07-23T18:36:37Z,gbm_group_cat,few_shot,1,rmse,,1.250879048010603,,1.2793356676133758,,,,,497.0,,,,,,,,,,,,0.0310546307698111,0.0,1000.0,16.0,1000.0,-1.0
gbm_group_cat-few_shot-log_count-seed1,3qxu2str,2026-07-23T18:31:03Z,gbm_group_cat,few_shot,1,rmse,,1.2481762732380364,,1.2752712335838028,,,,,295.0,,,,,,,,,,,,0.0652352517670139,0.0,1000.0,16.0,500.0,-1.0
gbm_group_cat-few_shot-log_count-seed1,5zvpmrnv,2026-07-23T18:34:05Z,gbm_group_cat,few_shot,1,rmse,,0.9105558392941236,,0.8135667582775644,,,,,17.0,,,,,,,,,,,,0.4380606481501048,0.0,20.0,32.0,255.0,-1.0
gbm_group_cat-few_shot-log_count-seed1,7p0ubzag,2026-07-23T18:36:44Z,gbm_group_cat,few_shot,1,rmse,,1.0294924158627798,,0.961807299744927,,,,,3.0,,,,,,,,,,,,0.8668489138169221,0.0,10.0,32.0,1000.0,-1.0
gbm_group_cat-few_shot-log_count-seed1,8vosbz7n,2026-07-23T18:26:08Z,gbm_group_cat,few_shot,1,rmse,,1.2455674482922476,,1.2716384438074722,,,,,406.0,,,,,,,,,,,,0.0817147891511586,0.0,1000.0,16.0,255.0,-1.0
gbm_group_cat-few_shot-log_count-seed1,b6az84un,2026-07-23T18:30:19Z,gbm_group_cat,few_shot,1,rmse,,0.987186068136181,,0.9777788550487412,,,,,500.0,,,,,,,,,,,,0.0490572683068294,0.0,100.0,4.0,500.0,-1.0
gbm_group_cat-few_shot-log_count-seed1,be5xtql6,2026-07-23T18:33:22Z,gbm_group_cat,few_shot,1,rmse,,1.041527906912281,,1.0828879442067672,,,,,499.0,,,,,,,,,,,,0.0725779803885817,1.0,10.0,2.0,500.0,-1.0
gbm_group_cat-few_shot-log_count-seed1,dmd3ooov,2026-07-23T18:28:03Z,gbm_group_cat,few_shot,1,rmse,,1.037403013249936,,1.0382727217021548,,,,,158.0,,,,,,,,,,,,0.0432480329052877,0.0,10.0,8.0,255.0,-1.0
gbm_group_cat-few_shot-log_count-seed1,dz4j8pg6,2026-07-23T18:31:42Z,gbm_group_cat,few_shot,1,rmse,,1.2496168588698189,,1.2774193597969707,,,,,498.0,,,,,,,,,,,,0.0347260839230521,0.0,1000.0,32.0,500.0,-1.0
gbm_group_cat-few_shot-log_count-seed1,ettpncni,2026-07-23T18:30:06Z,gbm_group_cat,few_shot,1,rmse,,1.245800193295853,,1.2719779579682724,,,,,128.0,,,,,,,,,,,,0.2090966500355389,1.0,1000.0,64.0,1000.0,-1.0
gbm_group_cat-few_shot-log_count-seed1,g0pagcqj,2026-07-23T18:30:10Z,gbm_group_cat,few_shot,1,rmse,,0.9892086768845608,,0.983218680332172,,,,,259.0,,,,,,,,,,,,0.4096264371525448,0.0,100.0,2.0,255.0,-1.0
gbm_group_cat-few_shot-log_count-seed1,g3l7n24h,2026-07-23T18:30:26Z,gbm_group_cat,few_shot,1,rmse,,1.0242440191619937,,1.023216232429177,,,,,384.0,,,,,,,,,,,,0.0235714344093274,0.0,10.0,8.0,500.0,-1.0
gbm_group_cat-few_shot-log_count-seed1,i6cyzarb,2026-07-23T18:30:02Z,gbm_group_cat,few_shot,1,rmse,,1.2448738872613478,,1.270655335941414,,,,,124.0,,,,,,,,,,,,0.250587007964955,1.0,1000.0,16.0,255.0,-1.0
gbm_group_cat-few_shot-log_count-seed1,ii31rgsh,2026-07-23T18:30:58Z,gbm_group_cat,few_shot,1,rmse,,0.9572862868225188,,0.9146357857339416,,,,,197.0,,,,,,,,,,,,0.0988058664639341,0.0,20.0,16.0,255.0,-1.0
gbm_group_cat-few_shot-log_count-seed1,khwhrmr6,2026-07-23T18:27:46Z,gbm_group_cat,few_shot,1,rmse,,1.2533817116859536,,1.283177494989032,,,,,496.0,,,,,,,,,,,,0.0247266182197764,1.0,1000.0,4.0,500.0,-1.0
gbm_group_cat-few_shot-log_count-seed1,l0novi60,2026-07-23T18:30:43Z,gbm_group_cat,few_shot,1,rmse,,0.918441316723396,,0.8450221371993424,,,,,20.0,,,,,,,,,,,,0.5342090140143507,1.0,20.0,32.0,500.0,-1.0
gbm_group_cat-few_shot-log_count-seed1,ldj5qjyh,2026-07-23T18:33:15Z,gbm_group_cat,few_shot,1,rmse,,1.250292714156379,,1.2784679045320262,,,,,486.0,,,,,,,,,,,,0.0330251750818893,1.0,1000.0,4.0,255.0,-1.0
gbm_group_cat-few_shot-log_count-seed1,ldwbul30,2026-07-23T18:30:36Z,gbm_group_cat,few_shot,1,rmse,,0.9749343140221808,,0.9793179743119408,,,,,497.0,,,,,,,,,,,,0.0235110426118622,0.0,20.0,4.0,1000.0,-1.0
gbm_group_cat-few_shot-log_count-seed1,o9n4lnzy,2026-07-23T18:35:34Z,gbm_group_cat,few_shot,1,rmse,,0.9870528658876212,,0.9697394739571304,,,,,229.0,,,,,,,,,,,,0.0634627667122372,0.0,10.0,4.0,1000.0,-1.0
gbm_group_cat-few_shot-log_count-seed1,sann25nx,2026-07-23T18:37:37Z,gbm_group_cat,few_shot,1,rmse,,1.0377253204716197,,1.0352770846588126,,,,,499.0,,,,,,,,,,,,0.013859244495551,0.0,100.0,4.0,500.0,-1.0
gbm_group_cat-few_shot-log_count-seed1,uo6414my,2026-07-23T18:34:01Z,gbm_group_cat,few_shot,1,rmse,,1.010483377412417,,0.9800107995179548,,,,,21.0,,,,,,,,,,,,0.6428191198097525,1.0,20.0,8.0,500.0,-1.0
gbm_group_cat-few_shot-log_count-seed1,utis0sg1,2026-07-23T18:25:38Z,gbm_group_cat,few_shot,1,rmse,,1.0028864592034574,,0.9496674550071952,,,,,500.0,,,,,,,,,,,,0.0109758154193801,0.0,20.0,32.0,1000.0,-1.0
gbm_group_cat-few_shot-log_count-seed1,v305y8qw,2026-07-23T18:25:32Z,gbm_group_cat,few_shot,1,rmse,,0.9356024627162516,,0.9067940109006324,,,,,429.0,,,,,,,,,,,,0.1252065381499946,0.0,100.0,4.0,255.0,-1.0
gbm_group_cat-few_shot-log_count-seed1,wfbyx8ay,2026-07-23T18:30:47Z,gbm_group_cat,few_shot,1,rmse,,1.0167365335922935,,1.0515194985358425,,,,,441.0,,,,,,,,,,,,0.1271700786387963,1.0,10.0,2.0,500.0,-1.0
gbm_group_cat-few_shot-log_count-seed1,xsc3zjcm,2026-07-23T18:30:52Z,gbm_group_cat,few_shot,1,rmse,,1.0547785252936157,,1.102042713587428,,,,,492.0,,,,,,,,,,,,0.0474589257602997,0.0,10.0,2.0,500.0,-1.0
gbm_group_cat-few_shot-log_count-seed1,xzppumfn,2026-07-23T18:37:44Z,gbm_group_cat,few_shot,1,rmse,,1.245403720387324,,1.2713800033591205,,,,,426.0,,,,,,,,,,,,0.0814494767975024,0.0,1000.0,8.0,255.0,-1.0
gbm_group_cat-few_shot-log_count-seed1,yba04udo,2026-07-23T18:37:31Z,gbm_group_cat,few_shot,1,rmse,,1.0856817427689889,,1.1356607668345116,,,,,500.0,,,,,,,,,,,,0.0298960963897528,1.0,20.0,2.0,500.0,-1.0
gbm_group_cat-few_shot-log_count-seed1,yj8wr0lg,2026-07-23T18:29:57Z,gbm_group_cat,few_shot,1,rmse,,1.2455149459590145,,1.2715780806814496,,,,,208.0,,,,,,,,,,,,0.1489449797127196,1.0,1000.0,2.0,255.0,-1.0
gbm_group_cat-few_shot-log_count-seed1,z47r49lu,2026-07-23T18:27:04Z,gbm_group_cat,few_shot,1,rmse,,0.9488973743488563,,0.93970490203926,,,,,470.0,,,,,,,,,,,,0.0427421832403684,1.0,20.0,4.0,500.0,-1.0
gbm_group_cat-few_shot-log_count-seed1,z4eyw2y2,2026-07-23T18:30:32Z,gbm_group_cat,few_shot,1,rmse,,0.963840978883434,,0.8886570317854512,,,,,60.0,,,,,,,,,,,,0.1183473185096848,1.0,20.0,32.0,255.0,-1.0
gbm_group_cat-few_shot-log_count-seed1,z97gaw6k,2026-07-23T18:36:26Z,gbm_group_cat,few_shot,1,rmse,,0.9674127348770818,,0.9492507615251512,,,,,497.0,,,,,,,,,,,,0.0182856525100933,1.0,100.0,16.0,1000.0,-1.0
gbm_group_cat-few_shot-log_count-seed2,006myixs,2026-07-23T18:40:00Z,gbm_group_cat,few_shot,2,rmse,,1.0281981356543677,,1.0626311846246097,,,,,464.0,,,,,,,,,,,,0.0109758154193801,0.0,20.0,32.0,1000.0,-1.0
gbm_group_cat-few_shot-log_count-seed2,252p47fq,2026-07-23T18:42:11Z,gbm_group_cat,few_shot,2,rmse,,1.1529101379349245,,1.171408887691192,,,,,194.0,,,,,,,,,,,,0.4096264371525448,0.0,100.0,2.0,255.0,-1.0
gbm_group_cat-few_shot-log_count-seed2,3llmxwvd,2026-07-23T18:40:27Z,gbm_group_cat,few_shot,2,rmse,,1.4899970760218075,,1.488018465886748,,,,,118.0,,,,,,,,,,,,0.0247266182197764,1.0,1000.0,4.0,500.0,-1.0
gbm_group_cat-few_shot-log_count-seed2,40k5wuwm,2026-07-23T18:43:16Z,gbm_group_cat,few_shot,2,rmse,,0.9812873192013148,,1.007929334396416,,,,,66.0,,,,,,,,,,,,0.1183473185096848,1.0,20.0,32.0,255.0,-1.0
gbm_group_cat-few_shot-log_count-seed2,5k16si86,2026-07-23T18:46:42Z,gbm_group_cat,few_shot,2,rmse,,1.4892783209531957,,1.4850659963300514,,,,,95.0,,,,,,,,,,,,0.0347260839230521,0.0,1000.0,32.0,500.0,-1.0
gbm_group_cat-few_shot-log_count-seed2,5xv6y3no,2026-07-23T18:47:22Z,gbm_group_cat,few_shot,2,rmse,,0.9774899897686375,,0.9927347019532292,,,,,16.0,,,,,,,,,,,,0.6428191198097525,1.0,20.0,8.0,500.0,-1.0
gbm_group_cat-few_shot-log_count-seed2,6qizk83w,2026-07-23T18:45:28Z,gbm_group_cat,few_shot,2,rmse,,1.1595070235229026,,1.181033113907512,,,,,495.0,,,,,,,,,,,,0.0474589257602997,0.0,10.0,2.0,500.0,-1.0
gbm_group_cat-few_shot-log_count-seed2,9dwjbed6,2026-07-23T18:48:06Z,gbm_group_cat,few_shot,2,rmse,,1.486011276262246,,1.4874562653088244,,,,,30.0,,,,,,,,,,,,0.0814494767975024,0.0,1000.0,8.0,255.0,-1.0
gbm_group_cat-few_shot-log_count-seed2,arhek1xb,2026-07-23T18:40:37Z,gbm_group_cat,few_shot,2,rmse,,1.470691402960812,,1.4675402563858129,,,,,21.0,,,,,,,,,,,,0.1489449797127196,1.0,1000.0,2.0,255.0,-1.0
gbm_group_cat-few_shot-log_count-seed2,awkn1tcs,2026-07-23T18:42:20Z,gbm_group_cat,few_shot,2,rmse,,1.0463564455827852,,1.0557156378727188,,,,,321.0,,,,,,,,,,,,0.0490572683068294,0.0,100.0,4.0,500.0,-1.0
gbm_group_cat-few_shot-log_count-seed2,bx3qkh8i,2026-07-23T18:40:42Z,gbm_group_cat,few_shot,2,rmse,,1.4766770330913948,,1.4652303669279043,,,,,25.0,,,,,,,,,,,,0.250587007964955,1.0,1000.0,16.0,255.0,-1.0
gbm_group_cat-few_shot-log_count-seed2,dht2wfpb,2026-07-23T18:43:20Z,gbm_group_cat,few_shot,2,rmse,,1.0136816719170756,,1.0262520186430004,,,,,471.0,,,,,,,,,,,,0.0235110426118622,0.0,20.0,4.0,1000.0,-1.0
gbm_group_cat-few_shot-log_count-seed2,fwzgdhp5,2026-07-23T18:42:16Z,gbm_group_cat,few_shot,2,rmse,,1.0331461872144148,,1.0689980187475234,,,,,53.0,,,,,,,,,,,,0.2482318741925865,1.0,20.0,4.0,500.0,-1.0
gbm_group_cat-few_shot-log_count-seed2,g0iirgis,2026-07-23T18:47:25Z,gbm_group_cat,few_shot,2,rmse,,1.0173445245574078,,1.022596397502724,,,,,10.0,,,,,,,,,,,,0.4380606481501048,0.0,20.0,32.0,255.0,-1.0
gbm_group_cat-few_shot-log_count-seed2,ggkadhoz,2026-07-23T18:38:00Z,gbm_group_cat,few_shot,2,rmse,,1.0296388771088212,,1.0327052698907762,,,,,108.0,,,,,,,,,,,,0.1252065381499946,0.0,100.0,4.0,255.0,-1.0
gbm_group_cat-few_shot-log_count-seed2,gz8nuphs,2026-07-23T18:47:50Z,gbm_group_cat,few_shot,2,rmse,,1.169136431295879,,1.2020387601109424,,,,,499.0,,,,,,,,,,,,0.0298960963897528,1.0,20.0,2.0,500.0,-1.0
gbm_group_cat-few_shot-log_count-seed2,hgnj1er2,2026-07-23T18:45:33Z,gbm_group_cat,few_shot,2,rmse,,1.006825037500566,,1.0289189749873655,,,,,84.0,,,,,,,,,,,,0.0988058664639341,0.0,20.0,16.0,255.0,-1.0
gbm_group_cat-few_shot-log_count-seed2,i09mw8c7,2026-07-23T18:46:46Z,gbm_group_cat,few_shot,2,rmse,,1.4900168568912724,,1.4865567267290551,,,,,96.0,,,,,,,,,,,,0.0330251750818893,1.0,1000.0,4.0,255.0,-1.0
gbm_group_cat-few_shot-log_count-seed2,i5vnnhsi,2026-07-23T18:40:22Z,gbm_group_cat,few_shot,2,rmse,,1.003318702316899,,1.0199988438036838,,,,,264.0,,,,,,,,,,,,0.0427421832403684,1.0,20.0,4.0,500.0,-1.0
gbm_group_cat-few_shot-log_count-seed2,jowjjarp,2026-07-23T18:47:46Z,gbm_group_cat,few_shot,2,rmse,,1.0516343671905786,,1.1421685643496196,,,,,12.0,,,,,,,,,,,,0.8668489138169221,0.0,10.0,32.0,1000.0,-1.0
gbm_group_cat-few_shot-log_count-seed2,lm82ebvg,2026-07-23T18:47:16Z,gbm_group_cat,few_shot,2,rmse,,1.1553679672387929,,1.1774989920480607,,,,,406.0,,,,,,,,,,,,0.0725779803885817,1.0,10.0,2.0,500.0,-1.0
gbm_group_cat-few_shot-log_count-seed2,mb3imbkg,2026-07-23T18:44:04Z,gbm_group_cat,few_shot,2,rmse,,1.109083699588466,,1.1171587980780198,,,,,116.0,,,,,,,,,,,,0.5342090140143507,1.0,20.0,32.0,500.0,-1.0
gbm_group_cat-few_shot-log_count-seed2,nbgbxfon,2026-07-23T18:40:17Z,gbm_group_cat,few_shot,2,rmse,,1.4858090415718337,,1.4872148173278317,,,,,30.0,,,,,,,,,,,,0.0817147891511586,0.0,1000.0,16.0,255.0,-1.0
gbm_group_cat-few_shot-log_count-seed2,nj882vsd,2026-07-23T18:45:37Z,gbm_group_cat,few_shot,2,rmse,,1.4877252012354558,,1.4876792673321586,,,,,40.0,,,,,,,,,,,,0.0652352517670139,0.0,1000.0,16.0,500.0,-1.0
gbm_group_cat-few_shot-log_count-seed2,ocbyy899,2026-07-23T18:47:57Z,gbm_group_cat,few_shot,2,rmse,,1.0718959579894871,,1.081399249046005,,,,,498.0,,,,,,,,,,,,0.013859244495551,0.0,100.0,4.0,500.0,-1.0
gbm_group_cat-few_shot-log_count-seed2,ofvcb6i8,2026-07-23T18:47:42Z,gbm_group_cat,few_shot,2,rmse,,1.4897770149398135,,1.4838147275983409,,,,,117.0,,,,,,,,,,,,0.0310546307698111,0.0,1000.0,16.0,1000.0,-1.0
gbm_group_cat-few_shot-log_count-seed2,pa7r0e76,2026-07-23T18:47:33Z,gbm_group_cat,few_shot,2,rmse,,1.017738720480723,,1.0285827633511393,,,,,267.0,,,,,,,,,,,,0.0182856525100933,1.0,100.0,16.0,1000.0,-1.0
gbm_group_cat-few_shot-log_count-seed2,puzt0xnm,2026-07-23T18:42:25Z,gbm_group_cat,few_shot,2,rmse,,1.0229003578379363,,1.0355441896080078,,,,,316.0,,,,,,,,,,,,0.0235714344093274,0.0,10.0,8.0,500.0,-1.0
gbm_group_cat-few_shot-log_count-seed2,rac7dy40,2026-07-23T18:40:33Z,gbm_group_cat,few_shot,2,rmse,,1.041722203841132,,1.053519154005195,,,,,114.0,,,,,,,,,,,,0.0432480329052877,0.0,10.0,8.0,255.0,-1.0
gbm_group_cat-few_shot-log_count-seed2,w1d389wm,2026-07-23T18:44:09Z,gbm_group_cat,few_shot,2,rmse,,1.1593588542074125,,1.1785466347003206,,,,,120.0,,,,,,,,,,,,0.1271700786387963,1.0,10.0,2.0,500.0,-1.0
gbm_group_cat-few_shot-log_count-seed2,wqrakx7b,2026-07-23T18:41:28Z,gbm_group_cat,few_shot,2,rmse,,1.473249401412834,,1.4597351507168312,,,,,31.0,,,,,,,,,,,,0.2090966500355389,1.0,1000.0,64.0,1000.0,-1.0
gbm_group_cat-few_shot-log_count-seed2,y13vv7yp,2026-07-23T18:47:29Z,gbm_group_cat,few_shot,2,rmse,,1.046529043135719,,1.0666628986234907,,,,,190.0,,,,,,,,,,,,0.0634627667122372,0.0,10.0,4.0,1000.0,-1.0
gbm_group_cat-few_shot-log_count-seed3,2wxtt4d8,2026-07-23T18:53:56Z,gbm_group_cat,few_shot,3,rmse,,0.4949345902527269,,0.5035185957894246,,,,,492.0,,,,,,,,,,,,0.0235110426118622,0.0,20.0,4.0,1000.0,-1.0
gbm_group_cat-few_shot-log_count-seed3,34q7hb0g,2026-07-23T18:53:39Z,gbm_group_cat,few_shot,3,rmse,,0.4642456269852747,,0.4903803794386477,,,,,105.0,,,,,,,,,,,,0.1183473185096848,1.0,20.0,32.0,255.0,-1.0
gbm_group_cat-few_shot-log_count-seed3,3jfmqlqc,2026-07-23T18:48:51Z,gbm_group_cat,few_shot,3,rmse,,0.7632265756610526,,0.7972578144796887,,,,,498.0,,,,,,,,,,,,0.0247266182197764,1.0,1000.0,4.0,500.0,-1.0
gbm_group_cat-few_shot-log_count-seed3,41c6rr01,2026-07-23T18:52:31Z,gbm_group_cat,few_shot,3,rmse,,0.5389993394058626,,0.5338423716646309,,,,,382.0,,,,,,,,,,,,0.4096264371525448,0.0,100.0,2.0,255.0,-1.0
gbm_group_cat-few_shot-log_count-seed3,5yhe2i6i,2026-07-23T18:57:23Z,gbm_group_cat,few_shot,3,rmse,,0.512334254443677,,0.5487450703057325,,,,,18.0,,,,,,,,,,,,0.6428191198097525,1.0,20.0,8.0,500.0,-1.0
gbm_group_cat-few_shot-log_count-seed3,7lf6w5ka,2026-07-23T18:57:51Z,gbm_group_cat,few_shot,3,rmse,,0.4827028622312368,,0.4860473934687211,,,,,500.0,,,,,,,,,,,,0.0182856525100933,1.0,100.0,16.0,1000.0,-1.0
gbm_group_cat-few_shot-log_count-seed3,7o6e0uzv,2026-07-23T18:55:38Z,gbm_group_cat,few_shot,3,rmse,,0.7217072120648497,,0.7517898492986489,,,,,349.0,,,,,,,,,,,,0.0652352517670139,0.0,1000.0,16.0,500.0,-1.0
gbm_group_cat-few_shot-log_count-seed3,80wvmhns,2026-07-23T18:58:04Z,gbm_group_cat,few_shot,3,rmse,,0.7446394928318267,,0.778926086081933,,,,,500.0,,,,,,,,,,,,0.0310546307698111,0.0,1000.0,16.0,1000.0,-1.0
gbm_group_cat-few_shot-log_count-seed3,97505iap,2026-07-23T18:49:38Z,gbm_group_cat,few_shot,3,rmse,,0.4968912557491144,,0.5062080215083379,,,,,301.0,,,,,,,,,,,,0.0432480329052877,0.0,10.0,8.0,255.0,-1.0
gbm_group_cat-few_shot-log_count-seed3,a2iidu88,2026-07-23T18:58:15Z,gbm_group_cat,few_shot,3,rmse,,0.6842424046461784,,0.6615668829891355,,,,,499.0,,,,,,,,,,,,0.0298960963897528,1.0,20.0,2.0,500.0,-1.0
gbm_group_cat-few_shot-log_count-seed3,awmedziq,2026-07-23T18:53:30Z,gbm_group_cat,few_shot,3,rmse,,0.494782509141419,,0.5080322961331101,,,,,447.0,,,,,,,,,,,,0.0235714344093274,0.0,10.0,8.0,500.0,-1.0
gbm_group_cat-few_shot-log_count-seed3,bmuwsknr,2026-07-23T18:50:01Z,gbm_group_cat,few_shot,3,rmse,,0.7608573970171104,,0.7850569078034676,,,,,253.0,,,,,,,,,,,,0.1489449797127196,1.0,1000.0,2.0,255.0,-1.0
gbm_group_cat-few_shot-log_count-seed3,e2zwr7cn,2026-07-23T18:56:27Z,gbm_group_cat,few_shot,3,rmse,,0.7424433519959394,,0.7769388110235894,,,,,498.0,,,,,,,,,,,,0.0330251750818893,1.0,1000.0,4.0,255.0,-1.0
gbm_group_cat-few_shot-log_count-seed3,e5ahkk7x,2026-07-23T18:58:12Z,gbm_group_cat,few_shot,3,rmse,,0.4694960266920096,,0.5369852406558983,,,,,8.0,,,,,,,,,,,,0.8668489138169221,0.0,10.0,32.0,1000.0,-1.0
gbm_group_cat-few_shot-log_count-seed3,e90xeh7i,2026-07-23T18:54:17Z,gbm_group_cat,few_shot,3,rmse,,0.4844642388457554,,0.514455572022554,,,,,26.0,,,,,,,,,,,,0.5342090140143507,1.0,20.0,32.0,500.0,-1.0
gbm_group_cat-few_shot-log_count-seed3,fvebyqto,2026-07-23T18:52:06Z,gbm_group_cat,few_shot,3,rmse,,0.7153652218172039,,0.7469076510609425,,,,,106.0,,,,,,,,,,,,0.2090966500355389,1.0,1000.0,64.0,1000.0,-1.0
gbm_group_cat-few_shot-log_count-seed3,gn3oshdt,2026-07-23T18:48:46Z,gbm_group_cat,few_shot,3,rmse,,0.4934487319540555,,0.5009665093090548,,,,,271.0,,,,,,,,,,,,0.0427421832403684,1.0,20.0,4.0,500.0,-1.0
gbm_group_cat-few_shot-log_count-seed3,h4evi9qm,2026-07-23T18:48:41Z,gbm_group_cat,few_shot,3,rmse,,0.7240749182229906,,0.7537394630473535,,,,,324.0,,,,,,,,,,,,0.0817147891511586,0.0,1000.0,16.0,255.0,-1.0
gbm_group_cat-few_shot-log_count-seed3,h9tj127h,2026-07-23T18:53:00Z,gbm_group_cat,few_shot,3,rmse,,0.4932172008331462,,0.5052040842063994,,,,,60.0,,,,,,,,,,,,0.2482318741925865,1.0,20.0,4.0,500.0,-1.0
gbm_group_cat-few_shot-log_count-seed3,heb3gj3n,2026-07-23T18:57:47Z,gbm_group_cat,few_shot,3,rmse,,0.4935375953720317,,0.5079193651501601,,,,,200.0,,,,,,,,,,,,0.0634627667122372,0.0,10.0,4.0,1000.0,-1.0
gbm_group_cat-few_shot-log_count-seed3,i5b5pa6q,2026-07-23T18:50:05Z,gbm_group_cat,few_shot,3,rmse,,0.7220125658313595,,0.7532108188472817,,,,,104.0,,,,,,,,,,,,0.250587007964955,1.0,1000.0,16.0,255.0,-1.0
gbm_group_cat-few_shot-log_count-seed3,jx16ovg9,2026-07-23T18:56:35Z,gbm_group_cat,few_shot,3,rmse,,0.5873043084317282,,0.5853207343298304,,,,,499.0,,,,,,,,,,,,0.0725779803885817,1.0,10.0,2.0,500.0,-1.0
gbm_group_cat-few_shot-log_count-seed3,kw7gy19b,2026-07-23T18:48:24Z,gbm_group_cat,few_shot,3,rmse,,0.4759908447241314,,0.5022798594085948,,,,,490.0,,,,,,,,,,,,0.0109758154193801,0.0,20.0,32.0,1000.0,-1.0
gbm_group_cat-few_shot-log_count-seed3,kxmq9kwf,2026-07-23T18:54:52Z,gbm_group_cat,few_shot,3,rmse,,0.6124965375451278,,0.6030288339687014,,,,,495.0,,,,,,,,,,,,0.0474589257602997,0.0,10.0,2.0,500.0,-1.0
gbm_group_cat-few_shot-log_count-seed3,nu3c0sl7,2026-07-23T18:53:19Z,gbm_group_cat,few_shot,3,rmse,,0.4996231256644675,,0.4891967794740731,,,,,458.0,,,,,,,,,,,,0.0490572683068294,0.0,100.0,4.0,500.0,-1.0
gbm_group_cat-few_shot-log_count-seed3,opiynn1g,2026-07-23T18:59:06Z,gbm_group_cat,few_shot,3,rmse,,0.5623814509750952,,0.5474950682307431,,,,,500.0,,,,,,,,,,,,0.013859244495551,0.0,100.0,4.0,500.0,-1.0
gbm_group_cat-few_shot-log_count-seed3,pjcmylwh,2026-07-23T18:57:27Z,gbm_group_cat,few_shot,3,rmse,,0.499051339762938,,0.5206949688903192,,,,,7.0,,,,,,,,,,,,0.4380606481501048,0.0,20.0,32.0,255.0,-1.0
gbm_group_cat-few_shot-log_count-seed3,q5pa9axa,2026-07-23T18:48:20Z,gbm_group_cat,few_shot,3,rmse,,0.4855945002889736,,0.4795839644966314,,,,,207.0,,,,,,,,,,,,0.1252065381499946,0.0,100.0,4.0,255.0,-1.0
gbm_group_cat-few_shot-log_count-seed3,qyuxqhy4,2026-07-23T18:56:19Z,gbm_group_cat,few_shot,3,rmse,,0.7386132137400275,,0.7725049118115993,,,,,499.0,,,,,,,,,,,,0.0347260839230521,0.0,1000.0,32.0,500.0,-1.0
gbm_group_cat-few_shot-log_count-seed3,rhnlsem6,2026-07-23T18:55:33Z,gbm_group_cat,few_shot,3,rmse,,0.4615115352432304,,0.4734120194136456,,,,,60.0,,,,,,,,,,,,0.0988058664639341,0.0,20.0,16.0,255.0,-1.0
gbm_group_cat-few_shot-log_count-seed3,rizrcxt5,2026-07-23T18:54:36Z,gbm_group_cat,few_shot,3,rmse,,0.5684607641324686,,0.5694697448870535,,,,,500.0,,,,,,,,,,,,0.1271700786387963,1.0,10.0,2.0,500.0,-1.0
gbm_group_cat-few_shot-log_count-seed3,zi0m6awn,2026-07-23T18:59:14Z,gbm_group_cat,few_shot,3,rmse,,0.7230802668344399,,0.7533716603250917,,,,,296.0,,,,,,,,,,,,0.0814494767975024,0.0,1000.0,8.0,255.0,-1.0
gbm_group_cat-few_shot-log_count-seed4,4ej4u9pg,2026-07-23T19:07:44Z,gbm_group_cat,few_shot,4,rmse,,0.6286300645071902,,0.6816466034178122,,,,,500.0,,,,,,,,,,,,0.0725779803885817,1.0,10.0,2.0,500.0,-1.0
gbm_group_cat-few_shot-log_count-seed4,4letbzfx,2026-07-23T19:10:23Z,gbm_group_cat,few_shot,4,rmse,,0.5659111532886673,,0.6124551107037357,,,,,499.0,,,,,,,,,,,,0.013859244495551,0.0,100.0,4.0,500.0,-1.0
gbm_group_cat-few_shot-log_count-seed4,4rbz3q8z,2026-07-23T19:07:28Z,gbm_group_cat,few_shot,4,rmse,,0.7295863550993503,,0.686456318166284,,,,,499.0,,,,,,,,,,,,0.0347260839230521,0.0,1000.0,32.0,500.0,-1.0
gbm_group_cat-few_shot-log_count-seed4,4vbvaggk,2026-07-23T19:07:02Z,gbm_group_cat,few_shot,4,rmse,,0.6121579132621021,,0.6664605282485471,,,,,499.0,,,,,,,,,,,,0.1271700786387963,1.0,10.0,2.0,500.0,-1.0
gbm_group_cat-few_shot-log_count-seed4,67da7jv9,2026-07-23T18:59:29Z,gbm_group_cat,few_shot,4,rmse,,0.5223018698602121,,0.5737453494495885,,,,,208.0,,,,,,,,,,,,0.1252065381499946,0.0,100.0,4.0,255.0,-1.0
gbm_group_cat-few_shot-log_count-seed4,b7718zz0,2026-07-23T19:07:37Z,gbm_group_cat,few_shot,4,rmse,,0.7405394640041103,,0.6988468316939732,,,,,500.0,,,,,,,,,,,,0.0330251750818893,1.0,1000.0,4.0,255.0,-1.0
gbm_group_cat-few_shot-log_count-seed4,bztu8pjk,2026-07-23T19:07:09Z,gbm_group_cat,few_shot,4,rmse,,0.6443713533222165,,0.6934906032888635,,,,,500.0,,,,,,,,,,,,0.0474589257602997,0.0,10.0,2.0,500.0,-1.0
gbm_group_cat-few_shot-log_count-seed4,d58jvf7h,2026-07-23T19:03:42Z,gbm_group_cat,few_shot,4,rmse,,0.7992609969804526,,0.757378226815691,,,,,250.0,,,,,,,,,,,,0.1489449797127196,1.0,1000.0,2.0,255.0,-1.0
gbm_group_cat-few_shot-log_count-seed4,dc6b9prz,2026-07-23T19:05:20Z,gbm_group_cat,few_shot,4,rmse,,0.535217674907443,,0.5827316524061186,,,,,496.0,,,,,,,,,,,,0.0235110426118622,0.0,20.0,4.0,1000.0,-1.0
gbm_group_cat-few_shot-log_count-seed4,dzlpif7z,2026-07-23T19:09:25Z,gbm_group_cat,few_shot,4,rmse,,0.5793892433736234,,0.5929167521260919,,,,,8.0,,,,,,,,,,,,0.4380606481501048,0.0,20.0,32.0,255.0,-1.0
gbm_group_cat-few_shot-log_count-seed4,f8m52eao,2026-07-23T19:05:27Z,gbm_group_cat,few_shot,4,rmse,,0.6123139777817128,,0.6419520747705976,,,,,7.0,,,,,,,,,,,,0.5342090140143507,1.0,20.0,32.0,500.0,-1.0
gbm_group_cat-few_shot-log_count-seed4,fga64zke,2026-07-23T19:10:15Z,gbm_group_cat,few_shot,4,rmse,,0.6673267676299334,,0.7125159558478045,,,,,500.0,,,,,,,,,,,,0.0298960963897528,1.0,20.0,2.0,500.0,-1.0
gbm_group_cat-few_shot-log_count-seed4,frkpndy3,2026-07-23T19:03:47Z,gbm_group_cat,few_shot,4,rmse,,0.6886566549094792,,0.6176705004955648,,,,,158.0,,,,,,,,,,,,0.250587007964955,1.0,1000.0,16.0,255.0,-1.0
gbm_group_cat-few_shot-log_count-seed4,i8xil1ve,2026-07-23T19:03:51Z,gbm_group_cat,few_shot,4,rmse,,0.6872407962335535,,0.6262005142459579,,,,,214.0,,,,,,,,,,,,0.2090966500355389,1.0,1000.0,64.0,1000.0,-1.0
gbm_group_cat-few_shot-log_count-seed4,j1xwapoi,2026-07-23T19:09:40Z,gbm_group_cat,few_shot,4,rmse,,0.7581666719342695,,0.7203156971864724,,,,,293.0,,,,,,,,,,,,0.0310546307698111,0.0,1000.0,16.0,1000.0,-1.0
gbm_group_cat-few_shot-log_count-seed4,m3b57zvd,2026-07-23T19:04:01Z,gbm_group_cat,few_shot,4,rmse,,0.5185350998980462,,0.5774855527967834,,,,,101.0,,,,,,,,,,,,0.2482318741925865,1.0,20.0,4.0,500.0,-1.0
gbm_group_cat-few_shot-log_count-seed4,mtz2hprt,2026-07-23T19:10:09Z,gbm_group_cat,few_shot,4,rmse,,0.583328768728597,,0.6225796799917613,,,,,4.0,,,,,,,,,,,,0.8668489138169221,0.0,10.0,32.0,1000.0,-1.0
gbm_group_cat-few_shot-log_count-seed4,o60kpuj3,2026-07-23T19:03:37Z,gbm_group_cat,few_shot,4,rmse,,0.5514489753507216,,0.5738076792123262,,,,,194.0,,,,,,,,,,,,0.0432480329052877,0.0,10.0,8.0,255.0,-1.0
gbm_group_cat-few_shot-log_count-seed4,pkr9g59t,2026-07-23T19:11:02Z,gbm_group_cat,few_shot,4,rmse,,0.6842575725140084,,0.6175342780287079,,,,,499.0,,,,,,,,,,,,0.0814494767975024,0.0,1000.0,8.0,255.0,-1.0
gbm_group_cat-few_shot-log_count-seed4,pnrz0hnb,2026-07-23T19:03:29Z,gbm_group_cat,few_shot,4,rmse,,0.7539418561617045,,0.7115270659911301,,,,,500.0,,,,,,,,,,,,0.0247266182197764,1.0,1000.0,4.0,500.0,-1.0
gbm_group_cat-few_shot-log_count-seed4,qul4oovx,2026-07-23T19:09:28Z,gbm_group_cat,few_shot,4,rmse,,0.5199247737638073,,0.5687290100165172,,,,,300.0,,,,,,,,,,,,0.0634627667122372,0.0,10.0,4.0,1000.0,-1.0
gbm_group_cat-few_shot-log_count-seed4,r668g0yf,2026-07-23T19:00:40Z,gbm_group_cat,few_shot,4,rmse,,0.6791155917972179,,0.6098693419277621,,,,,499.0,,,,,,,,,,,,0.0817147891511586,0.0,1000.0,16.0,255.0,-1.0
gbm_group_cat-few_shot-log_count-seed4,rxzldtmv,2026-07-23T19:04:39Z,gbm_group_cat,few_shot,4,rmse,,0.5259852886951699,,0.5743748154022594,,,,,494.0,,,,,,,,,,,,0.0490572683068294,0.0,100.0,4.0,500.0,-1.0
gbm_group_cat-few_shot-log_count-seed4,s6mt4jwd,2026-07-23T19:02:16Z,gbm_group_cat,few_shot,4,rmse,,0.5314636640017465,,0.5792454017793562,,,,,398.0,,,,,,,,,,,,0.0427421832403684,1.0,20.0,4.0,500.0,-1.0
gbm_group_cat-few_shot-log_count-seed4,t5olzsd7,2026-07-23T19:09:33Z,gbm_group_cat,few_shot,4,rmse,,0.5882097465671363,,0.5838012179019944,,,,,310.0,,,,,,,,,,,,0.0182856525100933,1.0,100.0,16.0,1000.0,-1.0
gbm_group_cat-few_shot-log_count-seed4,uit4q349,2026-07-23T19:04:47Z,gbm_group_cat,few_shot,4,rmse,,0.550298322618593,,0.5772064778130621,,,,,338.0,,,,,,,,,,,,0.0235714344093274,0.0,10.0,8.0,500.0,-1.0
gbm_group_cat-few_shot-log_count-seed4,v8no0uto,2026-07-23T19:04:54Z,gbm_group_cat,few_shot,4,rmse,,0.6044128800569192,,0.5936339438584216,,,,,55.0,,,,,,,,,,,,0.1183473185096848,1.0,20.0,32.0,255.0,-1.0
gbm_group_cat-few_shot-log_count-seed4,vgwy180n,2026-07-23T18:59:33Z,gbm_group_cat,few_shot,4,rmse,,0.5981184834019252,,0.5961335420983294,,,,,401.0,,,,,,,,,,,,0.0109758154193801,0.0,20.0,32.0,1000.0,-1.0
gbm_group_cat-few_shot-log_count-seed4,wkhhgf5o,2026-07-23T19:03:55Z,gbm_group_cat,few_shot,4,rmse,,0.5713175272245098,,0.6243386033976759,,,,,497.0,,,,,,,,,,,,0.4096264371525448,0.0,100.0,2.0,255.0,-1.0
gbm_group_cat-few_shot-log_count-seed4,xy7vgl9q,2026-07-23T19:07:19Z,gbm_group_cat,few_shot,4,rmse,,0.6959278644587048,,0.6341795827444459,,,,,499.0,,,,,,,,,,,,0.0652352517670139,0.0,1000.0,16.0,500.0,-1.0
gbm_group_cat-few_shot-log_count-seed4,yj1dj0vo,2026-07-23T19:07:50Z,gbm_group_cat,few_shot,4,rmse,,0.5857431707868987,,0.6320562127275389,,,,,16.0,,,,,,,,,,,,0.6428191198097525,1.0,20.0,8.0,500.0,-1.0
gbm_group_cat-few_shot-log_count-seed4,zpf4wn5z,2026-07-23T19:07:16Z,gbm_group_cat,few_shot,4,rmse,,0.5810165183432382,,0.583640112295006,,,,,65.0,,,,,,,,,,,,0.0988058664639341,0.0,20.0,16.0,255.0,-1.0
gbm_no_group-in_context-log_count-seed0,1ge0t9wf,2026-07-20T07:52:07Z,gbm_no_group,in_context,0,rmse,,0.5149442342802196,,0.5107630954424817,,,,,498.0,,,,,,,,,,,,0.4096264371525448,0.0,100.0,2.0,255.0,-1.0
gbm_no_group-in_context-log_count-seed0,2ir844t5,2026-07-20T07:55:18Z,gbm_no_group,in_context,0,rmse,,0.4853668833490849,,0.4968719286007384,,,,,500.0,,,,,,,,,,,,0.013859244495551,0.0,100.0,4.0,500.0,-1.0
gbm_no_group-in_context-log_count-seed0,7rguui4d,2026-07-20T07:53:26Z,gbm_no_group,in_context,0,rmse,,0.3144415806073087,,0.3140072248726838,,,,,499.0,,,,,,,,,,,,0.0988058664639341,0.0,20.0,16.0,255.0,-1.0
gbm_no_group-in_context-log_count-seed0,85ets8nj,2026-07-20T07:54:27Z,gbm_no_group,in_context,0,rmse,,0.3855621137694967,,0.3930137675206205,,,,,500.0,,,,,,,,,,,,0.0634627667122372,0.0,10.0,4.0,1000.0,-1.0
gbm_no_group-in_context-log_count-seed0,950xaldt,2026-07-20T07:51:20Z,gbm_no_group,in_context,0,rmse,,0.6992272488009313,,0.6690748344290213,,,,,500.0,,,,,,,,,,,,0.0247266182197764,1.0,1000.0,4.0,500.0,-1.0
gbm_no_group-in_context-log_count-seed0,bhf44rr5,2026-07-20T07:51:11Z,gbm_no_group,in_context,0,rmse,,0.3977365589867671,,0.4105516002774749,,,,,500.0,,,,,,,,,,,,0.0427421832403684,1.0,20.0,4.0,500.0,-1.0
gbm_no_group-in_context-log_count-seed0,fcplzn3g,2026-07-20T07:52:32Z,gbm_no_group,in_context,0,rmse,,0.384879029026893,,0.3943839626118693,,,,,500.0,,,,,,,,,,,,0.0235714344093274,0.0,10.0,8.0,500.0,-1.0
gbm_no_group-in_context-log_count-seed0,fyzjk2h6,2026-07-20T07:54:02Z,gbm_no_group,in_context,0,rmse,,0.6856467641958234,,0.65343454264404,,,,,500.0,,,,,,,,,,,,0.0330251750818893,1.0,1000.0,4.0,255.0,-1.0
gbm_no_group-in_context-log_count-seed0,gsf497ow,2026-07-20T07:52:57Z,gbm_no_group,in_context,0,rmse,,0.4401093685840686,,0.4517955681536597,,,,,500.0,,,,,,,,,,,,0.0235110426118622,0.0,20.0,4.0,1000.0,-1.0
gbm_no_group-in_context-log_count-seed0,h77e9dy5,2026-07-20T07:51:01Z,gbm_no_group,in_context,0,rmse,,0.6395470098236415,,0.6153793912548431,,,,,500.0,,,,,,,,,,,,0.0817147891511586,0.0,1000.0,16.0,255.0,-1.0
gbm_no_group-in_context-log_count-seed0,i8b5vo1m,2026-07-20T07:51:58Z,gbm_no_group,in_context,0,rmse,,0.6043414149434844,,0.5866062405965174,,,,,500.0,,,,,,,,,,,,0.2090966500355389,1.0,1000.0,64.0,1000.0,-1.0
gbm_no_group-in_context-log_count-seed0,is3gpnvf,2026-07-20T07:50:27Z,gbm_no_group,in_context,0,rmse,,0.3734078875866591,,0.380723734135914,,,,,500.0,,,,,,,,,,,,0.1252065381499946,0.0,100.0,4.0,255.0,-1.0
gbm_no_group-in_context-log_count-seed0,jm0k0oyd,2026-07-20T07:54:24Z,gbm_no_group,in_context,0,rmse,,0.3371133737990128,,0.350732194670986,,,,,43.0,,,,,,,,,,,,0.4380606481501048,0.0,20.0,32.0,255.0,-1.0
gbm_no_group-in_context-log_count-seed0,jv30ykk2,2026-07-20T07:51:49Z,gbm_no_group,in_context,0,rmse,,0.5941779942936334,,0.5763013178917037,,,,,499.0,,,,,,,,,,,,0.250587007964955,1.0,1000.0,16.0,255.0,-1.0
gbm_no_group-in_context-log_count-seed0,k1m1n0u1,2026-07-20T07:53:52Z,gbm_no_group,in_context,0,rmse,,0.6836260513853121,,0.6512463464301881,,,,,500.0,,,,,,,,,,,,0.0347260839230521,0.0,1000.0,32.0,500.0,-1.0
gbm_no_group-in_context-log_count-seed0,mlqj5atg,2026-07-20T07:51:29Z,gbm_no_group,in_context,0,rmse,,0.354230429588294,,0.3618473582648056,,,,,500.0,,,,,,,,,,,,0.0432480329052877,0.0,10.0,8.0,255.0,-1.0
gbm_no_group-in_context-log_count-seed0,mqpyvroc,2026-07-20T07:54:55Z,gbm_no_group,in_context,0,rmse,,0.6884186128244679,,0.6569669720754725,,,,,500.0,,,,,,,,,,,,0.0310546307698111,0.0,1000.0,16.0,1000.0,-1.0
gbm_no_group-in_context-log_count-seed0,myasi2ht,2026-07-20T07:52:22Z,gbm_no_group,in_context,0,rmse,,0.4052709018678543,,0.4149371302840143,,,,,500.0,,,,,,,,,,,,0.0490572683068294,0.0,100.0,4.0,500.0,-1.0
gbm_no_group-in_context-log_count-seed0,nkpoxzo0,2026-07-20T07:53:07Z,gbm_no_group,in_context,0,rmse,,0.3350578014543893,,0.3518924420849953,,,,,60.0,,,,,,,,,,,,0.5342090140143507,1.0,20.0,32.0,500.0,-1.0
gbm_no_group-in_context-log_count-seed0,orkukr87,2026-07-20T07:53:10Z,gbm_no_group,in_context,0,rmse,,0.5452886010918124,,0.5481642156207239,,,,,499.0,,,,,,,,,,,,0.1271700786387963,1.0,10.0,2.0,500.0,-1.0
gbm_no_group-in_context-log_count-seed0,r3a941yk,2026-07-20T07:53:41Z,gbm_no_group,in_context,0,rmse,,0.6510510061100877,,0.6226182456356777,,,,,499.0,,,,,,,,,,,,0.0652352517670139,0.0,1000.0,16.0,500.0,-1.0
gbm_no_group-in_context-log_count-seed0,r5iftnnx,2026-07-20T07:52:14Z,gbm_no_group,in_context,0,rmse,,0.3448823771214753,,0.3458802205260634,,,,,455.0,,,,,,,,,,,,0.2482318741925865,1.0,20.0,4.0,500.0,-1.0
gbm_no_group-in_context-log_count-seed0,r9etisfx,2026-07-20T07:52:45Z,gbm_no_group,in_context,0,rmse,,0.3152240910781562,,0.3191360417645295,,,,,338.0,,,,,,,,,,,,0.1183473185096848,1.0,20.0,32.0,255.0,-1.0
gbm_no_group-in_context-log_count-seed0,rus22o2h,2026-07-20T07:51:41Z,gbm_no_group,in_context,0,rmse,,0.7410425486352318,,0.7018919800463005,,,,,499.0,,,,,,,,,,,,0.1489449797127196,1.0,1000.0,2.0,255.0,-1.0
gbm_no_group-in_context-log_count-seed0,tyb2fm2n,2026-07-20T07:55:05Z,gbm_no_group,in_context,0,rmse,,0.3923980506024185,,0.4375398583052843,,,,,25.0,,,,,,,,,,,,0.8668489138169221,0.0,10.0,32.0,1000.0,-1.0
gbm_no_group-in_context-log_count-seed0,vkaqp5ox,2026-07-20T07:55:09Z,gbm_no_group,in_context,0,rmse,,0.6100894143887904,,0.6116874462509319,,,,,500.0,,,,,,,,,,,,0.0298960963897528,1.0,20.0,2.0,500.0,-1.0
gbm_no_group-in_context-log_count-seed0,vzkp9ol3,2026-07-20T07:54:20Z,gbm_no_group,in_context,0,rmse,,0.3564119029205695,,0.360695181990991,,,,,155.0,,,,,,,,,,,,0.6428191198097525,1.0,20.0,8.0,500.0,-1.0
gbm_no_group-in_context-log_count-seed0,xc3huxff,2026-07-20T07:54:37Z,gbm_no_group,in_context,0,rmse,,0.372671904903206,,0.3849502720500448,,,,,500.0,,,,,,,,,,,,0.0182856525100933,1.0,100.0,16.0,1000.0,-1.0
gbm_no_group-in_context-log_count-seed0,xlqjbwr3,2026-07-20T07:55:27Z,gbm_no_group,in_context,0,rmse,,0.6408507420997943,,0.6157854596705311,,,,,500.0,,,,,,,,,,,,0.0814494767975024,0.0,1000.0,8.0,255.0,-1.0
gbm_no_group-in_context-log_count-seed0,xo9m5zjo,2026-07-20T07:53:18Z,gbm_no_group,in_context,0,rmse,,0.584882629772466,,0.587079083090373,,,,,500.0,,,,,,,,,,,,0.0474589257602997,0.0,10.0,2.0,500.0,-1.0
gbm_no_group-in_context-log_count-seed0,ys1wy07x,2026-07-20T07:54:12Z,gbm_no_group,in_context,0,rmse,,0.56587784495891,,0.5687567656567519,,,,,500.0,,,,,,,,,,,,0.0725779803885817,1.0,10.0,2.0,500.0,-1.0
gbm_no_group-in_context-log_count-seed0,zm44tbvj,2026-07-20T07:50:36Z,gbm_no_group,in_context,0,rmse,,0.3494987547866864,,0.3616218757990312,,,,,500.0,,,,,,,,,,,,0.0109758154193801,0.0,20.0,32.0,1000.0,-1.0
gbm_no_group-in_context-log_count-seed1,0zuwa7fb,2026-07-20T08:02:08Z,gbm_no_group,in_context,1,rmse,,0.377511920482,,0.3731128969463687,,,,,497.0,,,,,,,,,,,,0.0634627667122372,0.0,10.0,4.0,1000.0,-1.0
gbm_no_group-in_context-log_count-seed1,115gxczg,2026-07-20T08:02:45Z,gbm_no_group,in_context,1,rmse,,0.3897015317254368,,0.405008827521905,,,,,34.0,,,,,,,,,,,,0.8668489138169221,0.0,10.0,32.0,1000.0,-1.0
gbm_no_group-in_context-log_count-seed1,17i4i1ct,2026-07-20T08:02:48Z,gbm_no_group,in_context,1,rmse,,0.6104167137158002,,0.6019868088699634,,,,,500.0,,,,,,,,,,,,0.0298960963897528,1.0,20.0,2.0,500.0,-1.0
gbm_no_group-in_context-log_count-seed1,37hwdxcx,2026-07-20T08:02:36Z,gbm_no_group,in_context,1,rmse,,0.6825148629008008,,0.6695932964944836,,,,,500.0,,,,,,,,,,,,0.0310546307698111,0.0,1000.0,16.0,1000.0,-1.0
gbm_no_group-in_context-log_count-seed1,3umfu8mz,2026-07-20T07:57:53Z,gbm_no_group,in_context,1,rmse,,0.3724919578172611,,0.3604302309513206,,,,,500.0,,,,,,,,,,,,0.1252065381499946,0.0,100.0,4.0,255.0,-1.0
gbm_no_group-in_context-log_count-seed1,498u9ort,2026-07-20T08:02:57Z,gbm_no_group,in_context,1,rmse,,0.4867798812507408,,0.476671510165726,,,,,500.0,,,,,,,,,,,,0.013859244495551,0.0,100.0,4.0,500.0,-1.0
gbm_no_group-in_context-log_count-seed1,4e4ktz73,2026-07-20T07:59:09Z,gbm_no_group,in_context,1,rmse,,0.7266990672413047,,0.7227877576179359,,,,,499.0,,,,,,,,,,,,0.1489449797127196,1.0,1000.0,2.0,255.0,-1.0
gbm_no_group-in_context-log_count-seed1,4ie3jka4,2026-07-20T07:58:02Z,gbm_no_group,in_context,1,rmse,,0.3457864707501253,,0.3334120915551765,,,,,500.0,,,,,,,,,,,,0.0109758154193801,0.0,20.0,32.0,1000.0,-1.0
gbm_no_group-in_context-log_count-seed1,6oe9pr4d,2026-07-20T08:01:39Z,gbm_no_group,in_context,1,rmse,,0.6799568184748835,,0.6665993361504144,,,,,500.0,,,,,,,,,,,,0.0330251750818893,1.0,1000.0,4.0,255.0,-1.0
gbm_no_group-in_context-log_count-seed1,e1izjq9e,2026-07-20T08:02:01Z,gbm_no_group,in_context,1,rmse,,0.3202885650746397,,0.3289669533861051,,,,,255.0,,,,,,,,,,,,0.4380606481501048,0.0,20.0,32.0,255.0,-1.0
gbm_no_group-in_context-log_count-seed1,ept5a6xs,2026-07-20T07:59:59Z,gbm_no_group,in_context,1,rmse,,0.3681967300743589,,0.3592780070617014,,,,,500.0,,,,,,,,,,,,0.0235714344093274,0.0,10.0,8.0,500.0,-1.0
gbm_no_group-in_context-log_count-seed1,fjar4y56,2026-07-20T08:01:57Z,gbm_no_group,in_context,1,rmse,,0.3384796442930907,,0.3401199668974791,,,,,191.0,,,,,,,,,,,,0.6428191198097525,1.0,20.0,8.0,500.0,-1.0
gbm_no_group-in_context-log_count-seed1,fpfdm8ki,2026-07-20T07:59:16Z,gbm_no_group,in_context,1,rmse,,0.5930738779308035,,0.5839758726603125,,,,,500.0,,,,,,,,,,,,0.250587007964955,1.0,1000.0,16.0,255.0,-1.0
gbm_no_group-in_context-log_count-seed1,g3aw7jsf,2026-07-20T08:02:17Z,gbm_no_group,in_context,1,rmse,,0.3679816352936398,,0.3571398455355395,,,,,500.0,,,,,,,,,,,,0.0182856525100933,1.0,100.0,16.0,1000.0,-1.0
gbm_no_group-in_context-log_count-seed1,ga1x7cvx,2026-07-20T08:01:29Z,gbm_no_group,in_context,1,rmse,,0.6771205340425429,,0.6634852115135215,,,,,500.0,,,,,,,,,,,,0.0347260839230521,0.0,1000.0,32.0,500.0,-1.0
gbm_no_group-in_context-log_count-seed1,gv5o2y5u,2026-07-20T07:58:57Z,gbm_no_group,in_context,1,rmse,,0.3412970991395125,,0.3377331864674129,,,,,500.0,,,,,,,,,,,,0.0432480329052877,0.0,10.0,8.0,255.0,-1.0
gbm_no_group-in_context-log_count-seed1,ij2nbb0z,2026-07-20T08:01:20Z,gbm_no_group,in_context,1,rmse,,0.645388237775358,,0.6342231916640069,,,,,500.0,,,,,,,,,,,,0.0652352517670139,0.0,1000.0,16.0,500.0,-1.0
gbm_no_group-in_context-log_count-seed1,iu7djrx0,2026-07-20T08:00:12Z,gbm_no_group,in_context,1,rmse,,0.2957907734299577,,0.3029783603929591,,,,,492.0,,,,,,,,,,,,0.1183473185096848,1.0,20.0,32.0,255.0,-1.0
gbm_no_group-in_context-log_count-seed1,j8osvo66,2026-07-20T08:03:06Z,gbm_no_group,in_context,1,rmse,,0.6361309003374741,,0.6250294572953192,,,,,500.0,,,,,,,,,,,,0.0814494767975024,0.0,1000.0,8.0,255.0,-1.0
gbm_no_group-in_context-log_count-seed1,jy856gg3,2026-07-20T07:59:25Z,gbm_no_group,in_context,1,rmse,,0.5988895674921705,,0.5908086412373443,,,,,500.0,,,,,,,,,,,,0.2090966500355389,1.0,1000.0,64.0,1000.0,-1.0
gbm_no_group-in_context-log_count-seed1,kadrgyg3,2026-07-20T08:00:43Z,gbm_no_group,in_context,1,rmse,,0.3200723177419268,,0.3292435679118023,,,,,187.0,,,,,,,,,,,,0.5342090140143507,1.0,20.0,32.0,500.0,-1.0
gbm_no_group-in_context-log_count-seed1,kf010lfs,2026-07-20T07:58:47Z,gbm_no_group,in_context,1,rmse,,0.6916371299355751,,0.6787849168778449,,,,,500.0,,,,,,,,,,,,0.0247266182197764,1.0,1000.0,4.0,500.0,-1.0
gbm_no_group-in_context-log_count-seed1,mzpkixjs,2026-07-20T08:01:05Z,gbm_no_group,in_context,1,rmse,,0.3003356666844451,,0.29650148852129,,,,,500.0,,,,,,,,,,,,0.0988058664639341,0.0,20.0,16.0,255.0,-1.0
gbm_no_group-in_context-log_count-seed1,ncvb1qn1,2026-07-20T08:00:56Z,gbm_no_group,in_context,1,rmse,,0.5814000294594206,,0.5758930349727789,,,,,500.0,,,,,,,,,,,,0.0474589257602997,0.0,10.0,2.0,500.0,-1.0
gbm_no_group-in_context-log_count-seed1,nnzynyz6,2026-07-20T07:59:34Z,gbm_no_group,in_context,1,rmse,,0.4961068002683144,,0.5043212139306015,,,,,500.0,,,,,,,,,,,,0.4096264371525448,0.0,100.0,2.0,255.0,-1.0
gbm_no_group-in_context-log_count-seed1,qtnwvtw6,2026-07-20T07:58:37Z,gbm_no_group,in_context,1,rmse,,0.3937473858338635,,0.39008084309824,,,,,500.0,,,,,,,,,,,,0.0427421832403684,1.0,20.0,4.0,500.0,-1.0
gbm_no_group-in_context-log_count-seed1,r2nkoys0,2026-07-20T08:01:49Z,gbm_no_group,in_context,1,rmse,,0.5592837263894935,,0.5572544978191935,,,,,500.0,,,,,,,,,,,,0.0725779803885817,1.0,10.0,2.0,500.0,-1.0
gbm_no_group-in_context-log_count-seed1,relf0lwa,2026-07-20T07:59:50Z,gbm_no_group,in_context,1,rmse,,0.4015312013869349,,0.3903596916713289,,,,,500.0,,,,,,,,,,,,0.0490572683068294,0.0,100.0,4.0,500.0,-1.0
gbm_no_group-in_context-log_count-seed1,tszvb3wx,2026-07-20T08:00:34Z,gbm_no_group,in_context,1,rmse,,0.4362370096923809,,0.431937696545919,,,,,500.0,,,,,,,,,,,,0.0235110426118622,0.0,20.0,4.0,1000.0,-1.0
gbm_no_group-in_context-log_count-seed1,vl06v6gu,2026-07-20T08:00:49Z,gbm_no_group,in_context,1,rmse,,0.535189533334978,,0.537066651789014,,,,,500.0,,,,,,,,,,,,0.1271700786387963,1.0,10.0,2.0,500.0,-1.0
gbm_no_group-in_context-log_count-seed1,xa5wjx22,2026-07-20T07:58:27Z,gbm_no_group,in_context,1,rmse,,0.6351787895046384,,0.6241945294008936,,,,,500.0,,,,,,,,,,,,0.0817147891511586,0.0,1000.0,16.0,255.0,-1.0
gbm_no_group-in_context-log_count-seed1,yhh2fdb6,2026-07-20T07:59:41Z,gbm_no_group,in_context,1,rmse,,0.331252444537151,,0.3227399304366595,,,,,496.0,,,,,,,,,,,,0.2482318741925865,1.0,20.0,4.0,500.0,-1.0
gbm_no_group-in_context-log_count-seed2,03jrtt1a,2026-07-20T08:09:05Z,gbm_no_group,in_context,2,rmse,,0.6786811965306737,,0.6693368979447542,,,,,500.0,,,,,,,,,,,,0.0347260839230521,0.0,1000.0,32.0,500.0,-1.0
gbm_no_group-in_context-log_count-seed2,1oaziaqs,2026-07-20T08:06:23Z,gbm_no_group,in_context,2,rmse,,0.4172960854014111,,0.4102382266181837,,,,,500.0,,,,,,,,,,,,0.0427421832403684,1.0,20.0,4.0,500.0,-1.0
gbm_no_group-in_context-log_count-seed2,206arx5m,2026-07-20T08:08:55Z,gbm_no_group,in_context,2,rmse,,0.6496966656442861,,0.6410102471012621,,,,,500.0,,,,,,,,,,,,0.0652352517670139,0.0,1000.0,16.0,500.0,-1.0
gbm_no_group-in_context-log_count-seed2,3u66u5f2,2026-07-20T08:06:54Z,gbm_no_group,in_context,2,rmse,,0.7261137605404807,,0.7207973786069555,,,,,500.0,,,,,,,,,,,,0.1489449797127196,1.0,1000.0,2.0,255.0,-1.0
gbm_no_group-in_context-log_count-seed2,3wgjwif3,2026-07-20T08:08:25Z,gbm_no_group,in_context,2,rmse,,0.5530074525364668,,0.5451297999515269,,,,,500.0,,,,,,,,,,,,0.1271700786387963,1.0,10.0,2.0,500.0,-1.0
gbm_no_group-in_context-log_count-seed2,4o3spzgr,2026-07-20T08:09:53Z,gbm_no_group,in_context,2,rmse,,0.3894672634320137,,0.3868450974729094,,,,,500.0,,,,,,,,,,,,0.0182856525100933,1.0,100.0,16.0,1000.0,-1.0
gbm_no_group-in_context-log_count-seed2,6q9yysaw,2026-07-20T08:07:57Z,gbm_no_group,in_context,2,rmse,,0.3215499938448975,,0.3202703543061366,,,,,364.0,,,,,,,,,,,,0.1183473185096848,1.0,20.0,32.0,255.0,-1.0
gbm_no_group-in_context-log_count-seed2,9hgkcx5u,2026-07-20T08:09:36Z,gbm_no_group,in_context,2,rmse,,0.3530392256493523,,0.3503914568187291,,,,,249.0,,,,,,,,,,,,0.6428191198097525,1.0,20.0,8.0,500.0,-1.0
gbm_no_group-in_context-log_count-seed2,9xkqvb34,2026-07-20T08:05:50Z,gbm_no_group,in_context,2,rmse,,0.3692345095497904,,0.3651468359181963,,,,,500.0,,,,,,,,,,,,0.0109758154193801,0.0,20.0,32.0,1000.0,-1.0
gbm_no_group-in_context-log_count-seed2,ava0lau6,2026-07-20T08:07:01Z,gbm_no_group,in_context,2,rmse,,0.5969573776416577,,0.5894151657983814,,,,,500.0,,,,,,,,,,,,0.250587007964955,1.0,1000.0,16.0,255.0,-1.0
gbm_no_group-in_context-log_count-seed2,b3tn86uw,2026-07-20T08:09:15Z,gbm_no_group,in_context,2,rmse,,0.681077415028003,,0.6717980454981779,,,,,500.0,,,,,,,,,,,,0.0330251750818893,1.0,1000.0,4.0,255.0,-1.0
gbm_no_group-in_context-log_count-seed2,b3xc56kr,2026-07-20T08:07:45Z,gbm_no_group,in_context,2,rmse,,0.3935095213097558,,0.3842162843690915,,,,,500.0,,,,,,,,,,,,0.0235714344093274,0.0,10.0,8.0,500.0,-1.0
gbm_no_group-in_context-log_count-seed2,bk6wk3og,2026-07-20T08:06:33Z,gbm_no_group,in_context,2,rmse,,0.6923020183330995,,0.6831278282240996,,,,,500.0,,,,,,,,,,,,0.0247266182197764,1.0,1000.0,4.0,500.0,-1.0
gbm_no_group-in_context-log_count-seed2,glhmal4t,2026-07-20T08:10:20Z,gbm_no_group,in_context,2,rmse,,0.4007929657282612,,0.4006589093231725,,,,,54.0,,,,,,,,,,,,0.8668489138169221,0.0,10.0,32.0,1000.0,-1.0
gbm_no_group-in_context-log_count-seed2,hre8g3w8,2026-07-20T08:10:41Z,gbm_no_group,in_context,2,rmse,,0.6409413489814483,,0.6334093712536419,,,,,500.0,,,,,,,,,,,,0.0814494767975024,0.0,1000.0,8.0,255.0,-1.0
gbm_no_group-in_context-log_count-seed2,i9nz2gb4,2026-07-20T08:08:40Z,gbm_no_group,in_context,2,rmse,,0.329126484552236,,0.3195033368611655,,,,,500.0,,,,,,,,,,,,0.0988058664639341,0.0,20.0,16.0,255.0,-1.0
gbm_no_group-in_context-log_count-seed2,jdsr05uz,2026-07-20T08:08:33Z,gbm_no_group,in_context,2,rmse,,0.5916455934190461,,0.5817354347796059,,,,,500.0,,,,,,,,,,,,0.0474589257602997,0.0,10.0,2.0,500.0,-1.0
gbm_no_group-in_context-log_count-seed2,jqu0oz4y,2026-07-20T08:09:44Z,gbm_no_group,in_context,2,rmse,,0.3996897266212783,,0.3928341691628536,,,,,498.0,,,,,,,,,,,,0.0634627667122372,0.0,10.0,4.0,1000.0,-1.0
gbm_no_group-in_context-log_count-seed2,klv53qz3,2026-07-20T08:08:12Z,gbm_no_group,in_context,2,rmse,,0.4488778256279584,,0.4464389711712824,,,,,500.0,,,,,,,,,,,,0.0235110426118622,0.0,20.0,4.0,1000.0,-1.0
gbm_no_group-in_context-log_count-seed2,ledg0uaa,2026-07-20T08:06:42Z,gbm_no_group,in_context,2,rmse,,0.3637784767639488,,0.3583782469288439,,,,,500.0,,,,,,,,,,,,0.0432480329052877,0.0,10.0,8.0,255.0,-1.0
gbm_no_group-in_context-log_count-seed2,lyubq940,2026-07-20T08:10:11Z,gbm_no_group,in_context,2,rmse,,0.6824550699527264,,0.6730323239812108,,,,,500.0,,,,,,,,,,,,0.0310546307698111,0.0,1000.0,16.0,1000.0,-1.0
gbm_no_group-in_context-log_count-seed2,oq0ifive,2026-07-20T08:05:41Z,gbm_no_group,in_context,2,rmse,,0.3938030750005993,,0.3824725227814785,,,,,500.0,,,,,,,,,,,,0.1252065381499946,0.0,100.0,4.0,255.0,-1.0
gbm_no_group-in_context-log_count-seed2,pyjbmiu9,2026-07-20T08:09:28Z,gbm_no_group,in_context,2,rmse,,0.5724938838396924,,0.5646060970579139,,,,,500.0,,,,,,,,,,,,0.0725779803885817,1.0,10.0,2.0,500.0,-1.0
gbm_no_group-in_context-log_count-seed2,qir4v41h,2026-07-20T08:09:41Z,gbm_no_group,in_context,2,rmse,,0.3457673986357957,,0.3410709016520061,,,,,81.0,,,,,,,,,,,,0.4380606481501048,0.0,20.0,32.0,255.0,-1.0
gbm_no_group-in_context-log_count-seed2,sec9jyhs,2026-07-20T08:07:36Z,gbm_no_group,in_context,2,rmse,,0.4264288200596425,,0.4123675048550673,,,,,498.0,,,,,,,,,,,,0.0490572683068294,0.0,100.0,4.0,500.0,-1.0
gbm_no_group-in_context-log_count-seed2,unmde097,2026-07-20T08:07:11Z,gbm_no_group,in_context,2,rmse,,0.6047592528857466,,0.5942439588713481,,,,,500.0,,,,,,,,,,,,0.2090966500355389,1.0,1000.0,64.0,1000.0,-1.0
gbm_no_group-in_context-log_count-seed2,v1h0mxnv,2026-07-20T08:08:21Z,gbm_no_group,in_context,2,rmse,,0.3713456252856794,,0.353840263343898,,,,,58.0,,,,,,,,,,,,0.5342090140143507,1.0,20.0,32.0,500.0,-1.0
gbm_no_group-in_context-log_count-seed2,x1hvs07l,2026-07-20T08:07:20Z,gbm_no_group,in_context,2,rmse,,0.5262018516367186,,0.5091084491897576,,,,,500.0,,,,,,,,,,,,0.4096264371525448,0.0,100.0,2.0,255.0,-1.0
gbm_no_group-in_context-log_count-seed2,xcmny3bm,2026-07-20T08:07:27Z,gbm_no_group,in_context,2,rmse,,0.352588359715701,,0.3474075456429086,,,,,500.0,,,,,,,,,,,,0.2482318741925865,1.0,20.0,4.0,500.0,-1.0
gbm_no_group-in_context-log_count-seed2,xdo73q48,2026-07-20T08:10:32Z,gbm_no_group,in_context,2,rmse,,0.4931030310888454,,0.4860294184454363,,,,,500.0,,,,,,,,,,,,0.013859244495551,0.0,100.0,4.0,500.0,-1.0
gbm_no_group-in_context-log_count-seed2,z190trdl,2026-07-20T08:06:14Z,gbm_no_group,in_context,2,rmse,,0.6399139476910225,,0.6321170852110658,,,,,500.0,,,,,,,,,,,,0.0817147891511586,0.0,1000.0,16.0,255.0,-1.0
gbm_no_group-in_context-log_count-seed2,zqoqqnqz,2026-07-20T08:10:24Z,gbm_no_group,in_context,2,rmse,,0.6183058329293879,,0.6077400821634343,,,,,500.0,,,,,,,,,,,,0.0298960963897528,1.0,20.0,2.0,500.0,-1.0
gbm_no_group-in_context-log_count-seed3,1p9bdrf5,2026-07-21T07:43:19Z,gbm_no_group,in_context,3,rmse,,0.4891543607912444,,0.4834638673467168,,,,,500.0,,,,,,,,,,,,0.013859244495551,0.0,100.0,4.0,500.0,-1.0
gbm_no_group-in_context-log_count-seed3,366upoqg,2026-07-21T07:38:49Z,gbm_no_group,in_context,3,rmse,,0.3978278743055165,,0.4037165592130236,,,,,500.0,,,,,,,,,,,,0.0427421832403684,1.0,20.0,4.0,500.0,-1.0
gbm_no_group-in_context-log_count-seed3,4ur8twlg,2026-07-21T07:43:28Z,gbm_no_group,in_context,3,rmse,,0.6470552473081852,,0.6195001179426184,,,,,500.0,,,,,,,,,,,,0.0814494767975024,0.0,1000.0,8.0,255.0,-1.0
gbm_no_group-in_context-log_count-seed3,8c1w56lr,2026-07-21T07:40:47Z,gbm_no_group,in_context,3,rmse,,0.4382716709050699,,0.4410906652614444,,,,,500.0,,,,,,,,,,,,0.0235110426118622,0.0,20.0,4.0,1000.0,-1.0
gbm_no_group-in_context-log_count-seed3,8tpd7a8s,2026-07-21T07:42:56Z,gbm_no_group,in_context,3,rmse,,0.6927556811859849,,0.6575566825093782,,,,,500.0,,,,,,,,,,,,0.0310546307698111,0.0,1000.0,16.0,1000.0,-1.0
gbm_no_group-in_context-log_count-seed3,8yx60zk1,2026-07-21T07:41:19Z,gbm_no_group,in_context,3,rmse,,0.301386839868812,,0.3403494080465775,,,,,500.0,,,,,,,,,,,,0.0988058664639341,0.0,20.0,16.0,255.0,-1.0
gbm_no_group-in_context-log_count-seed3,964u7zsv,2026-07-21T07:38:39Z,gbm_no_group,in_context,3,rmse,,0.6467389371439369,,0.6195564310894184,,,,,500.0,,,,,,,,,,,,0.0817147891511586,0.0,1000.0,16.0,255.0,-1.0
gbm_no_group-in_context-log_count-seed3,9stf9gkn,2026-07-21T07:40:32Z,gbm_no_group,in_context,3,rmse,,0.2953221006230783,,0.3368945953029816,,,,,369.0,,,,,,,,,,,,0.1183473185096848,1.0,20.0,32.0,255.0,-1.0
gbm_no_group-in_context-log_count-seed3,a2prsm8c,2026-07-21T07:41:02Z,gbm_no_group,in_context,3,rmse,,0.5398183719632261,,0.5465521592369967,,,,,500.0,,,,,,,,,,,,0.1271700786387963,1.0,10.0,2.0,500.0,-1.0
gbm_no_group-in_context-log_count-seed3,c8nmiirt,2026-07-21T07:43:11Z,gbm_no_group,in_context,3,rmse,,0.6045293096252846,,0.6038796186658988,,,,,500.0,,,,,,,,,,,,0.0298960963897528,1.0,20.0,2.0,500.0,-1.0
gbm_no_group-in_context-log_count-seed3,dc4eetek,2026-07-21T07:39:22Z,gbm_no_group,in_context,3,rmse,,0.7383013705482084,,0.708543426353689,,,,,500.0,,,,,,,,,,,,0.1489449797127196,1.0,1000.0,2.0,255.0,-1.0
gbm_no_group-in_context-log_count-seed3,e19723ai,2026-07-21T07:42:07Z,gbm_no_group,in_context,3,rmse,,0.558270630413638,,0.5648876796971382,,,,,499.0,,,,,,,,,,,,0.0725779803885817,1.0,10.0,2.0,500.0,-1.0
gbm_no_group-in_context-log_count-seed3,ebww8lya,2026-07-21T07:38:01Z,gbm_no_group,in_context,3,rmse,,0.3768138598063741,,0.382133466358159,,,,,500.0,,,,,,,,,,,,0.1252065381499946,0.0,100.0,4.0,255.0,-1.0
gbm_no_group-in_context-log_count-seed3,eu8546wa,2026-07-21T07:39:30Z,gbm_no_group,in_context,3,rmse,,0.6000790039153951,,0.5837071152350498,,,,,500.0,,,,,,,,,,,,0.250587007964955,1.0,1000.0,16.0,255.0,-1.0
gbm_no_group-in_context-log_count-seed3,fe196u87,2026-07-21T07:40:07Z,gbm_no_group,in_context,3,rmse,,0.4096565326067563,,0.4062752113795686,,,,,499.0,,,,,,,,,,,,0.0490572683068294,0.0,100.0,4.0,500.0,-1.0
gbm_no_group-in_context-log_count-seed3,ftyvu1zf,2026-07-21T07:38:59Z,gbm_no_group,in_context,3,rmse,,0.7034047725618148,,0.6670575234240822,,,,,500.0,,,,,,,,,,,,0.0247266182197764,1.0,1000.0,4.0,500.0,-1.0
gbm_no_group-in_context-log_count-seed3,iuxctg3v,2026-07-21T07:40:58Z,gbm_no_group,in_context,3,rmse,,0.3213479243719645,,0.3675991665501311,,,,,46.0,,,,,,,,,,,,0.5342090140143507,1.0,20.0,32.0,500.0,-1.0
gbm_no_group-in_context-log_count-seed3,jsjwgqia,2026-07-21T07:41:46Z,gbm_no_group,in_context,3,rmse,,0.6867548298276734,,0.6524472487357023,,,,,500.0,,,,,,,,,,,,0.0347260839230521,0.0,1000.0,32.0,500.0,-1.0
gbm_no_group-in_context-log_count-seed3,pa9o5ppf,2026-07-21T07:39:40Z,gbm_no_group,in_context,3,rmse,,0.6081688532494335,,0.592006057653358,,,,,499.0,,,,,,,,,,,,0.2090966500355389,1.0,1000.0,64.0,1000.0,-1.0
gbm_no_group-in_context-log_count-seed3,rqjg2pgz,2026-07-21T07:38:14Z,gbm_no_group,in_context,3,rmse,,0.3461514781982157,,0.3672340710731653,,,,,500.0,,,,,,,,,,,,0.0109758154193801,0.0,20.0,32.0,1000.0,-1.0
gbm_no_group-in_context-log_count-seed3,sroy9xli,2026-07-21T07:42:22Z,gbm_no_group,in_context,3,rmse,,0.3237837516058677,,0.3701206514319831,,,,,121.0,,,,,,,,,,,,0.4380606481501048,0.0,20.0,32.0,255.0,-1.0
gbm_no_group-in_context-log_count-seed3,t417z1yf,2026-07-21T07:40:18Z,gbm_no_group,in_context,3,rmse,,0.3780750517122481,,0.3872184860382655,,,,,500.0,,,,,,,,,,,,0.0235714344093274,0.0,10.0,8.0,500.0,-1.0
gbm_no_group-in_context-log_count-seed3,tnb18yvv,2026-07-21T07:39:50Z,gbm_no_group,in_context,3,rmse,,0.5081108396933881,,0.5079472503049778,,,,,499.0,,,,,,,,,,,,0.4096264371525448,0.0,100.0,2.0,255.0,-1.0
gbm_no_group-in_context-log_count-seed3,tx8rnvon,2026-07-21T07:39:58Z,gbm_no_group,in_context,3,rmse,,0.3385687586028942,,0.3639501910279078,,,,,488.0,,,,,,,,,,,,0.2482318741925865,1.0,20.0,4.0,500.0,-1.0
gbm_no_group-in_context-log_count-seed3,tznjcjdv,2026-07-21T07:41:35Z,gbm_no_group,in_context,3,rmse,,0.6554361347812895,,0.6277257348226207,,,,,500.0,,,,,,,,,,,,0.0652352517670139,0.0,1000.0,16.0,500.0,-1.0
gbm_no_group-in_context-log_count-seed3,u4elx0hd,2026-07-21T07:42:36Z,gbm_no_group,in_context,3,rmse,,0.377576317752257,,0.3837229070864678,,,,,500.0,,,,,,,,,,,,0.0182856525100933,1.0,100.0,16.0,1000.0,-1.0
gbm_no_group-in_context-log_count-seed3,upv0am19,2026-07-21T07:42:16Z,gbm_no_group,in_context,3,rmse,,0.3305234989385708,,0.373942282430475,,,,,220.0,,,,,,,,,,,,0.6428191198097525,1.0,20.0,8.0,500.0,-1.0
gbm_no_group-in_context-log_count-seed3,urxl5rxh,2026-07-21T07:41:11Z,gbm_no_group,in_context,3,rmse,,0.5775267777319419,,0.5820021154015083,,,,,500.0,,,,,,,,,,,,0.0474589257602997,0.0,10.0,2.0,500.0,-1.0
gbm_no_group-in_context-log_count-seed3,v8hab14m,2026-07-21T07:39:09Z,gbm_no_group,in_context,3,rmse,,0.3510729708076581,,0.3652683207607072,,,,,500.0,,,,,,,,,,,,0.0432480329052877,0.0,10.0,8.0,255.0,-1.0
gbm_no_group-in_context-log_count-seed3,voyoy72r,2026-07-21T07:42:26Z,gbm_no_group,in_context,3,rmse,,0.3776889109730998,,0.3874780509203114,,,,,500.0,,,,,,,,,,,,0.0634627667122372,0.0,10.0,4.0,1000.0,-1.0
gbm_no_group-in_context-log_count-seed3,y7k3e2o4,2026-07-21T07:41:57Z,gbm_no_group,in_context,3,rmse,,0.6895080008846848,,0.6538130176630244,,,,,500.0,,,,,,,,,,,,0.0330251750818893,1.0,1000.0,4.0,255.0,-1.0
gbm_no_group-in_context-log_count-seed3,zjerygp0,2026-07-21T07:43:07Z,gbm_no_group,in_context,3,rmse,,0.3835174071774805,,0.4127574531051881,,,,,70.0,,,,,,,,,,,,0.8668489138169221,0.0,10.0,32.0,1000.0,-1.0
gbm_no_group-in_context-log_count-seed4,0bjindre,2026-07-21T07:55:11Z,gbm_no_group,in_context,4,rmse,,0.614465885034633,,0.6444325570480673,,,,,500.0,,,,,,,,,,,,0.0814494767975024,0.0,1000.0,8.0,255.0,-1.0
gbm_no_group-in_context-log_count-seed4,1dhd2h0u,2026-07-21T07:51:11Z,gbm_no_group,in_context,4,rmse,,0.7059450010816791,,0.743594049317703,,,,,500.0,,,,,,,,,,,,0.1489449797127196,1.0,1000.0,2.0,255.0,-1.0
gbm_no_group-in_context-log_count-seed4,2si9xddn,2026-07-21T07:54:12Z,gbm_no_group,in_context,4,rmse,,0.3875111477740862,,0.402717775684853,,,,,500.0,,,,,,,,,,,,0.0634627667122372,0.0,10.0,4.0,1000.0,-1.0
gbm_no_group-in_context-log_count-seed4,35fv8d0u,2026-07-21T07:53:50Z,gbm_no_group,in_context,4,rmse,,0.5521729264770686,,0.572261605258853,,,,,500.0,,,,,,,,,,,,0.0725779803885817,1.0,10.0,2.0,500.0,-1.0
gbm_no_group-in_context-log_count-seed4,50xmet83,2026-07-21T07:52:43Z,gbm_no_group,in_context,4,rmse,,0.3397138590218945,,0.3652964081824968,,,,,183.0,,,,,,,,,,,,0.5342090140143507,1.0,20.0,32.0,500.0,-1.0
gbm_no_group-in_context-log_count-seed4,5d9dvpwb,2026-07-21T07:53:58Z,gbm_no_group,in_context,4,rmse,,0.3356688142641235,,0.3571087514305237,,,,,304.0,,,,,,,,,,,,0.6428191198097525,1.0,20.0,8.0,500.0,-1.0
gbm_no_group-in_context-log_count-seed4,5dqqiqvi,2026-07-21T07:49:50Z,gbm_no_group,in_context,4,rmse,,0.3795985960360886,,0.3837086239330962,,,,,500.0,,,,,,,,,,,,0.1252065381499946,0.0,100.0,4.0,255.0,-1.0
gbm_no_group-in_context-log_count-seed4,69yaonwi,2026-07-21T07:53:20Z,gbm_no_group,in_context,4,rmse,,0.6236925162334398,,0.6549839970331869,,,,,499.0,,,,,,,,,,,,0.0652352517670139,0.0,1000.0,16.0,500.0,-1.0
gbm_no_group-in_context-log_count-seed4,75a02537,2026-07-21T07:51:39Z,gbm_no_group,in_context,4,rmse,,0.5027942606621324,,0.5210083342409361,,,,,500.0,,,,,,,,,,,,0.4096264371525448,0.0,100.0,2.0,255.0,-1.0
gbm_no_group-in_context-log_count-seed4,drd4u2v4,2026-07-21T07:52:05Z,gbm_no_group,in_context,4,rmse,,0.3831558477115745,,0.3912539166063436,,,,,500.0,,,,,,,,,,,,0.0235714344093274,0.0,10.0,8.0,500.0,-1.0
gbm_no_group-in_context-log_count-seed4,drqg1kps,2026-07-21T07:54:21Z,gbm_no_group,in_context,4,rmse,,0.3803004084064819,,0.3779992914914134,,,,,500.0,,,,,,,,,,,,0.0182856525100933,1.0,100.0,16.0,1000.0,-1.0
gbm_no_group-in_context-log_count-seed4,e4u3fi8j,2026-07-21T07:55:02Z,gbm_no_group,in_context,4,rmse,,0.4858030072102833,,0.4907052639926532,,,,,500.0,,,,,,,,,,,,0.013859244495551,0.0,100.0,4.0,500.0,-1.0
gbm_no_group-in_context-log_count-seed4,f5vm0lmd,2026-07-21T07:52:19Z,gbm_no_group,in_context,4,rmse,,0.3033034353580779,,0.3335884812780966,,,,,350.0,,,,,,,,,,,,0.1183473185096848,1.0,20.0,32.0,255.0,-1.0
gbm_no_group-in_context-log_count-seed4,g29g2hx5,2026-07-21T07:50:29Z,gbm_no_group,in_context,4,rmse,,0.6147700484909709,,0.6451711592395185,,,,,500.0,,,,,,,,,,,,0.0817147891511586,0.0,1000.0,16.0,255.0,-1.0
gbm_no_group-in_context-log_count-seed4,k7auv887,2026-07-21T07:52:33Z,gbm_no_group,in_context,4,rmse,,0.444418747831929,,0.4517438596016308,,,,,500.0,,,,,,,,,,,,0.0235110426118622,0.0,20.0,4.0,1000.0,-1.0
gbm_no_group-in_context-log_count-seed4,kjcvo7mq,2026-07-21T07:52:49Z,gbm_no_group,in_context,4,rmse,,0.5326376470686788,,0.5511081514999897,,,,,499.0,,,,,,,,,,,,0.1271700786387963,1.0,10.0,2.0,500.0,-1.0
gbm_no_group-in_context-log_count-seed4,lm40z40k,2026-07-21T07:51:55Z,gbm_no_group,in_context,4,rmse,,0.4128684881355831,,0.4194445401484452,,,,,500.0,,,,,,,,,,,,0.0490572683068294,0.0,100.0,4.0,500.0,-1.0
gbm_no_group-in_context-log_count-seed4,lqwzkrm1,2026-07-21T07:51:47Z,gbm_no_group,in_context,4,rmse,,0.337991204644282,,0.3604390809257485,,,,,492.0,,,,,,,,,,,,0.2482318741925865,1.0,20.0,4.0,500.0,-1.0
gbm_no_group-in_context-log_count-seed4,myqn8nkj,2026-07-21T07:50:49Z,gbm_no_group,in_context,4,rmse,,0.6641277612420943,,0.6972175365775526,,,,,500.0,,,,,,,,,,,,0.0247266182197764,1.0,1000.0,4.0,500.0,-1.0
gbm_no_group-in_context-log_count-seed4,op2t6v11,2026-07-21T07:53:40Z,gbm_no_group,in_context,4,rmse,,0.6515288623829237,,0.6861411240668941,,,,,500.0,,,,,,,,,,,,0.0330251750818893,1.0,1000.0,4.0,255.0,-1.0
gbm_no_group-in_context-log_count-seed4,oxfpocs9,2026-07-21T07:51:19Z,gbm_no_group,in_context,4,rmse,,0.5781443123749056,,0.6066614208191812,,,,,500.0,,,,,,,,,,,,0.250587007964955,1.0,1000.0,16.0,255.0,-1.0
gbm_no_group-in_context-log_count-seed4,pavcdsfi,2026-07-21T07:50:39Z,gbm_no_group,in_context,4,rmse,,0.405125636973193,,0.4158494172309247,,,,,500.0,,,,,,,,,,,,0.0427421832403684,1.0,20.0,4.0,500.0,-1.0
gbm_no_group-in_context-log_count-seed4,ss3cafbf,2026-07-21T07:54:39Z,gbm_no_group,in_context,4,rmse,,0.6542200230352812,,0.6881324507504731,,,,,500.0,,,,,,,,,,,,0.0310546307698111,0.0,1000.0,16.0,1000.0,-1.0
gbm_no_group-in_context-log_count-seed4,t94sp0ls,2026-07-21T07:51:29Z,gbm_no_group,in_context,4,rmse,,0.5824050075943563,,0.6102344463886349,,,,,500.0,,,,,,,,,,,,0.2090966500355389,1.0,1000.0,64.0,1000.0,-1.0
gbm_no_group-in_context-log_count-seed4,tbbtb57t,2026-07-21T07:53:30Z,gbm_no_group,in_context,4,rmse,,0.6488702144040401,,0.683002856008317,,,,,500.0,,,,,,,,,,,,0.0347260839230521,0.0,1000.0,32.0,500.0,-1.0
gbm_no_group-in_context-log_count-seed4,tlgc9oue,2026-07-21T07:50:04Z,gbm_no_group,in_context,4,rmse,,0.3525331402513946,,0.3638822227145666,,,,,500.0,,,,,,,,,,,,0.0109758154193801,0.0,20.0,32.0,1000.0,-1.0
gbm_no_group-in_context-log_count-seed4,wl8n2gle,2026-07-21T07:54:50Z,gbm_no_group,in_context,4,rmse,,0.379060712665653,,0.424379001445833,,,,,57.0,,,,,,,,,,,,0.8668489138169221,0.0,10.0,32.0,1000.0,-1.0
gbm_no_group-in_context-log_count-seed4,xpblj3d9,2026-07-21T07:53:05Z,gbm_no_group,in_context,4,rmse,,0.3099840636716954,,0.3307361289375367,,,,,497.0,,,,,,,,,,,,0.0988058664639341,0.0,20.0,16.0,255.0,-1.0
gbm_no_group-in_context-log_count-seed4,xutyvij8,2026-07-21T07:54:53Z,gbm_no_group,in_context,4,rmse,,0.5948506807339159,,0.6182185251420935,,,,,500.0,,,,,,,,,,,,0.0298960963897528,1.0,20.0,2.0,500.0,-1.0
gbm_no_group-in_context-log_count-seed4,yi838v5c,2026-07-21T07:50:58Z,gbm_no_group,in_context,4,rmse,,0.3585305618194502,,0.369069941766586,,,,,500.0,,,,,,,,,,,,0.0432480329052877,0.0,10.0,8.0,255.0,-1.0
gbm_no_group-in_context-log_count-seed4,yyhpzzss,2026-07-21T07:54:07Z,gbm_no_group,in_context,4,rmse,,0.3315557804297139,,0.3438110221921965,,,,,122.0,,,,,,,,,,,,0.4380606481501048,0.0,20.0,32.0,255.0,-1.0
gbm_no_group-in_context-log_count-seed4,z9l2wn5v,2026-07-21T07:52:57Z,gbm_no_group,in_context,4,rmse,,0.5698338496368964,,0.5919686845080582,,,,,500.0,,,,,,,,,,,,0.0474589257602997,0.0,10.0,2.0,500.0,-1.0
gbm_no_group-few_shot-log_count-seed0,05fyog92,2026-07-23T18:17:54Z,gbm_no_group,few_shot,0,rmse,,0.7383175399374823,,0.828245480225276,,,,,69.0,,,,,,,,,,,,0.2482318741925865,1.0,20.0,4.0,500.0,-1.0
gbm_no_group-few_shot-log_count-seed0,16ads9f1,2026-07-23T18:22:36Z,gbm_no_group,few_shot,0,rmse,,1.0643701421494387,,1.1047446604925597,,,,,1.0,,,,,,,,,,,,0.0330251750818893,1.0,1000.0,4.0,255.0,-1.0
gbm_no_group-few_shot-log_count-seed0,1alfcvs3,2026-07-23T18:16:59Z,gbm_no_group,few_shot,0,rmse,,0.7547403631543779,,0.8515171553824209,,,,,200.0,,,,,,,,,,,,0.0432480329052877,0.0,10.0,8.0,255.0,-1.0
gbm_no_group-few_shot-log_count-seed0,2uxej19s,2026-07-23T18:17:58Z,gbm_no_group,few_shot,0,rmse,,0.7365925489976743,,0.8198147122652165,,,,,489.0,,,,,,,,,,,,0.0490572683068294,0.0,100.0,4.0,500.0,-1.0
gbm_no_group-few_shot-log_count-seed0,3bj71siz,2026-07-23T18:21:24Z,gbm_no_group,few_shot,0,rmse,,0.9426432084837436,,0.987480655108148,,,,,50.0,,,,,,,,,,,,0.0474589257602997,0.0,10.0,2.0,500.0,-1.0
gbm_no_group-few_shot-log_count-seed0,4ifwcgmk,2026-07-23T18:17:47Z,gbm_no_group,few_shot,0,rmse,,1.0643701421494387,,1.1047446604925597,,,,,1.0,,,,,,,,,,,,0.2090966500355389,1.0,1000.0,64.0,1000.0,-1.0
gbm_no_group-few_shot-log_count-seed0,5ebg4zh3,2026-07-23T18:22:01Z,gbm_no_group,few_shot,0,rmse,,1.0643701421494387,,1.1047446604925597,,,,,1.0,,,,,,,,,,,,0.0652352517670139,0.0,1000.0,16.0,500.0,-1.0
gbm_no_group-few_shot-log_count-seed0,5r9amfok,2026-07-23T18:16:09Z,gbm_no_group,few_shot,0,rmse,,0.8114648375770049,,0.8991204885303435,,,,,369.0,,,,,,,,,,,,0.0109758154193801,0.0,20.0,32.0,1000.0,-1.0
gbm_no_group-few_shot-log_count-seed0,78na2w0l,2026-07-23T18:23:08Z,gbm_no_group,few_shot,0,rmse,,0.9441110741085702,,0.9888257186952392,,,,,78.0,,,,,,,,,,,,0.0298960963897528,1.0,20.0,2.0,500.0,-1.0
gbm_no_group-few_shot-log_count-seed0,7prok7k7,2026-07-23T18:22:50Z,gbm_no_group,few_shot,0,rmse,,0.7474386264900851,,0.8380083388328273,,,,,251.0,,,,,,,,,,,,0.0634627667122372,0.0,10.0,4.0,1000.0,-1.0
gbm_no_group-few_shot-log_count-seed0,7vm4uedi,2026-07-23T18:22:40Z,gbm_no_group,few_shot,0,rmse,,0.9420186951408118,,0.9813592924504404,,,,,27.0,,,,,,,,,,,,0.0725779803885817,1.0,10.0,2.0,500.0,-1.0
gbm_no_group-few_shot-log_count-seed0,aag1ds0o,2026-07-23T18:18:04Z,gbm_no_group,few_shot,0,rmse,,0.7379491340912533,,0.832465671743138,,,,,382.0,,,,,,,,,,,,0.0235714344093274,0.0,10.0,8.0,500.0,-1.0
gbm_no_group-few_shot-log_count-seed0,b06l4hrw,2026-07-23T18:22:05Z,gbm_no_group,few_shot,0,rmse,,1.0643701421494387,,1.1047446604925597,,,,,1.0,,,,,,,,,,,,0.0347260839230521,0.0,1000.0,32.0,500.0,-1.0
gbm_no_group-few_shot-log_count-seed0,bkea3gxf,2026-07-23T18:17:44Z,gbm_no_group,few_shot,0,rmse,,1.0643701421494387,,1.1047446604925597,,,,,1.0,,,,,,,,,,,,0.250587007964955,1.0,1000.0,16.0,255.0,-1.0
gbm_no_group-few_shot-log_count-seed0,cmm2h6xs,2026-07-23T18:15:11Z,gbm_no_group,few_shot,0,rmse,,0.7230322556462617,,0.7928522123024437,,,,,278.0,,,,,,,,,,,,0.1252065381499946,0.0,100.0,4.0,255.0,-1.0
gbm_no_group-few_shot-log_count-seed0,e2615dhn,2026-07-23T18:22:54Z,gbm_no_group,few_shot,0,rmse,,0.7801074628884183,,0.8592360861582271,,,,,493.0,,,,,,,,,,,,0.0182856525100933,1.0,100.0,16.0,1000.0,-1.0
gbm_no_group-few_shot-log_count-seed0,e9jqdaz9,2026-07-23T18:23:18Z,gbm_no_group,few_shot,0,rmse,,1.0643701421494387,,1.1047446604925597,,,,,1.0,,,,,,,,,,,,0.0814494767975024,0.0,1000.0,8.0,255.0,-1.0
gbm_no_group-few_shot-log_count-seed0,hwyo0e4m,2026-07-23T18:18:47Z,gbm_no_group,few_shot,0,rmse,,0.7531025350677366,,0.8449500815221525,,,,,487.0,,,,,,,,,,,,0.0235110426118622,0.0,20.0,4.0,1000.0,-1.0
gbm_no_group-few_shot-log_count-seed0,ivl4skv9,2026-07-23T18:18:10Z,gbm_no_group,few_shot,0,rmse,,0.8162841797664712,,0.9040628550278372,,,,,30.0,,,,,,,,,,,,0.1183473185096848,1.0,20.0,32.0,255.0,-1.0
gbm_no_group-few_shot-log_count-seed0,kqgzdsje,2026-07-23T18:23:12Z,gbm_no_group,few_shot,0,rmse,,0.7906541697486984,,0.8692513190281499,,,,,500.0,,,,,,,,,,,,0.013859244495551,0.0,100.0,4.0,500.0,-1.0
gbm_no_group-few_shot-log_count-seed0,l9qoekcp,2026-07-23T18:22:43Z,gbm_no_group,few_shot,0,rmse,,0.826462270722348,,0.8839880030639871,,,,,6.0,,,,,,,,,,,,0.6428191198097525,1.0,20.0,8.0,500.0,-1.0
gbm_no_group-few_shot-log_count-seed0,mpwkxitq,2026-07-23T18:21:28Z,gbm_no_group,few_shot,0,rmse,,0.7663401689228293,,0.8585777628680579,,,,,65.0,,,,,,,,,,,,0.0988058664639341,0.0,20.0,16.0,255.0,-1.0
gbm_no_group-few_shot-log_count-seed0,n7e4a453,2026-07-23T18:16:53Z,gbm_no_group,few_shot,0,rmse,,1.0643701421494387,,1.1047446604925597,,,,,1.0,,,,,,,,,,,,0.0247266182197764,1.0,1000.0,4.0,500.0,-1.0
gbm_no_group-few_shot-log_count-seed0,nhtbiszg,2026-07-23T18:16:44Z,gbm_no_group,few_shot,0,rmse,,0.7269872248774794,,0.8200088532378843,,,,,415.0,,,,,,,,,,,,0.0427421832403684,1.0,20.0,4.0,500.0,-1.0
gbm_no_group-few_shot-log_count-seed0,nt7ydvls,2026-07-23T18:22:46Z,gbm_no_group,few_shot,0,rmse,,0.7782063071784923,,0.8470350891509607,,,,,5.0,,,,,,,,,,,,0.4380606481501048,0.0,20.0,32.0,255.0,-1.0
gbm_no_group-few_shot-log_count-seed0,nyazg4hu,2026-07-23T18:17:03Z,gbm_no_group,few_shot,0,rmse,,1.0643701421494387,,1.1047446604925597,,,,,1.0,,,,,,,,,,,,0.1489449797127196,1.0,1000.0,2.0,255.0,-1.0
gbm_no_group-few_shot-log_count-seed0,q569xelx,2026-07-23T18:17:51Z,gbm_no_group,few_shot,0,rmse,,0.8255249719167135,,0.9075819177287796,,,,,172.0,,,,,,,,,,,,0.4096264371525448,0.0,100.0,2.0,255.0,-1.0
gbm_no_group-few_shot-log_count-seed0,qcv91vr7,2026-07-23T18:23:05Z,gbm_no_group,few_shot,0,rmse,,0.7933268319418331,,0.9205491701520369,,,,,7.0,,,,,,,,,,,,0.8668489138169221,0.0,10.0,32.0,1000.0,-1.0
gbm_no_group-few_shot-log_count-seed0,qj8a0rkr,2026-07-23T18:23:01Z,gbm_no_group,few_shot,0,rmse,,1.0643701421494387,,1.1047446604925597,,,,,1.0,,,,,,,,,,,,0.0310546307698111,0.0,1000.0,16.0,1000.0,-1.0
gbm_no_group-few_shot-log_count-seed0,rbm331g7,2026-07-23T18:21:19Z,gbm_no_group,few_shot,0,rmse,,0.938066810268865,,0.982330140548639,,,,,19.0,,,,,,,,,,,,0.1271700786387963,1.0,10.0,2.0,500.0,-1.0
gbm_no_group-few_shot-log_count-seed0,txjlie63,2026-07-23T18:19:37Z,gbm_no_group,few_shot,0,rmse,,0.8155124237642104,,0.8724514656179306,,,,,7.0,,,,,,,,,,,,0.5342090140143507,1.0,20.0,32.0,500.0,-1.0
gbm_no_group-few_shot-log_count-seed0,x6vyuo6v,2026-07-23T18:16:18Z,gbm_no_group,few_shot,0,rmse,,1.0643701421494387,,1.1047446604925597,,,,,1.0,,,,,,,,,,,,0.0817147891511586,0.0,1000.0,16.0,255.0,-1.0
gbm_no_group-few_shot-log_count-seed1,0hhrrfsg,2026-07-23T18:24:44Z,gbm_no_group,few_shot,1,rmse,,0.9682745686661132,,0.9088764987175402,,,,,178.0,,,,,,,,,,,,0.4096264371525448,0.0,100.0,2.0,255.0,-1.0
gbm_no_group-few_shot-log_count-seed1,0hifk7a4,2026-07-23T18:31:13Z,gbm_no_group,few_shot,1,rmse,,1.144925913004021,,0.8863795089216853,,,,,3.0,,,,,,,,,,,,0.8668489138169221,0.0,10.0,32.0,1000.0,-1.0
gbm_no_group-few_shot-log_count-seed1,0mgc5syq,2026-07-23T18:28:51Z,gbm_no_group,few_shot,1,rmse,,1.250292714156379,,1.2784679045320262,,,,,486.0,,,,,,,,,,,,0.0330251750818893,1.0,1000.0,4.0,255.0,-1.0
gbm_no_group-few_shot-log_count-seed1,1kqt3f4v,2026-07-23T18:23:36Z,gbm_no_group,few_shot,1,rmse,,1.0942515452699624,,1.079979550083299,,,,,103.0,,,,,,,,,,,,0.0109758154193801,0.0,20.0,32.0,1000.0,-1.0
gbm_no_group-few_shot-log_count-seed1,217aycj3,2026-07-23T18:30:35Z,gbm_no_group,few_shot,1,rmse,,0.9402917353497704,,0.8979433917647545,,,,,210.0,,,,,,,,,,,,0.0182856525100933,1.0,100.0,16.0,1000.0,-1.0
gbm_no_group-few_shot-log_count-seed1,2dz093lk,2026-07-23T18:29:14Z,gbm_no_group,few_shot,1,rmse,,1.1817519996949948,,1.2303886041418013,,,,,47.0,,,,,,,,,,,,0.0634627667122372,0.0,10.0,4.0,1000.0,-1.0
gbm_no_group-few_shot-log_count-seed1,3cyuwq2i,2026-07-23T18:28:46Z,gbm_no_group,few_shot,1,rmse,,1.2496168588698189,,1.2774193597969707,,,,,498.0,,,,,,,,,,,,0.0347260839230521,0.0,1000.0,32.0,500.0,-1.0
gbm_no_group-few_shot-log_count-seed1,3s1hlilx,2026-07-23T18:29:10Z,gbm_no_group,few_shot,1,rmse,,0.9858197153508428,,0.8743492015162015,,,,,6.0,,,,,,,,,,,,0.4380606481501048,0.0,20.0,32.0,255.0,-1.0
gbm_no_group-few_shot-log_count-seed1,6mcbw3fg,2026-07-23T18:23:32Z,gbm_no_group,few_shot,1,rmse,,0.9150011369794376,,0.8885227685838405,,,,,74.0,,,,,,,,,,,,0.1252065381499946,0.0,100.0,4.0,255.0,-1.0
gbm_no_group-few_shot-log_count-seed1,6s0yz7xs,2026-07-23T18:29:04Z,gbm_no_group,few_shot,1,rmse,,1.0039047582477925,,0.966964199649245,,,,,4.0,,,,,,,,,,,,0.6428191198097525,1.0,20.0,8.0,500.0,-1.0
gbm_no_group-few_shot-log_count-seed1,726f9iwr,2026-07-23T18:31:17Z,gbm_no_group,few_shot,1,rmse,,1.1557637147966655,,1.2064332114358645,,,,,189.0,,,,,,,,,,,,0.0298960963897528,1.0,20.0,2.0,500.0,-1.0
gbm_no_group-few_shot-log_count-seed1,b1od2wdi,2026-07-23T18:27:59Z,gbm_no_group,few_shot,1,rmse,,0.9993389327456744,,0.9431094505084762,,,,,26.0,,,,,,,,,,,,0.0988058664639341,0.0,20.0,16.0,255.0,-1.0
gbm_no_group-few_shot-log_count-seed1,bsnag3ip,2026-07-23T18:24:48Z,gbm_no_group,few_shot,1,rmse,,1.0411746882209534,,1.0562224779781966,,,,,12.0,,,,,,,,,,,,0.2482318741925865,1.0,20.0,4.0,500.0,-1.0
gbm_no_group-few_shot-log_count-seed1,evmnd9dt,2026-07-23T18:27:14Z,gbm_no_group,few_shot,1,rmse,,1.1460457824221415,,1.1978765473435375,,,,,45.0,,,,,,,,,,,,0.1271700786387963,1.0,10.0,2.0,500.0,-1.0
gbm_no_group-few_shot-log_count-seed1,f9pl1frv,2026-07-23T18:25:11Z,gbm_no_group,few_shot,1,rmse,,0.9178405721875574,,0.8896375623094133,,,,,197.0,,,,,,,,,,,,0.0490572683068294,0.0,100.0,4.0,500.0,-1.0
gbm_no_group-few_shot-log_count-seed1,fr0vm3b8,2026-07-23T18:24:36Z,gbm_no_group,few_shot,1,rmse,,1.2448738872613478,,1.270655335941414,,,,,124.0,,,,,,,,,,,,0.250587007964955,1.0,1000.0,16.0,255.0,-1.0
gbm_no_group-few_shot-log_count-seed1,frt9nxwy,2026-07-23T18:26:41Z,gbm_no_group,few_shot,1,rmse,,1.0629884908467064,,1.0923858625380969,,,,,117.0,,,,,,,,,,,,0.0235110426118622,0.0,20.0,4.0,1000.0,-1.0
gbm_no_group-few_shot-log_count-seed1,hlv0regy,2026-07-23T18:27:42Z,gbm_no_group,few_shot,1,rmse,,1.1478616076391572,,1.1987282457890076,,,,,121.0,,,,,,,,,,,,0.0474589257602997,0.0,10.0,2.0,500.0,-1.0
gbm_no_group-few_shot-log_count-seed1,i2yvus4u,2026-07-23T18:24:32Z,gbm_no_group,few_shot,1,rmse,,1.2455149459590145,,1.2715780806814496,,,,,208.0,,,,,,,,,,,,0.1489449797127196,1.0,1000.0,2.0,255.0,-1.0
gbm_no_group-few_shot-log_count-seed1,i40ycr63,2026-07-23T18:28:56Z,gbm_no_group,few_shot,1,rmse,,1.1473974941167249,,1.196447080169426,,,,,80.0,,,,,,,,,,,,0.0725779803885817,1.0,10.0,2.0,500.0,-1.0
gbm_no_group-few_shot-log_count-seed1,iwxkbyof,2026-07-23T18:23:45Z,gbm_no_group,few_shot,1,rmse,,1.0493806647853008,,1.0745320616480376,,,,,71.0,,,,,,,,,,,,0.0427421832403684,1.0,20.0,4.0,500.0,-1.0
gbm_no_group-few_shot-log_count-seed1,j0a6gvfb,2026-07-23T18:24:28Z,gbm_no_group,few_shot,1,rmse,,1.2534511057392703,,1.3135349340867328,,,,,10.0,,,,,,,,,,,,0.0432480329052877,0.0,10.0,8.0,255.0,-1.0
gbm_no_group-few_shot-log_count-seed1,js456mja,2026-07-23T18:23:49Z,gbm_no_group,few_shot,1,rmse,,1.2533817116859536,,1.283177494989032,,,,,496.0,,,,,,,,,,,,0.0247266182197764,1.0,1000.0,4.0,500.0,-1.0
gbm_no_group-few_shot-log_count-seed1,mqbbj8gu,2026-07-23T18:24:40Z,gbm_no_group,few_shot,1,rmse,,1.245800193295853,,1.2719779579682724,,,,,128.0,,,,,,,,,,,,0.2090966500355389,1.0,1000.0,64.0,1000.0,-1.0
gbm_no_group-few_shot-log_count-seed1,n8c246u4,2026-07-23T18:26:55Z,gbm_no_group,few_shot,1,rmse,,0.9981674292029163,,0.8668846760627524,,,,,5.0,,,,,,,,,,,,0.5342090140143507,1.0,20.0,32.0,500.0,-1.0
gbm_no_group-few_shot-log_count-seed1,pmwvjrjp,2026-07-23T18:25:17Z,gbm_no_group,few_shot,1,rmse,,1.2614631003617125,,1.3221513150592887,,,,,17.0,,,,,,,,,,,,0.0235714344093274,0.0,10.0,8.0,500.0,-1.0
gbm_no_group-few_shot-log_count-seed1,qjl0txp8,2026-07-23T18:23:40Z,gbm_no_group,few_shot,1,rmse,,1.2455674482922476,,1.2716384438074722,,,,,406.0,,,,,,,,,,,,0.0817147891511586,0.0,1000.0,16.0,255.0,-1.0
gbm_no_group-few_shot-log_count-seed1,s0h3fn3p,2026-07-23T18:31:27Z,gbm_no_group,few_shot,1,rmse,,1.245403720387324,,1.2713800033591205,,,,,426.0,,,,,,,,,,,,0.0814494767975024,0.0,1000.0,8.0,255.0,-1.0
gbm_no_group-few_shot-log_count-seed1,uok8l5di,2026-07-23T18:31:21Z,gbm_no_group,few_shot,1,rmse,,0.938774849567767,,0.9103244615694398,,,,,500.0,,,,,,,,,,,,0.013859244495551,0.0,100.0,4.0,500.0,-1.0
gbm_no_group-few_shot-log_count-seed1,x369y184,2026-07-23T18:30:40Z,gbm_no_group,few_shot,1,rmse,,1.250879048010603,,1.2793356676133758,,,,,497.0,,,,,,,,,,,,0.0310546307698111,0.0,1000.0,16.0,1000.0,-1.0
gbm_no_group-few_shot-log_count-seed1,zql73b27,2026-07-23T18:25:58Z,gbm_no_group,few_shot,1,rmse,,1.0328222473740991,,0.971681361602022,,,,,18.0,,,,,,,,,,,,0.1183473185096848,1.0,20.0,32.0,255.0,-1.0
gbm_no_group-few_shot-log_count-seed1,ztv9qd3w,2026-07-23T18:28:26Z,gbm_no_group,few_shot,1,rmse,,1.2481762732380364,,1.2752712335838028,,,,,295.0,,,,,,,,,,,,0.0652352517670139,0.0,1000.0,16.0,500.0,-1.0
gbm_no_group-few_shot-log_count-seed2,05oz2azc,2026-07-23T18:36:57Z,gbm_no_group,few_shot,2,rmse,,1.1296275299720056,,1.191092255047815,,,,,4.0,,,,,,,,,,,,0.5342090140143507,1.0,20.0,32.0,500.0,-1.0
gbm_no_group-few_shot-log_count-seed2,1i228mbx,2026-07-23T18:40:52Z,gbm_no_group,few_shot,2,rmse,,1.137298419647753,,1.1593175198427086,,,,,1.0,,,,,,,,,,,,0.8668489138169221,0.0,10.0,32.0,1000.0,-1.0
gbm_no_group-few_shot-log_count-seed2,1pw2aqsr,2026-07-23T18:40:55Z,gbm_no_group,few_shot,2,rmse,,1.2150488112017424,,1.2622427438238726,,,,,497.0,,,,,,,,,,,,0.0298960963897528,1.0,20.0,2.0,500.0,-1.0
gbm_no_group-few_shot-log_count-seed2,2x9rlbfz,2026-07-23T18:38:25Z,gbm_no_group,few_shot,2,rmse,,1.4877252012354558,,1.4876792673321586,,,,,40.0,,,,,,,,,,,,0.0652352517670139,0.0,1000.0,16.0,500.0,-1.0
gbm_no_group-few_shot-log_count-seed2,5dler9bi,2026-07-23T18:36:47Z,gbm_no_group,few_shot,2,rmse,,1.1272893478848096,,1.2113716603618128,,,,,40.0,,,,,,,,,,,,0.1183473185096848,1.0,20.0,32.0,255.0,-1.0
gbm_no_group-few_shot-log_count-seed2,6lv6iul9,2026-07-23T18:41:08Z,gbm_no_group,few_shot,2,rmse,,1.486011276262246,,1.4874562653088244,,,,,30.0,,,,,,,,,,,,0.0814494767975024,0.0,1000.0,8.0,255.0,-1.0
gbm_no_group-few_shot-log_count-seed2,9jx42oji,2026-07-23T18:34:25Z,gbm_no_group,few_shot,2,rmse,,1.473249401412834,,1.4597351507168312,,,,,31.0,,,,,,,,,,,,0.2090966500355389,1.0,1000.0,64.0,1000.0,-1.0
gbm_no_group-few_shot-log_count-seed2,9rbqm7k7,2026-07-23T18:38:36Z,gbm_no_group,few_shot,2,rmse,,1.2189701660624637,,1.2593402656446469,,,,,177.0,,,,,,,,,,,,0.0725779803885817,1.0,10.0,2.0,500.0,-1.0
gbm_no_group-few_shot-log_count-seed2,a8zgf4jb,2026-07-23T18:31:41Z,gbm_no_group,few_shot,2,rmse,,1.1820935034397575,,1.214256300099981,,,,,28.0,,,,,,,,,,,,0.1252065381499946,0.0,100.0,4.0,255.0,-1.0
gbm_no_group-few_shot-log_count-seed2,aji1kx2x,2026-07-23T18:33:23Z,gbm_no_group,few_shot,2,rmse,,1.4766770330913948,,1.4652303669279043,,,,,25.0,,,,,,,,,,,,0.250587007964955,1.0,1000.0,16.0,255.0,-1.0
gbm_no_group-few_shot-log_count-seed2,c0geezn8,2026-07-23T18:41:01Z,gbm_no_group,few_shot,2,rmse,,1.1700455121025226,,1.2061421151283394,,,,,500.0,,,,,,,,,,,,0.013859244495551,0.0,100.0,4.0,500.0,-1.0
gbm_no_group-few_shot-log_count-seed2,e6ytvuuw,2026-07-23T18:36:10Z,gbm_no_group,few_shot,2,rmse,,1.151010259302994,,1.2038593721529425,,,,,22.0,,,,,,,,,,,,0.2482318741925865,1.0,20.0,4.0,500.0,-1.0
gbm_no_group-few_shot-log_count-seed2,e9diw3c3,2026-07-23T18:38:48Z,gbm_no_group,few_shot,2,rmse,,1.1620954225563531,,1.2202061004943745,,,,,97.0,,,,,,,,,,,,0.0634627667122372,0.0,10.0,4.0,1000.0,-1.0
gbm_no_group-few_shot-log_count-seed2,em596sin,2026-07-23T18:38:44Z,gbm_no_group,few_shot,2,rmse,,1.095970345418462,,1.166924349753639,,,,,6.0,,,,,,,,,,,,0.4380606481501048,0.0,20.0,32.0,255.0,-1.0
gbm_no_group-few_shot-log_count-seed2,f0h9g3uh,2026-07-23T18:36:52Z,gbm_no_group,few_shot,2,rmse,,1.1529878612084663,,1.2210151717653792,,,,,301.0,,,,,,,,,,,,0.0235110426118622,0.0,20.0,4.0,1000.0,-1.0
gbm_no_group-few_shot-log_count-seed2,f3wpe511,2026-07-23T18:33:15Z,gbm_no_group,few_shot,2,rmse,,1.119557288920872,,1.183187114550386,,,,,134.0,,,,,,,,,,,,0.0432480329052877,0.0,10.0,8.0,255.0,-1.0
gbm_no_group-few_shot-log_count-seed2,iyxy0nm4,2026-07-23T18:38:33Z,gbm_no_group,few_shot,2,rmse,,1.4900168568912724,,1.4865567267290551,,,,,96.0,,,,,,,,,,,,0.0330251750818893,1.0,1000.0,4.0,255.0,-1.0
gbm_no_group-few_shot-log_count-seed2,kno8vob5,2026-07-23T18:33:20Z,gbm_no_group,few_shot,2,rmse,,1.470691402960812,,1.4675402563858129,,,,,21.0,,,,,,,,,,,,0.1489449797127196,1.0,1000.0,2.0,255.0,-1.0
gbm_no_group-few_shot-log_count-seed2,knzvaxrk,2026-07-23T18:36:14Z,gbm_no_group,few_shot,2,rmse,,1.1458198545753828,,1.180424853481227,,,,,250.0,,,,,,,,,,,,0.0490572683068294,0.0,100.0,4.0,500.0,-1.0
gbm_no_group-few_shot-log_count-seed2,ks2ufjsv,2026-07-23T18:38:15Z,gbm_no_group,few_shot,2,rmse,,1.2076958265110216,,1.2463206767759587,,,,,347.0,,,,,,,,,,,,0.0474589257602997,0.0,10.0,2.0,500.0,-1.0
gbm_no_group-few_shot-log_count-seed2,mg4m4awe,2026-07-23T18:33:02Z,gbm_no_group,few_shot,2,rmse,,1.4858090415718337,,1.4872148173278317,,,,,30.0,,,,,,,,,,,,0.0817147891511586,0.0,1000.0,16.0,255.0,-1.0
gbm_no_group-few_shot-log_count-seed2,oztylyqq,2026-07-23T18:38:41Z,gbm_no_group,few_shot,2,rmse,,1.222792027977354,,1.2717375944595326,,,,,5.0,,,,,,,,,,,,0.6428191198097525,1.0,20.0,8.0,500.0,-1.0
gbm_no_group-few_shot-log_count-seed2,p59db2vx,2026-07-23T18:36:43Z,gbm_no_group,few_shot,2,rmse,,1.1354854721399994,,1.2013049245541507,,,,,168.0,,,,,,,,,,,,0.0235714344093274,0.0,10.0,8.0,500.0,-1.0
gbm_no_group-few_shot-log_count-seed2,pr2webet,2026-07-23T18:36:06Z,gbm_no_group,few_shot,2,rmse,,1.2122839854897751,,1.2335976162937556,,,,,58.0,,,,,,,,,,,,0.4096264371525448,0.0,100.0,2.0,255.0,-1.0
gbm_no_group-few_shot-log_count-seed2,qcc87edi,2026-07-23T18:38:29Z,gbm_no_group,few_shot,2,rmse,,1.4892783209531957,,1.4850659963300514,,,,,95.0,,,,,,,,,,,,0.0347260839230521,0.0,1000.0,32.0,500.0,-1.0
gbm_no_group-few_shot-log_count-seed2,rzc6ffi3,2026-07-23T18:37:00Z,gbm_no_group,few_shot,2,rmse,,1.203014124870301,,1.2426140364180305,,,,,136.0,,,,,,,,,,,,0.1271700786387963,1.0,10.0,2.0,500.0,-1.0
gbm_no_group-few_shot-log_count-seed2,skdsmjuv,2026-07-23T18:33:06Z,gbm_no_group,few_shot,2,rmse,,1.1454468442849892,,1.2070050635523737,,,,,153.0,,,,,,,,,,,,0.0427421832403684,1.0,20.0,4.0,500.0,-1.0
gbm_no_group-few_shot-log_count-seed2,xwo72ix3,2026-07-23T18:38:52Z,gbm_no_group,few_shot,2,rmse,,1.060965903347192,,1.0921973987837836,,,,,165.0,,,,,,,,,,,,0.0182856525100933,1.0,100.0,16.0,1000.0,-1.0
gbm_no_group-few_shot-log_count-seed2,xzhpvdqp,2026-07-23T18:33:10Z,gbm_no_group,few_shot,2,rmse,,1.4899970760218075,,1.488018465886748,,,,,118.0,,,,,,,,,,,,0.0247266182197764,1.0,1000.0,4.0,500.0,-1.0
gbm_no_group-few_shot-log_count-seed2,y6xb08ce,2026-07-23T18:40:10Z,gbm_no_group,few_shot,2,rmse,,1.4897770149398135,,1.4838147275983409,,,,,117.0,,,,,,,,,,,,0.0310546307698111,0.0,1000.0,16.0,1000.0,-1.0
gbm_no_group-few_shot-log_count-seed2,y8gxtnub,2026-07-23T18:38:21Z,gbm_no_group,few_shot,2,rmse,,1.090434233539932,,1.1463865129528117,,,,,44.0,,,,,,,,,,,,0.0988058664639341,0.0,20.0,16.0,255.0,-1.0
gbm_no_group-few_shot-log_count-seed2,yhpi2nmu,2026-07-23T18:32:55Z,gbm_no_group,few_shot,2,rmse,,1.15323448002485,,1.2123837314651853,,,,,289.0,,,,,,,,,,,,0.0109758154193801,0.0,20.0,32.0,1000.0,-1.0
gbm_no_group-few_shot-log_count-seed3,1kuo2xq4,2026-07-23T18:41:22Z,gbm_no_group,few_shot,3,rmse,,0.4748408646443532,,0.4813853011377443,,,,,82.0,,,,,,,,,,,,0.1252065381499946,0.0,100.0,4.0,255.0,-1.0
gbm_no_group-few_shot-log_count-seed3,26h2a46s,2026-07-23T18:45:14Z,gbm_no_group,few_shot,3,rmse,,0.6122475842313923,,0.5938346319404161,,,,,234.0,,,,,,,,,,,,0.0474589257602997,0.0,10.0,2.0,500.0,-1.0
gbm_no_group-few_shot-log_count-seed3,2anhl5pz,2026-07-23T18:45:34Z,gbm_no_group,few_shot,3,rmse,,0.7424433519959394,,0.7769388110235894,,,,,498.0,,,,,,,,,,,,0.0330251750818893,1.0,1000.0,4.0,255.0,-1.0
gbm_no_group-few_shot-log_count-seed3,6oqm20az,2026-07-23T18:45:21Z,gbm_no_group,few_shot,3,rmse,,0.7217072120648497,,0.7517898492986489,,,,,349.0,,,,,,,,,,,,0.0652352517670139,0.0,1000.0,16.0,500.0,-1.0
gbm_no_group-few_shot-log_count-seed3,7y8zuxh7,2026-07-23T18:44:07Z,gbm_no_group,few_shot,3,rmse,,0.4850154973089529,,0.4904791920248966,,,,,207.0,,,,,,,,,,,,0.0490572683068294,0.0,100.0,4.0,500.0,-1.0
gbm_no_group-few_shot-log_count-seed3,87z0zcg9,2026-07-23T18:45:18Z,gbm_no_group,few_shot,3,rmse,,0.4358231831931432,,0.4804954953917812,,,,,136.0,,,,,,,,,,,,0.0988058664639341,0.0,20.0,16.0,255.0,-1.0
gbm_no_group-few_shot-log_count-seed3,8o24zgxf,2026-07-23T18:45:40Z,gbm_no_group,few_shot,3,rmse,,0.6141662752377798,,0.5943044604691714,,,,,142.0,,,,,,,,,,,,0.0725779803885817,1.0,10.0,2.0,500.0,-1.0
gbm_no_group-few_shot-log_count-seed3,9dt0p7ow,2026-07-23T18:45:55Z,gbm_no_group,few_shot,3,rmse,,0.4488478070067614,,0.4698767654085446,,,,,498.0,,,,,,,,,,,,0.0182856525100933,1.0,100.0,16.0,1000.0,-1.0
gbm_no_group-few_shot-log_count-seed3,bo1wrz20,2026-07-23T18:45:27Z,gbm_no_group,few_shot,3,rmse,,0.7386132137400275,,0.7725049118115993,,,,,499.0,,,,,,,,,,,,0.0347260839230521,0.0,1000.0,32.0,500.0,-1.0
gbm_no_group-few_shot-log_count-seed3,c31mnedt,2026-07-23T18:42:09Z,gbm_no_group,few_shot,3,rmse,,0.7153652218172039,,0.7469076510609425,,,,,106.0,,,,,,,,,,,,0.2090966500355389,1.0,1000.0,64.0,1000.0,-1.0
gbm_no_group-few_shot-log_count-seed3,dkjpqd4w,2026-07-23T18:44:55Z,gbm_no_group,few_shot,3,rmse,,0.4754452779062714,,0.5175823971717601,,,,,41.0,,,,,,,,,,,,0.1183473185096848,1.0,20.0,32.0,255.0,-1.0
gbm_no_group-few_shot-log_count-seed3,do32r9pc,2026-07-23T18:41:26Z,gbm_no_group,few_shot,3,rmse,,0.4566756462250429,,0.5001180760798136,,,,,413.0,,,,,,,,,,,,0.0109758154193801,0.0,20.0,32.0,1000.0,-1.0
gbm_no_group-few_shot-log_count-seed3,e7kjuro2,2026-07-23T18:45:51Z,gbm_no_group,few_shot,3,rmse,,0.4645938417165776,,0.4834470193864388,,,,,232.0,,,,,,,,,,,,0.0634627667122372,0.0,10.0,4.0,1000.0,-1.0
gbm_no_group-few_shot-log_count-seed3,gt28jdab,2026-07-23T18:41:55Z,gbm_no_group,few_shot,3,rmse,,0.4562786823299194,,0.4781271910625531,,,,,130.0,,,,,,,,,,,,0.0432480329052877,0.0,10.0,8.0,255.0,-1.0
gbm_no_group-few_shot-log_count-seed3,gv3turmg,2026-07-23T18:44:12Z,gbm_no_group,few_shot,3,rmse,,0.4677705241352048,,0.4820569060933449,,,,,274.0,,,,,,,,,,,,0.0235714344093274,0.0,10.0,8.0,500.0,-1.0
gbm_no_group-few_shot-log_count-seed3,gxt0j6k5,2026-07-23T18:46:29Z,gbm_no_group,few_shot,3,rmse,,0.7230802668344399,,0.7533716603250917,,,,,296.0,,,,,,,,,,,,0.0814494767975024,0.0,1000.0,8.0,255.0,-1.0
gbm_no_group-few_shot-log_count-seed3,hshhhp3b,2026-07-23T18:46:06Z,gbm_no_group,few_shot,3,rmse,,0.7446394928318267,,0.778926086081933,,,,,500.0,,,,,,,,,,,,0.0310546307698111,0.0,1000.0,16.0,1000.0,-1.0
gbm_no_group-few_shot-log_count-seed3,hwnbfxkv,2026-07-23T18:41:38Z,gbm_no_group,few_shot,3,rmse,,0.7240749182229906,,0.7537394630473535,,,,,324.0,,,,,,,,,,,,0.0817147891511586,0.0,1000.0,16.0,255.0,-1.0
gbm_no_group-few_shot-log_count-seed3,ivitzk8x,2026-07-23T18:45:10Z,gbm_no_group,few_shot,3,rmse,,0.614939023122811,,0.5941080062117577,,,,,77.0,,,,,,,,,,,,0.1271700786387963,1.0,10.0,2.0,500.0,-1.0
gbm_no_group-few_shot-log_count-seed3,jc3cyx4g,2026-07-23T18:42:12Z,gbm_no_group,few_shot,3,rmse,,0.6097499904850233,,0.5911373819707125,,,,,24.0,,,,,,,,,,,,0.4096264371525448,0.0,100.0,2.0,255.0,-1.0
gbm_no_group-few_shot-log_count-seed3,jei5wct2,2026-07-23T18:41:48Z,gbm_no_group,few_shot,3,rmse,,0.7632265756610526,,0.7972578144796887,,,,,498.0,,,,,,,,,,,,0.0247266182197764,1.0,1000.0,4.0,500.0,-1.0
gbm_no_group-few_shot-log_count-seed3,jjy6zyfq,2026-07-23T18:45:47Z,gbm_no_group,few_shot,3,rmse,,0.4928307470508698,,0.5341394356493897,,,,,7.0,,,,,,,,,,,,0.4380606481501048,0.0,20.0,32.0,255.0,-1.0
gbm_no_group-few_shot-log_count-seed3,lrc2ld83,2026-07-23T18:44:59Z,gbm_no_group,few_shot,3,rmse,,0.4566588659373771,,0.4723276325222872,,,,,498.0,,,,,,,,,,,,0.0235110426118622,0.0,20.0,4.0,1000.0,-1.0
gbm_no_group-few_shot-log_count-seed3,pxchmemr,2026-07-23T18:41:43Z,gbm_no_group,few_shot,3,rmse,,0.4607662498134118,,0.4737519984894221,,,,,297.0,,,,,,,,,,,,0.0427421832403684,1.0,20.0,4.0,500.0,-1.0
gbm_no_group-few_shot-log_count-seed3,rzest7wm,2026-07-23T18:46:17Z,gbm_no_group,few_shot,3,rmse,,0.613679471311067,,0.5948330235657278,,,,,369.0,,,,,,,,,,,,0.0298960963897528,1.0,20.0,2.0,500.0,-1.0
gbm_no_group-few_shot-log_count-seed3,s1zw86xo,2026-07-23T18:45:44Z,gbm_no_group,few_shot,3,rmse,,0.5216605538687353,,0.5427939539227493,,,,,4.0,,,,,,,,,,,,0.6428191198097525,1.0,20.0,8.0,500.0,-1.0
gbm_no_group-few_shot-log_count-seed3,tus64zbd,2026-07-23T18:45:06Z,gbm_no_group,few_shot,3,rmse,,0.5074483981530621,,0.5242472727226258,,,,,5.0,,,,,,,,,,,,0.5342090140143507,1.0,20.0,32.0,500.0,-1.0
gbm_no_group-few_shot-log_count-seed3,vnew2pur,2026-07-23T18:42:05Z,gbm_no_group,few_shot,3,rmse,,0.7220125658313595,,0.7532108188472817,,,,,104.0,,,,,,,,,,,,0.250587007964955,1.0,1000.0,16.0,255.0,-1.0
gbm_no_group-few_shot-log_count-seed3,vw48lbdz,2026-07-23T18:46:23Z,gbm_no_group,few_shot,3,rmse,,0.4932391183294664,,0.4965584214348445,,,,,500.0,,,,,,,,,,,,0.013859244495551,0.0,100.0,4.0,500.0,-1.0
gbm_no_group-few_shot-log_count-seed3,wyyym1dh,2026-07-23T18:46:13Z,gbm_no_group,few_shot,3,rmse,,0.5748458666820269,,0.6101847064716216,,,,,3.0,,,,,,,,,,,,0.8668489138169221,0.0,10.0,32.0,1000.0,-1.0
gbm_no_group-few_shot-log_count-seed3,y9rpw1df,2026-07-23T18:42:16Z,gbm_no_group,few_shot,3,rmse,,0.4713236200571315,,0.4836241103275958,,,,,46.0,,,,,,,,,,,,0.2482318741925865,1.0,20.0,4.0,500.0,-1.0
gbm_no_group-few_shot-log_count-seed3,zg7na7vp,2026-07-23T18:42:00Z,gbm_no_group,few_shot,3,rmse,,0.7608573970171104,,0.7850569078034676,,,,,253.0,,,,,,,,,,,,0.1489449797127196,1.0,1000.0,2.0,255.0,-1.0
gbm_no_group-few_shot-log_count-seed4,17ly2li4,2026-07-23T18:49:16Z,gbm_no_group,few_shot,4,rmse,,0.4666373389604054,,0.5245290587615116,,,,,93.0,,,,,,,,,,,,0.2482318741925865,1.0,20.0,4.0,500.0,-1.0
gbm_no_group-few_shot-log_count-seed4,3qexbrhz,2026-07-23T18:56:22Z,gbm_no_group,few_shot,4,rmse,,0.5818327517220823,,0.6384832863662703,,,,,3.0,,,,,,,,,,,,0.8668489138169221,0.0,10.0,32.0,1000.0,-1.0
gbm_no_group-few_shot-log_count-seed4,44hk0o4i,2026-07-23T18:49:01Z,gbm_no_group,few_shot,4,rmse,,0.6886566549094792,,0.6176705004955648,,,,,158.0,,,,,,,,,,,,0.250587007964955,1.0,1000.0,16.0,255.0,-1.0
gbm_no_group-few_shot-log_count-seed4,64731j91,2026-07-23T18:55:19Z,gbm_no_group,few_shot,4,rmse,,0.4828212454434685,,0.5194238877381973,,,,,67.0,,,,,,,,,,,,0.0988058664639341,0.0,20.0,16.0,255.0,-1.0
gbm_no_group-few_shot-log_count-seed4,6eo98vp8,2026-07-23T18:49:38Z,gbm_no_group,few_shot,4,rmse,,0.4595049868129497,,0.5279445906863705,,,,,493.0,,,,,,,,,,,,0.0235714344093274,0.0,10.0,8.0,500.0,-1.0
gbm_no_group-few_shot-log_count-seed4,7i736j2a,2026-07-23T18:55:23Z,gbm_no_group,few_shot,4,rmse,,0.6959278644587048,,0.6341795827444459,,,,,499.0,,,,,,,,,,,,0.0652352517670139,0.0,1000.0,16.0,500.0,-1.0
gbm_no_group-few_shot-log_count-seed4,7x0eu6fe,2026-07-23T18:48:00Z,gbm_no_group,few_shot,4,rmse,,0.4514519143980797,,0.5199025556703274,,,,,300.0,,,,,,,,,,,,0.0432480329052877,0.0,10.0,8.0,255.0,-1.0
gbm_no_group-few_shot-log_count-seed4,88rayd8o,2026-07-23T18:55:46Z,gbm_no_group,few_shot,4,rmse,,0.6128991551935435,,0.6739614110185603,,,,,495.0,,,,,,,,,,,,0.0725779803885817,1.0,10.0,2.0,500.0,-1.0
gbm_no_group-few_shot-log_count-seed4,9zcwxbft,2026-07-23T18:57:29Z,gbm_no_group,few_shot,4,rmse,,0.6842575725140084,,0.6175342780287079,,,,,499.0,,,,,,,,,,,,0.0814494767975024,0.0,1000.0,8.0,255.0,-1.0
gbm_no_group-few_shot-log_count-seed4,ai87zwer,2026-07-23T18:49:05Z,gbm_no_group,few_shot,4,rmse,,0.6872407962335535,,0.6262005142459579,,,,,214.0,,,,,,,,,,,,0.2090966500355389,1.0,1000.0,64.0,1000.0,-1.0
gbm_no_group-few_shot-log_count-seed4,b4dyv60s,2026-07-23T18:56:16Z,gbm_no_group,few_shot,4,rmse,,0.7581666719342695,,0.7203156971864724,,,,,293.0,,,,,,,,,,,,0.0310546307698111,0.0,1000.0,16.0,1000.0,-1.0
gbm_no_group-few_shot-log_count-seed4,hgdyv29b,2026-07-23T18:53:35Z,gbm_no_group,few_shot,4,rmse,,0.6418341151967151,,0.7109387795569233,,,,,500.0,,,,,,,,,,,,0.0474589257602997,0.0,10.0,2.0,500.0,-1.0
gbm_no_group-few_shot-log_count-seed4,j596lm84,2026-07-23T18:52:39Z,gbm_no_group,few_shot,4,rmse,,0.5425900261703439,,0.5608915673032009,,,,,8.0,,,,,,,,,,,,0.5342090140143507,1.0,20.0,32.0,500.0,-1.0
gbm_no_group-few_shot-log_count-seed4,j6wpjfy0,2026-07-23T18:47:46Z,gbm_no_group,few_shot,4,rmse,,0.4650127160606755,,0.5296446822077033,,,,,498.0,,,,,,,,,,,,0.0427421832403684,1.0,20.0,4.0,500.0,-1.0
gbm_no_group-few_shot-log_count-seed4,k1yv72r3,2026-07-23T18:55:32Z,gbm_no_group,few_shot,4,rmse,,0.7295863550993503,,0.686456318166284,,,,,499.0,,,,,,,,,,,,0.0347260839230521,0.0,1000.0,32.0,500.0,-1.0
gbm_no_group-few_shot-log_count-seed4,kzj56iym,2026-07-23T18:48:57Z,gbm_no_group,few_shot,4,rmse,,0.7992609969804526,,0.757378226815691,,,,,250.0,,,,,,,,,,,,0.1489449797127196,1.0,1000.0,2.0,255.0,-1.0
gbm_no_group-few_shot-log_count-seed4,lqew2t1q,2026-07-23T18:47:06Z,gbm_no_group,few_shot,4,rmse,,0.6791155917972179,,0.6098693419277621,,,,,499.0,,,,,,,,,,,,0.0817147891511586,0.0,1000.0,16.0,255.0,-1.0
gbm_no_group-few_shot-log_count-seed4,o2ls1olk,2026-07-23T18:56:05Z,gbm_no_group,few_shot,4,rmse,,0.4621498464333367,,0.4975685570597158,,,,,500.0,,,,,,,,,,,,0.0182856525100933,1.0,100.0,16.0,1000.0,-1.0
gbm_no_group-few_shot-log_count-seed4,p8cn7msm,2026-07-23T18:49:19Z,gbm_no_group,few_shot,4,rmse,,0.4681178490662083,,0.5190996911146003,,,,,500.0,,,,,,,,,,,,0.0490572683068294,0.0,100.0,4.0,500.0,-1.0
gbm_no_group-few_shot-log_count-seed4,pmmsxnf5,2026-07-23T18:52:16Z,gbm_no_group,few_shot,4,rmse,,0.5030978064818654,,0.5653112944874569,,,,,500.0,,,,,,,,,,,,0.0235110426118622,0.0,20.0,4.0,1000.0,-1.0
gbm_no_group-few_shot-log_count-seed4,ppp7bkdc,2026-07-23T18:46:44Z,gbm_no_group,few_shot,4,rmse,,0.4701348548985718,,0.518480250016835,,,,,222.0,,,,,,,,,,,,0.1252065381499946,0.0,100.0,4.0,255.0,-1.0
gbm_no_group-few_shot-log_count-seed4,q97vfxhf,2026-07-23T18:55:51Z,gbm_no_group,few_shot,4,rmse,,0.4903296265586263,,0.5853650540432676,,,,,10.0,,,,,,,,,,,,0.6428191198097525,1.0,20.0,8.0,500.0,-1.0
gbm_no_group-few_shot-log_count-seed4,qn5ul9qg,2026-07-23T18:47:54Z,gbm_no_group,few_shot,4,rmse,,0.7539418561617045,,0.7115270659911301,,,,,500.0,,,,,,,,,,,,0.0247266182197764,1.0,1000.0,4.0,500.0,-1.0
gbm_no_group-few_shot-log_count-seed4,tiydnstk,2026-07-23T18:55:39Z,gbm_no_group,few_shot,4,rmse,,0.7405394640041103,,0.6988468316939732,,,,,500.0,,,,,,,,,,,,0.0330251750818893,1.0,1000.0,4.0,255.0,-1.0
gbm_no_group-few_shot-log_count-seed4,u438ua6z,2026-07-23T18:56:25Z,gbm_no_group,few_shot,4,rmse,,0.6845832133625303,,0.7552063014901915,,,,,500.0,,,,,,,,,,,,0.0298960963897528,1.0,20.0,2.0,500.0,-1.0
gbm_no_group-few_shot-log_count-seed4,u8ptnh7z,2026-07-23T18:56:32Z,gbm_no_group,few_shot,4,rmse,,0.5454336583660014,,0.6072408927905893,,,,,500.0,,,,,,,,,,,,0.013859244495551,0.0,100.0,4.0,500.0,-1.0
gbm_no_group-few_shot-log_count-seed4,ufjuqo7t,2026-07-23T18:55:57Z,gbm_no_group,few_shot,4,rmse,,0.4620044281771105,,0.5246183957375727,,,,,400.0,,,,,,,,,,,,0.0634627667122372,0.0,10.0,4.0,1000.0,-1.0
gbm_no_group-few_shot-log_count-seed4,ulc5884e,2026-07-23T18:50:50Z,gbm_no_group,few_shot,4,rmse,,0.5263327058990408,,0.5679061233145105,,,,,59.0,,,,,,,,,,,,0.1183473185096848,1.0,20.0,32.0,255.0,-1.0
gbm_no_group-few_shot-log_count-seed4,uubk8sdq,2026-07-23T18:46:48Z,gbm_no_group,few_shot,4,rmse,,0.5178939738584831,,0.5556801851834613,,,,,500.0,,,,,,,,,,,,0.0109758154193801,0.0,20.0,32.0,1000.0,-1.0
gbm_no_group-few_shot-log_count-seed4,w1vtaxlj,2026-07-23T18:49:11Z,gbm_no_group,few_shot,4,rmse,,0.5782967841648745,,0.6316799448276914,,,,,279.0,,,,,,,,,,,,0.4096264371525448,0.0,100.0,2.0,255.0,-1.0
gbm_no_group-few_shot-log_count-seed4,w5054cxd,2026-07-23T18:55:54Z,gbm_no_group,few_shot,4,rmse,,0.5306716413257682,,0.5497339954297153,,,,,29.0,,,,,,,,,,,,0.4380606481501048,0.0,20.0,32.0,255.0,-1.0
gbm_no_group-few_shot-log_count-seed4,z029iv6k,2026-07-23T18:52:54Z,gbm_no_group,few_shot,4,rmse,,0.5961944505049441,,0.6498269758969117,,,,,458.0,,,,,,,,,,,,0.1271700786387963,1.0,10.0,2.0,500.0,-1.0
gplinear-in_context-log_count-seed0,nojqhw1s,2026-07-20T07:50:27Z,gplinear,in_context,0,rmse,0.1963440935113244,0.411061653393439,0.1959005472239482,0.4090488182802417,,,,,,,,,,,,,,,,,,,,,,
gplinear-in_context-log_count-seed1,wwd3945j,2026-07-20T07:50:46Z,gplinear,in_context,1,rmse,0.1971215578137755,0.4130790521632587,0.2068965922389604,0.4288904306602766,,,,,,,,,,,,,,,,,,,,,,
gplinear-in_context-log_count-seed2,ye6eytpm,2026-07-20T07:51:06Z,gplinear,in_context,2,rmse,0.1948450653350333,0.4126225830787669,0.1979914958324636,0.4348592409351465,,,,,,,,,,,,,,,,,,,,,,
gplinear-in_context-log_count-seed3,dppta2sh,2026-07-21T07:38:01Z,gplinear,in_context,3,rmse,0.195217213821201,0.4112974290836819,0.1972049616853756,0.4397152711719165,,,,,,,,,,,,,,,,,,,,,,
gplinear-in_context-log_count-seed4,362pv4xw,2026-07-21T07:38:25Z,gplinear,in_context,4,rmse,0.1903254734101485,0.405196332268081,0.2018083977170407,0.4344427820525102,,,,,,,,,,,,,,,,,,,,,,
gplinear-few_shot-log_count-seed0,0oxhhy8o,2026-07-23T18:15:11Z,gplinear,few_shot,0,rmse,0.2819868611773298,0.5527257410630642,0.313727183153458,0.5885649787891636,,,,,,,,,,,,,,,,,,,,,,
gplinear-few_shot-log_count-seed1,7nhprzt2,2026-07-23T18:15:31Z,gplinear,few_shot,1,rmse,0.3351461176373069,0.6840806255833564,0.3294333457926804,0.6445107000478593,,,,,,,,,,,,,,,,,,,,,,
gplinear-few_shot-log_count-seed2,b0mdzgo6,2026-07-23T18:15:47Z,gplinear,few_shot,2,rmse,0.4772209650290613,0.9746059598558744,0.4729178241155583,0.975130883286739,,,,,,,,,,,,,,,,,,,,,,
gplinear-few_shot-log_count-seed3,a8y5alct,2026-07-23T18:16:06Z,gplinear,few_shot,3,rmse,0.2711186729773939,0.5415637184857053,0.2652729463915841,0.5346048220316918,,,,,,,,,,,,,,,,,,,,,,
gplinear-few_shot-log_count-seed4,q2zdofgh,2026-07-23T18:16:21Z,gplinear,few_shot,4,rmse,0.2801504411289924,0.5618177167878808,0.2427906764989456,0.486959514727785,,,,,,,,,,,,,,,,,,,,,,
lme-in_context-log_count-seed0,hpb8dgsa,2026-08-04T08:36:21Z,lme,in_context,0,rmse,0.3215544937032804,0.5652096377851664,0.3254387082833046,0.5973199597414305,,,,,,,,,,,,,,,,,,,,,,
lme-in_context-log_count-seed1,ck8pr2q1,2026-08-04T08:36:47Z,lme,in_context,1,rmse,0.3301385028105626,0.5874623011844788,0.3309126171968368,0.5793314719700817,,,,,,,,,,,,,,,,,,,,,,
lme-in_context-log_count-seed2,gz5bm2nw,2026-08-04T08:37:31Z,lme,in_context,2,rmse,0.3355771446751383,0.660408269030444,0.3224882906742895,0.5805652217607963,,,,,,,,,,,,,,,,,,,,,,
lme-in_context-log_count-seed3,cxbnjsi7,2026-08-04T08:37:56Z,lme,in_context,3,rmse,0.3280410132628573,0.5812502348972475,0.3256292859900409,0.580221371671674,,,,,,,,,,,,,,,,,,,,,,
lme-in_context-log_count-seed4,1f1ivasi,2026-08-04T08:38:49Z,lme,in_context,4,rmse,0.3199780634414637,0.5848231729771802,0.3201945395850323,0.5605032954717711,,,,,,,,,,,,,,,,,,,,,,
lme-few_shot-log_count-seed0,971l3kra,2026-08-04T08:36:35Z,lme,few_shot,0,rmse,0.3461388952765214,0.5981728665612319,0.3748487214927077,0.6458491640697357,,,,,,,,,,,,,,,,,,,,,,
lme-few_shot-log_count-seed1,gbye89ni,2026-08-04T08:37:19Z,lme,few_shot,1,rmse,0.4030543132397529,0.6796621555089343,0.4164921259443896,0.6850442157747948,,,,,,,,,,,,,,,,,,,,,,
lme-few_shot-log_count-seed2,h4oovs4x,2026-08-04T08:37:45Z,lme,few_shot,2,rmse,0.4363954203234363,0.6236516368397956,0.4597549539674006,0.7664414224798328,,,,,,,,,,,,,,,,,,,,,,
lme-few_shot-log_count-seed3,fot4p4vy,2026-08-04T08:38:35Z,lme,few_shot,3,rmse,0.3878125183458392,0.747619744449374,0.3864570449056004,0.6204184290123947,,,,,,,,,,,,,,,,,,,,,,
lme-few_shot-log_count-seed4,d0c2ncfc,2026-08-04T08:39:06Z,lme,few_shot,4,rmse,0.3682845708492264,0.6398950111217212,0.3378173807717587,0.6043418183971543,,,,,,,,,,,,,,,,,,,,,,
tabicl_taskwise-in_context-log_count-seed0,6cp7j6vr,2026-08-03T19:34:26Z,tabicl_taskwise,in_context,0,rmse,0.2660390670498139,0.5302130334544903,0.269556742278823,0.5356403474601853,6.198883056640625e-06,470.2892804145813,462.0363085269928,,,,,,,,,,,,,,,,,,,
tabicl_taskwise-in_context-log_count-seed1,tyyc811w,2026-08-03T19:52:00Z,tabicl_taskwise,in_context,1,rmse,0.284339409271969,0.5719878024436466,0.2877892591102044,0.571818070145255,2.86102294921875e-06,388.89756655693054,385.87135124206543,,,,,,,,,,,,,,,,,,,
tabicl_taskwise-in_context-log_count-seed2,0bcf0cko,2026-08-03T20:06:50Z,tabicl_taskwise,in_context,2,rmse,0.2788248003025583,0.5487414530034094,0.2666024027005793,0.5272206955359631,8.106231689453125e-06,331.0956676006317,378.7398307323456,,,,,,,,,,,,,,,,,,,
tabicl_taskwise-in_context-log_count-seed3,o2t45yot,2026-08-03T20:21:17Z,tabicl_taskwise,in_context,3,rmse,0.2735328781942809,0.5335105946920522,0.2797216812410253,0.5592200050936292,1.6689300537109375e-06,254.8456556797028,157.17409491539,,,,,,,,,,,,,,,,,,,
tabicl_taskwise-in_context-log_count-seed4,q9r1wgns,2026-08-03T20:30:01Z,tabicl_taskwise,in_context,4,rmse,0.2742335906322481,0.5345966356659713,0.2752830303844774,0.5407546594907819,2.384185791015625e-06,166.24455904960632,164.44372820854187,,,,,,,,,,,,,,,,,,,
tabicl_taskwise-few_shot-log_count-seed0,qnci1jbt,2026-08-03T19:50:11Z,tabicl_taskwise,few_shot,0,rmse,0.3476985184449164,0.6513466680819878,0.3979753830630035,0.7159939916998604,1.9073486328125e-06,21.757072925567627,24.95326328277588,,,,,,,,,,,,,,,,,,,
tabicl_taskwise-few_shot-log_count-seed1,am8k9zql,2026-08-03T20:05:14Z,tabicl_taskwise,few_shot,1,rmse,0.4434947031273101,0.8334547933552012,0.4139082450702555,0.7731699274742292,7.390975952148437e-06,34.259658336639404,32.779000997543335,,,,,,,,,,,,,,,,,,,
tabicl_taskwise-few_shot-log_count-seed2,hkuclc4k,2026-08-03T20:18:52Z,tabicl_taskwise,few_shot,2,rmse,0.3738230145871661,0.6908898461193496,0.3853885616103348,0.7195954553343892,4.529953002929688e-06,66.66450190544128,64.54888820648193,,,,,,,,,,,,,,,,,,,
tabicl_taskwise-few_shot-log_count-seed3,058u322t,2026-08-03T20:28:54Z,tabicl_taskwise,few_shot,3,rmse,0.4078021854009549,0.7371376627454255,0.3317825941411108,0.5858638859242774,3.337860107421875e-06,26.694611072540283,26.30887103080749,,,,,,,,,,,,,,,,,,,
tabicl_taskwise-few_shot-log_count-seed4,av52r8zk,2026-08-03T20:35:50Z,tabicl_taskwise,few_shot,4,rmse,0.3908802764255632,0.7151055250226577,0.3464171631456701,0.6560714405589716,1.9073486328125e-06,29.2156994342804,26.55200505256653,,,,,,,,,,,,,,,,,,,
tabicl_pooled-in_context-log_count-seed0,loav0b9i,2026-08-03T19:34:26Z,tabicl_pooled,in_context,0,rmse,0.1072997542777016,0.3036610157046321,0.1096628120562506,0.3081176740232574,2.1457672119140625e-06,3.90530776977539,2.852038621902466,,,,,,,,,,,,,,,,,,,
tabicl_pooled-in_context-log_count-seed1,p7t6kxc8,2026-08-03T19:36:23Z,tabicl_pooled,in_context,1,rmse,0.1028961274814134,0.2951020158308345,0.1047099938069482,0.295414820930799,5.245208740234375e-06,3.6519980430603023,2.541205644607544,,,,,,,,,,,,,,,,,,,
tabicl_pooled-in_context-log_count-seed2,setqkjul,2026-08-03T19:38:23Z,tabicl_pooled,in_context,2,rmse,0.109320976899178,0.3136825582019537,0.1061446892483499,0.2979984435133844,2.384185791015625e-06,3.4955170154571533,2.744331359863281,,,,,,,,,,,,,,,,,,,
tabicl_pooled-in_context-log_count-seed3,g08q51fz,2026-08-03T19:42:18Z,tabicl_pooled,in_context,3,rmse,0.106366117831905,0.2925265807455206,0.106868739895205,0.3144231445593909,2.1457672119140625e-06,3.45551872253418,1.7789616584777832,,,,,,,,,,,,,,,,,,,
tabicl_pooled-in_context-log_count-seed4,hk23cua4,2026-08-03T19:47:14Z,tabicl_pooled,in_context,4,rmse,0.1038961934544,0.3019887867182756,0.1127748902187231,0.3311631443108135,2.1457672119140625e-06,3.7845304012298575,2.256382942199707,,,,,,,,,,,,,,,,,,,
tabicl_pooled-few_shot-log_count-seed0,8kow8dv1,2026-08-03T19:34:44Z,tabicl_pooled,few_shot,0,rmse,0.1321068474428626,0.3368004166560528,0.1342174166219221,0.2925405924501991,2.384185791015625e-06,46.20228505134583,40.21116065979004,,,,,,,,,,,,,,,,,,,
tabicl_pooled-few_shot-log_count-seed1,x9196kna,2026-08-03T19:36:41Z,tabicl_pooled,few_shot,1,rmse,0.1823116237187814,0.4199164465686502,0.173604426140899,0.418257250243716,1.9073486328125e-06,48.02962946891785,41.20591759681702,,,,,,,,,,,,,,,,,,,
tabicl_pooled-few_shot-log_count-seed2,3simkeqg,2026-08-03T19:38:40Z,tabicl_pooled,few_shot,2,rmse,0.1762943767191312,0.3890679396542308,0.1773917940684948,0.4216676668363204,2.6226043701171875e-06,105.88188195228577,99.84287548065186,,,,,,,,,,,,,,,,,,,
tabicl_pooled-few_shot-log_count-seed3,s1qzaxel,2026-08-03T19:42:34Z,tabicl_pooled,few_shot,3,rmse,0.1443985192230235,0.3484844400227141,0.1426304323069644,0.3209513654424008,1.9073486328125e-06,116.3837571144104,115.88500714302064,,,,,,,,,,,,,,,,,,,
tabicl_pooled-few_shot-log_count-seed4,hiehpd22,2026-08-03T19:47:41Z,tabicl_pooled,few_shot,4,rmse,0.1527633802571562,0.3698682884095643,0.1262699066499589,0.3040023452322909,2.6226043701171875e-06,121.28798961639404,77.35646200180054,,,,,,,,,,,,,,,,,,,
