name,run_id,created_at,model_name,task_name,data_split_seed,validation_metric,validation_crps,validation_rmse,test_crps,test_rmse,fitting_time_s,validation_prediction_time_s,test_prediction_time_s,validation_fixed_effect_residual_rmse,fixed_effect_type,feature_dimension,best_boosting_round,model.train_params.learning_rate,model.train_params.lambda_l2,model.train_params.min_data_in_leaf,model.train_params.num_leaves,model.train_params.max_bin,model.train_params.max_depth,model.np_params.dropout,model.np_train_params.learning_rate,model.np_train_params.epochs_per_round,model.lgbm_params.learning_rate,model.lgbm_params.lambda_l2,model.lgbm_params.min_data_in_leaf,model.lgbm_params.num_leaves,model.lgbm_params.max_bin,model.lgbm_params.max_depth,epochs_trained,model.params.dropout
npboost-in_context-steps_2D-seed0,17h9ross,2026-07-20T11:35:26Z,npboost,in_context,0,rmse,0.5366539388020833,0.9485299215175677,0.53538515625,0.9457408067757846,1383.4037659168243,2.7300729751586914,2.6897528171539307,1.3808790590739384,steps,2,143.0,,,,,,,0.0,0.0001656260589333,5.0,0.655438234354628,0.0,20.0,4.0,255.0,-1.0,,
npboost-in_context-steps_2D-seed0,1xto6nad,2026-07-21T01:31:47Z,npboost,in_context,0,rmse,0.534728125,0.9468657092396768,0.5315138997395833,0.9418324572406817,5624.980708360672,2.421030044555664,2.375542640686035,1.585909726883907,steps,2,255.0,,,,,,,0.2,8.111144333995501e-05,20.0,0.0123280038313677,1.0,10.0,8.0,255.0,-1.0,,
npboost-in_context-steps_2D-seed0,4cy6b4s6,2026-07-20T13:58:34Z,npboost,in_context,0,rmse,0.583525,1.034349541090611,0.5863961588541666,1.0396158089294916,1597.7498195171356,2.7453930377960205,2.5234298706054688,4.876251891426375,steps,2,164.0,,,,,,,0.2,0.0001251605833757,5.0,0.2656797431288616,1.0,100.0,4.0,255.0,-1.0,,
npboost-in_context-steps_2D-seed0,4xqifrjx,2026-07-21T03:05:54Z,npboost,in_context,0,rmse,0.5656798177083333,1.001291251828551,0.5639698567708333,0.9981924887978578,909.0852830410004,2.725569486618042,2.694420337677002,1.5450938690542468,steps,2,82.0,,,,,,,0.0,0.0008887704677237,5.0,0.0415963508411869,0.0,1000.0,4.0,255.0,-1.0,,
npboost-in_context-steps_2D-seed0,8no3sy3j,2026-07-20T15:27:19Z,npboost,in_context,0,rmse,0.5539194010416667,0.9757162555705314,0.54935703125,0.9681296906048406,1597.4252214431765,2.465507984161377,2.4700927734375,1.5340829839708172,steps,2,54.0,,,,,,,0.0,0.0001380773171791,20.0,0.0190619809185539,1.0,10.0,16.0,255.0,-1.0,,
npboost-in_context-steps_2D-seed0,8rv981zv,2026-07-20T19:10:06Z,npboost,in_context,0,rmse,0.5472701822916667,0.969140363416868,0.5488881510416667,0.9732020272073968,2769.82608127594,2.560002326965332,2.7026374340057373,1.499401275085837,steps,2,323.0,,,,,,,0.0,1.3840044764106206e-05,5.0,0.7593823221110972,0.0,1000.0,8.0,255.0,-1.0,,
npboost-in_context-steps_2D-seed0,91twr3td,2026-07-20T06:52:27Z,npboost,in_context,0,rmse,0.5499222005208333,0.9740408402146604,0.5428119791666667,0.9629082953346494,3060.529094219208,2.38130521774292,2.365507841110229,1.8389484091236687,steps,2,264.0,,,,,,,0.2,7.309539835912905e-05,10.0,0.0383962929980417,1.0,10.0,8.0,255.0,-1.0,,
npboost-in_context-steps_2D-seed0,bs2llk2b,2026-07-20T11:22:30Z,npboost,in_context,0,rmse,0.5962296875,1.0553890954400276,0.5972424479166667,1.05781638655097,752.6445875167847,2.180291652679444,2.3067381381988525,1.703481175243815,steps,2,11.0,,,,,,,0.2,6.83631406502272e-05,20.0,0.768810680147495,1.0,100.0,8.0,255.0,-1.0,,
npboost-in_context-steps_2D-seed0,bz8vj5hw,2026-07-20T21:12:10Z,npboost,in_context,0,rmse,0.5405591145833334,0.955492867159563,0.537055859375,0.9498665861787884,5689.36051940918,2.44179916381836,2.376657247543335,2.016980957744529,steps,2,262.0,,,,,,,0.2,0.0001024482973264,20.0,0.0600348399921965,1.0,1000.0,8.0,255.0,-1.0,,
npboost-in_context-steps_2D-seed0,bzy4sjcd,2026-07-20T11:00:05Z,npboost,in_context,0,rmse,0.5547529947916666,0.9743817275963298,0.5526416015625,0.9736810298894424,1321.9337377548218,2.346209526062012,2.682097911834717,1.4105939517994746,steps,2,134.0,,,,,,,0.0,0.0001848449172098,5.0,0.6097025297491431,1.0,10.0,16.0,255.0,-1.0,,
npboost-in_context-steps_2D-seed0,c85fg04x,2026-07-20T06:26:34Z,npboost,in_context,0,rmse,0.5427460286458333,0.961975565004302,0.5404709635416667,0.959647199149288,1535.3497710227966,1.0081751346588137,1.0065016746520996,1.5762958484360063,steps,2,306.0,,,,,,,0.2,0.0002910635913133,5.0,0.0130667392380532,0.0,100.0,4.0,255.0,-1.0,,
npboost-in_context-steps_2D-seed0,eu6kwsue,2026-07-20T08:28:13Z,npboost,in_context,0,rmse,0.5832293619791666,1.0322926362354152,0.5833298177083334,1.033272876264714,1621.365926027298,2.56526255607605,2.4874446392059326,1.9032126064143209,steps,2,55.0,,,,,,,0.2,1.913588048769229e-05,20.0,0.3503398491158687,0.0,10.0,8.0,255.0,-1.0,,
npboost-in_context-steps_2D-seed0,gbmict8h,2026-07-21T00:52:17Z,npboost,in_context,0,rmse,0.5410404296875,0.9569535399754496,0.5428331380208333,0.9594641430115786,2347.1455149650574,2.4899837970733643,2.6273927688598637,1.528965624675522,steps,2,99.0,,,,,,,0.0,3.7275559646016336e-05,20.0,0.0105756957788887,0.0,100.0,8.0,255.0,-1.0,,
npboost-in_context-steps_2D-seed0,hcmchdfj,2026-07-20T11:58:53Z,npboost,in_context,0,rmse,0.5398369140625,0.9527772946053914,0.5321731119791666,0.9413959050646208,3962.844326734543,2.544498443603516,2.2672781944274902,1.6561899127607742,steps,2,174.0,,,,,,,0.2,0.0001849521658972,20.0,0.0438086761972578,0.0,20.0,8.0,255.0,-1.0,,
npboost-in_context-steps_2D-seed0,hv883epd,2026-07-20T16:10:34Z,npboost,in_context,0,rmse,0.5808869791666667,1.028347610540755,0.5781682942708334,1.023519225510951,3970.5218620300298,2.230485439300537,2.3374011516571045,1.5933845791981698,steps,2,308.0,,,,,,,0.2,1.1508017135300922e-05,10.0,0.0179523383684912,1.0,20.0,16.0,255.0,-1.0,,
npboost-in_context-steps_2D-seed0,iq0wfxzm,2026-07-20T07:43:50Z,npboost,in_context,0,rmse,0.5438378255208334,0.9621405805971048,0.5418545572916666,0.9602576691537936,1820.927861213684,2.2831718921661377,2.504956007003784,2.2672169719844613,steps,2,201.0,,,,,,,0.2,0.0008536189862866,5.0,0.2335963502626159,0.0,100.0,4.0,255.0,-1.0,,
npboost-in_context-steps_2D-seed0,l2shn526,2026-07-20T17:54:16Z,npboost,in_context,0,rmse,0.5422121744791667,0.9600636999794416,0.5385326497395834,0.9545974270529664,2898.863447666168,2.298524141311645,2.582972526550293,2.197474572163553,steps,2,221.0,,,,,,,0.2,0.0002091196066971,10.0,0.1284423092280945,0.0,100.0,4.0,255.0,-1.0,,
npboost-in_context-steps_2D-seed0,mmsfcseu,2026-07-20T14:25:34Z,npboost,in_context,0,rmse,0.5514998697916667,0.9648387171790822,0.54333359375,0.9535327694851728,989.5992963314056,2.8299403190612797,2.438547372817993,1.3805029737530974,steps,2,55.0,,,,,,,0.0,0.0008831228248242,10.0,0.3887072196612053,1.0,100.0,8.0,255.0,-1.0,,
npboost-in_context-steps_2D-seed0,nguizkak,2026-07-20T18:43:04Z,npboost,in_context,0,rmse,0.54174580078125,0.957776941862093,0.5404630208333333,0.9550356488834898,1596.1002745628357,2.6163523197174072,2.6855275630950928,1.4884360196756234,steps,2,109.0,,,,,,,0.0,8.878664758716842e-05,10.0,0.0222025951448105,0.0,20.0,16.0,255.0,-1.0,,
npboost-in_context-steps_2D-seed0,o37d3ugs,2026-07-20T08:55:37Z,npboost,in_context,0,rmse,0.52007001953125,0.9198027436717828,0.5221944986979167,0.9241635599145914,1818.1786541938784,2.4782989025115967,2.581874132156372,1.3475610888559475,steps,2,68.0,,,,,,,0.0,4.589824181495648e-05,20.0,0.2878805718308923,1.0,1000.0,8.0,255.0,-1.0,,
npboost-in_context-steps_2D-seed0,p9pf9kn0,2026-07-20T13:05:19Z,npboost,in_context,0,rmse,0.5505157552083333,0.9653390437508124,0.5466290364583334,0.9603099128066516,849.8268849849701,2.351962089538574,2.593806028366089,1.2541548339543145,steps,2,45.0,,,,,,,0.0,0.0007472397689332,10.0,0.7069476197217992,0.0,20.0,16.0,255.0,-1.0,,
npboost-in_context-steps_2D-seed0,pcu4hwxa,2026-07-20T22:47:22Z,npboost,in_context,0,rmse,0.5407066731770833,0.9572062235887558,0.5390741536458333,0.9549398064060652,2615.202441930771,2.9271960258483887,2.600338220596313,1.6013245954633435,steps,2,191.0,,,,,,,0.2,0.0002213282815989,10.0,0.0152199142675109,0.0,100.0,16.0,255.0,-1.0,,
npboost-in_context-steps_2D-seed0,pvuhnwyj,2026-07-20T21:00:35Z,npboost,in_context,0,rmse,0.6072143880208334,1.0731429946461797,0.6078302083333333,1.0762624823083629,672.035501241684,2.5844008922576904,2.686289072036743,1.4326796384428797,steps,2,7.0,,,,,,,0.2,3.6649592076212935e-05,20.0,0.9572167377160832,0.0,100.0,16.0,255.0,-1.0,,
npboost-in_context-steps_2D-seed0,pw43djrh,2026-07-20T09:26:18Z,npboost,in_context,0,rmse,0.5201283854166666,0.918005952522302,0.5144716796875,0.909692935959123,5603.979221582413,2.704393148422241,2.85198974609375,1.3711418643198612,steps,2,266.0,,,,,,,0.0,1.1241862095793047e-05,20.0,0.0425316236379087,1.0,100.0,8.0,255.0,-1.0,,
npboost-in_context-steps_2D-seed0,qji4q5w6,2026-07-20T14:42:26Z,npboost,in_context,0,rmse,0.5410985026041667,0.9502615575780292,0.5350259765625,0.9423121566090458,2670.574048042298,2.3041367530822754,2.354207754135132,1.6307316222829624,steps,2,111.0,,,,,,,0.2,0.0006756608892518,20.0,0.0718403263658167,0.0,10.0,16.0,255.0,-1.0,,
npboost-in_context-steps_2D-seed0,qqf8iq4f,2026-07-21T00:30:13Z,npboost,in_context,0,rmse,0.5660229166666667,0.993268039778138,0.56343984375,0.990435619177488,1300.447101354599,2.853001117706299,2.7201435565948486,1.5407994868343622,steps,2,40.0,,,,,,,0.0,0.0003583387974072,20.0,0.0166876416291958,0.0,10.0,8.0,255.0,-1.0,,
npboost-in_context-steps_2D-seed0,t2uj1sq8,2026-07-20T15:54:19Z,npboost,in_context,0,rmse,0.5780259114583334,1.0233453291351182,0.5787955078125,1.0251442633982588,951.1750407218932,2.784203290939331,3.169441699981689,1.970524435761834,steps,2,50.0,,,,,,,0.2,0.0001053621921034,10.0,0.2534741961949762,1.0,1000.0,16.0,255.0,-1.0,,
npboost-in_context-steps_2D-seed0,v0z62nok,2026-07-20T23:31:20Z,npboost,in_context,0,rmse,0.5190901041666667,0.9179516624310954,0.5216749348958334,0.9228050608487084,3506.2142250537872,2.404404401779175,2.064701795578003,1.2445865509518672,steps,2,156.0,,,,,,,0.0,1.4730368526805258e-05,20.0,0.2585142302046639,1.0,10.0,8.0,255.0,-1.0,,
npboost-in_context-steps_2D-seed0,vuse93i0,2026-07-20T19:57:30Z,npboost,in_context,0,rmse,0.52720673828125,0.9330469654493232,0.5254895182291667,0.9298627676040844,3758.8333134651184,2.6581695079803467,2.6983468532562256,1.4671474649146183,steps,2,170.0,,,,,,,0.0,1.5905817778820346e-05,20.0,0.0138796110793157,1.0,20.0,16.0,255.0,-1.0,,
npboost-in_context-steps_2D-seed0,w167u59f,2026-07-20T17:17:07Z,npboost,in_context,0,rmse,0.5516965494791667,0.9761893824660792,0.548635546875,0.9718020201173276,2206.2373292446136,2.4463844299316406,2.4031870365142822,2.0617102492869708,steps,2,161.0,,,,,,,0.2,0.0001077955162095,10.0,0.0754992854618303,0.0,10.0,16.0,255.0,-1.0,,
npboost-in_context-steps_2D-seed0,x7emqag7,2026-07-20T13:19:51Z,npboost,in_context,0,rmse,0.5337529296875,0.9365659358827432,0.5310145182291667,0.9345196109796317,2300.5163300037384,2.548539400100708,2.542583703994751,1.4328186153840805,steps,2,95.0,,,,,,,0.0,4.764963542138518e-05,20.0,0.5945287330479982,0.0,100.0,16.0,255.0,-1.0,,
npboost-in_context-steps_2D-seed0,xbi03com,2026-07-20T08:14:32Z,npboost,in_context,0,rmse,0.5603388671875,0.9896419839657002,0.5620809895833333,0.9919382885021396,799.8489646911621,1.7923791408538818,1.8970189094543457,1.468537234813178,steps,2,39.0,,,,,,,0.0,0.0008692991511139,10.0,0.1569639638866114,0.0,1000.0,8.0,255.0,-1.0,,
npboost-in_context-steps_2D-seed1,1910uy79,2026-07-22T00:59:28Z,npboost,in_context,1,rmse,0.5201216145833333,0.916419339452372,0.5216192057291666,0.9173187277736152,5266.482486486435,6.099290132522583,5.659516334533691,1.280711007132385,steps,2,115.0,,,,,,,0.0,4.589824181495648e-05,20.0,0.2878805718308923,1.0,1000.0,8.0,255.0,-1.0,,
npboost-in_context-steps_2D-seed1,1e2j1385,2026-07-22T12:19:12Z,npboost,in_context,1,rmse,0.5313335286458334,0.9401667178544312,0.5367762369791667,0.9453065528278992,4480.8521382808685,8.297919750213623,7.9687182903289795,1.5871270172671474,steps,2,76.0,,,,,,,0.2,0.0006756608892518,20.0,0.0718403263658167,0.0,10.0,16.0,255.0,-1.0,,
npboost-in_context-steps_2D-seed1,1u9zlr50,2026-07-23T12:03:32Z,npboost,in_context,1,rmse,0.5591505208333334,0.9860642079581806,0.563994140625,0.992657358221833,1888.6390733718872,6.285494804382324,5.8800950050354,1.5321517758618932,steps,2,96.0,,,,,,,0.0,0.0008887704677237,5.0,0.0415963508411869,0.0,1000.0,4.0,255.0,-1.0,,
npboost-in_context-steps_2D-seed1,1uh9i1mt,2026-07-22T17:54:52Z,npboost,in_context,1,rmse,0.5365397135416666,0.9528000999889464,0.5430828125,0.9620864830111522,4617.066507577896,6.660674095153809,7.446867942810059,1.8360275798490089,steps,2,149.0,,,,,,,0.2,0.0002091196066971,10.0,0.1284423092280945,0.0,100.0,4.0,255.0,-1.0,,
npboost-in_context-steps_2D-seed1,225zykas,2026-07-21T22:33:23Z,npboost,in_context,1,rmse,0.53913564453125,0.956916990970103,0.5455216796875,0.9656787500949442,3600.4063036441803,6.513177394866943,8.068668127059937,2.1247628637539724,steps,2,169.0,,,,,,,0.2,0.0008536189862866,5.0,0.2335963502626159,0.0,100.0,4.0,255.0,-1.0,,
npboost-in_context-steps_2D-seed1,31l8xwm8,2026-07-21T20:05:31Z,npboost,in_context,1,rmse,0.5423454752604167,0.9639742060683796,0.5506737630208334,0.9761289919869174,3698.7570481300354,6.639189720153809,6.561880111694336,1.544782123129691,steps,2,195.0,,,,,,,0.2,0.0002910635913133,5.0,0.0130667392380532,0.0,100.0,4.0,255.0,-1.0,,
npboost-in_context-steps_2D-seed1,4f5k5kix,2026-07-22T02:27:46Z,npboost,in_context,1,rmse,0.5117017903645833,0.9088788199540542,0.5131381510416667,0.9085792630549928,8469.591307878494,5.00972580909729,5.293524503707886,1.3558503968732185,steps,2,209.0,,,,,,,0.0,1.1241862095793047e-05,20.0,0.0425316236379087,1.0,100.0,8.0,255.0,-1.0,,
npboost-in_context-steps_2D-seed1,5ayw6lfy,2026-07-22T15:01:24Z,npboost,in_context,1,rmse,0.5806703125,1.0287208759577524,0.5824975260416667,1.030521086555271,5583.593183040619,7.898984670639038,7.27159857749939,1.4182827759695051,steps,2,184.0,,,,,,,0.2,1.1508017135300922e-05,10.0,0.0179523383684912,1.0,20.0,16.0,255.0,-1.0,,
npboost-in_context-steps_2D-seed1,5ov8ckrf,2026-07-22T05:37:40Z,npboost,in_context,1,rmse,0.5931708333333333,1.049488771273671,0.5996986328125,1.060033882700191,1260.797129392624,6.450394153594971,6.23384165763855,1.6880353017367835,steps,2,10.0,,,,,,,0.2,6.83631406502272e-05,20.0,0.768810680147495,1.0,100.0,8.0,255.0,-1.0,,
npboost-in_context-steps_2D-seed1,7y28n51h,2026-07-22T11:38:57Z,npboost,in_context,1,rmse,0.543401953125,0.9480651928944632,0.5478795572916667,0.9533945141350684,2377.758026123047,7.915312528610229,7.19146466255188,1.4893218895005744,steps,2,59.0,,,,,,,0.0,0.0008831228248242,10.0,0.3887072196612053,1.0,100.0,8.0,255.0,-1.0,,
npboost-in_context-steps_2D-seed1,cefq30xe,2026-07-21T23:34:00Z,npboost,in_context,1,rmse,0.5523568359375,0.9679875835065128,0.556114453125,0.9718547894954122,2036.4842250347133,6.646696329116821,7.380469560623169,1.4154451865825968,steps,2,54.0,,,,,,,0.0,0.0008692991511139,10.0,0.1569639638866114,0.0,1000.0,8.0,255.0,-1.0,,
npboost-in_context-steps_2D-seed1,dpd8ytdf,2026-07-22T19:52:19Z,npboost,in_context,1,rmse,0.541257421875,0.9584931906413736,0.5439930989583334,0.9615294738504484,7898.730367422104,7.00755763053894,7.870002746582031,1.3488834297719798,steps,2,396.0,,,,,,,0.0,1.3840044764106206e-05,5.0,0.7593823221110972,0.0,1000.0,8.0,255.0,-1.0,,
npboost-in_context-steps_2D-seed1,dx88bhh1,2026-07-22T13:34:30Z,npboost,in_context,1,rmse,0.5462131510416667,0.9649880034018454,0.5464748046875,0.9654651782525506,3328.097138404846,8.020646095275879,7.086548328399658,1.5189564361807792,steps,2,51.0,,,,,,,0.0,0.0001380773171791,20.0,0.0190619809185539,1.0,10.0,16.0,255.0,-1.0,,
npboost-in_context-steps_2D-seed1,eb9smj08,2026-07-23T00:35:36Z,npboost,in_context,1,rmse,0.5985235677083334,1.0604654531804885,0.6035831380208333,1.067075074129258,1223.1255419254303,6.589417219161987,6.024503469467163,1.4336677646257527,steps,2,10.0,,,,,,,0.2,3.6649592076212935e-05,20.0,0.9572167377160832,0.0,100.0,16.0,255.0,-1.0,,
npboost-in_context-steps_2D-seed1,empiw7yv,2026-07-23T08:56:23Z,npboost,in_context,1,rmse,0.5267405598958333,0.933573920883988,0.5334298177083333,0.9429683158692802,11122.16190814972,4.8612096309661865,5.491538047790527,1.590566424065732,steps,2,299.0,,,,,,,0.2,8.111144333995501e-05,20.0,0.0123280038313677,1.0,10.0,8.0,255.0,-1.0,,
npboost-in_context-steps_2D-seed1,ezm1tjza,2026-07-23T00:56:33Z,npboost,in_context,1,rmse,0.5296756510416667,0.9390748393493648,0.5319814778645834,0.940890957798768,8340.513962507248,6.60275411605835,5.679790496826172,1.8078544130745229,steps,2,209.0,,,,,,,0.2,0.0001024482973264,20.0,0.0600348399921965,1.0,1000.0,8.0,255.0,-1.0,,
npboost-in_context-steps_2D-seed1,fsm69nnm,2026-07-23T06:47:01Z,npboost,in_context,1,rmse,0.559954296875,0.98643688428776,0.56411328125,0.9896632847542864,2160.806375265121,6.605934381484985,5.46582293510437,1.534388028229027,steps,2,34.0,,,,,,,0.0,0.0003583387974072,20.0,0.0166876416291958,0.0,10.0,8.0,255.0,-1.0,,
npboost-in_context-steps_2D-seed1,g0ptxs3e,2026-07-23T07:23:34Z,npboost,in_context,1,rmse,0.5402536458333334,0.952088206627276,0.5397072265625,0.9516070224603224,5533.721847295761,6.865778684616089,6.890871286392212,1.5232342252265596,steps,2,126.0,,,,,,,0.0,3.7275559646016336e-05,20.0,0.0105756957788887,0.0,100.0,8.0,255.0,-1.0,,
npboost-in_context-steps_2D-seed1,gqho7pfl,2026-07-22T00:08:32Z,npboost,in_context,1,rmse,0.5801123046875,1.027710585473622,0.5887553385416666,1.0410086351500254,3015.0517344474792,7.257807731628418,7.382640361785889,2.1779177920314066,steps,2,49.0,,,,,,,0.2,1.913588048769229e-05,20.0,0.3503398491158687,0.0,10.0,8.0,255.0,-1.0,,
npboost-in_context-steps_2D-seed1,iejbgip9,2026-07-21T21:08:19Z,npboost,in_context,1,rmse,0.5435608723958333,0.9646828848655112,0.5471658203125,0.9687410467838444,5067.35901260376,7.162555694580078,6.364100456237793,1.6369149193863992,steps,2,184.0,,,,,,,0.2,7.309539835912905e-05,10.0,0.0383962929980417,1.0,10.0,8.0,255.0,-1.0,,
npboost-in_context-steps_2D-seed1,jwphp892,2026-07-22T09:55:31Z,npboost,in_context,1,rmse,0.529034375,0.9342823335916476,0.5324736653645833,0.938502215365054,4543.573801994324,8.252766132354736,7.849103689193726,1.3525124143733973,steps,2,77.0,,,,,,,0.0,4.764963542138518e-05,20.0,0.5945287330479982,0.0,100.0,16.0,255.0,-1.0,,
npboost-in_context-steps_2D-seed1,lrlogq9o,2026-07-23T04:49:08Z,npboost,in_context,1,rmse,0.5191056640625,0.9183742039506824,0.5209736328125,0.9204726182100188,7039.199918985367,6.966490983963013,5.882254362106323,1.3226420181304213,steps,2,166.0,,,,,,,0.0,1.4730368526805258e-05,20.0,0.2585142302046639,1.0,10.0,8.0,255.0,-1.0,,
npboost-in_context-steps_2D-seed1,lxtp156x,2026-07-22T06:56:30Z,npboost,in_context,1,rmse,0.5296854166666667,0.9380665181383684,0.5332067057291666,0.9419124270636074,8115.776502132416,8.572481155395508,8.251261234283447,1.68472239651015,steps,2,190.0,,,,,,,0.2,0.0001849521658972,20.0,0.0438086761972578,0.0,20.0,8.0,255.0,-1.0,,
npboost-in_context-steps_2D-seed1,nhlis4h5,2026-07-22T11:12:08Z,npboost,in_context,1,rmse,0.5935704427083334,1.050823605038322,0.5977680989583334,1.0571570479397994,1572.7008879184723,6.722249507904053,6.509654521942139,1.9716770411840103,steps,2,54.0,,,,,,,0.2,0.0001251605833757,5.0,0.2656797431288616,1.0,100.0,4.0,255.0,-1.0,,
npboost-in_context-steps_2D-seed1,p6ml56iw,2026-07-22T14:30:35Z,npboost,in_context,1,rmse,0.5776240885416667,1.0220632806178924,0.5818376302083333,1.0286662363629533,1812.1746826171875,8.120425462722778,6.578790664672852,1.912323634354541,steps,2,40.0,,,,,,,0.2,0.0001053621921034,10.0,0.2534741961949762,1.0,1000.0,16.0,255.0,-1.0,,
npboost-in_context-steps_2D-seed1,pg38fi9g,2026-07-22T09:12:25Z,npboost,in_context,1,rmse,0.5500559895833333,0.9567907135378784,0.5543675130208333,0.962287817898658,2548.265193462372,7.015378713607788,7.829385042190552,1.3869905234514563,steps,2,67.0,,,,,,,0.0,0.0007472397689332,10.0,0.7069476197217992,0.0,20.0,16.0,255.0,-1.0,,
npboost-in_context-steps_2D-seed1,pp5hbp55,2026-07-22T22:04:35Z,npboost,in_context,1,rmse,0.52458046875,0.9273625541312396,0.5309190104166667,0.9367072794905508,9026.49171257019,6.540617942810059,6.815275430679321,1.4660745656899083,steps,2,204.0,,,,,,,0.0,1.5905817778820346e-05,20.0,0.0138796110793157,1.0,20.0,16.0,255.0,-1.0,,
npboost-in_context-steps_2D-seed1,t3wxmxb3,2026-07-23T03:16:27Z,npboost,in_context,1,rmse,0.5331066731770834,0.9448624664436855,0.5360034830729167,0.947767872530677,5526.430427312851,6.851153612136841,6.245980739593506,1.5649489645149672,steps,2,214.0,,,,,,,0.2,0.0002213282815989,10.0,0.0152199142675109,0.0,100.0,16.0,255.0,-1.0,,
npboost-in_context-steps_2D-seed1,vij5nz0b,2026-07-22T04:49:27Z,npboost,in_context,1,rmse,0.5486329427083333,0.9621782485191326,0.5470626953125,0.9601910261256044,2860.504741668701,6.130094528198242,5.589051961898804,1.3776724849840316,steps,2,149.0,,,,,,,0.0,0.0001848449172098,5.0,0.6097025297491431,1.0,10.0,16.0,255.0,-1.0,,
npboost-in_context-steps_2D-seed1,wt7bvir8,2026-07-22T16:35:30Z,npboost,in_context,1,rmse,0.5435925130208333,0.9640764499458186,0.5471194010416667,0.9689935468778078,4725.84170794487,7.433645009994507,6.416207313537598,1.982664313166024,steps,2,152.0,,,,,,,0.2,0.0001077955162095,10.0,0.0754992854618303,0.0,10.0,16.0,255.0,-1.0,,
npboost-in_context-steps_2D-seed1,ycetgbce,2026-07-22T05:59:14Z,npboost,in_context,1,rmse,0.52559951171875,0.9283211009968876,0.5331827799479166,0.9394260433097432,3402.7439861297607,6.144970655441284,5.7915754318237305,1.753362115177162,steps,2,185.0,,,,,,,0.0,0.0001656260589333,5.0,0.655438234354628,0.0,20.0,4.0,255.0,-1.0,,
npboost-in_context-steps_2D-seed1,zl14zhhh,2026-07-22T19:13:05Z,npboost,in_context,1,rmse,0.5383179036458333,0.95478437795062,0.5417,0.9606338616407708,2293.213824272156,7.208198070526123,7.094397783279419,1.4866407907369086,steps,2,59.0,,,,,,,0.0,8.878664758716842e-05,10.0,0.0222025951448105,0.0,20.0,16.0,255.0,-1.0,,
npboost-in_context-steps_2D-seed2,1nsxfnxi,2026-07-25T02:52:10Z,npboost,in_context,2,rmse,0.5476341145833333,0.9713044648479274,0.5518017578125,0.9792534879910249,3250.299390316009,4.267618656158447,4.0602617263793945,2.1948649045041924,steps,2,173.0,,,,,,,0.2,0.0001077955162095,10.0,0.0754992854618303,0.0,10.0,16.0,255.0,-1.0,,
npboost-in_context-steps_2D-seed2,23rrw2j8,2026-07-24T19:11:32Z,npboost,in_context,2,rmse,0.5752772786458333,1.0195965032226209,0.5817274088541666,1.0317144851239854,1340.7589139938354,5.085209131240845,4.573583602905273,2.009633894668325,steps,2,21.0,,,,,,,0.2,6.83631406502272e-05,20.0,0.768810680147495,1.0,100.0,8.0,255.0,-1.0,,
npboost-in_context-steps_2D-seed2,3cu2ft1z,2026-07-25T17:06:39Z,npboost,in_context,2,rmse,0.5569765625,0.9831575960704608,0.561241796875,0.9933881685865428,1186.9113309383392,3.971780300140381,4.140751361846924,1.4890633959585768,steps,2,81.0,,,,,,,0.0,0.0008887704677237,5.0,0.0415963508411869,0.0,1000.0,4.0,255.0,-1.0,,
npboost-in_context-steps_2D-seed2,70r50lo6,2026-07-25T01:48:26Z,npboost,in_context,2,rmse,0.5779699869791667,1.024110065262103,0.58394296875,1.0361607873102057,3796.7304635047913,4.057650089263916,3.545459032058716,1.4479355054997043,steps,2,213.0,,,,,,,0.2,1.1508017135300922e-05,10.0,0.0179523383684912,1.0,20.0,16.0,255.0,-1.0,,
npboost-in_context-steps_2D-seed2,7wxahxvx,2026-07-25T12:21:31Z,npboost,in_context,2,rmse,0.5184720703125,0.9179904958598396,0.5191364583333333,0.9202263308438782,5881.792393684387,4.427644491195679,4.383392095565796,1.2450878303050583,steps,2,188.0,,,,,,,0.0,1.4730368526805258e-05,20.0,0.2585142302046639,1.0,10.0,8.0,255.0,-1.0,,
npboost-in_context-steps_2D-seed2,9ou4q2pp,2026-07-24T14:09:32Z,npboost,in_context,2,rmse,0.552408984375,0.9765861940337788,0.5580009765625,0.9852996271869788,1394.632204055786,5.116899967193604,5.676819801330566,1.4470616872633983,steps,2,35.0,,,,,,,0.0,0.0008692991511139,10.0,0.1569639638866114,0.0,1000.0,8.0,255.0,-1.0,,
npboost-in_context-steps_2D-seed2,ax8vo4w6,2026-07-24T15:20:08Z,npboost,in_context,2,rmse,0.51966083984375,0.9206338976403398,0.5207339192708333,0.9223894020663864,3839.558460950851,6.575748682022095,6.361098527908325,1.3072221037029763,steps,2,82.0,,,,,,,0.0,4.589824181495648e-05,20.0,0.2878805718308923,1.0,1000.0,8.0,255.0,-1.0,,
npboost-in_context-steps_2D-seed2,b5aaporr,2026-07-25T03:46:48Z,npboost,in_context,2,rmse,0.5339865234375,0.9498115984625342,0.5394234375,0.9588620148078276,4142.82384967804,3.672642707824707,3.6180858612060542,2.2741632038117507,steps,2,231.0,,,,,,,0.2,0.0002091196066971,10.0,0.1284423092280945,0.0,100.0,4.0,255.0,-1.0,,
npboost-in_context-steps_2D-seed2,b5x6nsln,2026-07-25T01:00:01Z,npboost,in_context,2,rmse,0.5413490234375,0.9582966817333336,0.5478537760416666,0.971511343345971,1741.840106010437,4.085460424423218,4.43414568901062,1.5109760449533958,steps,2,44.0,,,,,,,0.0,0.0001380773171791,20.0,0.0190619809185539,1.0,10.0,16.0,255.0,-1.0,,
npboost-in_context-steps_2D-seed2,be4thif7,2026-07-24T23:50:04Z,npboost,in_context,2,rmse,0.5375602213541667,0.9515738449331212,0.5411127278645833,0.9596629412129208,1074.0946176052094,4.320669889450073,4.4767005443573,1.367996915685657,steps,2,43.0,,,,,,,0.0,0.0008831228248242,10.0,0.3887072196612053,1.0,100.0,8.0,255.0,-1.0,,
npboost-in_context-steps_2D-seed2,cfrjts1f,2026-07-24T18:39:47Z,npboost,in_context,2,rmse,0.5437357096354166,0.960571276753415,0.5482139322916667,0.9687903549789992,1873.9417040348053,4.8992109298706055,4.562970399856567,1.4864463243354986,steps,2,128.0,,,,,,,0.0,0.0001848449172098,5.0,0.6097025297491431,1.0,10.0,16.0,255.0,-1.0,,
npboost-in_context-steps_2D-seed2,dgajic66,2026-07-25T04:56:17Z,npboost,in_context,2,rmse,0.5346972005208334,0.947041697901607,0.5362768880208333,0.9511328974040578,2017.711678981781,3.372964859008789,3.603677272796631,1.4767627798238463,steps,2,104.0,,,,,,,0.0,8.878664758716842e-05,10.0,0.0222025951448105,0.0,20.0,16.0,255.0,-1.0,,
npboost-in_context-steps_2D-seed2,hvug56ga,2026-07-24T13:31:53Z,npboost,in_context,2,rmse,0.5400900716145833,0.9586852822577194,0.5468419270833333,0.97141360018838,2213.5255887508392,6.38245415687561,6.277163743972778,1.7018849672636869,steps,2,112.0,,,,,,,0.2,0.0008536189862866,5.0,0.2335963502626159,0.0,100.0,4.0,255.0,-1.0,,
npboost-in_context-steps_2D-seed2,i5ujsqsj,2026-07-25T07:07:13Z,npboost,in_context,2,rmse,0.52369228515625,0.9291600748336828,0.5260830729166667,0.9349620494780436,5059.631742715836,3.835008144378662,4.526485443115234,1.4568456802539358,steps,2,163.0,,,,,,,0.0,1.5905817778820346e-05,20.0,0.0138796110793157,1.0,20.0,16.0,255.0,-1.0,,
npboost-in_context-steps_2D-seed2,jzipnt13,2026-07-24T11:28:12Z,npboost,in_context,2,rmse,0.5363945963541666,0.9520815601780522,0.54145322265625,0.9624440737397896,7312.128470420837,5.47502326965332,5.759677410125732,1.8189688059751483,steps,2,297.0,,,,,,,0.2,7.309539835912905e-05,10.0,0.0383962929980417,1.0,10.0,8.0,255.0,-1.0,,
npboost-in_context-steps_2D-seed2,kgyxcvby,2026-07-24T09:58:35Z,npboost,in_context,2,rmse,0.5350464192708333,0.950727854480145,0.5381567057291666,0.9573743969151246,5339.5759818553925,6.218366861343384,6.413042068481445,1.5541401372724706,steps,2,309.0,,,,,,,0.2,0.0002910635913133,5.0,0.0130667392380532,0.0,100.0,4.0,255.0,-1.0,,
npboost-in_context-steps_2D-seed2,ojen5sb8,2026-07-24T22:04:15Z,npboost,in_context,2,rmse,0.5403982096354166,0.9481074654466308,0.5420624348958333,0.950466913297089,1394.04607796669,3.778926134109497,3.717648267745972,1.3361013744614718,steps,2,63.0,,,,,,,0.0,0.0007472397689332,10.0,0.7069476197217992,0.0,20.0,16.0,255.0,-1.0,,
npboost-in_context-steps_2D-seed2,q0yycgrc,2026-07-25T10:44:06Z,npboost,in_context,2,rmse,0.5273836588541667,0.9354702706733916,0.5327980794270833,0.9454566061574582,5816.885677099228,4.29439902305603,4.535192251205444,1.5924088741807636,steps,2,312.0,,,,,,,0.2,0.0002213282815989,10.0,0.0152199142675109,0.0,100.0,16.0,255.0,-1.0,,
npboost-in_context-steps_2D-seed2,qh3xtzbp,2026-07-24T16:26:48Z,npboost,in_context,2,rmse,0.5146850260416667,0.913130855833065,0.5192984375,0.9216380371993808,7907.991451501846,4.372791528701782,4.066047191619873,1.353610135851688,steps,2,232.0,,,,,,,0.0,1.1241862095793047e-05,20.0,0.0425316236379087,1.0,100.0,8.0,255.0,-1.0,,
npboost-in_context-steps_2D-seed2,qtkz4f6z,2026-07-25T14:00:02Z,npboost,in_context,2,rmse,0.5547302083333333,0.985920454995466,0.5597518880208333,0.994496409507453,1368.1634981632233,4.81649374961853,4.255890369415283,1.5187056852804353,steps,2,25.0,,,,,,,0.0,0.0003583387974072,20.0,0.0166876416291958,0.0,10.0,8.0,255.0,-1.0,,
npboost-in_context-steps_2D-seed2,roicnjfw,2026-07-25T08:47:52Z,npboost,in_context,2,rmse,0.5298194986979167,0.9406956949275403,0.53536572265625,0.9521086748878732,6946.518292427063,4.537276029586792,4.016007900238037,1.8862331700712456,steps,2,227.0,,,,,,,0.2,0.0001024482973264,20.0,0.0600348399921965,1.0,1000.0,8.0,255.0,-1.0,,
npboost-in_context-steps_2D-seed2,s7b0ug1a,2026-07-25T05:30:21Z,npboost,in_context,2,rmse,0.53569375,0.9491249487648556,0.5380857421875,0.9537630526280676,5784.167025089264,4.364203929901123,4.332704782485962,1.6153350820628116,steps,2,492.0,,,,,,,0.0,1.3840044764106206e-05,5.0,0.7593823221110972,0.0,1000.0,8.0,255.0,-1.0,,
npboost-in_context-steps_2D-seed2,swbm9kmg,2026-07-24T20:08:33Z,npboost,in_context,2,rmse,0.5304289713541667,0.9383632594527764,0.53611904296875,0.949006190522717,6898.368462085724,4.1194610595703125,3.531016111373902,1.7151629521638272,steps,2,227.0,,,,,,,0.2,0.0001849521658972,20.0,0.0438086761972578,0.0,20.0,8.0,255.0,-1.0,,
npboost-in_context-steps_2D-seed2,teumdq1o,2026-07-25T15:21:53Z,npboost,in_context,2,rmse,0.529469921875,0.9390167012522568,0.5336522135416667,0.94927978582203,6256.204991340637,4.430137395858765,3.68265151977539,1.5545214164693202,steps,2,218.0,,,,,,,0.2,8.111144333995501e-05,20.0,0.0123280038313677,1.0,10.0,8.0,255.0,-1.0,,
npboost-in_context-steps_2D-seed2,tj36qf6m,2026-07-24T23:17:55Z,npboost,in_context,2,rmse,0.5811643229166666,1.0303277748166215,0.5878571614583333,1.0419676668382198,1900.812856435776,4.038236618041992,4.270046234130859,3.8329794445668353,steps,2,144.0,,,,,,,0.2,0.0001251605833757,5.0,0.2656797431288616,1.0,100.0,4.0,255.0,-1.0,,
npboost-in_context-steps_2D-seed2,vags7ia9,2026-07-24T14:33:21Z,npboost,in_context,2,rmse,0.583705078125,1.0332209574381654,0.5857223958333333,1.0379014435636484,2763.87205696106,6.4327898025512695,6.40628457069397,2.0834187752229942,steps,2,50.0,,,,,,,0.2,1.913588048769229e-05,20.0,0.3503398491158687,0.0,10.0,8.0,255.0,-1.0,,
npboost-in_context-steps_2D-seed2,vwugx9su,2026-07-25T01:29:30Z,npboost,in_context,2,rmse,0.578403125,1.0244758184813132,0.5845670572916667,1.0366178471540368,1108.3689329624176,4.094157934188843,4.009293556213379,1.9731987630147363,steps,2,45.0,,,,,,,0.2,0.0001053621921034,10.0,0.2534741961949762,1.0,1000.0,16.0,255.0,-1.0,,
npboost-in_context-steps_2D-seed2,wc18nodi,2026-07-24T22:27:56Z,npboost,in_context,2,rmse,0.5285846354166667,0.931760565714154,0.5314929036458333,0.9367010816943898,2972.364265680313,3.4902915954589844,4.400402784347534,1.320086954459633,steps,2,90.0,,,,,,,0.0,4.764963542138518e-05,20.0,0.5945287330479982,0.0,100.0,16.0,255.0,-1.0,,
npboost-in_context-steps_2D-seed2,xfvf60ye,2026-07-24T19:34:58Z,npboost,in_context,2,rmse,0.5295207682291667,0.9390600574118098,0.5320537434895833,0.9432376624850152,1985.6223149299624,4.508978843688965,4.674452543258667,1.3168767181177472,steps,2,131.0,,,,,,,0.0,0.0001656260589333,5.0,0.655438234354628,0.0,20.0,4.0,255.0,-1.0,,
npboost-in_context-steps_2D-seed2,xmxt9ub2,2026-07-25T08:32:01Z,npboost,in_context,2,rmse,0.60279453125,1.0671431629340802,0.6041059895833333,1.069522953074452,923.4868433475494,4.054720640182495,4.258243560791016,1.5131294121878447,steps,2,9.0,,,,,,,0.2,3.6649592076212935e-05,20.0,0.9572167377160832,0.0,100.0,16.0,255.0,-1.0,,
npboost-in_context-steps_2D-seed2,xoxc83sl,2026-07-25T00:08:25Z,npboost,in_context,2,rmse,0.5291985677083333,0.9359120275603628,0.5377951822916667,0.9514487544160536,3069.412286996841,3.4740920066833496,3.88663101196289,1.6102694413823215,steps,2,93.0,,,,,,,0.2,0.0006756608892518,20.0,0.0718403263658167,0.0,10.0,16.0,255.0,-1.0,,
npboost-in_context-steps_2D-seed2,yvhnx3fw,2026-07-25T14:23:19Z,npboost,in_context,2,rmse,0.5364711588541666,0.9513772310607046,0.5406588216145833,0.9601618871478236,3485.556135892868,4.442342042922974,4.560943603515625,1.510513531057887,steps,2,102.0,,,,,,,0.0,3.7275559646016336e-05,20.0,0.0105756957788887,0.0,100.0,8.0,255.0,-1.0,,
npboost-in_context-steps_2D-seed3,0kmn77ge,2026-07-20T08:47:47Z,npboost,in_context,3,rmse,0.5230179036458333,0.9255555192566872,0.5256706380208334,0.9290347563953556,2009.2463603019712,2.245084524154663,1.950599670410156,1.3107811556443203,steps,2,80.0,,,,,,,0.0,4.589824181495648e-05,20.0,0.2878805718308923,1.0,1000.0,8.0,255.0,-1.0,,
npboost-in_context-steps_2D-seed3,0qdne13t,2026-07-20T23:07:31Z,npboost,in_context,3,rmse,0.5179216471354167,0.9148905288722614,0.5216034505208333,0.9220117412483566,4589.90748167038,2.591867446899414,2.325192451477051,1.2874570287056497,steps,2,217.0,,,,,,,0.0,1.4730368526805258e-05,20.0,0.2585142302046639,1.0,10.0,8.0,255.0,-1.0,,
npboost-in_context-steps_2D-seed3,0ramz1x4,2026-07-20T20:43:40Z,npboost,in_context,3,rmse,0.6079758463541667,1.0774383845014943,0.6117815104166666,1.082675443346738,735.8536095619202,2.564732789993286,1.9739725589752195,1.8856313684223565,steps,2,13.0,,,,,,,0.2,3.6649592076212935e-05,20.0,0.9572167377160832,0.0,100.0,16.0,255.0,-1.0,,
npboost-in_context-steps_2D-seed3,1hitms5k,2026-07-21T00:24:24Z,npboost,in_context,3,rmse,0.5649630208333334,1.0010103513960134,0.5692436197916667,1.0073694565799711,1123.017390012741,2.4755280017852783,2.3955078125,1.5478256390498086,steps,2,33.0,,,,,,,0.0,0.0003583387974072,20.0,0.0166876416291958,0.0,10.0,8.0,255.0,-1.0,,
npboost-in_context-steps_2D-seed3,2gb7hkvg,2026-07-20T15:40:58Z,npboost,in_context,3,rmse,0.587304296875,1.0414510562733683,0.5903520833333333,1.0452122173332958,2307.109216928482,2.037461042404175,2.0924789905548096,1.4218212716652734,steps,2,177.0,,,,,,,0.2,1.1508017135300922e-05,10.0,0.0179523383684912,1.0,20.0,16.0,255.0,-1.0,,
npboost-in_context-steps_2D-seed3,35f6kqsr,2026-07-21T00:43:29Z,npboost,in_context,3,rmse,0.5431901692708333,0.9625821021471852,0.548057421875,0.9697228806340578,2341.4929280281067,2.7095367908477783,2.136318683624268,1.536709298001837,steps,2,96.0,,,,,,,0.0,3.7275559646016336e-05,20.0,0.0105756957788887,0.0,100.0,8.0,255.0,-1.0,,
npboost-in_context-steps_2D-seed3,37dgeu9j,2026-07-20T20:56:22Z,npboost,in_context,3,rmse,0.53549052734375,0.9498031836272498,0.5405313151041666,0.957261361980408,4799.702291727066,2.7854599952697754,2.610262632369995,1.89285579530384,steps,2,221.0,,,,,,,0.2,0.0001024482973264,20.0,0.0600348399921965,1.0,1000.0,8.0,255.0,-1.0,,
npboost-in_context-steps_2D-seed3,6l20vwri,2026-07-21T02:57:19Z,npboost,in_context,3,rmse,0.564324609375,0.9979446644015224,0.5694927734375,1.0070947168814477,861.9719734191895,2.550783634185791,2.2959227561950684,1.5268348385923634,steps,2,88.0,,,,,,,0.0,0.0008887704677237,5.0,0.0415963508411869,0.0,1000.0,4.0,255.0,-1.0,,
npboost-in_context-steps_2D-seed3,7pyjnhdc,2026-07-20T10:48:10Z,npboost,in_context,3,rmse,0.54893984375,0.9697968845071026,0.552631640625,0.9774364952757588,990.2626039981842,2.0400197505950928,2.337844133377075,1.3766793855848387,steps,2,103.0,,,,,,,0.0,0.0001848449172098,5.0,0.6097025297491431,1.0,10.0,16.0,255.0,-1.0,,
npboost-in_context-steps_2D-seed3,9sjrq7br,2026-07-20T14:16:43Z,npboost,in_context,3,rmse,0.5329933919270833,0.93963636258721,0.5361874348958333,0.945133469926466,2670.417895793915,2.335109233856201,2.308596134185791,1.6343278228209337,steps,2,114.0,,,,,,,0.2,0.0006756608892518,20.0,0.0718403263658167,0.0,10.0,16.0,255.0,-1.0,,
npboost-in_context-steps_2D-seed3,9v9851g0,2026-07-20T06:26:34Z,npboost,in_context,3,rmse,0.55012109375,0.9777128119220436,0.5529008463541667,0.9811870252817014,1012.1533925533296,1.0139024257659912,1.007925271987915,1.5620009682631342,steps,2,203.0,,,,,,,0.2,0.0002910635913133,5.0,0.0130667392380532,0.0,100.0,4.0,255.0,-1.0,,
npboost-in_context-steps_2D-seed3,aj4nugom,2026-07-20T08:13:43Z,npboost,in_context,3,rmse,0.5563548828125,0.983105838119804,0.5601395833333334,0.988880636677716,797.6818346977234,2.1878702640533447,2.371415853500366,1.4469496460918108,steps,2,46.0,,,,,,,0.0,0.0008692991511139,10.0,0.1569639638866114,0.0,1000.0,8.0,255.0,-1.0,,
npboost-in_context-steps_2D-seed3,bez3rbax,2026-07-20T06:43:46Z,npboost,in_context,3,rmse,0.54022001953125,0.960114634093153,0.5460241861979167,0.9678173097787556,3647.6254093647,2.3607821464538574,2.580641269683838,2.014912445874324,steps,2,352.0,,,,,,,0.2,7.309539835912905e-05,10.0,0.0383962929980417,1.0,10.0,8.0,255.0,-1.0,,
npboost-in_context-steps_2D-seed3,cmwkeg4t,2026-07-20T11:38:08Z,npboost,in_context,3,rmse,0.53097890625,0.9410687457672228,0.53714267578125,0.9507808646325282,4233.825757265091,2.771583318710327,2.4079785346984863,1.6701221995271462,steps,2,189.0,,,,,,,0.2,0.0001849521658972,20.0,0.0438086761972578,0.0,20.0,8.0,255.0,-1.0,,
npboost-in_context-steps_2D-seed3,dkprd9k4,2026-07-20T18:03:45Z,npboost,in_context,3,rmse,0.5406343098958334,0.9552632876243192,0.5493721354166666,0.9672382059895422,1918.4519622325893,2.0780298709869385,1.8783280849456787,1.502812601332612,steps,2,143.0,,,,,,,0.0,8.878664758716842e-05,10.0,0.0222025951448105,0.0,20.0,16.0,255.0,-1.0,,
npboost-in_context-steps_2D-seed3,dz9a4eff,2026-07-20T13:42:03Z,npboost,in_context,3,rmse,0.5860770182291667,1.038275934388227,0.5889630208333333,1.0437805982939814,1235.3228044509888,2.581963539123535,2.4326298236846924,3.760643431117635,steps,2,130.0,,,,,,,0.2,0.0001251605833757,5.0,0.2656797431288616,1.0,100.0,4.0,255.0,-1.0,,
npboost-in_context-steps_2D-seed3,eg1beyas,2026-07-20T15:01:36Z,npboost,in_context,3,rmse,0.556325,0.98200627383039,0.5641318359375,0.9952161224361789,1542.348359823227,2.406367778778076,2.72760009765625,1.5322179955056845,steps,2,55.0,,,,,,,0.0,0.0001380773171791,20.0,0.0190619809185539,1.0,10.0,16.0,255.0,-1.0,,
npboost-in_context-steps_2D-seed3,f7x11ess,2026-07-20T08:27:23Z,npboost,in_context,3,rmse,0.5930649739583334,1.0510768765861804,0.59459921875,1.053668367372509,1201.5342600345612,2.669423818588257,2.603729248046875,1.6581417510569474,steps,2,36.0,,,,,,,0.2,1.913588048769229e-05,20.0,0.3503398491158687,0.0,10.0,8.0,255.0,-1.0,,
npboost-in_context-steps_2D-seed3,iggbuuin,2026-07-20T18:36:31Z,npboost,in_context,3,rmse,0.5375403645833333,0.9507594698559644,0.5430305338541667,0.9613067044776484,3390.855844259262,2.3798422813415527,2.188203811645508,1.4007917145942417,steps,2,420.0,,,,,,,0.0,1.3840044764106206e-05,5.0,0.7593823221110972,0.0,1000.0,8.0,255.0,-1.0,,
npboost-in_context-steps_2D-seed3,j9vp2a2l,2026-07-20T09:21:38Z,npboost,in_context,3,rmse,0.5201135416666667,0.9212723907669286,0.5244996744791667,0.92713780249595,5168.71834731102,2.7575862407684326,2.772613048553467,1.372341335164648,steps,2,240.0,,,,,,,0.0,1.1241862095793047e-05,20.0,0.0425316236379087,1.0,100.0,8.0,255.0,-1.0,,
npboost-in_context-steps_2D-seed3,k6z98a3b,2026-07-20T19:33:33Z,npboost,in_context,3,rmse,0.5291314127604166,0.9373845317320464,0.5327467447916666,0.9426695100645488,4133.5506336689,1.9237172603607176,1.921816349029541,1.4764275627247374,steps,2,196.0,,,,,,,0.0,1.5905817778820346e-05,20.0,0.0138796110793157,1.0,20.0,16.0,255.0,-1.0,,
npboost-in_context-steps_2D-seed3,oasldom6,2026-07-20T13:03:20Z,npboost,in_context,3,rmse,0.5278782552083333,0.9291910094045918,0.5341565755208333,0.938807361136192,2301.6681649684906,2.094994306564331,1.9945247173309328,1.3946802314409226,steps,2,97.0,,,,,,,0.0,4.764963542138518e-05,20.0,0.5945287330479982,0.0,100.0,16.0,255.0,-1.0,,
npboost-in_context-steps_2D-seed3,qrtrln2a,2026-07-20T15:27:41Z,npboost,in_context,3,rmse,0.589952734375,1.0445494871810972,0.5936509114583334,1.0500755861147812,773.5850970745087,2.899377584457397,2.65752387046814,1.9943959356728824,steps,2,41.0,,,,,,,0.2,0.0001053621921034,10.0,0.2534741961949762,1.0,1000.0,16.0,255.0,-1.0,,
npboost-in_context-steps_2D-seed3,r034lwch,2026-07-20T16:19:48Z,npboost,in_context,3,rmse,0.5461043294270833,0.9691364933443872,0.5486270833333333,0.9728543738087394,2566.00943517685,2.3066272735595703,2.2846200466156006,2.182153027999021,steps,2,195.0,,,,,,,0.2,0.0001077955162095,10.0,0.0754992854618303,0.0,10.0,16.0,255.0,-1.0,,
npboost-in_context-steps_2D-seed3,rdyj8p76,2026-07-20T14:03:02Z,npboost,in_context,3,rmse,0.5445508463541666,0.9581273135309828,0.5499794270833334,0.9684429890311756,799.4003431797028,2.3112692832946777,2.1178183555603027,1.3614058679421517,steps,2,44.0,,,,,,,0.0,0.0008831228248242,10.0,0.3887072196612053,1.0,100.0,8.0,255.0,-1.0,,
npboost-in_context-steps_2D-seed3,rtzuqce4,2026-07-20T12:49:04Z,npboost,in_context,3,rmse,0.5411216145833333,0.9544398424694568,0.54332529296875,0.9585262297889764,833.0119891166687,2.774829864501953,2.4204533100128174,1.3058744041862496,steps,2,46.0,,,,,,,0.0,0.0007472397689332,10.0,0.7069476197217992,0.0,20.0,16.0,255.0,-1.0,,
npboost-in_context-steps_2D-seed3,sfbdy390,2026-07-20T17:02:56Z,npboost,in_context,3,rmse,0.5364498697916666,0.9521373967465508,0.5419575520833333,0.9603039303078584,3627.6003601551056,2.120193719863892,1.9959185123443604,2.3856882915648523,steps,2,279.0,,,,,,,0.2,0.0002091196066971,10.0,0.1284423092280945,0.0,100.0,4.0,255.0,-1.0,,
npboost-in_context-steps_2D-seed3,vdhq9oqc,2026-07-20T07:44:56Z,npboost,in_context,3,rmse,0.5387260416666667,0.9543847185096984,0.5414267252604167,0.9583811039899036,1706.949161052704,1.807427167892456,1.54221773147583,2.047316828422625,steps,2,200.0,,,,,,,0.2,0.0008536189862866,5.0,0.2335963502626159,0.0,100.0,4.0,255.0,-1.0,,
npboost-in_context-steps_2D-seed3,w01q1rxa,2026-07-20T22:16:50Z,npboost,in_context,3,rmse,0.5335435546875,0.9466936949145396,0.5414351888020833,0.960052938850163,3019.53222823143,2.238614082336426,2.421058177947998,1.5901832455621916,steps,2,234.0,,,,,,,0.2,0.0002213282815989,10.0,0.0152199142675109,0.0,100.0,16.0,255.0,-1.0,,
npboost-in_context-steps_2D-seed3,y1j53fq7,2026-07-20T11:17:21Z,npboost,in_context,3,rmse,0.5366306315104167,0.94976018498705,0.542898046875,0.9625078912544148,1224.5661833286283,2.740434408187866,2.5632646083831787,1.46491978695125,steps,2,134.0,,,,,,,0.0,0.0001656260589333,5.0,0.655438234354628,0.0,20.0,4.0,255.0,-1.0,,
npboost-in_context-steps_2D-seed3,ytdbzqk8,2026-07-21T01:22:53Z,npboost,in_context,3,rmse,0.5324172200520834,0.9433604341628457,0.5398838541666666,0.9567363993461164,5643.432192564011,2.4614498615264893,2.654151678085327,1.5885085806094787,steps,2,265.0,,,,,,,0.2,8.111144333995501e-05,20.0,0.0123280038313677,1.0,10.0,8.0,255.0,-1.0,,
npboost-in_context-steps_2D-seed3,zaxdmmd6,2026-07-20T11:05:02Z,npboost,in_context,3,rmse,0.5991985677083334,1.0613603439951118,0.6008369791666667,1.0638976944923677,716.1566231250763,2.52258038520813,2.632192850112915,1.9020726974321565,steps,2,13.0,,,,,,,0.2,6.83631406502272e-05,20.0,0.768810680147495,1.0,100.0,8.0,255.0,-1.0,,
npboost-in_context-steps_2D-seed4,0rcg12sn,2026-07-23T15:34:10Z,npboost,in_context,4,rmse,0.5686419921875,0.9975622824301,0.5633397786458333,0.990034866946544,2017.2676920890808,6.64139461517334,6.0778093338012695,1.5318199714255545,steps,2,100.0,,,,,,,0.0,0.0008887704677237,5.0,0.0415963508411869,0.0,1000.0,4.0,255.0,-1.0,,
npboost-in_context-steps_2D-seed4,13ugwpwl,2026-07-22T13:16:17Z,npboost,in_context,4,rmse,0.5517115234375,0.9730851878656104,0.5436287760416667,0.959066882260479,1724.2431938648224,7.52681565284729,7.578474760055542,1.5144916503316237,steps,2,39.0,,,,,,,0.0,0.0008831228248242,10.0,0.3887072196612053,1.0,100.0,8.0,255.0,-1.0,,
npboost-in_context-steps_2D-seed4,1n38coid,2026-07-22T15:42:19Z,npboost,in_context,4,rmse,0.5569217447916667,0.979974880678591,0.5460513997395834,0.9632570203584714,3306.9863419532776,5.882353067398071,8.120158433914185,1.525630957861532,steps,2,56.0,,,,,,,0.0,0.0001380773171791,20.0,0.0190619809185539,1.0,10.0,16.0,255.0,-1.0,,
npboost-in_context-steps_2D-seed4,2894exv2,2026-07-21T23:23:18Z,npboost,in_context,4,rmse,0.5415847330729167,0.9610919604930404,0.5354824869791667,0.9502708948863092,3678.608699083328,7.151758432388306,7.206751346588135,2.003119389699787,steps,2,178.0,,,,,,,0.2,0.0008536189862866,5.0,0.2335963502626159,0.0,100.0,4.0,255.0,-1.0,,
npboost-in_context-steps_2D-seed4,2uo20y6q,2026-07-22T13:45:39Z,npboost,in_context,4,rmse,0.5393964192708334,0.9462406130487993,0.537756640625,0.9433252662577496,6945.445441484451,6.031889200210571,6.1029112339019775,1.68384427596251,steps,2,140.0,,,,,,,0.2,0.0006756608892518,20.0,0.0718403263658167,0.0,10.0,16.0,255.0,-1.0,,
npboost-in_context-steps_2D-seed4,37ypm0e6,2026-07-22T11:24:02Z,npboost,in_context,4,rmse,0.5285311848958333,0.9329873299461424,0.5213285807291667,0.9208964751447876,4842.136860847473,7.193906545639038,7.468086004257202,1.2795906209698935,steps,2,89.0,,,,,,,0.0,4.764963542138518e-05,20.0,0.5945287330479982,0.0,100.0,16.0,255.0,-1.0,,
npboost-in_context-steps_2D-seed4,4haukaza,2026-07-22T12:45:22Z,npboost,in_context,4,rmse,0.593678125,1.0525446052015062,0.5880075520833333,1.042804318476867,1819.674730539322,6.917328119277954,6.989976644515991,2.5106988258050693,steps,2,71.0,,,,,,,0.2,0.0001251605833757,5.0,0.2656797431288616,1.0,100.0,4.0,255.0,-1.0,,
npboost-in_context-steps_2D-seed4,4n7ohtqm,2026-07-21T21:57:15Z,npboost,in_context,4,rmse,0.5501139322916667,0.9764743939730066,0.5417235677083333,0.9606004419357164,5127.411312818527,6.715849876403809,7.172966241836548,1.5740716629171214,steps,2,177.0,,,,,,,0.2,7.309539835912905e-05,10.0,0.0383962929980417,1.0,10.0,8.0,255.0,-1.0,,
npboost-in_context-steps_2D-seed4,4zvkqiwi,2026-07-22T06:36:42Z,npboost,in_context,4,rmse,0.5883539713541667,1.0420424631112026,0.5855875651041667,1.037897473425137,1723.601317405701,7.3958985805511475,7.329158306121826,2.166193733921518,steps,2,19.0,,,,,,,0.2,6.83631406502272e-05,20.0,0.768810680147495,1.0,100.0,8.0,255.0,-1.0,,
npboost-in_context-steps_2D-seed4,55ze0pm0,2026-07-22T20:12:24Z,npboost,in_context,4,rmse,0.5467653645833334,0.9694740798654676,0.5379154296875,0.9538356328524132,5590.817907810211,5.520593881607056,6.705852508544922,2.157682090445625,steps,2,197.0,,,,,,,0.2,0.0001077955162095,10.0,0.0754992854618303,0.0,10.0,16.0,255.0,-1.0,,
npboost-in_context-steps_2D-seed4,5q4luluu,2026-07-23T11:25:11Z,npboost,in_context,4,rmse,0.5601747395833333,0.9892620898194162,0.5573385416666666,0.9820196823664936,1969.9682173728943,4.741073846817017,4.51948881149292,1.5435388550815328,steps,2,41.0,,,,,,,0.0,0.0003583387974072,20.0,0.0166876416291958,0.0,10.0,8.0,255.0,-1.0,,
npboost-in_context-steps_2D-seed4,6s03da12,2026-07-22T05:49:48Z,npboost,in_context,4,rmse,0.5480216145833333,0.9707250918219428,0.5426018229166667,0.959529402153152,2780.368683576584,6.901397943496704,5.685070991516113,1.3315732288336632,steps,2,135.0,,,,,,,0.0,0.0001848449172098,5.0,0.6097025297491431,1.0,10.0,16.0,255.0,-1.0,,
npboost-in_context-steps_2D-seed4,839ziki8,2026-07-21T20:03:24Z,npboost,in_context,4,rmse,0.5414185546875,0.9617017748866912,0.5367220052083334,0.953737252906978,6793.160806655884,7.372901201248169,7.045907497406006,1.5496572692665531,steps,2,347.0,,,,,,,0.2,0.0002910635913133,5.0,0.0130667392380532,0.0,100.0,4.0,255.0,-1.0,,
npboost-in_context-steps_2D-seed4,av3kwbn2,2026-07-23T04:26:29Z,npboost,in_context,4,rmse,0.5372003255208333,0.9532799491068468,0.5285208333333333,0.9369259333004843,8484.275274515152,5.624634742736816,5.558499813079834,1.905401337368693,steps,2,226.0,,,,,,,0.2,0.0001024482973264,20.0,0.0600348399921965,1.0,1000.0,8.0,255.0,-1.0,,
npboost-in_context-steps_2D-seed4,bp9w9qk9,2026-07-22T08:07:20Z,npboost,in_context,4,rmse,0.53490078125,0.947208026748112,0.53393720703125,0.94280056512569,9361.189975500109,8.132671117782593,8.242006540298462,1.6140693598983509,steps,2,195.0,,,,,,,0.2,0.0001849521658972,20.0,0.0438086761972578,0.0,20.0,8.0,255.0,-1.0,,
npboost-in_context-steps_2D-seed4,cixt8g8s,2026-07-22T03:04:18Z,npboost,in_context,4,rmse,0.5220603190104167,0.9247058140833568,0.5138203125,0.908755427128226,9895.559576749802,6.769517660140991,6.623463153839111,1.3662527243582707,steps,2,235.0,,,,,,,0.0,1.1241862095793047e-05,20.0,0.0425316236379087,1.0,100.0,8.0,255.0,-1.0,,
npboost-in_context-steps_2D-seed4,dmt0j9k1,2026-07-23T08:54:37Z,npboost,in_context,4,rmse,0.5252927083333333,0.9285648351768908,0.516133203125,0.9098898003469544,8972.728878974915,5.820465803146362,5.457404613494873,1.228846177226676,steps,2,235.0,,,,,,,0.0,1.4730368526805258e-05,20.0,0.2585142302046639,1.0,10.0,8.0,255.0,-1.0,,
npboost-in_context-steps_2D-seed4,g1d4pgae,2026-07-22T01:44:22Z,npboost,in_context,4,rmse,0.528308984375,0.9316404355948876,0.52069267578125,0.9163178657659002,4762.026341199875,6.0268027782440186,5.910805940628052,1.359288239113159,steps,2,100.0,,,,,,,0.0,4.589824181495648e-05,20.0,0.2878805718308923,1.0,1000.0,8.0,255.0,-1.0,,
npboost-in_context-steps_2D-seed4,h77gdnp4,2026-07-22T17:32:04Z,npboost,in_context,4,rmse,0.5703571614583334,1.010621652206903,0.5644256510416666,1.0007997150435992,9520.744570970535,7.0985071659088135,6.741153717041016,1.5954604629698126,steps,2,353.0,,,,,,,0.2,1.1508017135300922e-05,10.0,0.0179523383684912,1.0,20.0,16.0,255.0,-1.0,,
npboost-in_context-steps_2D-seed4,hh2crvbo,2026-07-22T10:43:59Z,npboost,in_context,4,rmse,0.5505147135416667,0.9613239830680114,0.5432701171875,0.9477229854450752,2328.206691503525,7.799721717834473,7.290978193283081,1.7214011456177498,steps,2,59.0,,,,,,,0.0,0.0007472397689332,10.0,0.7069476197217992,0.0,20.0,16.0,255.0,-1.0,,
npboost-in_context-steps_2D-seed4,ip4ribk6,2026-07-23T11:58:32Z,npboost,in_context,4,rmse,0.5400823567708334,0.9572088139222727,0.5368432942708333,0.9524368094191124,3843.540731191635,4.697328567504883,5.27506685256958,1.5248804694427645,steps,2,95.0,,,,,,,0.0,3.7275559646016336e-05,20.0,0.0105756957788887,0.0,100.0,8.0,255.0,-1.0,,
npboost-in_context-steps_2D-seed4,krlun7yc,2026-07-22T21:46:24Z,npboost,in_context,4,rmse,0.54176826171875,0.9601384667466292,0.5347007161458334,0.9488123249700272,7426.102558135986,6.789137363433838,6.238768815994263,2.45160897884989,steps,2,269.0,,,,,,,0.2,0.0002091196066971,10.0,0.1284423092280945,0.0,100.0,4.0,255.0,-1.0,,
npboost-in_context-steps_2D-seed4,lx3tam54,2026-07-23T02:14:47Z,npboost,in_context,4,rmse,0.53279951171875,0.9440470520762227,0.5237551106770834,0.928438511082708,6467.647886514664,6.223612070083618,6.327337265014648,1.4699523059026351,steps,2,151.0,,,,,,,0.0,1.5905817778820346e-05,20.0,0.0138796110793157,1.0,20.0,16.0,255.0,-1.0,,
npboost-in_context-steps_2D-seed4,sahm8t4x,2026-07-22T16:38:01Z,npboost,in_context,4,rmse,0.5705252604166666,1.0108488202448167,0.564335546875,1.0002305953601138,3204.186278820038,6.159510135650635,6.180558204650879,3.3597653986356133,steps,2,103.0,,,,,,,0.2,0.0001053621921034,10.0,0.2534741961949762,1.0,1000.0,16.0,255.0,-1.0,,
npboost-in_context-steps_2D-seed4,umelrmnm,2026-07-23T00:28:59Z,npboost,in_context,4,rmse,0.5421839192708333,0.9614844667397748,0.5363046223958333,0.9502319468257678,6312.051659345627,6.6786158084869385,6.557708978652954,1.3133631854797616,steps,2,367.0,,,,,,,0.0,1.3840044764106206e-05,5.0,0.7593823221110972,0.0,1000.0,8.0,255.0,-1.0,,
npboost-in_context-steps_2D-seed4,ut965hfs,2026-07-22T00:25:13Z,npboost,in_context,4,rmse,0.558926953125,0.9875559586640444,0.5501921875,0.9726058216404484,1684.2252042293549,7.102468967437744,6.903217077255249,1.525197243249615,steps,2,41.0,,,,,,,0.0,0.0008692991511139,10.0,0.1569639638866114,0.0,1000.0,8.0,255.0,-1.0,,
npboost-in_context-steps_2D-seed4,v54valpb,2026-07-22T23:51:20Z,npboost,in_context,4,rmse,0.54117783203125,0.9596962410466692,0.5315118489583334,0.9434448060076084,2226.877592802048,6.012643337249756,5.861593961715698,1.4972107096956082,steps,2,70.0,,,,,,,0.0,8.878664758716842e-05,10.0,0.0222025951448105,0.0,20.0,16.0,255.0,-1.0,,
npboost-in_context-steps_2D-seed4,ww0z6tn2,2026-07-23T06:49:07Z,npboost,in_context,4,rmse,0.5343927408854167,0.9469172962723724,0.52979609375,0.9355455782796168,7407.355064153671,6.24902606010437,5.183812379837036,1.591088916743654,steps,2,327.0,,,,,,,0.2,0.0002213282815989,10.0,0.0152199142675109,0.0,100.0,16.0,255.0,-1.0,,
npboost-in_context-steps_2D-seed4,x3pgh7wf,2026-07-23T13:03:47Z,npboost,in_context,4,rmse,0.5323667317708334,0.9454197342849624,0.5283158203125,0.937034672688355,8984.101264238358,6.0517308712005615,4.911902904510498,1.575198312671256,steps,2,243.0,,,,,,,0.2,8.111144333995501e-05,20.0,0.0123280038313677,1.0,10.0,8.0,255.0,-1.0,,
npboost-in_context-steps_2D-seed4,ynl0n1pm,2026-07-22T00:53:53Z,npboost,in_context,4,rmse,0.5886822916666666,1.0431165358373444,0.5808404296875,1.0300243840622456,2994.922278881073,7.0441062450408936,6.263410806655884,2.2424604630635696,steps,2,53.0,,,,,,,0.2,1.913588048769229e-05,20.0,0.3503398491158687,0.0,10.0,8.0,255.0,-1.0,,
npboost-in_context-steps_2D-seed4,yqhm97yh,2026-07-23T04:03:08Z,npboost,in_context,4,rmse,0.6015586588541667,1.0652361423572143,0.5950474609375,1.0557091297364138,1350.8748700618744,6.042359590530396,6.8027544021606445,1.6780729248451505,steps,2,12.0,,,,,,,0.2,3.6649592076212935e-05,20.0,0.9572167377160832,0.0,100.0,16.0,255.0,-1.0,,
npboost-in_context-steps_2D-seed4,zdcgezfg,2026-07-22T07:06:01Z,npboost,in_context,4,rmse,0.5342062825520834,0.9456962339828764,0.52808466796875,0.9308961896758564,3643.617260694504,6.365520238876343,5.864224195480347,1.4478666054593756,steps,2,178.0,,,,,,,0.0,0.0001656260589333,5.0,0.655438234354628,0.0,20.0,4.0,255.0,-1.0,,
npboost-few_shot-steps_2D-seed0,1xp35p14,2026-07-21T10:38:40Z,npboost,few_shot,0,rmse,0.598338623046875,1.0610278547536731,0.5904959716796875,1.044349428802767,1549.9919526576996,1.0545084476470947,1.0213875770568848,1.5467892079804824,steps,2,71.0,,,,,,,0.2,0.0002091196066971,10.0,0.1284423092280945,0.0,100.0,4.0,255.0,-1.0,,
npboost-few_shot-steps_2D-seed0,2zeavfin,2026-07-21T04:26:18Z,npboost,few_shot,0,rmse,0.604522705078125,1.0707347792207698,0.6032872924804688,1.06655066064225,1604.2687063217163,0.4801137447357178,0.5065972805023193,2.055879435085235,steps,2,82.0,,,,,,,0.2,1.913588048769229e-05,20.0,0.3503398491158687,0.0,10.0,8.0,255.0,-1.0,,
npboost-few_shot-steps_2D-seed0,39jyds8m,2026-07-21T06:03:03Z,npboost,few_shot,0,rmse,0.6018475341796875,1.0663125932917,0.604133056640625,1.0672217947884988,827.8377878665924,0.3617804050445556,0.3477180004119873,1.868301160520044,steps,2,31.0,,,,,,,0.2,6.83631406502272e-05,20.0,0.768810680147495,1.0,100.0,8.0,255.0,-1.0,,
npboost-few_shot-steps_2D-seed0,4s9mx3ym,2026-07-21T08:05:53Z,npboost,few_shot,0,rmse,0.602483154296875,1.066385720254268,0.59712158203125,1.0528516748443155,1110.029587984085,0.3807170391082764,0.4519693851470947,1.51991725044273,steps,2,53.0,,,,,,,0.0,0.0001380773171791,20.0,0.0190619809185539,1.0,10.0,16.0,255.0,-1.0,,
npboost-few_shot-steps_2D-seed0,5242q4fe,2026-07-21T10:04:32Z,npboost,few_shot,0,rmse,0.594817626953125,1.054598261358746,0.5878516845703124,1.0401598537529475,2035.6754457950592,1.0648560523986816,0.9576694965362548,1.5609691975326547,steps,2,100.0,,,,,,,0.2,0.0001077955162095,10.0,0.0754992854618303,0.0,10.0,16.0,255.0,-1.0,,
npboost-few_shot-steps_2D-seed0,5hfzmvnb,2026-07-21T07:32:51Z,npboost,few_shot,0,rmse,0.5924736328125,1.044604203827486,0.584236083984375,1.026955545796277,597.9893374443054,0.3782658576965332,0.3865501880645752,1.505205717004113,steps,2,42.0,,,,,,,0.0,0.0008831228248242,10.0,0.3887072196612053,1.0,100.0,8.0,255.0,-1.0,,
npboost-few_shot-steps_2D-seed0,75nlzlo1,2026-07-21T07:43:00Z,npboost,few_shot,0,rmse,0.5893355712890626,1.04271222044028,0.5796260986328124,1.0234310899761347,1362.7222542762756,0.504859447479248,0.4027841091156006,1.5742607140312,steps,2,67.0,,,,,,,0.2,0.0006756608892518,20.0,0.0718403263658167,0.0,10.0,16.0,255.0,-1.0,,
npboost-few_shot-steps_2D-seed0,76002scr,2026-07-21T05:55:59Z,npboost,few_shot,0,rmse,0.60398876953125,1.0684222246968056,0.6039266357421875,1.0690598235433248,413.853134393692,0.5991497039794922,0.459949254989624,1.2892796302006508,steps,2,40.0,,,,,,,0.0,0.0001848449172098,5.0,0.6097025297491431,1.0,10.0,16.0,255.0,-1.0,,
npboost-few_shot-steps_2D-seed0,95xjak4b,2026-07-21T16:16:07Z,npboost,few_shot,0,rmse,0.5918631591796875,1.0473039687214982,0.5867230834960937,1.036394294695663,2948.0434703826904,1.1083135604858398,0.862274169921875,1.2337124815920817,steps,2,91.0,,,,,,,0.0,1.4730368526805258e-05,20.0,0.2585142302046639,1.0,10.0,8.0,255.0,-1.0,,
npboost-few_shot-steps_2D-seed0,adqtytih,2026-07-21T18:05:08Z,npboost,few_shot,0,rmse,0.5914014892578126,1.046419622627759,0.577790283203125,1.020871401026901,6111.099175691605,1.0701074600219729,1.0705347061157229,1.5554550967840877,steps,2,205.0,,,,,,,0.2,8.111144333995501e-05,20.0,0.0123280038313677,1.0,10.0,8.0,255.0,-1.0,,
npboost-few_shot-steps_2D-seed0,avxq9du9,2026-07-21T05:12:55Z,npboost,few_shot,0,rmse,0.5888804321289063,1.041736533325734,0.5820382690429687,1.028624416381666,2573.4802927970886,0.4292857646942138,0.4840583801269531,1.3399097839675111,steps,2,156.0,,,,,,,0.0,1.1241862095793047e-05,20.0,0.0425316236379087,1.0,100.0,8.0,255.0,-1.0,,
npboost-few_shot-steps_2D-seed0,b9vqz72h,2026-07-21T08:44:23Z,npboost,few_shot,0,rmse,0.6001585693359375,1.062635087029362,0.59663427734375,1.055109384054046,4776.618838787079,0.970571994781494,0.7287230491638184,1.3780563835330626,steps,2,274.0,,,,,,,0.2,1.1508017135300922e-05,10.0,0.0179523383684912,1.0,20.0,16.0,255.0,-1.0,,
npboost-few_shot-steps_2D-seed0,d5bvnywy,2026-07-21T12:16:47Z,npboost,few_shot,0,rmse,0.59769775390625,1.0570247160715098,0.5864732666015625,1.0364638077683637,3345.0370395183563,1.0252363681793213,0.8464841842651367,1.4589836629262585,steps,2,113.0,,,,,,,0.0,1.5905817778820346e-05,20.0,0.0138796110793157,1.0,20.0,16.0,255.0,-1.0,,
npboost-few_shot-steps_2D-seed0,d6d2l0zy,2026-07-21T06:58:40Z,npboost,few_shot,0,rmse,0.6024757690429687,1.0652644393423387,0.5861566162109375,1.0360526111426265,492.08465361595154,0.495753526687622,0.5080344676971436,1.3446597761009649,steps,2,29.0,,,,,,,0.0,0.0007472397689332,10.0,0.7069476197217992,0.0,20.0,16.0,255.0,-1.0,,
npboost-few_shot-steps_2D-seed0,ddzgd68w,2026-07-21T06:26:00Z,npboost,few_shot,0,rmse,0.5926361083984375,1.0486656596695243,0.5805482177734375,1.0260643628800388,1950.121423482895,0.4290966987609863,0.4480733871459961,1.5942062324040147,steps,2,107.0,,,,,,,0.2,0.0001849521658972,20.0,0.0438086761972578,0.0,20.0,8.0,255.0,-1.0,,
npboost-few_shot-steps_2D-seed0,gxdxfb1v,2026-07-21T04:53:13Z,npboost,few_shot,0,rmse,0.5914483642578126,1.04461672644987,0.5805657958984375,1.023937110599937,1164.310772895813,0.4292902946472168,0.6117734909057617,1.2870061851267736,steps,2,57.0,,,,,,,0.0,4.589824181495648e-05,20.0,0.2878805718308923,1.0,1000.0,8.0,255.0,-1.0,,
npboost-few_shot-steps_2D-seed0,h476pdoi,2026-07-21T13:28:54Z,npboost,few_shot,0,rmse,0.5866659545898437,1.0393438204056522,0.5737384033203125,1.0127151808779495,7013.794579029083,0.8609771728515625,1.1705687046051023,1.7712523012481467,steps,2,250.0,,,,,,,0.2,0.0001024482973264,20.0,0.0600348399921965,1.0,1000.0,8.0,255.0,-1.0,,
npboost-few_shot-steps_2D-seed0,l997p77f,2026-07-21T11:04:43Z,npboost,few_shot,0,rmse,0.5982506103515625,1.0559322570982992,0.5922608032226563,1.0459862418578256,2029.436077833176,0.9583573341369628,0.9989895820617676,1.4814031284088942,steps,2,103.0,,,,,,,0.0,8.878664758716842e-05,10.0,0.0222025951448105,0.0,20.0,16.0,255.0,-1.0,,
npboost-few_shot-steps_2D-seed0,nntphk0e,2026-07-21T15:26:01Z,npboost,few_shot,0,rmse,0.5902474365234375,1.0458475929640705,0.5829415283203125,1.0295842767231227,2993.8206214904785,0.7291960716247559,1.175894260406494,1.557612962419244,steps,2,155.0,,,,,,,0.2,0.0002213282815989,10.0,0.0152199142675109,0.0,100.0,16.0,255.0,-1.0,,
npboost-few_shot-steps_2D-seed0,ntz3jdf8,2026-07-21T17:31:01Z,npboost,few_shot,0,rmse,0.6022266235351562,1.0646199860366037,0.5907992553710938,1.0457398300619225,2004.7969114780424,1.1402180194854736,0.997157096862793,1.5230579555671129,steps,2,54.0,,,,,,,0.0,3.7275559646016336e-05,20.0,0.0105756957788887,0.0,100.0,8.0,255.0,-1.0,,
npboost-few_shot-steps_2D-seed0,nuacuks6,2026-07-21T07:23:51Z,npboost,few_shot,0,rmse,0.615718505859375,1.0922968066307233,0.6120673828125,1.083781592461811,529.8210356235504,0.4747433662414551,0.3888945579528808,1.831677547260484,steps,2,60.0,,,,,,,0.2,0.0001251605833757,5.0,0.2656797431288616,1.0,100.0,4.0,255.0,-1.0,,
npboost-few_shot-steps_2D-seed0,ooii9mct,2026-07-21T11:38:45Z,npboost,few_shot,0,rmse,0.596413818359375,1.056602577265527,0.6013297119140625,1.0631280791009503,2269.2960996627808,1.159198522567749,0.9136290550231934,1.2839558245064064,steps,2,175.0,,,,,,,0.0,1.3840044764106206e-05,5.0,0.7593823221110972,0.0,1000.0,8.0,255.0,-1.0,,
npboost-few_shot-steps_2D-seed0,rnf03qnk,2026-07-21T03:55:38Z,npboost,few_shot,0,rmse,0.592856201171875,1.0492581141848052,0.5842515869140625,1.0309676002188923,1272.1504967212677,0.3949251174926758,0.4712646007537842,1.6379413285410669,steps,2,179.0,,,,,,,0.2,0.0008536189862866,5.0,0.2335963502626159,0.0,100.0,4.0,255.0,-1.0,,
npboost-few_shot-steps_2D-seed0,s7ft6f4l,2026-07-21T03:34:42Z,npboost,few_shot,0,rmse,0.6028645629882813,1.0688574686898744,0.5911256713867188,1.0451322925706352,1245.207571029663,0.4481146335601806,0.375687837600708,1.4952476779430006,steps,2,117.0,,,,,,,0.2,7.309539835912905e-05,10.0,0.0383962929980417,1.0,10.0,8.0,255.0,-1.0,,
npboost-few_shot-steps_2D-seed0,siimchc6,2026-07-21T19:47:12Z,npboost,few_shot,0,rmse,0.6071791381835937,1.0738839580240436,0.5978865966796875,1.0568289668605126,1076.4700076580048,1.1157371997833252,0.9937701225280762,1.531873740775216,steps,2,62.0,,,,,,,0.0,0.0008887704677237,5.0,0.0415963508411869,0.0,1000.0,4.0,255.0,-1.0,,
npboost-few_shot-steps_2D-seed0,t19xkz5c,2026-07-21T06:17:02Z,npboost,few_shot,0,rmse,0.5960970458984375,1.0551291702755543,0.595178955078125,1.052091912040381,526.7276484966278,0.5487687587738037,0.4753541946411133,1.307740253244503,steps,2,59.0,,,,,,,0.0,0.0001656260589333,5.0,0.655438234354628,0.0,20.0,4.0,255.0,-1.0,,
npboost-few_shot-steps_2D-seed0,tfahv5io,2026-07-21T08:24:34Z,npboost,few_shot,0,rmse,0.5956865844726562,1.0561756379310798,0.594037841796875,1.0500759741799075,1176.122014760971,1.107804298400879,0.927753210067749,1.6465083289436089,steps,2,67.0,,,,,,,0.2,0.0001053621921034,10.0,0.2534741961949762,1.0,1000.0,16.0,255.0,-1.0,,
npboost-few_shot-steps_2D-seed0,titknlc8,2026-07-21T04:17:01Z,npboost,few_shot,0,rmse,0.6022661743164063,1.0664199860275774,0.589579345703125,1.0415367253197725,546.1474747657776,0.3885283470153808,0.4767100811004638,1.5046652838054606,steps,2,36.0,,,,,,,0.0,0.0008692991511139,10.0,0.1569639638866114,0.0,1000.0,8.0,255.0,-1.0,,
npboost-few_shot-steps_2D-seed0,tkqj6yzs,2026-07-21T17:05:27Z,npboost,few_shot,0,rmse,0.611501953125,1.0774125174273987,0.59253662109375,1.0455741500156317,1522.0762748718262,1.0670902729034424,1.042102575302124,1.5388581484764172,steps,2,35.0,,,,,,,0.0,0.0003583387974072,20.0,0.0166876416291958,0.0,10.0,8.0,255.0,-1.0,,
npboost-few_shot-steps_2D-seed0,tqqerzav,2026-07-21T13:13:41Z,npboost,few_shot,0,rmse,0.6193821411132813,1.097594385064235,0.613681884765625,1.084541562584719,899.9746587276459,1.239164113998413,1.1483747959136963,1.35165056024814,steps,2,10.0,,,,,,,0.2,3.6649592076212935e-05,20.0,0.9572167377160832,0.0,100.0,16.0,255.0,-1.0,,
npboost-few_shot-steps_2D-seed0,wzsc67c5,2026-07-21T03:21:41Z,npboost,few_shot,0,rmse,0.6018026123046875,1.0662308976279962,0.5964035034179688,1.0552236926850531,770.8302757740021,0.5052089691162109,0.4597978591918946,1.549722200986991,steps,2,106.0,,,,,,,0.2,0.0002910635913133,5.0,0.0130667392380532,0.0,100.0,4.0,255.0,-1.0,,
npboost-few_shot-steps_2D-seed0,ztg2lzhb,2026-07-21T07:07:03Z,npboost,few_shot,0,rmse,0.5919634399414062,1.0461296819046366,0.5872308959960938,1.037257394992864,997.8753850460052,0.3662497997283935,0.4068183898925781,1.335022262279671,steps,2,45.0,,,,,,,0.0,4.764963542138518e-05,20.0,0.5945287330479982,0.0,100.0,16.0,255.0,-1.0,,
npboost-few_shot-steps_2D-seed1,16b01yrh,2026-07-23T21:05:24Z,npboost,few_shot,1,rmse,0.5825748291015626,1.0303934632343912,0.5778040161132812,1.024589517023366,2280.188106775284,0.9195549488067628,1.0364789962768557,1.5864232523203374,steps,2,60.0,,,,,,,0.2,0.0006756608892518,20.0,0.0718403263658167,0.0,10.0,16.0,255.0,-1.0,,
npboost-few_shot-steps_2D-seed1,1n27oeln,2026-07-24T03:52:24Z,npboost,few_shot,1,rmse,0.5790370483398437,1.0243154906710084,0.576885498046875,1.024631219036816,4731.040014505386,1.1468453407287598,1.2438461780548096,1.6383134130355654,steps,2,139.0,,,,,,,0.2,0.0001024482973264,20.0,0.0600348399921965,1.0,1000.0,8.0,255.0,-1.0,,
npboost-few_shot-steps_2D-seed1,1ykasra8,2026-07-24T03:35:16Z,npboost,few_shot,1,rmse,0.6082120971679688,1.0762586898699231,0.6073277587890625,1.077314405625596,1012.9505982398988,1.4485607147216797,1.3601760864257812,1.3761118664512304,steps,2,10.0,,,,,,,0.2,3.6649592076212935e-05,20.0,0.9572167377160832,0.0,100.0,16.0,255.0,-1.0,,
npboost-few_shot-steps_2D-seed1,339ad7cm,2026-07-24T09:36:06Z,npboost,few_shot,1,rmse,0.59350439453125,1.047403602123705,0.58591259765625,1.0395341173493742,1315.0836713314056,0.9439871311187744,1.1179380416870115,1.503511557892538,steps,2,98.0,,,,,,,0.0,0.0008887704677237,5.0,0.0415963508411869,0.0,1000.0,4.0,255.0,-1.0,,
npboost-few_shot-steps_2D-seed1,3bx793jf,2026-07-23T14:30:45Z,npboost,few_shot,1,rmse,0.589829345703125,1.040036119325859,0.582918701171875,1.0327956327397496,1070.404391288757,1.090545892715454,1.1057076454162598,1.4633415070448956,steps,2,47.0,,,,,,,0.0,0.0008692991511139,10.0,0.1569639638866114,0.0,1000.0,8.0,255.0,-1.0,,
npboost-few_shot-steps_2D-seed1,5pmh1ezr,2026-07-24T02:33:52Z,npboost,few_shot,1,rmse,0.5814666748046875,1.0278777553823073,0.5786102294921875,1.0264795699907272,3645.906701803208,1.1670575141906738,1.2096130847930908,1.4533841919535624,steps,2,104.0,,,,,,,0.0,1.5905817778820346e-05,20.0,0.0138796110793157,1.0,20.0,16.0,255.0,-1.0,,
npboost-few_shot-steps_2D-seed1,5rb96olf,2026-07-23T21:43:38Z,npboost,few_shot,1,rmse,0.5887177124023437,1.038972037836104,0.586026611328125,1.039711662065526,1822.1593647003176,1.2292838096618652,1.3325178623199463,1.5237361422450977,steps,2,44.0,,,,,,,0.0,0.0001380773171791,20.0,0.0190619809185539,1.0,10.0,16.0,255.0,-1.0,,
npboost-few_shot-steps_2D-seed1,6zqml4z2,2026-07-23T18:41:26Z,npboost,few_shot,1,rmse,0.5801748046875,1.0272835597359449,0.5741668701171875,1.0193243914860484,2962.9988193511963,1.0509800910949707,1.0741775035858154,1.5599887061749482,steps,2,100.0,,,,,,,0.2,0.0001849521658972,20.0,0.0438086761972578,0.0,20.0,8.0,255.0,-1.0,,
npboost-few_shot-steps_2D-seed1,79xwsxk5,2026-07-24T08:18:38Z,npboost,few_shot,1,rmse,0.581004638671875,1.0280587227882354,0.5812664794921875,1.0306310695305942,4346.346740961075,1.2492821216583252,1.1437945365905762,1.5453621228962595,steps,2,142.0,,,,,,,0.2,8.111144333995501e-05,20.0,0.0123280038313677,1.0,10.0,8.0,255.0,-1.0,,
npboost-few_shot-steps_2D-seed1,81l07dcn,2026-07-23T20:24:43Z,npboost,few_shot,1,rmse,0.597139892578125,1.0559324354779898,0.5936753540039063,1.0516930574418153,1518.700340270996,1.1435751914978027,1.1897647380828855,1.8025036686165108,steps,2,99.0,,,,,,,0.2,0.0001251605833757,5.0,0.2656797431288616,1.0,100.0,4.0,255.0,-1.0,,
npboost-few_shot-steps_2D-seed1,8m4gxqb6,2026-07-24T06:59:38Z,npboost,few_shot,1,rmse,0.5922662353515625,1.0461990853048304,0.5868530883789063,1.0380603228468734,1601.5418679714203,1.1758816242218018,1.288463115692139,1.5358348655650615,steps,2,33.0,,,,,,,0.0,0.0003583387974072,20.0,0.0166876416291958,0.0,10.0,8.0,255.0,-1.0,,
npboost-few_shot-steps_2D-seed1,95mluqy6,2026-07-23T20:50:35Z,npboost,few_shot,1,rmse,0.57974462890625,1.0251617158684758,0.5761070556640625,1.0208155418542932,876.9311044216156,0.9637634754180908,1.1665546894073486,1.377596610474492,steps,2,28.0,,,,,,,0.0,0.0008831228248242,10.0,0.3887072196612053,1.0,100.0,8.0,255.0,-1.0,,
npboost-few_shot-steps_2D-seed1,acv7ywcb,2026-07-23T22:58:40Z,npboost,few_shot,1,rmse,0.5958819580078125,1.054654402148551,0.5975650634765625,1.06149081437086,2696.6221075057983,0.7648074626922607,1.0456771850585938,1.3032467140965955,steps,2,136.0,,,,,,,0.2,1.1508017135300922e-05,10.0,0.0179523383684912,1.0,20.0,16.0,255.0,-1.0,,
npboost-few_shot-steps_2D-seed1,cse75tqb,2026-07-24T06:21:15Z,npboost,few_shot,1,rmse,0.5813931884765625,1.02836697726721,0.5787667236328125,1.02980786465338,2288.948897600174,1.1963818073272705,1.2608740329742432,1.243901244404254,steps,2,58.0,,,,,,,0.0,1.4730368526805258e-05,20.0,0.2585142302046639,1.0,10.0,8.0,255.0,-1.0,,
npboost-few_shot-steps_2D-seed1,dqrc8rd3,2026-07-23T16:01:01Z,npboost,few_shot,1,rmse,0.57665576171875,1.0196946577574972,0.5732842407226563,1.0168427411639698,4440.261722803116,1.1413695812225342,0.983130931854248,1.3276043115199034,steps,2,167.0,,,,,,,0.0,1.1241862095793047e-05,20.0,0.0425316236379087,1.0,100.0,8.0,255.0,-1.0,,
npboost-few_shot-steps_2D-seed1,ect1gfnr,2026-07-23T23:43:49Z,npboost,few_shot,1,rmse,0.58108544921875,1.0276863640044531,0.577414306640625,1.0249501132498116,2992.009710073471,0.9326608180999756,1.0085856914520264,1.698900163391658,steps,2,153.0,,,,,,,0.2,0.0001077955162095,10.0,0.0754992854618303,0.0,10.0,16.0,255.0,-1.0,,
npboost-few_shot-steps_2D-seed1,f43gldhw,2026-07-23T22:14:15Z,npboost,few_shot,1,rmse,0.5830293579101562,1.0309103898806449,0.5747843627929687,1.020018272727648,2651.694969177246,1.1837074756622314,1.195305347442627,2.1711285368439346,steps,2,130.0,,,,,,,0.2,0.0001053621921034,10.0,0.2534741961949762,1.0,1000.0,16.0,255.0,-1.0,,
npboost-few_shot-steps_2D-seed1,ftqlqpxr,2026-07-23T17:35:47Z,npboost,few_shot,1,rmse,0.5886337890625,1.041980059934464,0.581677001953125,1.033078945519298,2345.00537776947,1.3253459930419922,1.2653326988220217,3.2494420748176527,steps,2,69.0,,,,,,,0.2,6.83631406502272e-05,20.0,0.768810680147495,1.0,100.0,8.0,255.0,-1.0,,
npboost-few_shot-steps_2D-seed1,gvgzxvyt,2026-07-24T05:11:28Z,npboost,few_shot,1,rmse,0.57749462890625,1.0214256192878317,0.5757098999023438,1.0214873117032133,4173.349227190018,1.3296597003936768,1.411100149154663,1.55985295862114,steps,2,207.0,,,,,,,0.2,0.0002213282815989,10.0,0.0152199142675109,0.0,100.0,16.0,255.0,-1.0,,
npboost-few_shot-steps_2D-seed1,gw0wg42d,2026-07-24T07:26:33Z,npboost,few_shot,1,rmse,0.58419970703125,1.0333657387591066,0.5849547119140625,1.0390337767504672,3112.2966248989105,0.7902028560638428,0.9934415817260742,1.518476885763484,steps,2,80.0,,,,,,,0.0,3.7275559646016336e-05,20.0,0.0105756957788887,0.0,100.0,8.0,255.0,-1.0,,
npboost-few_shot-steps_2D-seed1,ir0e1rfd,2026-07-24T02:12:17Z,npboost,few_shot,1,rmse,0.60149365234375,1.062592736738539,0.5957001953125,1.057433662240158,1258.1587028503418,1.2600297927856443,1.358635663986206,1.2477068867460337,steps,2,79.0,,,,,,,0.0,1.3840044764106206e-05,5.0,0.7593823221110972,0.0,1000.0,8.0,255.0,-1.0,,
npboost-few_shot-steps_2D-seed1,jo01y2jh,2026-07-24T01:40:58Z,npboost,few_shot,1,rmse,0.5847465209960937,1.0329343865188256,0.5808373413085938,1.030609924979036,1866.008172988892,0.8317255973815918,1.106919765472412,1.467651646584716,steps,2,90.0,,,,,,,0.0,8.878664758716842e-05,10.0,0.0222025951448105,0.0,20.0,16.0,255.0,-1.0,,
npboost-few_shot-steps_2D-seed1,nc5b2ncg,2026-07-23T14:48:48Z,npboost,few_shot,1,rmse,0.593663330078125,1.0489073140758929,0.5912506103515625,1.0511512553860392,2687.9750814437866,0.8876709938049316,0.9063012599945068,2.021852260436772,steps,2,89.0,,,,,,,0.2,1.913588048769229e-05,20.0,0.3503398491158687,0.0,10.0,8.0,255.0,-1.0,,
npboost-few_shot-steps_2D-seed1,oyyxy9e8,2026-07-23T12:35:59Z,npboost,few_shot,1,rmse,0.58317041015625,1.0313850786075702,0.582378662109375,1.0325061193706784,2293.07630109787,0.8449151515960693,0.9786744117736816,1.542250388714033,steps,2,200.0,,,,,,,0.2,0.0002910635913133,5.0,0.0130667392380532,0.0,100.0,4.0,255.0,-1.0,,
npboost-few_shot-steps_2D-seed1,qkh27xfa,2026-07-23T13:16:05Z,npboost,few_shot,1,rmse,0.5806124877929687,1.0274659323961095,0.5788631591796874,1.0278059631370715,3666.145683288574,0.8166284561157227,0.8477170467376709,1.5334707108620176,steps,2,218.0,,,,,,,0.2,7.309539835912905e-05,10.0,0.0383962929980417,1.0,10.0,8.0,255.0,-1.0,,
npboost-few_shot-steps_2D-seed1,rp88jxfn,2026-07-23T18:15:26Z,npboost,few_shot,1,rmse,0.5830302734375,1.0313899323817806,0.57192431640625,1.014932527204366,1547.5276527404783,1.0902049541473389,1.052114963531494,1.5631113983452405,steps,2,111.0,,,,,,,0.0,0.0001656260589333,5.0,0.655438234354628,0.0,20.0,4.0,255.0,-1.0,,
npboost-few_shot-steps_2D-seed1,sdq8rghp,2026-07-23T17:15:15Z,npboost,few_shot,1,rmse,0.5889630737304687,1.042282273497094,0.5840926513671875,1.0373023827687553,1198.08145070076,1.3611669540405271,1.2592637538909912,1.340044600731892,steps,2,82.0,,,,,,,0.0,0.0001848449172098,5.0,0.6097025297491431,1.0,10.0,16.0,255.0,-1.0,,
npboost-few_shot-steps_2D-seed1,sitjx7g8,2026-07-23T15:34:41Z,npboost,few_shot,1,rmse,0.577121826171875,1.0209776231358207,0.571576171875,1.0145048005019628,1554.6867592334747,1.101058006286621,1.275921106338501,1.2879648882355106,steps,2,42.0,,,,,,,0.0,4.589824181495648e-05,20.0,0.2878805718308923,1.0,1000.0,8.0,255.0,-1.0,,
npboost-few_shot-steps_2D-seed1,sutb3eho,2026-07-24T00:33:55Z,npboost,few_shot,1,rmse,0.5792288818359375,1.0249089742179014,0.5725496826171875,1.0166044900123348,4010.903315544128,1.1381027698516846,1.1695289611816406,1.7507034877280483,steps,2,216.0,,,,,,,0.2,0.0002091196066971,10.0,0.1284423092280945,0.0,100.0,4.0,255.0,-1.0,,
npboost-few_shot-steps_2D-seed1,uy4uk6wl,2026-07-23T19:47:03Z,npboost,few_shot,1,rmse,0.5813350830078124,1.0268870368734413,0.5750916137695312,1.0214880269589628,2224.725690603256,1.107002019882202,1.180748462677002,1.3301775920054526,steps,2,55.0,,,,,,,0.0,4.764963542138518e-05,20.0,0.5945287330479982,0.0,100.0,16.0,255.0,-1.0,,
npboost-few_shot-steps_2D-seed1,v89nrwf7,2026-07-23T14:17:23Z,npboost,few_shot,1,rmse,0.594114501953125,1.0503464840557724,0.5941041259765625,1.0540014944303089,789.2482643127441,1.0109591484069824,0.9761185646057128,1.590330849141712,steps,2,52.0,,,,,,,0.2,0.0008536189862866,5.0,0.2335963502626159,0.0,100.0,4.0,255.0,-1.0,,
npboost-few_shot-steps_2D-seed1,zf5nsdex,2026-07-23T19:31:46Z,npboost,few_shot,1,rmse,0.5847064819335938,1.0339264944606523,0.574041015625,1.0174420126222607,881.4655494689941,1.2295801639556885,1.0926926136016846,1.4522071187411267,steps,2,29.0,,,,,,,0.0,0.0007472397689332,10.0,0.7069476197217992,0.0,20.0,16.0,255.0,-1.0,,
npboost-few_shot-steps_2D-seed2,17tm47u2,2026-07-25T17:27:03Z,npboost,few_shot,2,rmse,0.5836390380859375,1.034520200278289,0.6064664306640625,1.0743968204565182,1384.3629097938538,0.6625440120697021,0.5598030090332031,1.530648253362934,steps,2,141.0,,,,,,,0.2,0.0002910635913133,5.0,0.0130667392380532,0.0,100.0,4.0,255.0,-1.0,,
npboost-few_shot-steps_2D-seed2,1ozrl2nl,2026-07-25T17:50:20Z,npboost,few_shot,2,rmse,0.5753314208984375,1.0206581968681387,0.5977725219726563,1.0580868900833005,3557.269123315811,0.6465482711791992,0.661186695098877,1.6258810198121094,steps,2,276.0,,,,,,,0.2,7.309539835912905e-05,10.0,0.0383962929980417,1.0,10.0,8.0,255.0,-1.0,,
npboost-few_shot-steps_2D-seed2,401sr7oa,2026-07-26T04:30:26Z,npboost,few_shot,2,rmse,0.5783511962890625,1.0261334082814055,0.5987930908203125,1.0609764576140346,1354.2311418056488,0.6315557956695557,0.6777479648590088,1.5347297746044275,steps,2,101.0,,,,,,,0.2,0.0002213282815989,10.0,0.0152199142675109,0.0,100.0,16.0,255.0,-1.0,,
npboost-few_shot-steps_2D-seed2,44pg9hqw,2026-07-26T00:39:00Z,npboost,few_shot,2,rmse,0.5815745239257812,1.03053616969214,0.5988270874023438,1.0606291955867513,1533.69598031044,0.7871358394622803,0.7942259311676025,2.001766688838128,steps,2,115.0,,,,,,,0.2,0.0001053621921034,10.0,0.2534741961949762,1.0,1000.0,16.0,255.0,-1.0,,
npboost-few_shot-steps_2D-seed2,4mkgbwdc,2026-07-26T03:01:51Z,npboost,few_shot,2,rmse,0.6017886962890625,1.0652818275612077,0.6219011840820312,1.1016126651561178,432.5854730606079,0.6275069713592529,0.7572038173675537,1.1901650407333175,steps,2,34.0,,,,,,,0.0,1.3840044764106206e-05,5.0,0.7593823221110972,0.0,1000.0,8.0,255.0,-1.0,,
npboost-few_shot-steps_2D-seed2,4ooc0p0r,2026-07-26T03:09:16Z,npboost,few_shot,2,rmse,0.5778299560546875,1.0237312948746022,0.6017257690429687,1.0634013691645725,2239.883753538132,0.7345399856567383,0.5275096893310547,1.4412296445666617,steps,2,109.0,,,,,,,0.0,1.5905817778820346e-05,20.0,0.0138796110793157,1.0,20.0,16.0,255.0,-1.0,,
npboost-few_shot-steps_2D-seed2,4rdgv1g3,2026-07-25T22:05:11Z,npboost,few_shot,2,rmse,0.57120166015625,1.0135386007912943,0.5901099853515624,1.0439879880093197,2730.3562841415405,0.5925922393798828,0.7532365322113037,1.566494788488766,steps,2,139.0,,,,,,,0.2,0.0001849521658972,20.0,0.0438086761972578,0.0,20.0,8.0,255.0,-1.0,,
npboost-few_shot-steps_2D-seed2,6fvdet1l,2026-07-26T00:21:48Z,npboost,few_shot,2,rmse,0.5850313720703125,1.0384504364124298,0.602936279296875,1.0679770205203956,1021.4008812904358,0.7116739749908447,0.6115880012512207,1.5115110603635966,steps,2,35.0,,,,,,,0.0,0.0001380773171791,20.0,0.0190619809185539,1.0,10.0,16.0,255.0,-1.0,,
npboost-few_shot-steps_2D-seed2,6tcdcml2,2026-07-25T18:50:09Z,npboost,few_shot,2,rmse,0.5752106323242188,1.019297293740195,0.5989854736328125,1.0612588373151914,1202.379968166351,0.7552351951599121,0.609368085861206,1.5618243389609077,steps,2,120.0,,,,,,,0.2,0.0008536189862866,5.0,0.2335963502626159,0.0,100.0,4.0,255.0,-1.0,,
npboost-few_shot-steps_2D-seed2,6xkkfk4e,2026-07-26T05:26:22Z,npboost,few_shot,2,rmse,0.5918948974609375,1.0503033228363257,0.608850830078125,1.0794259625653426,911.2491319179536,0.672703742980957,0.6622300148010254,1.531446268504106,steps,2,28.0,,,,,,,0.0,0.0003583387974072,20.0,0.0166876416291958,0.0,10.0,8.0,255.0,-1.0,,
npboost-few_shot-steps_2D-seed2,71i41m0b,2026-07-26T03:57:26Z,npboost,few_shot,2,rmse,0.5798008422851563,1.0295464172978122,0.5996808471679688,1.0623184007959263,1969.3282325267792,0.6570146083831787,0.5763099193572998,1.5816595366953028,steps,2,88.0,,,,,,,0.2,0.0001024482973264,20.0,0.0600348399921965,1.0,1000.0,8.0,255.0,-1.0,,
npboost-few_shot-steps_2D-seed2,7615vhwh,2026-07-25T21:23:13Z,npboost,few_shot,2,rmse,0.5872996215820312,1.0413268496579209,0.607132568359375,1.072107441594268,779.8665001392365,0.654637336730957,0.6564865112304688,1.4036712258032131,steps,2,85.0,,,,,,,0.0,0.0001848449172098,5.0,0.6097025297491431,1.0,10.0,16.0,255.0,-1.0,,
npboost-few_shot-steps_2D-seed2,7u7zvvqm,2026-07-26T02:14:57Z,npboost,few_shot,2,rmse,0.5746585693359375,1.0198340196314202,0.5962047119140625,1.0550978109543176,1755.5376408100128,0.5996122360229492,0.6069662570953369,1.598964142381951,steps,2,136.0,,,,,,,0.2,0.0002091196066971,10.0,0.1284423092280945,0.0,100.0,4.0,255.0,-1.0,,
npboost-few_shot-steps_2D-seed2,a6rx3sx8,2026-07-25T23:38:17Z,npboost,few_shot,2,rmse,0.5806700439453125,1.0270155467169264,0.5999031982421875,1.0591433811423774,773.8307135105133,0.5104866027832031,0.5466790199279785,1.3921057608163296,steps,2,51.0,,,,,,,0.0,0.0008831228248242,10.0,0.3887072196612053,1.0,100.0,8.0,255.0,-1.0,,
npboost-few_shot-steps_2D-seed2,b9t4nn5b,2026-07-25T22:50:52Z,npboost,few_shot,2,rmse,0.5798132934570313,1.0271313172033796,0.6018310546875,1.0646926953680431,634.158581495285,0.5825750827789307,0.5949051380157471,1.2308599635319446,steps,2,36.0,,,,,,,0.0,0.0007472397689332,10.0,0.7069476197217992,0.0,20.0,16.0,255.0,-1.0,,
npboost-few_shot-steps_2D-seed2,bx9g73kk,2026-07-26T03:46:47Z,npboost,few_shot,2,rmse,0.6045740356445313,1.071001315088386,0.62515869140625,1.1061068325485184,629.0223660469055,0.5752675533294678,0.5508885383605957,1.3475126358522227,steps,2,11.0,,,,,,,0.2,3.6649592076212935e-05,20.0,0.9572167377160832,0.0,100.0,16.0,255.0,-1.0,,
npboost-few_shot-steps_2D-seed2,clck7t8k,2026-07-25T23:51:21Z,npboost,few_shot,2,rmse,0.5699985961914062,1.0089515007512535,0.584533935546875,1.0345916744896826,1816.0971643924715,0.8216826915740967,0.5936224460601807,1.5744899085010189,steps,2,82.0,,,,,,,0.2,0.0006756608892518,20.0,0.0718403263658167,0.0,10.0,16.0,255.0,-1.0,,
npboost-few_shot-steps_2D-seed2,hepow7l7,2026-07-26T02:44:23Z,npboost,few_shot,2,rmse,0.5790337524414062,1.0269511815036836,0.5996448364257813,1.0599802453803653,1036.7112474441528,0.6621060371398926,0.8044793605804443,1.4500780134342222,steps,2,72.0,,,,,,,0.0,8.878664758716842e-05,10.0,0.0222025951448105,0.0,20.0,16.0,255.0,-1.0,,
npboost-few_shot-steps_2D-seed2,j5a2ahst,2026-07-26T06:13:17Z,npboost,few_shot,2,rmse,0.5797466430664062,1.0284549480003582,0.604212158203125,1.0708354089674597,2491.5736842155457,0.5996828079223633,0.6829624176025391,1.5338405743414725,steps,2,111.0,,,,,,,0.2,8.111144333995501e-05,20.0,0.0123280038313677,1.0,10.0,8.0,255.0,-1.0,,
npboost-few_shot-steps_2D-seed2,jg94wik5,2026-07-25T23:26:42Z,npboost,few_shot,2,rmse,0.604701904296875,1.0735066278617864,0.6242843627929687,1.103735847545838,684.4826698303223,0.4902153015136719,0.489227294921875,1.7060076158316468,steps,2,67.0,,,,,,,0.2,0.0001251605833757,5.0,0.2656797431288616,1.0,100.0,4.0,255.0,-1.0,,
npboost-few_shot-steps_2D-seed2,ka7j68jr,2026-07-26T01:44:39Z,npboost,few_shot,2,rmse,0.5780848388671875,1.02613325634099,0.5967392578125,1.0565141936287703,1807.5641570091248,0.4568850994110107,0.5119826793670654,1.6782566849395004,steps,2,141.0,,,,,,,0.2,0.0001077955162095,10.0,0.0754992854618303,0.0,10.0,16.0,255.0,-1.0,,
npboost-few_shot-steps_2D-seed2,omd6fook,2026-07-25T20:33:42Z,npboost,few_shot,2,rmse,0.5716889038085937,1.014833486652857,0.5935250244140625,1.049448302161171,2960.3925771713257,0.4759094715118408,0.5312840938568115,1.298809527649647,steps,2,137.0,,,,,,,0.0,1.1241862095793047e-05,20.0,0.0425316236379087,1.0,100.0,8.0,255.0,-1.0,,
npboost-few_shot-steps_2D-seed2,pkyvsawa,2026-07-25T21:36:24Z,npboost,few_shot,2,rmse,0.58944287109375,1.0452148092296152,0.60694189453125,1.0748553398053726,923.0403254032136,0.504765510559082,0.664926290512085,1.8569994363162905,steps,2,31.0,,,,,,,0.2,6.83631406502272e-05,20.0,0.768810680147495,1.0,100.0,8.0,255.0,-1.0,,
npboost-few_shot-steps_2D-seed2,rjhtmdic,2026-07-25T19:25:26Z,npboost,few_shot,2,rmse,0.593253662109375,1.051041727329498,0.6099677734375,1.0804238779143172,2932.8036518096924,0.6263062953948975,0.6946814060211182,2.6464698269696347,steps,2,130.0,,,,,,,0.2,1.913588048769229e-05,20.0,0.3503398491158687,0.0,10.0,8.0,255.0,-1.0,,
npboost-few_shot-steps_2D-seed2,s5xjtk9g,2026-07-25T19:10:27Z,npboost,few_shot,2,rmse,0.587833984375,1.0393876537041244,0.6059329223632812,1.068321294266966,887.5135629177094,0.8110687732696533,0.7383501529693604,1.4584041605729432,steps,2,51.0,,,,,,,0.0,0.0008692991511139,10.0,0.1569639638866114,0.0,1000.0,8.0,255.0,-1.0,,
npboost-few_shot-steps_2D-seed2,s6j52o2b,2026-07-25T21:52:00Z,npboost,few_shot,2,rmse,0.574569580078125,1.0195376294680212,0.6006209716796875,1.0618040745561843,781.1457924842834,0.5613195896148682,0.6067612171173096,1.349862333957253,steps,2,86.0,,,,,,,0.0,0.0001656260589333,5.0,0.655438234354628,0.0,20.0,4.0,255.0,-1.0,,
npboost-few_shot-steps_2D-seed2,vg91fmg1,2026-07-25T20:14:30Z,npboost,few_shot,2,rmse,0.5672966918945312,1.006339522561122,0.5914475708007813,1.0467058980710138,1141.4434745311737,0.7668459415435791,0.8490951061248779,1.2727090715356093,steps,2,36.0,,,,,,,0.0,4.589824181495648e-05,20.0,0.2878805718308923,1.0,1000.0,8.0,255.0,-1.0,,
npboost-few_shot-steps_2D-seed2,x4nj3il4,2026-07-26T01:04:45Z,npboost,few_shot,2,rmse,0.5929319458007812,1.051075052212746,0.605427734375,1.0720664103381132,2382.806129693985,0.6512596607208252,0.6777920722961426,1.3305282224782402,steps,2,193.0,,,,,,,0.2,1.1508017135300922e-05,10.0,0.0179523383684912,1.0,20.0,16.0,255.0,-1.0,,
npboost-few_shot-steps_2D-seed2,x5ypea91,2026-07-26T04:53:12Z,npboost,few_shot,2,rmse,0.5697706298828125,1.010397929626467,0.5966121826171875,1.0557939692271303,1979.546359539032,0.7249429225921631,0.6609680652618408,1.2217605849519235,steps,2,89.0,,,,,,,0.0,1.4730368526805258e-05,20.0,0.2585142302046639,1.0,10.0,8.0,255.0,-1.0,,
npboost-few_shot-steps_2D-seed2,xkzxeola,2026-07-26T05:41:45Z,npboost,few_shot,2,rmse,0.58962646484375,1.045716838160855,0.6072238159179687,1.0740359332549336,1880.5779297351835,0.4730153083801269,0.6321144104003906,1.5101957242114388,steps,2,76.0,,,,,,,0.0,3.7275559646016336e-05,20.0,0.0105756957788887,0.0,100.0,8.0,255.0,-1.0,,
npboost-few_shot-steps_2D-seed2,ylbx2bcw,2026-07-26T06:54:59Z,npboost,few_shot,2,rmse,0.5882791748046875,1.0430614367334532,0.61125830078125,1.0794003088719184,903.3467271327972,0.861717939376831,0.8568060398101807,1.4976167796029196,steps,2,86.0,,,,,,,0.0,0.0008887704677237,5.0,0.0415963508411869,0.0,1000.0,4.0,255.0,-1.0,,
npboost-few_shot-steps_2D-seed2,zjolkekq,2026-07-25T23:01:37Z,npboost,few_shot,2,rmse,0.5758568725585937,1.0202783013258483,0.5960167236328126,1.054653922684862,1494.268149852753,0.5484254360198975,0.6491591930389404,1.4003743081128457,steps,2,63.0,,,,,,,0.0,4.764963542138518e-05,20.0,0.5945287330479982,0.0,100.0,16.0,255.0,-1.0,,
npboost-few_shot-steps_2D-seed3,01mpcmx7,2026-07-21T08:03:52Z,npboost,few_shot,3,rmse,0.5767095947265625,1.0196625823541392,0.5746239013671876,1.020444030085086,1537.0514574050903,0.443577766418457,0.4277253150939941,1.6073925294508744,steps,2,80.0,,,,,,,0.2,0.0006756608892518,20.0,0.0718403263658167,0.0,10.0,16.0,255.0,-1.0,,
npboost-few_shot-steps_2D-seed3,0oq2npkf,2026-07-21T07:01:00Z,npboost,few_shot,3,rmse,0.5918818969726563,1.043203405553223,0.5916987915039063,1.0457289624949493,668.7987253665924,0.331010103225708,0.3861491680145264,1.3790474173635927,steps,2,50.0,,,,,,,0.0,0.0007472397689332,10.0,0.7069476197217992,0.0,20.0,16.0,255.0,-1.0,,
npboost-few_shot-steps_2D-seed3,3a1g0jdm,2026-07-21T09:20:02Z,npboost,few_shot,3,rmse,0.6101442260742187,1.0789161799182918,0.60233056640625,1.0682967132645196,2379.052348136902,1.0206608772277832,1.0277550220489502,1.3300050928827991,steps,2,130.0,,,,,,,0.2,1.1508017135300922e-05,10.0,0.0179523383684912,1.0,20.0,16.0,255.0,-1.0,,
npboost-few_shot-steps_2D-seed3,3iqym26y,2026-07-21T17:14:24Z,npboost,few_shot,3,rmse,0.5931031494140625,1.049021663859082,0.5923717041015625,1.0518081085513735,2689.138410806656,1.2032108306884766,1.198596477508545,1.5418624746422291,steps,2,69.0,,,,,,,0.0,3.7275559646016336e-05,20.0,0.0105756957788887,0.0,100.0,8.0,255.0,-1.0,,
npboost-few_shot-steps_2D-seed3,4xb504gy,2026-07-21T19:38:08Z,npboost,few_shot,3,rmse,0.5920294189453125,1.0470245947541583,0.59219970703125,1.0483871970589953,1488.1821765899658,1.4881815910339355,1.3061408996582031,1.5410559405949378,steps,2,94.0,,,,,,,0.0,0.0008887704677237,5.0,0.0415963508411869,0.0,1000.0,4.0,255.0,-1.0,,
npboost-few_shot-steps_2D-seed3,504le6sd,2026-07-21T05:46:17Z,npboost,few_shot,3,rmse,0.5979088134765626,1.055748704650889,0.59198046875,1.0490992020453402,644.4727644920349,0.308119535446167,0.3923084735870361,1.287617989356336,steps,2,82.0,,,,,,,0.0,0.0001848449172098,5.0,0.6097025297491431,1.0,10.0,16.0,255.0,-1.0,,
npboost-few_shot-steps_2D-seed3,6i9bxzki,2026-07-21T05:04:33Z,npboost,few_shot,3,rmse,0.5856971435546875,1.0360844100971414,0.580762939453125,1.0305074922664053,680.9224100112915,0.471674919128418,0.6299295425415039,1.307693692840105,steps,2,22.0,,,,,,,0.0,4.589824181495648e-05,20.0,0.2878805718308923,1.0,1000.0,8.0,255.0,-1.0,,
npboost-few_shot-steps_2D-seed3,7ge5vzl6,2026-07-21T03:12:19Z,npboost,few_shot,3,rmse,0.592500732421875,1.0470480903240835,0.5866656494140625,1.040597881421217,1068.128229379654,0.4319324493408203,0.5062768459320068,1.5681687038746437,steps,2,157.0,,,,,,,0.2,0.0002910635913133,5.0,0.0130667392380532,0.0,100.0,4.0,255.0,-1.0,,
npboost-few_shot-steps_2D-seed3,7t7hk1xm,2026-07-21T05:57:11Z,npboost,few_shot,3,rmse,0.5970518798828125,1.0550295910637104,0.590829345703125,1.048662301085512,846.6930019855499,0.4720396995544433,0.5538680553436279,1.892843274704441,steps,2,32.0,,,,,,,0.2,6.83631406502272e-05,20.0,0.768810680147495,1.0,100.0,8.0,255.0,-1.0,,
npboost-few_shot-steps_2D-seed3,83rjz5wn,2026-07-21T07:53:34Z,npboost,few_shot,3,rmse,0.5821312255859376,1.027933798780721,0.5865736083984375,1.035925358143018,607.59139585495,0.4352741241455078,0.3737337589263916,1.437078976568575,steps,2,44.0,,,,,,,0.0,0.0008831228248242,10.0,0.3887072196612053,1.0,100.0,8.0,255.0,-1.0,,
npboost-few_shot-steps_2D-seed3,cw6zukx7,2026-07-21T11:18:03Z,npboost,few_shot,3,rmse,0.5891943359375,1.04215232444615,0.5881663208007812,1.044746974910335,1866.702304840088,1.0208003520965576,0.8148949146270752,1.492082773440615,steps,2,95.0,,,,,,,0.0,8.878664758716842e-05,10.0,0.0222025951448105,0.0,20.0,16.0,255.0,-1.0,,
npboost-few_shot-steps_2D-seed3,dy2s87qq,2026-07-21T14:54:27Z,npboost,few_shot,3,rmse,0.5824113159179688,1.0299752068618893,0.579605712890625,1.02782128184988,3380.481630563736,1.2229628562927246,1.3175256252288818,1.567349536512195,steps,2,170.0,,,,,,,0.2,0.0002213282815989,10.0,0.0152199142675109,0.0,100.0,16.0,255.0,-1.0,,
npboost-few_shot-steps_2D-seed3,etagyr8x,2026-07-21T07:12:19Z,npboost,few_shot,3,rmse,0.5862685546875,1.0345152696611122,0.5849844970703125,1.0360766708609608,1701.2123410701752,0.4107885360717773,0.4156246185302734,1.3509534226363695,steps,2,94.0,,,,,,,0.0,4.764963542138518e-05,20.0,0.5945287330479982,0.0,100.0,16.0,255.0,-1.0,,
npboost-few_shot-steps_2D-seed3,ez5hm56c,2026-07-21T09:59:54Z,npboost,few_shot,3,rmse,0.5844373779296875,1.03271318761728,0.583234375,1.0347842665368676,2132.881434679032,0.922044038772583,0.7930183410644531,1.5972652065683448,steps,2,109.0,,,,,,,0.2,0.0001077955162095,10.0,0.0754992854618303,0.0,10.0,16.0,255.0,-1.0,,
npboost-few_shot-steps_2D-seed3,f4e8iui2,2026-07-21T16:43:34Z,npboost,few_shot,3,rmse,0.5987548828125,1.0587438867691927,0.5912196044921875,1.0505035228290425,1837.2529425621035,1.1516311168670654,1.3138868808746338,1.556993894819155,steps,2,41.0,,,,,,,0.0,0.0003583387974072,20.0,0.0166876416291958,0.0,10.0,8.0,255.0,-1.0,,
npboost-few_shot-steps_2D-seed3,facb8ayh,2026-07-21T08:29:40Z,npboost,few_shot,3,rmse,0.590678466796875,1.045530613633293,0.5942012329101563,1.0560407479188485,1300.103200674057,1.179579734802246,0.9315953254699708,1.5372711074869296,steps,2,34.0,,,,,,,0.0,0.0001380773171791,20.0,0.0190619809185539,1.0,10.0,16.0,255.0,-1.0,,
npboost-few_shot-steps_2D-seed3,gy9dmpx1,2026-07-21T04:00:36Z,npboost,few_shot,3,rmse,0.5769603271484375,1.0200331080908158,0.5726940307617188,1.0174682318171928,1098.7533240318298,0.4923200607299804,0.4718503952026367,1.7279785099387328,steps,2,154.0,,,,,,,0.2,0.0008536189862866,5.0,0.2335963502626159,0.0,100.0,4.0,255.0,-1.0,,
npboost-few_shot-steps_2D-seed3,iqqyjnhb,2026-07-21T04:30:06Z,npboost,few_shot,3,rmse,0.5988313598632813,1.0584023349992495,0.5922975463867187,1.049707860995316,2056.5612876415253,0.5775649547576904,0.502629280090332,2.5300284699188955,steps,2,117.0,,,,,,,0.2,1.913588048769229e-05,20.0,0.3503398491158687,0.0,10.0,8.0,255.0,-1.0,,
npboost-few_shot-steps_2D-seed3,kt0dj655,2026-07-21T11:49:23Z,npboost,few_shot,3,rmse,0.5963505859375,1.0544403334891388,0.58994140625,1.0456673382495982,2594.6376519203186,0.7406649589538574,1.1806068420410156,1.3485526755002453,steps,2,209.0,,,,,,,0.0,1.3840044764106206e-05,5.0,0.7593823221110972,0.0,1000.0,8.0,255.0,-1.0,,
npboost-few_shot-steps_2D-seed3,mpz3vxkb,2026-07-21T04:19:05Z,npboost,few_shot,3,rmse,0.5897175903320313,1.0388379576938858,0.59419677734375,1.0508035205552542,650.517430305481,0.5038790702819824,0.4043416976928711,1.459229728670847,steps,2,50.0,,,,,,,0.0,0.0008692991511139,10.0,0.1569639638866114,0.0,1000.0,8.0,255.0,-1.0,,
npboost-few_shot-steps_2D-seed3,nb2nmg4z,2026-07-21T15:51:00Z,npboost,few_shot,3,rmse,0.5851435546875,1.0333714757024812,0.5798623046875,1.0304826610968507,3140.370811700821,0.9975414276123048,1.1960022449493408,1.3010403363524787,steps,2,94.0,,,,,,,0.0,1.4730368526805258e-05,20.0,0.2585142302046639,1.0,10.0,8.0,255.0,-1.0,,
npboost-few_shot-steps_2D-seed3,p9qhrbxf,2026-07-21T17:59:37Z,npboost,few_shot,3,rmse,0.5824151611328126,1.0291432319987903,0.580872314453125,1.0314189946479313,5887.820027112961,1.046743392944336,1.1428048610687256,1.5658296165724443,steps,2,180.0,,,,,,,0.2,8.111144333995501e-05,20.0,0.0123280038313677,1.0,10.0,8.0,255.0,-1.0,,
npboost-few_shot-steps_2D-seed3,sx5icir9,2026-07-21T08:51:33Z,npboost,few_shot,3,rmse,0.5896014404296875,1.0413835013332111,0.5881008911132812,1.0438616566713752,1695.4353482723236,0.8364694118499756,1.1843223571777344,1.8308508617966068,steps,2,85.0,,,,,,,0.2,0.0001053621921034,10.0,0.2534741961949762,1.0,1000.0,16.0,255.0,-1.0,,
npboost-few_shot-steps_2D-seed3,tqdoggvu,2026-07-21T06:21:00Z,npboost,few_shot,3,rmse,0.5799829711914063,1.023611729857544,0.5789474487304688,1.0273287054360325,2389.237410545349,0.5268867015838623,0.4929802417755127,1.582071653753247,steps,2,136.0,,,,,,,0.2,0.0001849521658972,20.0,0.0438086761972578,0.0,20.0,8.0,255.0,-1.0,,
npboost-few_shot-steps_2D-seed3,ulsc8mae,2026-07-21T05:16:05Z,npboost,few_shot,3,rmse,0.5852141723632812,1.034536740835051,0.585216796875,1.038693377805946,1801.5919766426089,0.4226765632629394,0.4423277378082275,1.3633222205565037,steps,2,101.0,,,,,,,0.0,1.1241862095793047e-05,20.0,0.0425316236379087,1.0,100.0,8.0,255.0,-1.0,,
npboost-few_shot-steps_2D-seed3,uzfo9914,2026-07-21T07:40:51Z,npboost,few_shot,3,rmse,0.6042577514648437,1.0667251381265184,0.6026500244140625,1.067489956374723,751.9437069892883,0.5133407115936279,0.5091361999511719,1.9889672867442207,steps,2,95.0,,,,,,,0.2,0.0001251605833757,5.0,0.2656797431288616,1.0,100.0,4.0,255.0,-1.0,,
npboost-few_shot-steps_2D-seed3,uzxjzgsf,2026-07-21T03:30:19Z,npboost,few_shot,3,rmse,0.583829833984375,1.0313255246801962,0.5905606079101563,1.047660139902226,1806.9278092384336,0.4787425994873047,0.4077696800231933,1.5631713125564364,steps,2,177.0,,,,,,,0.2,7.309539835912905e-05,10.0,0.0383962929980417,1.0,10.0,8.0,255.0,-1.0,,
npboost-few_shot-steps_2D-seed3,vs7crha9,2026-07-21T14:03:22Z,npboost,few_shot,3,rmse,0.5837123413085937,1.0315015101235037,0.5862818603515625,1.0407796611111957,3051.668849468231,1.0647437572479248,1.0946896076202393,1.5820936879274137,steps,2,89.0,,,,,,,0.2,0.0001024482973264,20.0,0.0600348399921965,1.0,1000.0,8.0,255.0,-1.0,,
npboost-few_shot-steps_2D-seed3,w708ofgv,2026-07-21T06:11:28Z,npboost,few_shot,3,rmse,0.5867354736328125,1.035983094657937,0.5825969848632813,1.0328899314429172,560.9178771972656,0.6007087230682373,0.4448654651641845,1.3706650866385697,steps,2,66.0,,,,,,,0.0,0.0001656260589333,5.0,0.655438234354628,0.0,20.0,4.0,255.0,-1.0,,
npboost-few_shot-steps_2D-seed3,x7iv025f,2026-07-21T10:35:39Z,npboost,few_shot,3,rmse,0.5819864501953125,1.0275100171283118,0.5879478759765625,1.043359883057106,2531.927095890045,1.0233006477355957,0.8093154430389404,1.6210322460085718,steps,2,134.0,,,,,,,0.2,0.0002091196066971,10.0,0.1284423092280945,0.0,100.0,4.0,255.0,-1.0,,
npboost-few_shot-steps_2D-seed3,xik58fny,2026-07-21T13:38:25Z,npboost,few_shot,3,rmse,0.616919189453125,1.0905676920956224,0.6069322509765624,1.077132880480531,1478.7822830677032,1.134077548980713,0.9942741394042968,2.215770360217995,steps,2,33.0,,,,,,,0.2,3.6649592076212935e-05,20.0,0.9572167377160832,0.0,100.0,16.0,255.0,-1.0,,
npboost-few_shot-steps_2D-seed3,xy134bc5,2026-07-21T12:32:50Z,npboost,few_shot,3,rmse,0.5874246215820312,1.036656394097247,0.582097412109375,1.0321792594065369,3922.282310009002,1.269791603088379,0.856285810470581,1.4761264522872437,steps,2,134.0,,,,,,,0.0,1.5905817778820346e-05,20.0,0.0138796110793157,1.0,20.0,16.0,255.0,-1.0,,
npboost-few_shot-steps_2D-seed4,0gpzhyyn,2026-07-24T01:44:38Z,npboost,few_shot,4,rmse,0.5932847900390625,1.053034872729625,0.58746728515625,1.0423702310209002,1607.2757976055143,1.099421501159668,1.156538963317871,1.5138377716492557,steps,2,38.0,,,,,,,0.0,0.0001380773171791,20.0,0.0190619809185539,1.0,10.0,16.0,255.0,-1.0,,
npboost-few_shot-steps_2D-seed4,4w5r20wh,2026-07-23T17:52:18Z,npboost,few_shot,4,rmse,0.596224853515625,1.052187452459174,0.5861228637695313,1.035943791723153,1328.300244808197,1.1204891204833984,1.246551513671875,1.428361487214737,steps,2,56.0,,,,,,,0.0,0.0008692991511139,10.0,0.1569639638866114,0.0,1000.0,8.0,255.0,-1.0,,
npboost-few_shot-steps_2D-seed4,5ldy776u,2026-07-24T00:38:51Z,npboost,few_shot,4,rmse,0.5905243530273437,1.0430761742755252,0.5827986450195313,1.0302573327015612,1420.191688299179,1.0709669589996338,1.4049949645996094,1.3710404329098982,steps,2,53.0,,,,,,,0.0,0.0008831228248242,10.0,0.3887072196612053,1.0,100.0,8.0,255.0,-1.0,,
npboost-few_shot-steps_2D-seed4,66cg4iwr,2026-07-23T21:10:57Z,npboost,few_shot,4,rmse,0.5848375244140624,1.0364240163961809,0.57533251953125,1.0219734407361485,1369.5342931747437,1.278092384338379,1.173389911651611,1.213249850039368,steps,2,85.0,,,,,,,0.0,0.0001656260589333,5.0,0.655438234354628,0.0,20.0,4.0,255.0,-1.0,,
npboost-few_shot-steps_2D-seed4,6u2nzgdi,2026-07-24T08:32:20Z,npboost,few_shot,4,rmse,0.58778076171875,1.0430818661137518,0.5767238159179687,1.0241107962772138,3978.2036969661713,1.1533689498901367,1.0983140468597412,1.5770160945265848,steps,2,126.0,,,,,,,0.2,0.0001024482973264,20.0,0.0600348399921965,1.0,1000.0,8.0,255.0,-1.0,,
npboost-few_shot-steps_2D-seed4,800wyu4e,2026-07-23T17:18:19Z,npboost,few_shot,4,rmse,0.587305419921875,1.0404134103174971,0.578681640625,1.0280079690291235,2003.66628742218,0.9852738380432128,1.146435022354126,1.6301164966795538,steps,2,150.0,,,,,,,0.2,0.0008536189862866,5.0,0.2335963502626159,0.0,100.0,4.0,255.0,-1.0,,
npboost-few_shot-steps_2D-seed4,8vaqqzvl,2026-07-24T12:13:06Z,npboost,few_shot,4,rmse,0.588505859375,1.0443824940136122,0.5807232666015625,1.0312457765730445,3851.700770139694,0.8188345432281494,1.06489896774292,1.525165488024861,steps,2,127.0,,,,,,,0.2,8.111144333995501e-05,20.0,0.0123280038313677,1.0,10.0,8.0,255.0,-1.0,,
npboost-few_shot-steps_2D-seed4,ar1wgx3s,2026-07-23T23:25:45Z,npboost,few_shot,4,rmse,0.5886416015625,1.043981693422377,0.5774755249023438,1.0226341495242337,1125.7990000247955,1.4513881206512451,1.2799742221832275,1.3105444727919016,steps,2,35.0,,,,,,,0.0,0.0007472397689332,10.0,0.7069476197217992,0.0,20.0,16.0,255.0,-1.0,,
npboost-few_shot-steps_2D-seed4,aspubfxg,2026-07-24T05:56:02Z,npboost,few_shot,4,rmse,0.595202392578125,1.055175743653545,0.5862880249023438,1.0400290655203024,3435.346440076828,1.161499261856079,1.0750279426574707,1.2531219786471568,steps,2,248.0,,,,,,,0.0,1.3840044764106206e-05,5.0,0.7593823221110972,0.0,1000.0,8.0,255.0,-1.0,,
npboost-few_shot-steps_2D-seed4,av6dvlfr,2026-07-23T16:08:36Z,npboost,few_shot,4,rmse,0.5994808349609375,1.0636049842110304,0.597319091796875,1.0620488631005962,1213.7962021827698,1.1211450099945068,1.0416464805603027,1.5226326464459303,steps,2,79.0,,,,,,,0.2,0.0002910635913133,5.0,0.0130667392380532,0.0,100.0,4.0,255.0,-1.0,,
npboost-few_shot-steps_2D-seed4,c1c2zuqh,2026-07-24T11:18:20Z,npboost,few_shot,4,rmse,0.6007022094726563,1.066269451150322,0.6008035888671875,1.065269865874437,1202.9107694625854,1.0345208644866943,0.8773243427276611,1.5249016086286429,steps,2,24.0,,,,,,,0.0,0.0003583387974072,20.0,0.0166876416291958,0.0,10.0,8.0,255.0,-1.0,,
npboost-few_shot-steps_2D-seed4,cskb5huf,2026-07-23T16:29:34Z,npboost,few_shot,4,rmse,0.5913592529296875,1.0496958513629135,0.583421630859375,1.0355845546130111,2888.486316204071,0.9834384918212892,0.8644707202911377,1.4815410063356116,steps,2,148.0,,,,,,,0.2,7.309539835912905e-05,10.0,0.0383962929980417,1.0,10.0,8.0,255.0,-1.0,,
npboost-few_shot-steps_2D-seed4,d3j5ovbn,2026-07-23T23:44:44Z,npboost,few_shot,4,rmse,0.5855755615234375,1.0385937963293534,0.578959716796875,1.0275320269389463,1886.756514787674,1.200721025466919,1.1849968433380127,1.28621646787911,steps,2,41.0,,,,,,,0.0,4.764963542138518e-05,20.0,0.5945287330479982,0.0,100.0,16.0,255.0,-1.0,,
npboost-few_shot-steps_2D-seed4,dzw6ipat,2026-07-24T06:53:40Z,npboost,few_shot,4,rmse,0.5926470947265625,1.0510927662750815,0.57447314453125,1.0195407202155549,4236.965297937393,1.0902321338653564,1.179863214492798,1.4334784692624505,steps,2,132.0,,,,,,,0.0,1.5905817778820346e-05,20.0,0.0138796110793157,1.0,20.0,16.0,255.0,-1.0,,
npboost-few_shot-steps_2D-seed4,e4n01f58,2026-07-24T09:39:55Z,npboost,few_shot,4,rmse,0.5876370239257812,1.0403212274409688,0.5766624755859375,1.0218881015557633,3070.489407539368,0.9937148094177246,1.228621482849121,1.535230833518677,steps,2,163.0,,,,,,,0.2,0.0002213282815989,10.0,0.0152199142675109,0.0,100.0,16.0,255.0,-1.0,,
npboost-few_shot-steps_2D-seed4,gkgcd2mq,2026-07-23T19:22:50Z,npboost,few_shot,4,rmse,0.5831835327148438,1.0344744576683682,0.5774421997070313,1.0250342733687785,3774.177456140518,0.9912803173065186,1.1922683715820312,1.3139783878305709,steps,2,114.0,,,,,,,0.0,1.1241862095793047e-05,20.0,0.0425316236379087,1.0,100.0,8.0,255.0,-1.0,,
npboost-few_shot-steps_2D-seed4,j4xqbznw,2026-07-24T02:12:44Z,npboost,few_shot,4,rmse,0.5876708374023437,1.043048653940769,0.5730392456054687,1.0174467710098487,2144.382035970688,0.9008359909057616,1.005737066268921,1.691919520227614,steps,2,104.0,,,,,,,0.2,0.0001053621921034,10.0,0.2534741961949762,1.0,1000.0,16.0,255.0,-1.0,,
npboost-few_shot-steps_2D-seed4,lgp9bbv7,2026-07-24T00:16:53Z,npboost,few_shot,4,rmse,0.6081968383789063,1.0768810460290368,0.6096884765625,1.08389903471673,1306.063336133957,0.7523727416992188,0.8884620666503906,1.9820087591261923,steps,2,76.0,,,,,,,0.2,0.0001251605833757,5.0,0.2656797431288616,1.0,100.0,4.0,255.0,-1.0,,
npboost-few_shot-steps_2D-seed4,o1fajzhw,2026-07-23T20:41:37Z,npboost,few_shot,4,rmse,0.595388427734375,1.055871573645318,0.5812699584960938,1.031047206134629,1747.7030897140503,1.0793964862823486,1.194962978363037,1.7435905333949726,steps,2,37.0,,,,,,,0.2,6.83631406502272e-05,20.0,0.768810680147495,1.0,100.0,8.0,255.0,-1.0,,
npboost-few_shot-steps_2D-seed4,p41i401g,2026-07-24T05:28:31Z,npboost,few_shot,4,rmse,0.5902294921875,1.0474114907735723,0.5808314208984375,1.0308907678066053,1597.92249751091,1.1158626079559326,1.0783095359802246,1.4612908635144275,steps,2,72.0,,,,,,,0.0,8.878664758716842e-05,10.0,0.0222025951448105,0.0,20.0,16.0,255.0,-1.0,,
npboost-few_shot-steps_2D-seed4,pjnq7919,2026-07-23T21:34:01Z,npboost,few_shot,4,rmse,0.5866597900390625,1.0375175632096445,0.5717880249023437,1.0136212142138448,6689.47062754631,1.283397912979126,1.152108907699585,1.5851703444176088,steps,2,214.0,,,,,,,0.2,0.0001849521658972,20.0,0.0438086761972578,0.0,20.0,8.0,255.0,-1.0,,
npboost-few_shot-steps_2D-seed4,qrybvj8i,2026-07-24T08:04:35Z,npboost,few_shot,4,rmse,0.6064842529296876,1.076972961519913,0.5979044189453125,1.061983819469883,1634.2285492420197,0.8812150955200195,0.8508679866790771,2.2031056613306967,steps,2,37.0,,,,,,,0.2,3.6649592076212935e-05,20.0,0.9572167377160832,0.0,100.0,16.0,255.0,-1.0,,
npboost-few_shot-steps_2D-seed4,rl3dd9n7,2026-07-24T13:18:26Z,npboost,few_shot,4,rmse,0.6013211669921875,1.066160043522723,0.5929761962890625,1.0524700441165264,985.1302165985109,0.930039644241333,0.8109052181243896,1.500428830117994,steps,2,63.0,,,,,,,0.0,0.0008887704677237,5.0,0.0415963508411869,0.0,1000.0,4.0,255.0,-1.0,,
npboost-few_shot-steps_2D-seed4,sqfswpnz,2026-07-24T05:03:53Z,npboost,few_shot,4,rmse,0.597241943359375,1.0590021210580929,0.597595458984375,1.0615795231355587,1428.3751678466797,1.306396484375,1.25962495803833,1.5429959491632077,steps,2,59.0,,,,,,,0.2,0.0002091196066971,10.0,0.1284423092280945,0.0,100.0,4.0,255.0,-1.0,,
npboost-few_shot-steps_2D-seed4,t09p9xhz,2026-07-24T02:48:40Z,npboost,few_shot,4,rmse,0.5904807739257812,1.049031761791139,0.583251708984375,1.0343063076207235,5359.9427626132965,1.078749179840088,1.252882719039917,1.3070575569470522,steps,2,295.0,,,,,,,0.2,1.1508017135300922e-05,10.0,0.0179523383684912,1.0,20.0,16.0,255.0,-1.0,,
npboost-few_shot-steps_2D-seed4,tbihvhuo,2026-07-23T18:14:55Z,npboost,few_shot,4,rmse,0.5997252807617187,1.0642377038234585,0.5878848266601563,1.043496765565932,2167.156724691391,1.198683261871338,1.066899299621582,1.4053019514518632,steps,2,56.0,,,,,,,0.2,1.913588048769229e-05,20.0,0.3503398491158687,0.0,10.0,8.0,255.0,-1.0,,
npboost-few_shot-steps_2D-seed4,tbny40jx,2026-07-24T04:18:48Z,npboost,few_shot,4,rmse,0.5844251708984375,1.037708320616355,0.5795169677734375,1.0299106578560595,2692.253054857254,1.0828123092651367,0.953498601913452,1.5333454188926343,steps,2,131.0,,,,,,,0.2,0.0001077955162095,10.0,0.0754992854618303,0.0,10.0,16.0,255.0,-1.0,,
npboost-few_shot-steps_2D-seed4,v3vosaec,2026-07-23T20:26:44Z,npboost,few_shot,4,rmse,0.5956851806640625,1.057495260297328,0.588532958984375,1.0436659503762655,831.1752662658691,1.0009517669677734,0.8757069110870361,1.2244414199402534,steps,2,40.0,,,,,,,0.0,0.0001848449172098,5.0,0.6097025297491431,1.0,10.0,16.0,255.0,-1.0,,
npboost-few_shot-steps_2D-seed4,y0oe4ls0,2026-07-24T11:39:23Z,npboost,few_shot,4,rmse,0.5928052368164063,1.0528782430895325,0.5839417114257812,1.0365338012594347,1982.638789653778,1.0544729232788086,1.2269599437713623,1.506629116220351,steps,2,56.0,,,,,,,0.0,3.7275559646016336e-05,20.0,0.0105756957788887,0.0,100.0,8.0,255.0,-1.0,,
npboost-few_shot-steps_2D-seed4,ybc3lask,2026-07-24T10:31:18Z,npboost,few_shot,4,rmse,0.5836266479492187,1.0359838059433262,0.578476806640625,1.0274198203538465,2777.369898557663,1.0758171081542969,1.1632695198059082,1.2241473266190204,steps,2,87.0,,,,,,,0.0,1.4730368526805258e-05,20.0,0.2585142302046639,1.0,10.0,8.0,255.0,-1.0,,
npboost-few_shot-steps_2D-seed4,zka3bbx6,2026-07-23T18:52:23Z,npboost,few_shot,4,rmse,0.5808023071289062,1.0303230797945528,0.5747490234375,1.0208709783182874,1813.0250549316409,1.051239013671875,1.102581024169922,1.250567558771235,steps,2,45.0,,,,,,,0.0,4.589824181495648e-05,20.0,0.2878805718308923,1.0,1000.0,8.0,255.0,-1.0,,
npboost-few_shot-steps_2D-seed4,zzg8htq0,2026-07-24T01:03:09Z,npboost,few_shot,4,rmse,0.5855003051757812,1.0362945525538607,0.5777166137695312,1.024938415347174,2475.662137031555,1.2408368587493896,1.2022254467010498,1.542640025629796,steps,2,68.0,,,,,,,0.2,0.0006756608892518,20.0,0.0718403263658167,0.0,10.0,16.0,255.0,-1.0,,
anpboost-in_context-steps_2D-seed0,0ldstex3,2026-07-21T01:02:22Z,anpboost,in_context,0,rmse,0.5268360677083334,0.93444553399055,0.5287951822916667,0.937081332706674,2302.5093808174133,2.340178966522217,2.2900469303131104,1.542158858140776,steps,2,71.0,,,,,,,0.0,3.7275559646016336e-05,20.0,0.0105756957788887,0.0,100.0,8.0,255.0,-1.0,,
anpboost-in_context-steps_2D-seed0,2i1985q7,2026-07-20T11:36:10Z,anpboost,in_context,0,rmse,0.5058015950520833,0.896449821726087,0.5055151041666667,0.89523895710671,1395.9527823925018,2.679631233215332,2.743227243423462,1.7173954866733978,steps,2,118.0,,,,,,,0.0,0.0001656260589333,5.0,0.655438234354628,0.0,20.0,4.0,255.0,-1.0,,
anpboost-in_context-steps_2D-seed0,5ecztwaj,2026-07-21T02:52:26Z,anpboost,in_context,0,rmse,0.5079713216145834,0.9000345467349743,0.5090279947916667,0.903214451628092,1443.5432245731354,2.836804151535034,3.0590760707855225,1.5537128734013774,steps,2,128.0,,,,,,,0.0,0.0008887704677237,5.0,0.0415963508411869,0.0,1000.0,4.0,255.0,-1.0,,
anpboost-in_context-steps_2D-seed0,5f5g32sn,2026-07-20T21:09:11Z,anpboost,in_context,0,rmse,0.608304296875,1.0778573293589555,0.6116791666666667,1.083426237282464,763.5822439193726,2.3528902530670166,2.37064528465271,1.894386277495291,steps,2,4.0,,,,,,,0.2,3.6649592076212935e-05,20.0,0.9572167377160832,0.0,100.0,16.0,255.0,-1.0,,
anpboost-in_context-steps_2D-seed0,62dypyux,2026-07-20T15:31:22Z,anpboost,in_context,0,rmse,0.5212976888020834,0.9238359931224012,0.5191955403645834,0.9203413724131834,1464.4088699817655,2.426011085510254,1.941878080368042,1.5384365684412116,steps,2,35.0,,,,,,,0.0,0.0001380773171791,20.0,0.0190619809185539,1.0,10.0,16.0,255.0,-1.0,,
anpboost-in_context-steps_2D-seed0,8iybzw06,2026-07-20T14:22:23Z,anpboost,in_context,0,rmse,0.5043439127604167,0.8914569907923326,0.5033494140625,0.8908073105981192,1424.0171070098877,2.550431251525879,2.308666706085205,1.3982399258864386,steps,2,70.0,,,,,,,0.0,0.0008831228248242,10.0,0.3887072196612053,1.0,100.0,8.0,255.0,-1.0,,
anpboost-in_context-steps_2D-seed0,96fjmyri,2026-07-20T13:30:58Z,anpboost,in_context,0,rmse,0.5090785807291667,0.9020874015471582,0.5060176106770833,0.8989916325335909,1819.2641768455503,2.475993156433105,2.144194364547729,1.445578122375194,steps,2,48.0,,,,,,,0.0,4.764963542138518e-05,20.0,0.5945287330479982,0.0,100.0,16.0,255.0,-1.0,,
anpboost-in_context-steps_2D-seed0,9p698wk6,2026-07-20T19:56:12Z,anpboost,in_context,0,rmse,0.5188878580729167,0.9174274370814725,0.518992578125,0.9192188188911098,4350.832051038742,2.9637680053710938,2.721995115280152,1.5111909926266422,steps,2,149.0,,,,,,,0.0,1.5905817778820346e-05,20.0,0.0138796110793157,1.0,20.0,16.0,255.0,-1.0,,
anpboost-in_context-steps_2D-seed0,crsteddw,2026-07-20T08:40:25Z,anpboost,in_context,0,rmse,0.5793360026041666,1.0262512766722038,0.5809348958333334,1.02944851811116,1025.404982328415,2.6456706523895264,2.528040647506714,1.6872300886613634,steps,2,15.0,,,,,,,0.2,1.913588048769229e-05,20.0,0.3503398491158687,0.0,10.0,8.0,255.0,-1.0,,
anpboost-in_context-steps_2D-seed0,dxv9buhe,2026-07-20T14:01:39Z,anpboost,in_context,0,rmse,0.5413377604166667,0.9631434846656968,0.5456996419270833,0.9719684713227502,1220.8936688899994,2.84202241897583,2.5165884494781494,2.32237908734964,steps,2,96.0,,,,,,,0.2,0.0001251605833757,5.0,0.2656797431288616,1.0,100.0,4.0,255.0,-1.0,,
anpboost-in_context-steps_2D-seed0,erv842j5,2026-07-20T08:57:53Z,anpboost,in_context,0,rmse,0.5133161458333333,0.909081561373138,0.5131790364583333,0.9091900691459276,2270.194846868515,2.405290126800537,2.6290152072906494,1.466650546619735,steps,2,68.0,,,,,,,0.0,4.589824181495648e-05,20.0,0.2878805718308923,1.0,1000.0,8.0,255.0,-1.0,,
anpboost-in_context-steps_2D-seed0,fwwfbrzl,2026-07-20T18:02:54Z,anpboost,in_context,0,rmse,0.5053538411458334,0.8969578571392068,0.5038360026041667,0.8959242877589756,2647.0824444293976,2.537367582321167,2.5469024181365967,1.868646807479907,steps,2,158.0,,,,,,,0.2,0.0002091196066971,10.0,0.1284423092280945,0.0,100.0,4.0,255.0,-1.0,,
anpboost-in_context-steps_2D-seed0,gxiyihbk,2026-07-20T19:19:05Z,anpboost,in_context,0,rmse,0.5239326822916667,0.9277316538251008,0.5260736002604167,0.9325854481142494,1982.878793001175,2.106496810913086,2.7552366256713867,1.443159202061385,steps,2,184.0,,,,,,,0.0,1.3840044764106206e-05,5.0,0.7593823221110972,0.0,1000.0,8.0,255.0,-1.0,,
anpboost-in_context-steps_2D-seed0,i1sn3uwa,2026-07-20T06:26:34Z,anpboost,in_context,0,rmse,0.5091806640625,0.9024309689778304,0.51031591796875,0.9071419533060404,1199.116837978363,1.0023562908172607,1.1136415004730225,1.5650087811598357,steps,2,185.0,,,,,,,0.2,0.0002910635913133,5.0,0.0130667392380532,0.0,100.0,4.0,255.0,-1.0,,
anpboost-in_context-steps_2D-seed0,jcgspoub,2026-07-21T00:38:55Z,anpboost,in_context,0,rmse,0.5184546549479166,0.9186062054279144,0.5166140950520833,0.9156452137191028,1384.59317612648,2.7666680812835693,2.904203176498413,1.5425856813907222,steps,2,32.0,,,,,,,0.0,0.0003583387974072,20.0,0.0166876416291958,0.0,10.0,8.0,255.0,-1.0,,
anpboost-in_context-steps_2D-seed0,kvp3z9lm,2026-07-20T22:52:26Z,anpboost,in_context,0,rmse,0.5023898111979167,0.8901994587747258,0.5003650065104167,0.8878633987034802,2671.8705956935883,2.2381324768066406,2.8287642002105717,1.5768214150723512,steps,2,158.0,,,,,,,0.2,0.0002213282815989,10.0,0.0152199142675109,0.0,100.0,16.0,255.0,-1.0,,
anpboost-in_context-steps_2D-seed0,lp6zmr67,2026-07-21T01:41:07Z,anpboost,in_context,0,rmse,0.5049725911458334,0.8962498204805891,0.5027360677083333,0.892481779920281,4256.162841796875,2.3858447074890137,2.552087783813477,1.573532727433697,steps,2,146.0,,,,,,,0.2,8.111144333995501e-05,20.0,0.0123280038313677,1.0,10.0,8.0,255.0,-1.0,,
anpboost-in_context-steps_2D-seed0,ls8ge8ix,2026-07-20T06:46:51Z,anpboost,in_context,0,rmse,0.5066651041666667,0.8994355750720658,0.5066997721354166,0.9013338519833908,3537.7082509994507,2.5824406147003174,2.3277387619018555,1.7519546309009693,steps,2,260.0,,,,,,,0.2,7.309539835912905e-05,10.0,0.0383962929980417,1.0,10.0,8.0,255.0,-1.0,,
anpboost-in_context-steps_2D-seed0,mi0hsup9,2026-07-20T13:13:15Z,anpboost,in_context,0,rmse,0.5129444010416667,0.9077667862402444,0.50953525390625,0.9040510458366592,1040.5386815071106,1.930375576019287,2.147751808166504,1.293390990170746,steps,2,44.0,,,,,,,0.0,0.0007472397689332,10.0,0.7069476197217992,0.0,20.0,16.0,255.0,-1.0,,
anpboost-in_context-steps_2D-seed0,n9g720wd,2026-07-20T14:46:29Z,anpboost,in_context,0,rmse,0.5029631510416667,0.8902865757710621,0.5025656901041666,0.8890889682477409,2670.612632274628,2.6519675254821777,2.722653388977051,1.5918453954759342,steps,2,82.0,,,,,,,0.2,0.0006756608892518,20.0,0.0718403263658167,0.0,10.0,16.0,255.0,-1.0,,
anpboost-in_context-steps_2D-seed0,nfjqajm4,2026-07-20T07:46:12Z,anpboost,in_context,0,rmse,0.5057169921875,0.8971258082259241,0.5079993489583333,0.9022331597874796,1725.0485773086548,2.445685148239136,2.810469150543213,1.7041762441839636,steps,2,161.0,,,,,,,0.2,0.0008536189862866,5.0,0.2335963502626159,0.0,100.0,4.0,255.0,-1.0,,
anpboost-in_context-steps_2D-seed0,p5sn9xse,2026-07-20T09:36:05Z,anpboost,in_context,0,rmse,0.5163546223958333,0.9141954172910326,0.5130005208333334,0.9099151137257928,5043.948377609253,2.8274688720703125,2.432283401489258,1.4596262079586824,steps,2,179.0,,,,,,,0.0,1.1241862095793047e-05,20.0,0.0425316236379087,1.0,100.0,8.0,255.0,-1.0,,
anpboost-in_context-steps_2D-seed0,r4aroim5,2026-07-20T17:11:52Z,anpboost,in_context,0,rmse,0.51104921875,0.9057903548304884,0.50847177734375,0.901348656281567,3039.395346403122,2.75989317893982,2.534810781478882,2.024766118508813,steps,2,187.0,,,,,,,0.2,0.0001077955162095,10.0,0.0754992854618303,0.0,10.0,16.0,255.0,-1.0,,
anpboost-in_context-steps_2D-seed0,siixs2nw,2026-07-20T15:56:09Z,anpboost,in_context,0,rmse,0.548484765625,0.9745629528613752,0.5481569661458333,0.9746598045217288,1100.4067378044128,2.468204498291016,2.919445514678955,2.459008651453636,steps,2,51.0,,,,,,,0.2,0.0001053621921034,10.0,0.2534741961949762,1.0,1000.0,16.0,255.0,-1.0,,
anpboost-in_context-steps_2D-seed0,t0ep90ck,2026-07-20T23:37:21Z,anpboost,in_context,0,rmse,0.5045782552083333,0.8936673920266396,0.5034056966145833,0.8933632892402108,3671.6911327838898,2.4393744468688965,2.2084128856658936,1.3065785059672077,steps,2,128.0,,,,,,,0.0,1.4730368526805258e-05,20.0,0.2585142302046639,1.0,10.0,8.0,255.0,-1.0,,
anpboost-in_context-steps_2D-seed0,tzeb91uo,2026-07-20T18:47:25Z,anpboost,in_context,0,rmse,0.51879833984375,0.9188432232978712,0.5188184244791667,0.9191430768955094,1875.0006532669067,2.747233390808105,2.6357669830322266,1.5201478670985606,steps,2,105.0,,,,,,,0.0,8.878664758716842e-05,10.0,0.0222025951448105,0.0,20.0,16.0,255.0,-1.0,,
anpboost-in_context-steps_2D-seed0,wuusr23x,2026-07-20T11:20:21Z,anpboost,in_context,0,rmse,0.5772910807291667,1.0234783244209995,0.5818848958333334,1.0355155592609642,926.0364141464232,2.674082040786743,2.578588962554932,2.114561413991804,steps,2,11.0,,,,,,,0.2,6.83631406502272e-05,20.0,0.768810680147495,1.0,100.0,8.0,255.0,-1.0,,
anpboost-in_context-steps_2D-seed0,wy8gk10s,2026-07-20T11:00:32Z,anpboost,in_context,0,rmse,0.5130193359375,0.9096515840299026,0.5120268229166667,0.9097395226855688,1166.8606588840485,2.735302448272705,2.2041730880737305,1.425403964892278,steps,2,99.0,,,,,,,0.0,0.0001848449172098,5.0,0.6097025297491431,1.0,10.0,16.0,255.0,-1.0,,
anpboost-in_context-steps_2D-seed0,x0a0qtvn,2026-07-20T16:14:52Z,anpboost,in_context,0,rmse,0.5466405598958334,0.9690912538007754,0.5470092447916667,0.97001987794918,3397.940450191498,2.49188494682312,2.3596131801605225,1.679085575100933,steps,2,211.0,,,,,,,0.2,1.1508017135300922e-05,10.0,0.0179523383684912,1.0,20.0,16.0,255.0,-1.0,,
anpboost-in_context-steps_2D-seed0,xo127q0c,2026-07-20T08:15:19Z,anpboost,in_context,0,rmse,0.51061435546875,0.9027479912135534,0.5083017578125,0.9005162336742708,1482.9629554748535,2.5546658039093018,2.548872232437134,1.4810152027153003,steps,2,77.0,,,,,,,0.0,0.0008692991511139,10.0,0.1569639638866114,0.0,1000.0,8.0,255.0,-1.0,,
anpboost-in_context-steps_2D-seed0,yo50t49m,2026-07-20T21:22:17Z,anpboost,in_context,0,rmse,0.5054418294270834,0.8938665157973794,0.5011408203125,0.8887453723955306,5385.6455862522125,2.682668924331665,2.289186716079712,1.7183576446480788,steps,2,189.0,,,,,,,0.2,0.0001024482973264,20.0,0.0600348399921965,1.0,1000.0,8.0,255.0,-1.0,,
anpboost-in_context-steps_2D-seed0,z4xdblaf,2026-07-20T11:59:49Z,anpboost,in_context,0,rmse,0.5032152994791667,0.8895593052589555,0.5010624348958334,0.8881087570145023,4382.774129152298,3.173893690109253,2.7775118350982666,1.6201324963020454,steps,2,146.0,,,,,,,0.2,0.0001849521658972,20.0,0.0438086761972578,0.0,20.0,8.0,255.0,-1.0,,
anpboost-in_context-steps_2D-seed1,1qctku9p,2026-07-23T03:23:53Z,anpboost,in_context,1,rmse,0.58435625,1.035308469924026,0.5869787760416667,1.036948053376911,1314.4526364803314,6.236385583877564,6.559243679046631,2.218509741838828,steps,2,7.0,,,,,,,0.2,3.6649592076212935e-05,20.0,0.9572167377160832,0.0,100.0,16.0,255.0,-1.0,,
anpboost-in_context-steps_2D-seed1,1ru37r52,2026-07-22T04:18:38Z,anpboost,in_context,1,rmse,0.50034482421875,0.8877983070050341,0.5060360677083333,0.8952458532045754,2340.329014539718,6.400165319442749,7.0142881870269775,1.463687655173863,steps,2,66.0,,,,,,,0.0,0.0008692991511139,10.0,0.1569639638866114,0.0,1000.0,8.0,255.0,-1.0,,
anpboost-in_context-steps_2D-seed1,28llo9f8,2026-07-22T13:30:44Z,anpboost,in_context,1,rmse,0.49920283203125,0.8854503748976428,0.4997543294270833,0.8855451126191346,3272.117521762848,6.9892897605896,7.93497371673584,1.2986278909868063,steps,2,49.0,,,,,,,0.0,4.764963542138518e-05,20.0,0.5945287330479982,0.0,100.0,16.0,255.0,-1.0,,
anpboost-in_context-steps_2D-seed1,2km4hfh9,2026-07-22T03:32:50Z,anpboost,in_context,1,rmse,0.5048142252604166,0.8975449763829573,0.5093600260416666,0.9021714557124574,2712.953409433365,6.805069923400879,7.017293214797974,1.7370263593682664,steps,2,125.0,,,,,,,0.2,0.0008536189862866,5.0,0.2335963502626159,0.0,100.0,4.0,255.0,-1.0,,
anpboost-in_context-steps_2D-seed1,3p0v0kg9,2026-07-23T08:06:10Z,anpboost,in_context,1,rmse,0.512572265625,0.9078033166204066,0.5168767578125,0.91163234539563,2172.614322662353,5.572536706924439,5.656649112701416,1.5360239458304572,steps,2,34.0,,,,,,,0.0,0.0003583387974072,20.0,0.0166876416291958,0.0,10.0,8.0,255.0,-1.0,,
anpboost-in_context-steps_2D-seed1,5ks0z18m,2026-07-23T08:43:54Z,anpboost,in_context,1,rmse,0.5173421223958333,0.9176168325945038,0.5225710611979166,0.9238843451761518,4153.819980382919,5.441266298294067,4.327732801437378,1.5362575590629588,steps,2,86.0,,,,,,,0.0,3.7275559646016336e-05,20.0,0.0105756957788887,0.0,100.0,8.0,255.0,-1.0,,
anpboost-in_context-steps_2D-seed1,689sq360,2026-07-22T06:36:53Z,anpboost,in_context,1,rmse,0.5049954752604167,0.895821033169083,0.5091048177083334,0.9012047344813698,9507.174072742462,8.142128944396973,7.250760316848755,1.4471127067918863,steps,2,200.0,,,,,,,0.0,1.1241862095793047e-05,20.0,0.0425316236379087,1.0,100.0,8.0,255.0,-1.0,,
anpboost-in_context-steps_2D-seed1,6se4fu0w,2026-07-23T01:01:35Z,anpboost,in_context,1,rmse,0.5225570963541667,0.926898812934954,0.52737724609375,0.9330284106017876,2003.187424898148,6.372195243835449,5.504087924957275,1.2246756425037693,steps,2,96.0,,,,,,,0.0,1.3840044764106206e-05,5.0,0.7593823221110972,0.0,1000.0,8.0,255.0,-1.0,,
anpboost-in_context-steps_2D-seed1,8duvivdo,2026-07-22T18:57:38Z,anpboost,in_context,1,rmse,0.5258813151041667,0.9331227010839792,0.5286798502604166,0.9358983519137016,9824.34071135521,6.756470680236816,7.654391765594482,1.785184302050201,steps,2,341.0,,,,,,,0.2,1.1508017135300922e-05,10.0,0.0179523383684912,1.0,20.0,16.0,255.0,-1.0,,
anpboost-in_context-steps_2D-seed1,at3obmro,2026-07-22T14:25:54Z,anpboost,in_context,1,rmse,0.5348177083333333,0.9499470176169486,0.5396691080729167,0.95836260680124,2571.4497294425964,6.523616552352905,6.476745128631592,2.3192901435618665,steps,2,103.0,,,,,,,0.2,0.0001251605833757,5.0,0.2656797431288616,1.0,100.0,4.0,255.0,-1.0,,
anpboost-in_context-steps_2D-seed1,b1srhesh,2026-07-22T09:16:16Z,anpboost,in_context,1,rmse,0.50562607421875,0.8976646548541728,0.5094640625,0.9024829083610696,2114.2364773750305,7.580988645553589,8.353986978530884,1.352630729212197,steps,2,80.0,,,,,,,0.0,0.0001848449172098,5.0,0.6097025297491431,1.0,10.0,16.0,255.0,-1.0,,
anpboost-in_context-steps_2D-seed1,bh9now86,2026-07-22T17:19:18Z,anpboost,in_context,1,rmse,0.51573369140625,0.9144740580060288,0.5162709635416667,0.9131563844812194,2719.176065206528,6.227452278137207,6.454500675201416,1.5317261367763613,steps,2,40.0,,,,,,,0.0,0.0001380773171791,20.0,0.0190619809185539,1.0,10.0,16.0,255.0,-1.0,,
anpboost-in_context-steps_2D-seed1,c4zspuni,2026-07-22T00:41:26Z,anpboost,in_context,1,rmse,0.5069824869791667,0.9016007667806494,0.507784765625,0.9008557170065132,3397.3559925556183,5.734981536865234,6.633315563201904,1.560204953287257,steps,2,158.0,,,,,,,0.2,0.0002910635913133,5.0,0.0130667392380532,0.0,100.0,4.0,255.0,-1.0,,
anpboost-in_context-steps_2D-seed1,cvfdolnk,2026-07-22T15:09:21Z,anpboost,in_context,1,rmse,0.5004899088541667,0.8860174929905457,0.5068609375,0.8935561194121063,2618.5719158649445,8.039506435394287,7.847821474075317,1.4618296071231804,steps,2,67.0,,,,,,,0.0,0.0008831228248242,10.0,0.3887072196612053,1.0,100.0,8.0,255.0,-1.0,,
anpboost-in_context-steps_2D-seed1,ewmw4fba,2026-07-23T03:46:22Z,anpboost,in_context,1,rmse,0.4975116861979167,0.8853960884490292,0.4991326171875,0.8861931690149323,4845.315998792648,5.390271425247192,5.810312509536743,1.6431739414602209,steps,2,97.0,,,,,,,0.2,0.0001024482973264,20.0,0.0600348399921965,1.0,1000.0,8.0,255.0,-1.0,,
anpboost-in_context-steps_2D-seed1,exyen8wq,2026-07-23T11:54:46Z,anpboost,in_context,1,rmse,0.5064328450520833,0.8995296040086052,0.5082296875,0.899800687381693,2421.9168696403503,6.170803546905518,4.971474885940552,1.5379791918205936,steps,2,135.0,,,,,,,0.0,0.0008887704677237,5.0,0.0415963508411869,0.0,1000.0,4.0,255.0,-1.0,,
anpboost-in_context-steps_2D-seed1,fkb55mqi,2026-07-23T01:35:36Z,anpboost,in_context,1,rmse,0.5108430989583334,0.9066802700377488,0.5150094401041667,0.911189045684635,6440.977851867676,5.199810266494751,4.344452142715454,1.5051156339930918,steps,2,138.0,,,,,,,0.0,1.5905817778820346e-05,20.0,0.0138796110793157,1.0,20.0,16.0,255.0,-1.0,,
anpboost-in_context-steps_2D-seed1,hxpgcptc,2026-07-23T00:24:50Z,anpboost,in_context,1,rmse,0.5113358072916667,0.9080817989957766,0.5144292317708333,0.9110542426077696,2170.133579015732,6.5999674797058105,5.553537607192993,1.50823100588226,steps,2,65.0,,,,,,,0.0,8.878664758716842e-05,10.0,0.0222025951448105,0.0,20.0,16.0,255.0,-1.0,,
anpboost-in_context-steps_2D-seed1,kvq50tk2,2026-07-22T12:55:32Z,anpboost,in_context,1,rmse,0.5066345703125,0.8984927299307571,0.5102594401041667,0.9029055523202107,2074.521306991577,7.696933031082153,7.154716968536377,1.460920825706066,steps,2,50.0,,,,,,,0.0,0.0007472397689332,10.0,0.7069476197217992,0.0,20.0,16.0,255.0,-1.0,,
anpboost-in_context-steps_2D-seed1,kzs8w9w8,2026-07-23T06:30:13Z,anpboost,in_context,1,rmse,0.4953085286458333,0.8789411263076631,0.4996942708333333,0.8849096524010666,5724.518440485001,5.390953063964844,4.282376289367676,1.3354340017099502,steps,2,133.0,,,,,,,0.0,1.4730368526805258e-05,20.0,0.2585142302046639,1.0,10.0,8.0,255.0,-1.0,,
anpboost-in_context-steps_2D-seed1,lfgyl4rz,2026-07-22T23:06:41Z,anpboost,in_context,1,rmse,0.4978553385416667,0.8853525216224603,0.5052247721354167,0.8958833416770584,4654.736223220825,6.799397230148315,7.056695222854614,1.7554460605565936,steps,2,154.0,,,,,,,0.2,0.0002091196066971,10.0,0.1284423092280945,0.0,100.0,4.0,255.0,-1.0,,
anpboost-in_context-steps_2D-seed1,mb8h0suv,2026-07-22T01:38:39Z,anpboost,in_context,1,rmse,0.5000697916666667,0.8899976278403031,0.5036080403645833,0.8935355182517267,6815.097474813461,6.474939584732056,5.340031385421753,1.7058148012549348,steps,2,238.0,,,,,,,0.2,7.309539835912905e-05,10.0,0.0383962929980417,1.0,10.0,8.0,255.0,-1.0,,
anpboost-in_context-steps_2D-seed1,mt2mypo8,2026-07-22T09:52:09Z,anpboost,in_context,1,rmse,0.5637346354166667,1.00107118793654,0.5657319010416667,1.001531283294211,1902.7716302871704,8.300940036773682,8.47606348991394,2.271184540451192,steps,2,15.0,,,,,,,0.2,6.83631406502272e-05,20.0,0.768810680147495,1.0,100.0,8.0,255.0,-1.0,,
anpboost-in_context-steps_2D-seed1,n2pnxo6f,2026-07-22T21:42:05Z,anpboost,in_context,1,rmse,0.5047494466145833,0.8966659113397951,0.5087222981770834,0.90224202033465,4984.517399072647,7.404653072357178,7.23963189125061,1.8841612870743063,steps,2,162.0,,,,,,,0.2,0.0001077955162095,10.0,0.0754992854618303,0.0,10.0,16.0,255.0,-1.0,,
anpboost-in_context-steps_2D-seed1,peiex3hx,2026-07-23T05:08:36Z,anpboost,in_context,1,rmse,0.49900458984375,0.8863761334357022,0.5004600260416666,0.8861482687904788,4857.8427102565765,5.895186901092529,5.23832106590271,1.5813177676864147,steps,2,188.0,,,,,,,0.2,0.0002213282815989,10.0,0.0152199142675109,0.0,100.0,16.0,255.0,-1.0,,
anpboost-in_context-steps_2D-seed1,pijl0aub,2026-07-23T09:54:21Z,anpboost,in_context,1,rmse,0.5000060546875,0.8885991526541951,0.5011376627604167,0.8884291991332207,7193.309606552124,5.772801876068115,5.113865613937378,1.5612031798299533,steps,2,168.0,,,,,,,0.2,8.111144333995501e-05,20.0,0.0123280038313677,1.0,10.0,8.0,255.0,-1.0,,
anpboost-in_context-steps_2D-seed1,q3mi9kdw,2026-07-22T05:34:20Z,anpboost,in_context,1,rmse,0.504337890625,0.8954664988976933,0.5053142578125,0.8946968907682495,3718.726936340332,5.7187888622283936,6.622305870056152,1.374253825908059,steps,2,67.0,,,,,,,0.0,4.589824181495648e-05,20.0,0.2878805718308923,1.0,1000.0,8.0,255.0,-1.0,,
anpboost-in_context-steps_2D-seed1,uvbislle,2026-07-22T10:24:59Z,anpboost,in_context,1,rmse,0.5020132161458334,0.8933071362777297,0.5070333333333333,0.8994309169425057,2811.8030037879944,7.558391094207764,8.304113388061523,1.39683641283344,steps,2,112.0,,,,,,,0.0,0.0001656260589333,5.0,0.655438234354628,0.0,20.0,4.0,255.0,-1.0,,
anpboost-in_context-steps_2D-seed1,vcwre8z1,2026-07-22T11:13:17Z,anpboost,in_context,1,rmse,0.495063671875,0.8776387048948483,0.4978419921875,0.8807005519370535,6099.23446893692,7.00359034538269,6.907177209854126,1.6079495089485552,steps,2,111.0,,,,,,,0.2,0.0001849521658972,20.0,0.0438086761972578,0.0,20.0,8.0,255.0,-1.0,,
anpboost-in_context-steps_2D-seed1,vpoc1fab,2026-07-22T04:58:13Z,anpboost,in_context,1,rmse,0.561461328125,0.9952403635084188,0.5640497395833334,0.996999516197389,2133.4335482120514,7.0057148933410645,5.940837383270264,1.919610538506804,steps,2,26.0,,,,,,,0.2,1.913588048769229e-05,20.0,0.3503398491158687,0.0,10.0,8.0,255.0,-1.0,,
anpboost-in_context-steps_2D-seed1,wrjyomrr,2026-07-22T15:53:38Z,anpboost,in_context,1,rmse,0.4954650390625,0.8784543381261583,0.5013957356770833,0.8859280431487191,5085.94565653801,7.162712097167969,6.304818868637085,1.6001583606809011,steps,2,94.0,,,,,,,0.2,0.0006756608892518,20.0,0.0718403263658167,0.0,10.0,16.0,255.0,-1.0,,
anpboost-in_context-steps_2D-seed1,ywmdf6uf,2026-07-22T18:05:12Z,anpboost,in_context,1,rmse,0.5268689453125,0.9369620438257964,0.52976171875,0.939230789887458,3086.0225648880005,5.4505767822265625,6.2978129386901855,2.5401348644923223,steps,2,90.0,,,,,,,0.2,0.0001053621921034,10.0,0.2534741961949762,1.0,1000.0,16.0,255.0,-1.0,,
anpboost-in_context-steps_2D-seed2,0fkgv1nk,2026-07-24T13:48:59Z,anpboost,in_context,2,rmse,0.4980031901041666,0.8856548017000951,0.5040419921875,0.8985301457567255,4099.074092626572,5.126272678375244,4.021128416061401,1.5601849297161745,steps,2,259.0,,,,,,,0.2,0.0002910635913133,5.0,0.0130667392380532,0.0,100.0,4.0,255.0,-1.0,,
anpboost-in_context-steps_2D-seed2,14ikdkyp,2026-07-24T21:07:22Z,anpboost,in_context,2,rmse,0.5682014322916666,1.009365676943797,0.574219921875,1.0196883694178889,1337.3371329307556,3.486520528793335,4.009867906570435,2.581889931982212,steps,2,18.0,,,,,,,0.2,6.83631406502272e-05,20.0,0.768810680147495,1.0,100.0,8.0,255.0,-1.0,,
anpboost-in_context-steps_2D-seed2,3r7c2i2s,2026-07-25T03:23:54Z,anpboost,in_context,2,rmse,0.5335938802083333,0.9470818184305064,0.5394009440104167,0.9588661558351064,5745.581259489059,4.18411922454834,4.461994409561157,1.6451930898415,steps,2,251.0,,,,,,,0.2,1.1508017135300922e-05,10.0,0.0179523383684912,1.0,20.0,16.0,255.0,-1.0,,
anpboost-in_context-steps_2D-seed2,62eov1ux,2026-07-25T05:00:08Z,anpboost,in_context,2,rmse,0.5038779296875,0.8967962608854779,0.5108559895833333,0.909353419663133,3820.739187479019,5.166453361511231,4.730959177017212,1.812461799442124,steps,2,158.0,,,,,,,0.2,0.0001077955162095,10.0,0.0754992854618303,0.0,10.0,16.0,255.0,-1.0,,
anpboost-in_context-steps_2D-seed2,806e309g,2026-07-25T07:33:17Z,anpboost,in_context,2,rmse,0.51840478515625,0.9202262011603972,0.5217944661458334,0.9273618205289074,2650.7685272693634,3.861645460128784,4.420323610305786,1.401959989265844,steps,2,166.0,,,,,,,0.0,1.3840044764106206e-05,5.0,0.7593823221110972,0.0,1000.0,8.0,255.0,-1.0,,
anpboost-in_context-steps_2D-seed2,9gsqqp2s,2026-07-24T17:19:30Z,anpboost,in_context,2,rmse,0.5015233072916667,0.8934778895137719,0.50781083984375,0.9056757354673016,1475.707887172699,4.088656902313232,4.269502878189087,1.4643072969992874,steps,2,53.0,,,,,,,0.0,0.0008692991511139,10.0,0.1569639638866114,0.0,1000.0,8.0,255.0,-1.0,,
anpboost-in_context-steps_2D-seed2,9tewsgs1,2026-07-24T20:44:52Z,anpboost,in_context,2,rmse,0.50141845703125,0.8914031601942,0.5074054036458333,0.903335343709497,1322.6386516094208,3.448515653610229,4.3798668384552,1.5540910439152442,steps,2,82.0,,,,,,,0.0,0.0001848449172098,5.0,0.6097025297491431,1.0,10.0,16.0,255.0,-1.0,,
anpboost-in_context-steps_2D-seed2,cc7edl5e,2026-07-25T14:02:35Z,anpboost,in_context,2,rmse,0.5184622395833334,0.9213591432383448,0.5268729166666667,0.9361272926090553,3068.2519483566284,3.620957374572754,3.4958667755126958,1.5224342651035965,steps,2,80.0,,,,,,,0.0,3.7275559646016336e-05,20.0,0.0105756957788887,0.0,100.0,8.0,255.0,-1.0,,
anpboost-in_context-steps_2D-seed2,cie7qx6u,2026-07-25T14:54:09Z,anpboost,in_context,2,rmse,0.4960715494791666,0.882082370423863,0.5029041666666667,0.8948100527876839,6854.555334806442,3.2012743949890137,2.4822933673858643,1.5570087501785017,steps,2,219.0,,,,,,,0.2,8.111144333995501e-05,20.0,0.0123280038313677,1.0,10.0,8.0,255.0,-1.0,,
anpboost-in_context-steps_2D-seed2,cs1xjx16,2026-07-24T21:57:46Z,anpboost,in_context,2,rmse,0.4961475260416667,0.8818483108809568,0.5022246744791666,0.8936568639888711,4647.050586223602,3.9361979961395264,4.2385783195495605,1.6054041464402335,steps,2,126.0,,,,,,,0.2,0.0001849521658972,20.0,0.0438086761972578,0.0,20.0,8.0,255.0,-1.0,,
anpboost-in_context-steps_2D-seed2,cugt0ovx,2026-07-25T11:03:36Z,anpboost,in_context,2,rmse,0.4978753580729166,0.8869378029847204,0.5022104817708334,0.8955398153288138,2938.678693532944,4.204625844955444,3.9695792198181152,1.543757409134077,steps,2,123.0,,,,,,,0.2,0.0002213282815989,10.0,0.0152199142675109,0.0,100.0,16.0,255.0,-1.0,,
anpboost-in_context-steps_2D-seed2,em3i5hko,2026-07-25T02:39:51Z,anpboost,in_context,2,rmse,0.53386533203125,0.9488786880361256,0.538423046875,0.9573919540546596,2614.934359073639,4.115573406219482,4.338579177856445,3.129053420255861,steps,2,102.0,,,,,,,0.2,0.0001053621921034,10.0,0.2534741961949762,1.0,1000.0,16.0,255.0,-1.0,,
anpboost-in_context-steps_2D-seed2,f0x04yfg,2026-07-24T19:01:05Z,anpboost,in_context,2,rmse,0.5089895833333333,0.9032032158521476,0.5118854817708334,0.9098597782305468,6199.790917396545,4.108413219451904,4.288836240768433,1.4527779060067063,steps,2,174.0,,,,,,,0.0,1.1241862095793047e-05,20.0,0.0425316236379087,1.0,100.0,8.0,255.0,-1.0,,
anpboost-in_context-steps_2D-seed2,h5qz17v1,2026-07-24T14:57:50Z,anpboost,in_context,2,rmse,0.5026593098958333,0.8973634250181124,0.5086838216145834,0.9074768402415064,5655.458265304565,3.6248936653137207,4.133401155471802,1.6979054435283782,steps,2,257.0,,,,,,,0.2,7.309539835912905e-05,10.0,0.0383962929980417,1.0,10.0,8.0,255.0,-1.0,,
anpboost-in_context-steps_2D-seed2,h7gyoquf,2026-07-25T16:48:48Z,anpboost,in_context,2,rmse,0.499308984375,0.8888857176603064,0.5088127604166667,0.9065936741634376,1527.9125788211825,2.994738340377808,3.239314556121826,1.506451238046677,steps,2,121.0,,,,,,,0.0,0.0008887704677237,5.0,0.0415963508411869,0.0,1000.0,4.0,255.0,-1.0,,
anpboost-in_context-steps_2D-seed2,hw6p22sj,2026-07-24T17:44:37Z,anpboost,in_context,2,rmse,0.5612811848958333,0.9948959856307246,0.5683810546875,1.0078618554532996,1425.5312130451202,3.740155458450317,2.8507630825042725,1.8251084133233408,steps,2,20.0,,,,,,,0.2,1.913588048769229e-05,20.0,0.3503398491158687,0.0,10.0,8.0,255.0,-1.0,,
anpboost-in_context-steps_2D-seed2,l2ckja6o,2026-07-24T16:32:33Z,anpboost,in_context,2,rmse,0.4992045572916667,0.8875428845493614,0.5050878255208333,0.8994928914955049,2734.8094346523285,4.096205711364746,4.1799681186676025,1.8728096169519857,steps,2,177.0,,,,,,,0.2,0.0008536189862866,5.0,0.2335963502626159,0.0,100.0,4.0,255.0,-1.0,,
anpboost-in_context-steps_2D-seed2,nk7wzk65,2026-07-25T00:28:35Z,anpboost,in_context,2,rmse,0.5424551432291667,0.962787241937569,0.547137890625,0.9728845205212212,1579.5333650112152,4.271414279937744,4.521119356155396,2.428219951448232,steps,2,94.0,,,,,,,0.2,0.0001251605833757,5.0,0.2656797431288616,1.0,100.0,4.0,255.0,-1.0,,
anpboost-in_context-steps_2D-seed2,npbganzf,2026-07-25T09:52:07Z,anpboost,in_context,2,rmse,0.50028720703125,0.8907664182468551,0.5059555338541667,0.903274957560582,4260.122148036957,4.525681734085083,4.842373371124268,1.6149316681997834,steps,2,107.0,,,,,,,0.2,0.0001024482973264,20.0,0.0600348399921965,1.0,1000.0,8.0,255.0,-1.0,,
anpboost-in_context-steps_2D-seed2,ojlkl40z,2026-07-25T02:11:15Z,anpboost,in_context,2,rmse,0.5135460286458333,0.9127736111280234,0.5210037109375,0.9267788613260644,1687.1757822036743,4.647167444229126,5.1514317989349365,1.5202977936399071,steps,2,28.0,,,,,,,0.0,0.0001380773171791,20.0,0.0190619809185539,1.0,10.0,16.0,255.0,-1.0,,
anpboost-in_context-steps_2D-seed2,pyrq0h35,2026-07-25T06:55:04Z,anpboost,in_context,2,rmse,0.5107795572916667,0.9078600404949492,0.5224946614583333,0.9278414009771138,2263.798007965088,4.473799467086792,4.681834936141968,1.5027030635749992,steps,2,86.0,,,,,,,0.0,8.878664758716842e-05,10.0,0.0222025951448105,0.0,20.0,16.0,255.0,-1.0,,
anpboost-in_context-steps_2D-seed2,qcvpbkej,2026-07-25T00:55:23Z,anpboost,in_context,2,rmse,0.4970622395833333,0.8824630075582942,0.4980736979166666,0.8861863361179647,1556.9250466823578,4.217362403869629,4.110698461532593,1.3250360662690166,steps,2,56.0,,,,,,,0.0,0.0008831228248242,10.0,0.3887072196612053,1.0,100.0,8.0,255.0,-1.0,,
anpboost-in_context-steps_2D-seed2,sx4l6if1,2026-07-25T11:53:03Z,anpboost,in_context,2,rmse,0.4966967447916666,0.8828057055508395,0.5027547200520833,0.8920522895822719,6119.164076566696,4.163890361785889,4.004889249801636,1.3666673116160448,steps,2,167.0,,,,,,,0.0,1.4730368526805258e-05,20.0,0.2585142302046639,1.0,10.0,8.0,255.0,-1.0,,
anpboost-in_context-steps_2D-seed2,t3wbhezk,2026-07-25T09:34:43Z,anpboost,in_context,2,rmse,0.58032890625,1.0284143007427606,0.5894445963541667,1.0447952068292738,1015.5761623382568,4.527809858322144,4.103852033615112,2.065406188179676,steps,2,6.0,,,,,,,0.2,3.6649592076212935e-05,20.0,0.9572167377160832,0.0,100.0,16.0,255.0,-1.0,,
anpboost-in_context-steps_2D-seed2,v89tzab3,2026-07-25T06:04:18Z,anpboost,in_context,2,rmse,0.5059538736979167,0.8994298762847053,0.511709765625,0.9116941605974992,3016.9665491580963,4.301691770553589,4.60544228553772,1.77293295314511,steps,2,121.0,,,,,,,0.2,0.0002091196066971,10.0,0.1284423092280945,0.0,100.0,4.0,255.0,-1.0,,
anpboost-in_context-steps_2D-seed2,vjxo7n83,2026-07-24T21:30:06Z,anpboost,in_context,2,rmse,0.500174609375,0.8888131074144485,0.5057971354166667,0.8994271856928701,1633.316384792328,3.679508686065674,3.905189037322998,1.542058439150899,steps,2,110.0,,,,,,,0.0,0.0001656260589333,5.0,0.655438234354628,0.0,20.0,4.0,255.0,-1.0,,
anpboost-in_context-steps_2D-seed2,we9a8n4x,2026-07-25T13:35:30Z,anpboost,in_context,2,rmse,0.50847060546875,0.904321854228074,0.5163001302083333,0.919971992122516,1596.5262234210968,4.269692659378052,4.278954744338989,1.5250863691313148,steps,2,25.0,,,,,,,0.0,0.0003583387974072,20.0,0.0166876416291958,0.0,10.0,8.0,255.0,-1.0,,
anpboost-in_context-steps_2D-seed2,wuv73y5a,2026-07-24T23:15:40Z,anpboost,in_context,2,rmse,0.4998443033854167,0.8877802799796989,0.5036489908854167,0.8965316184120103,1317.5312247276306,4.280201196670532,4.37575101852417,1.321266209988527,steps,2,47.0,,,,,,,0.0,0.0007472397689332,10.0,0.7069476197217992,0.0,20.0,16.0,255.0,-1.0,,
anpboost-in_context-steps_2D-seed2,xmfwlor5,2026-07-25T01:21:47Z,anpboost,in_context,2,rmse,0.4928568359375,0.8766382031564968,0.4986118815104167,0.8886460461620428,2939.7618746757507,4.11206316947937,4.302346706390381,1.5874537328261544,steps,2,66.0,,,,,,,0.2,0.0006756608892518,20.0,0.0718403263658167,0.0,10.0,16.0,255.0,-1.0,,
anpboost-in_context-steps_2D-seed2,y71afban,2026-07-24T23:38:05Z,anpboost,in_context,2,rmse,0.49981044921875,0.8857049064661667,0.5090887369791667,0.9025465168148104,3002.4156515598297,4.553824186325073,4.049520254135132,1.4083159672028147,steps,2,70.0,,,,,,,0.0,4.764963542138518e-05,20.0,0.5945287330479982,0.0,100.0,16.0,255.0,-1.0,,
anpboost-in_context-steps_2D-seed2,ydjkar5z,2026-07-24T18:08:50Z,anpboost,in_context,2,rmse,0.5027810546875,0.8921640732560807,0.5097385416666667,0.9049198170289856,3106.7466263771057,4.561678409576416,4.41655421257019,1.379368697604326,steps,2,70.0,,,,,,,0.0,4.589824181495648e-05,20.0,0.2878805718308923,1.0,1000.0,8.0,255.0,-1.0,,
anpboost-in_context-steps_2D-seed2,zuqa4ijt,2026-07-25T08:17:55Z,anpboost,in_context,2,rmse,0.5135585611979167,0.9129177236935302,0.5188725911458333,0.9216668111498348,4578.643685340881,4.422109127044678,4.335977077484131,1.4994519026400353,steps,2,118.0,,,,,,,0.0,1.5905817778820346e-05,20.0,0.0138796110793157,1.0,20.0,16.0,255.0,-1.0,,
anpboost-in_context-steps_2D-seed3,1tlmg23i,2026-07-20T11:01:58Z,anpboost,in_context,3,rmse,0.5842372395833333,1.0394109868292554,0.5853286458333333,1.0384237363956983,834.3190965652466,2.3008952140808105,1.943941593170166,2.1798556480248044,steps,2,10.0,,,,,,,0.2,6.83631406502272e-05,20.0,0.768810680147495,1.0,100.0,8.0,255.0,-1.0,,
anpboost-in_context-steps_2D-seed3,20up8gqy,2026-07-20T19:24:35Z,anpboost,in_context,3,rmse,0.5112339192708333,0.9073367475517872,0.5160662760416667,0.9158028510021152,2855.86460351944,2.789382219314575,2.4878392219543457,1.2133402951553014,steps,2,293.0,,,,,,,0.0,1.3840044764106206e-05,5.0,0.7593823221110972,0.0,1000.0,8.0,255.0,-1.0,,
anpboost-in_context-steps_2D-seed3,3h2flfho,2026-07-20T15:05:58Z,anpboost,in_context,3,rmse,0.523482421875,0.9305918605458376,0.52623330078125,0.934930887672414,1529.2083292007446,2.606574773788452,2.888177394866944,1.5423545290012035,steps,2,38.0,,,,,,,0.0,0.0001380773171791,20.0,0.0190619809185539,1.0,10.0,16.0,255.0,-1.0,,
anpboost-in_context-steps_2D-seed3,4a8ppy7h,2026-07-20T09:32:57Z,anpboost,in_context,3,rmse,0.5173918619791666,0.9187153879800276,0.5185196614583333,0.9206641507473444,4238.625815629959,2.8291943073272705,2.7756130695343018,1.456910394790206,steps,2,150.0,,,,,,,0.0,1.1241862095793047e-05,20.0,0.0425316236379087,1.0,100.0,8.0,255.0,-1.0,,
anpboost-in_context-steps_2D-seed3,4qwwd9xe,2026-07-20T06:45:17Z,anpboost,in_context,3,rmse,0.5078716796875,0.9038147798288376,0.5112732096354167,0.9092611908631284,3147.21394777298,2.0320730209350586,2.462848424911499,1.7600922632317126,steps,2,242.0,,,,,,,0.2,7.309539835912905e-05,10.0,0.0383962929980417,1.0,10.0,8.0,255.0,-1.0,,
anpboost-in_context-steps_2D-seed3,673frntt,2026-07-21T03:21:44Z,anpboost,in_context,3,rmse,0.51066826171875,0.908543058582318,0.5156643880208334,0.9169448206293136,1329.5383715629578,2.56334924697876,3.2010273933410645,1.5542550848167662,steps,2,117.0,,,,,,,0.0,0.0008887704677237,5.0,0.0415963508411869,0.0,1000.0,4.0,255.0,-1.0,,
anpboost-in_context-steps_2D-seed3,7i8cmpj2,2026-07-20T13:20:28Z,anpboost,in_context,3,rmse,0.5351173177083334,0.9511142703995408,0.5365994791666666,0.9532144961512984,1767.5378367900848,2.4211173057556152,2.269295215606689,4.181541207085875,steps,2,164.0,,,,,,,0.2,0.0001251605833757,5.0,0.2656797431288616,1.0,100.0,4.0,255.0,-1.0,,
anpboost-in_context-steps_2D-seed3,al5g77n5,2026-07-20T20:12:57Z,anpboost,in_context,3,rmse,0.5188042643229167,0.9181156949862348,0.5229013671875,0.9251824659314482,5047.582764625549,2.1276185512542725,2.3619601726531982,1.5108121221845408,steps,2,185.0,,,,,,,0.0,1.5905817778820346e-05,20.0,0.0138796110793157,1.0,20.0,16.0,255.0,-1.0,,
anpboost-in_context-steps_2D-seed3,bkfcls8g,2026-07-20T17:29:24Z,anpboost,in_context,3,rmse,0.5091938802083333,0.9045680562007914,0.5155991536458333,0.9164385281369976,2531.5703177452087,2.355720996856689,2.467601776123047,1.9383533484529285,steps,2,153.0,,,,,,,0.2,0.0001077955162095,10.0,0.0754992854618303,0.0,10.0,16.0,255.0,-1.0,,
anpboost-in_context-steps_2D-seed3,cya4o2v1,2026-07-20T14:13:58Z,anpboost,in_context,3,rmse,0.4987772135416666,0.8852432185521277,0.5015805989583333,0.8886392794463224,3097.531090736389,2.2810490131378174,2.61064076423645,1.5660504961743666,steps,2,101.0,,,,,,,0.2,0.0006756608892518,20.0,0.0718403263658167,0.0,10.0,16.0,255.0,-1.0,,
anpboost-in_context-steps_2D-seed3,d4mdg5a3,2026-07-20T10:43:59Z,anpboost,in_context,3,rmse,0.5082068684895833,0.9019242446294544,0.5139848307291667,0.9104946373152544,1056.6297237873075,2.6561920642852783,2.6814582347869877,1.299672503032173,steps,2,88.0,,,,,,,0.0,0.0001848449172098,5.0,0.6097025297491431,1.0,10.0,16.0,255.0,-1.0,,
anpboost-in_context-steps_2D-seed3,ea6boh40,2026-07-20T21:50:14Z,anpboost,in_context,3,rmse,0.5012211588541666,0.8919210417438638,0.5067804361979167,0.9005993896384499,4019.806588411331,2.2194085121154785,2.795124769210815,1.7326117128664016,steps,2,136.0,,,,,,,0.2,0.0001024482973264,20.0,0.0600348399921965,1.0,1000.0,8.0,255.0,-1.0,,
anpboost-in_context-steps_2D-seed3,eo7d72z4,2026-07-20T18:11:58Z,anpboost,in_context,3,rmse,0.5031626953125,0.8958420774450813,0.5073136067708334,0.901367068519624,2578.569406986237,1.9624910354614256,2.830646753311157,1.7621257767556515,steps,2,156.0,,,,,,,0.2,0.0002091196066971,10.0,0.1284423092280945,0.0,100.0,4.0,255.0,-1.0,,
anpboost-in_context-steps_2D-seed3,ewv879h0,2026-07-20T08:03:34Z,anpboost,in_context,3,rmse,0.5057172526041667,0.8946004644641156,0.5087200520833334,0.8986434348961816,1589.4277896881104,2.6188039779663086,2.6052823066711426,1.4604904997940986,steps,2,89.0,,,,,,,0.0,0.0008692991511139,10.0,0.1569639638866114,0.0,1000.0,8.0,255.0,-1.0,,
anpboost-in_context-steps_2D-seed3,j0i6wdyj,2026-07-20T07:38:06Z,anpboost,in_context,3,rmse,0.4998264322916667,0.8900185737371324,0.5055794596354166,0.8996150574594978,1504.894478559494,2.5482192039489746,2.766711950302124,1.766244732517413,steps,2,140.0,,,,,,,0.2,0.0008536189862866,5.0,0.2335963502626159,0.0,100.0,4.0,255.0,-1.0,,
anpboost-in_context-steps_2D-seed3,jt6xyov0,2026-07-20T08:30:26Z,anpboost,in_context,3,rmse,0.5744522135416666,1.018330647407984,0.5794447916666666,1.026320848157639,1213.2665753364563,2.6039788722991943,2.500136375427246,2.0032138124976293,steps,2,24.0,,,,,,,0.2,1.913588048769229e-05,20.0,0.3503398491158687,0.0,10.0,8.0,255.0,-1.0,,
anpboost-in_context-steps_2D-seed3,k97v3ynx,2026-07-20T18:55:21Z,anpboost,in_context,3,rmse,0.5164613932291666,0.9176843525468358,0.5185044270833333,0.9195739715863198,1695.352831363678,2.6736063957214355,2.606386184692383,1.531854040955704,steps,2,96.0,,,,,,,0.0,8.878664758716842e-05,10.0,0.0222025951448105,0.0,20.0,16.0,255.0,-1.0,,
anpboost-in_context-steps_2D-seed3,ky94oihs,2026-07-20T21:37:30Z,anpboost,in_context,3,rmse,0.59278828125,1.0510608002904107,0.5955227213541666,1.0545285905738155,740.9450664520264,2.523925304412842,2.501100540161133,1.8483786571636749,steps,2,5.0,,,,,,,0.2,3.6649592076212935e-05,20.0,0.9572167377160832,0.0,100.0,16.0,255.0,-1.0,,
anpboost-in_context-steps_2D-seed3,miat0ed8,2026-07-20T11:33:58Z,anpboost,in_context,3,rmse,0.4979858072916667,0.8850071569885956,0.4995670572916666,0.8879392366689636,3315.098473072052,2.479102611541748,2.611227035522461,1.6176953709677742,steps,2,112.0,,,,,,,0.2,0.0001849521658972,20.0,0.0438086761972578,0.0,20.0,8.0,255.0,-1.0,,
anpboost-in_context-steps_2D-seed3,mppw1ymq,2026-07-20T12:46:57Z,anpboost,in_context,3,rmse,0.50522490234375,0.8963774576855322,0.50518310546875,0.8964149250036749,1987.129081487656,2.801231861114502,2.282301187515259,1.4239143581260625,steps,2,58.0,,,,,,,0.0,4.764963542138518e-05,20.0,0.5945287330479982,0.0,100.0,16.0,255.0,-1.0,,
anpboost-in_context-steps_2D-seed3,mx9bfql9,2026-07-20T11:16:15Z,anpboost,in_context,3,rmse,0.5070176432291666,0.9008945797897272,0.5120272135416667,0.9101731580132106,1039.356059551239,2.786839246749878,2.728603839874268,1.5705775667333068,steps,2,88.0,,,,,,,0.0,0.0001656260589333,5.0,0.655438234354628,0.0,20.0,4.0,255.0,-1.0,,
anpboost-in_context-steps_2D-seed3,nfljto4e,2026-07-20T15:31:50Z,anpboost,in_context,3,rmse,0.537526171875,0.9551996297623736,0.5387210286458334,0.9563355025419285,2169.567796230316,2.777783155441284,2.486870288848877,3.4767822614774384,steps,2,122.0,,,,,,,0.2,0.0001053621921034,10.0,0.2534741961949762,1.0,1000.0,16.0,255.0,-1.0,,
anpboost-in_context-steps_2D-seed3,rsxwuano,2026-07-20T23:42:03Z,anpboost,in_context,3,rmse,0.5020303059895833,0.8898896988825986,0.5025368489583333,0.8915814833005329,4202.131193637848,1.8332703113555908,1.845259666442871,1.3138713318619024,steps,2,154.0,,,,,,,0.0,1.4730368526805258e-05,20.0,0.2585142302046639,1.0,10.0,8.0,255.0,-1.0,,
anpboost-in_context-steps_2D-seed3,sv8z23jt,2026-07-20T13:50:20Z,anpboost,in_context,3,rmse,0.5043348307291666,0.8931609977915895,0.50854375,0.9007892574521876,1390.131910085678,2.7087202072143555,2.602948904037476,1.3555687397420269,steps,2,75.0,,,,,,,0.0,0.0008831228248242,10.0,0.3887072196612053,1.0,100.0,8.0,255.0,-1.0,,
anpboost-in_context-steps_2D-seed3,t1xnr9ux,2026-07-20T12:29:35Z,anpboost,in_context,3,rmse,0.5083296875,0.9028408902934882,0.51209482421875,0.9093063795101328,1018.9431946277618,2.363605260848999,2.5142884254455566,1.3247027338915611,steps,2,46.0,,,,,,,0.0,0.0007472397689332,10.0,0.7069476197217992,0.0,20.0,16.0,255.0,-1.0,,
anpboost-in_context-steps_2D-seed3,ta1llbi8,2026-07-21T02:07:22Z,anpboost,in_context,3,rmse,0.50106435546875,0.8916783970138445,0.5054848958333333,0.8981669700587358,4440.539117336273,1.8869163990020752,1.836127996444702,1.5800242619729876,steps,2,155.0,,,,,,,0.2,8.111144333995501e-05,20.0,0.0123280038313677,1.0,10.0,8.0,255.0,-1.0,,
anpboost-in_context-steps_2D-seed3,tjjoepur,2026-07-20T22:57:38Z,anpboost,in_context,3,rmse,0.5022234049479166,0.8943029488541127,0.5044221354166667,0.8971424000287116,2642.2280349731445,2.743013620376587,2.863893508911133,1.5700736711265035,steps,2,160.0,,,,,,,0.2,0.0002213282815989,10.0,0.0152199142675109,0.0,100.0,16.0,255.0,-1.0,,
anpboost-in_context-steps_2D-seed3,uuvutb6p,2026-07-20T06:26:34Z,anpboost,in_context,3,rmse,0.5073680013020834,0.9039480044060042,0.5119462239583333,0.9100316990256104,1103.1364092826843,1.0458884239196775,1.2267415523529053,1.5744738299540006,steps,2,183.0,,,,,,,0.2,0.0002910635913133,5.0,0.0130667392380532,0.0,100.0,4.0,255.0,-1.0,,
anpboost-in_context-steps_2D-seed3,v0eg6cyx,2026-07-20T08:51:01Z,anpboost,in_context,3,rmse,0.5104810546875,0.9026010233034896,0.5121444661458333,0.9064647604294588,2493.788140296936,2.223238229751587,2.760973691940308,1.370192226575035,steps,2,80.0,,,,,,,0.0,4.589824181495648e-05,20.0,0.2878805718308923,1.0,1000.0,8.0,255.0,-1.0,,
anpboost-in_context-steps_2D-seed3,xnrynl85,2026-07-21T00:52:26Z,anpboost,in_context,3,rmse,0.5221533854166667,0.9279356273022704,0.5252756510416666,0.9328792613198787,1322.3559012413025,2.306089162826538,2.679598093032837,1.5522368434099332,steps,2,32.0,,,,,,,0.0,0.0003583387974072,20.0,0.0166876416291958,0.0,10.0,8.0,255.0,-1.0,,
anpboost-in_context-steps_2D-seed3,z6jax7qs,2026-07-21T01:14:51Z,anpboost,in_context,3,rmse,0.5261589192708334,0.9319698452534356,0.529924609375,0.9365792200582316,3128.895536184311,2.7677743434906006,2.736366033554077,1.5448005593576464,steps,2,108.0,,,,,,,0.0,3.7275559646016336e-05,20.0,0.0105756957788887,0.0,100.0,8.0,255.0,-1.0,,
anpboost-in_context-steps_2D-seed3,z83jm0sk,2026-07-20T16:08:23Z,anpboost,in_context,3,rmse,0.5375818359375,0.954519414315492,0.5408255533854167,0.9589784091388956,4837.155059576035,2.606040000915528,2.7750444412231445,1.7771686594393028,steps,2,311.0,,,,,,,0.2,1.1508017135300922e-05,10.0,0.0179523383684912,1.0,20.0,16.0,255.0,-1.0,,
anpboost-in_context-steps_2D-seed4,0pn3vo09,2026-07-22T11:51:31Z,anpboost,in_context,4,rmse,0.5010409505208333,0.8892970521172923,0.4963577473958333,0.8806802853966964,7007.57893538475,7.792680263519287,7.364413499832153,1.5929087862559426,steps,2,125.0,,,,,,,0.2,0.0001849521658972,20.0,0.0438086761972578,0.0,20.0,8.0,255.0,-1.0,,
anpboost-in_context-steps_2D-seed4,0z80uket,2026-07-23T05:34:25Z,anpboost,in_context,4,rmse,0.5909254557291667,1.0473996424842515,0.5836080729166667,1.0349046587988875,1257.2251753807068,6.1778244972229,6.834561347961426,2.0736937076161244,steps,2,6.0,,,,,,,0.2,3.6649592076212935e-05,20.0,0.9572167377160832,0.0,100.0,16.0,255.0,-1.0,,
anpboost-in_context-steps_2D-seed4,3b227q49,2026-07-22T22:08:33Z,anpboost,in_context,4,rmse,0.5074022135416667,0.9011746434652304,0.50174775390625,0.8909904322753965,6995.210273265839,5.9597132205963135,6.137054443359375,2.002373933607924,steps,2,229.0,,,,,,,0.2,0.0001077955162095,10.0,0.0754992854618303,0.0,10.0,16.0,255.0,-1.0,,
anpboost-in_context-steps_2D-seed4,3kg3msis,2026-07-22T05:15:11Z,anpboost,in_context,4,rmse,0.5100197265625,0.9058107973627602,0.5008529296875,0.8902966430664826,2060.0169353485107,6.51874041557312,5.877394437789917,1.4937802871425647,steps,2,59.0,,,,,,,0.0,0.0008692991511139,10.0,0.1569639638866114,0.0,1000.0,8.0,255.0,-1.0,,
anpboost-in_context-steps_2D-seed4,3vdk9x3q,2026-07-23T01:40:00Z,anpboost,in_context,4,rmse,0.5152271484375,0.9164221003031736,0.5108917643229167,0.9071304519919904,2601.452962398529,5.991150856018066,6.584459543228149,1.5164657437771054,steps,2,80.0,,,,,,,0.0,8.878664758716842e-05,10.0,0.0222025951448105,0.0,20.0,16.0,255.0,-1.0,,
anpboost-in_context-steps_2D-seed4,4h387phs,2026-07-22T18:09:35Z,anpboost,in_context,4,rmse,0.5209637044270833,0.926496754999903,0.5158765950520834,0.9170457695943316,2230.0791594982147,7.657579660415649,7.552701234817505,1.5416217175993634,steps,2,26.0,,,,,,,0.0,0.0001380773171791,20.0,0.0190619809185539,1.0,10.0,16.0,255.0,-1.0,,
anpboost-in_context-steps_2D-seed4,7z862urm,2026-07-23T13:14:49Z,anpboost,in_context,4,rmse,0.50350107421875,0.8934464713743371,0.5000024739583333,0.8859369926124955,10123.390345096588,6.972699165344238,5.308617830276489,1.5618432421946664,steps,2,240.0,,,,,,,0.2,8.111144333995501e-05,20.0,0.0123280038313677,1.0,10.0,8.0,255.0,-1.0,,
anpboost-in_context-steps_2D-seed4,883xsdvn,2026-07-23T12:09:14Z,anpboost,in_context,4,rmse,0.52248583984375,0.9272512715084382,0.51534794921875,0.9141485754088948,3903.557146787643,4.695256233215332,4.627527236938477,1.536688263724683,steps,2,81.0,,,,,,,0.0,3.7275559646016336e-05,20.0,0.0105756957788887,0.0,100.0,8.0,255.0,-1.0,,
anpboost-in_context-steps_2D-seed4,8k9belia,2026-07-23T10:02:43Z,anpboost,in_context,4,rmse,0.5007022786458334,0.8896923793810068,0.4951124674479166,0.8790716929154692,5274.680485486984,5.8269944190979,6.469730377197266,1.2883342705340193,steps,2,113.0,,,,,,,0.0,1.4730368526805258e-05,20.0,0.2585142302046639,1.0,10.0,8.0,255.0,-1.0,,
anpboost-in_context-steps_2D-seed4,aahilp8t,2026-07-22T01:10:42Z,anpboost,in_context,4,rmse,0.51157470703125,0.9108464296558478,0.5036634114583334,0.8957446140144409,3000.799504041672,5.508641719818115,5.211710214614868,1.557275572034163,steps,2,141.0,,,,,,,0.2,0.0002910635913133,5.0,0.0130667392380532,0.0,100.0,4.0,255.0,-1.0,,
anpboost-in_context-steps_2D-seed4,bt2upjpd,2026-07-23T08:25:11Z,anpboost,in_context,4,rmse,0.5011179361979167,0.8909906409242306,0.4985326822916666,0.8845208941555792,5818.287996768951,6.099559307098389,5.597369909286499,1.5625301089678234,steps,2,214.0,,,,,,,0.2,0.0002213282815989,10.0,0.0152199142675109,0.0,100.0,16.0,255.0,-1.0,,
anpboost-in_context-steps_2D-seed4,cfk6od26,2026-07-23T03:27:26Z,anpboost,in_context,4,rmse,0.5170729817708334,0.9170458557745338,0.5123091796875,0.905885439050514,7585.962884426117,5.911552906036377,5.580903768539429,1.5090294327800775,steps,2,166.0,,,,,,,0.0,1.5905817778820346e-05,20.0,0.0138796110793157,1.0,20.0,16.0,255.0,-1.0,,
anpboost-in_context-steps_2D-seed4,esh437df,2026-07-22T05:50:04Z,anpboost,in_context,4,rmse,0.5639913411458334,0.9989545104802778,0.5563401041666667,0.9868802060412968,2134.26185464859,5.656409740447998,5.515337944030762,2.2955264855047983,steps,2,30.0,,,,,,,0.2,1.913588048769229e-05,20.0,0.3503398491158687,0.0,10.0,8.0,255.0,-1.0,,
anpboost-in_context-steps_2D-seed4,ftix4gz7,2026-07-22T09:46:29Z,anpboost,in_context,4,rmse,0.5086218098958334,0.903347398500511,0.50404306640625,0.894305179644682,2307.7229120731354,8.563093662261963,7.829359531402588,1.2533836827674167,steps,2,85.0,,,,,,,0.0,0.0001848449172098,5.0,0.6097025297491431,1.0,10.0,16.0,255.0,-1.0,,
anpboost-in_context-steps_2D-seed4,g2pgcxqv,2026-07-22T10:26:10Z,anpboost,in_context,4,rmse,0.5672205729166667,1.0072501140210783,0.5637860026041667,1.0024444678692082,1839.9706115722656,7.759683847427368,7.818313360214233,2.3373968279715878,steps,2,14.0,,,,,,,0.2,6.83631406502272e-05,20.0,0.768810680147495,1.0,100.0,8.0,255.0,-1.0,,
anpboost-in_context-steps_2D-seed4,hw496ehz,2026-07-23T11:31:51Z,anpboost,in_context,4,rmse,0.5152515950520833,0.9133646394896476,0.5127901692708333,0.9074877325260834,2206.2399113178253,5.182575941085815,6.35392165184021,1.5478921816399325,steps,2,34.0,,,,,,,0.0,0.0003583387974072,20.0,0.0166876416291958,0.0,10.0,8.0,255.0,-1.0,,
anpboost-in_context-steps_2D-seed4,j0vafgbz,2026-07-22T17:08:55Z,anpboost,in_context,4,rmse,0.5017993815104167,0.8914809131960602,0.4958220052083333,0.8810443649667359,3604.503544330597,7.827384948730469,5.994131803512573,1.5634662107963186,steps,2,57.0,,,,,,,0.2,0.0006756608892518,20.0,0.0718403263658167,0.0,10.0,16.0,255.0,-1.0,,
anpboost-in_context-steps_2D-seed4,jltdhd1a,2026-07-22T19:37:11Z,anpboost,in_context,4,rmse,0.5304296223958334,0.941702964241918,0.52257060546875,0.9272820747567097,8932.614264249802,8.113584041595459,7.427327871322632,1.6787890875835665,steps,2,298.0,,,,,,,0.2,1.1508017135300922e-05,10.0,0.0179523383684912,1.0,20.0,16.0,255.0,-1.0,,
anpboost-in_context-steps_2D-seed4,kgybn5qb,2026-07-22T02:01:17Z,anpboost,in_context,4,rmse,0.5028162109375,0.8943648731636739,0.4978151692708333,0.8843041466676812,7175.30672454834,6.427006244659424,6.203246116638184,1.6455489859889323,steps,2,262.0,,,,,,,0.2,7.309539835912905e-05,10.0,0.0383962929980417,1.0,10.0,8.0,255.0,-1.0,,
anpboost-in_context-steps_2D-seed4,kh3cf6pi,2026-07-22T18:47:23Z,anpboost,in_context,4,rmse,0.5347345377604167,0.9497334494310928,0.52615673828125,0.9350526129431966,2951.952861070633,7.358482837677002,7.358416080474853,2.409910556128241,steps,2,79.0,,,,,,,0.2,0.0001053621921034,10.0,0.2534741961949762,1.0,1000.0,16.0,255.0,-1.0,,
anpboost-in_context-steps_2D-seed4,kihr6cxd,2026-07-22T13:48:56Z,anpboost,in_context,4,rmse,0.51106279296875,0.9032474778353544,0.50652470703125,0.8936849454374772,2628.820556879044,7.833082437515259,7.52085542678833,1.6633296528394372,steps,2,66.0,,,,,,,0.0,0.0007472397689332,10.0,0.7069476197217992,0.0,20.0,16.0,255.0,-1.0,,
anpboost-in_context-steps_2D-seed4,m3a9ecna,2026-07-22T07:40:38Z,anpboost,in_context,4,rmse,0.5116876627604167,0.908472305709317,0.50422099609375,0.8937915278957065,7513.504224061966,7.749753713607788,7.900627136230469,1.4407293748640957,steps,2,153.0,,,,,,,0.0,1.1241862095793047e-05,20.0,0.0425316236379087,1.0,100.0,8.0,255.0,-1.0,,
anpboost-in_context-steps_2D-seed4,nvw7jdpy,2026-07-23T05:55:56Z,anpboost,in_context,4,rmse,0.5029264973958333,0.8941546332074773,0.5007494140625,0.888562328316625,8921.06246638298,5.4626784324646,6.197183847427368,1.7603144513638551,steps,2,197.0,,,,,,,0.2,0.0001024482973264,20.0,0.0600348399921965,1.0,1000.0,8.0,255.0,-1.0,,
anpboost-in_context-steps_2D-seed4,pdw155fm,2026-07-22T15:31:56Z,anpboost,in_context,4,rmse,0.54155,0.9620286685875984,0.532737109375,0.9467369527934432,3137.7540934085846,7.606337308883667,6.427732467651367,3.1314569418477487,steps,2,135.0,,,,,,,0.2,0.0001251605833757,5.0,0.2656797431288616,1.0,100.0,4.0,255.0,-1.0,,
anpboost-in_context-steps_2D-seed4,s7gvdmww,2026-07-22T14:33:23Z,anpboost,in_context,4,rmse,0.5066305338541667,0.8995417223762285,0.4998173502604167,0.8860710541904032,3476.940987586975,7.949964761734009,6.712591648101807,1.4411514851653784,steps,2,52.0,,,,,,,0.0,4.764963542138518e-05,20.0,0.5945287330479982,0.0,100.0,16.0,255.0,-1.0,,
anpboost-in_context-steps_2D-seed4,sayfxpor,2026-07-23T16:04:06Z,anpboost,in_context,4,rmse,0.5104435221354167,0.9061598675865388,0.5046461588541666,0.8962635146633444,2697.075726032257,5.740947723388672,5.521744251251221,1.5273384186198118,steps,2,141.0,,,,,,,0.0,0.0008887704677237,5.0,0.0415963508411869,0.0,1000.0,4.0,255.0,-1.0,,
anpboost-in_context-steps_2D-seed4,segaasjd,2026-07-23T00:07:10Z,anpboost,in_context,4,rmse,0.5006853190104167,0.8916696292757189,0.49724912109375,0.8840430163502986,5462.501294374466,6.807626008987427,6.278050661087036,1.8754339033595293,steps,2,197.0,,,,,,,0.2,0.0002091196066971,10.0,0.1284423092280945,0.0,100.0,4.0,255.0,-1.0,,
anpboost-in_context-steps_2D-seed4,uo4rxwt2,2026-07-22T04:01:28Z,anpboost,in_context,4,rmse,0.4989128255208333,0.8872635268061148,0.4937297200520833,0.8770052659565126,4388.660457849503,6.509132623672485,6.340892791748047,1.7631529606473637,steps,2,229.0,,,,,,,0.2,0.0008536189862866,5.0,0.2335963502626159,0.0,100.0,4.0,255.0,-1.0,,
anpboost-in_context-steps_2D-seed4,wewe3zvp,2026-07-22T16:24:55Z,anpboost,in_context,4,rmse,0.5080544270833334,0.9006784885725111,0.5016908203125,0.8886913076882719,2603.2695553302765,6.90979528427124,7.124231338500977,1.5287291081341396,steps,2,68.0,,,,,,,0.0,0.0008831228248242,10.0,0.3887072196612053,1.0,100.0,8.0,255.0,-1.0,,
anpboost-in_context-steps_2D-seed4,wtj73v9v,2026-07-22T10:57:28Z,anpboost,in_context,4,rmse,0.4999309895833333,0.8878973527071728,0.4975230794270833,0.8818228779756795,3154.7253489494324,7.5907816886901855,8.126107692718506,1.3419381955421217,steps,2,129.0,,,,,,,0.0,0.0001656260589333,5.0,0.655438234354628,0.0,20.0,4.0,255.0,-1.0,,
anpboost-in_context-steps_2D-seed4,x4cvcrx2,2026-07-22T06:26:09Z,anpboost,in_context,4,rmse,0.5126694661458333,0.9057666992744068,0.5049655598958334,0.8910074073869546,4434.064792394638,6.486701488494873,6.323025465011597,1.4054966071485815,steps,2,89.0,,,,,,,0.0,4.589824181495648e-05,20.0,0.2878805718308923,1.0,1000.0,8.0,255.0,-1.0,,
anpboost-in_context-steps_2D-seed4,xg5se1sr,2026-07-23T02:23:56Z,anpboost,in_context,4,rmse,0.51905869140625,0.9215419270765725,0.5117707356770833,0.907686790754392,3781.375961303711,4.440027236938477,4.210322141647339,1.239740885075184,steps,2,198.0,,,,,,,0.0,1.3840044764106206e-05,5.0,0.7593823221110972,0.0,1000.0,8.0,255.0,-1.0,,
anpboost-few_shot-steps_2D-seed0,1g6hlidn,2026-07-21T04:12:22Z,anpboost,few_shot,0,rmse,0.552475341796875,0.9819767469288097,0.5521990966796875,0.978892599737609,1589.8475267887115,0.4572334289550781,0.4315886497497558,1.6765523179416135,steps,2,198.0,,,,,,,0.2,0.0008536189862866,5.0,0.2335963502626159,0.0,100.0,4.0,255.0,-1.0,,
anpboost-few_shot-steps_2D-seed0,2ekrosl8,2026-07-21T05:56:47Z,anpboost,few_shot,0,rmse,0.5798151245117188,1.028409068381262,0.5684102783203125,1.005918887493748,2565.647248029709,0.4416646957397461,0.4935543537139892,1.4457284008466662,steps,2,120.0,,,,,,,0.0,1.1241862095793047e-05,20.0,0.0425316236379087,1.0,100.0,8.0,255.0,-1.0,,
anpboost-few_shot-steps_2D-seed0,2re1kums,2026-07-21T10:55:44Z,anpboost,few_shot,0,rmse,0.571453857421875,1.0127494350923638,0.5635706787109375,0.9975748404211277,2100.8297419548035,0.8916559219360352,0.9272730350494384,1.5337806715871534,steps,2,54.0,,,,,,,0.0,0.0001380773171791,20.0,0.0190619809185539,1.0,10.0,16.0,255.0,-1.0,,
anpboost-few_shot-steps_2D-seed0,4o8jbm1f,2026-07-21T08:13:39Z,anpboost,few_shot,0,rmse,0.5625017700195313,0.9976699531485256,0.561425048828125,0.9954514116662267,864.312206029892,0.389657974243164,0.3788630962371826,1.3212727288203927,steps,2,55.0,,,,,,,0.0,0.0007472397689332,10.0,0.7069476197217992,0.0,20.0,16.0,255.0,-1.0,,
anpboost-few_shot-steps_2D-seed0,6dfkt6oo,2026-07-21T15:35:05Z,anpboost,few_shot,0,rmse,0.5742432250976562,1.019785086159577,0.5668419189453126,1.0036747481046102,1763.906221151352,1.2840306758880615,1.2458009719848633,1.5113005334045064,steps,2,72.0,,,,,,,0.0,8.878664758716842e-05,10.0,0.0222025951448105,0.0,20.0,16.0,255.0,-1.0,,
anpboost-few_shot-steps_2D-seed0,719461ka,2026-07-21T03:29:14Z,anpboost,few_shot,0,rmse,0.5595506591796875,0.9943402875825496,0.5561730346679687,0.985819549606328,2577.485051393509,0.5189864635467529,0.4198360443115234,1.671245385739806,steps,2,216.0,,,,,,,0.2,7.309539835912905e-05,10.0,0.0383962929980417,1.0,10.0,8.0,255.0,-1.0,,
anpboost-few_shot-steps_2D-seed0,793k9p1y,2026-07-21T21:15:44Z,anpboost,few_shot,0,rmse,0.5693955078125,1.007382187169133,0.5669208984375,1.001257525257482,2486.241983652115,1.1939668655395508,1.0356676578521729,1.5447851635705108,steps,2,60.0,,,,,,,0.0,0.0003583387974072,20.0,0.0166876416291958,0.0,10.0,8.0,255.0,-1.0,,
anpboost-few_shot-steps_2D-seed0,9tzdqc7y,2026-07-21T12:06:43Z,anpboost,few_shot,0,rmse,0.5821796264648438,1.03413549512801,0.575050537109375,1.018051938289101,5757.031330108643,1.2219431400299072,1.2690227031707764,1.638941239134398,steps,2,315.0,,,,,,,0.2,1.1508017135300922e-05,10.0,0.0179523383684912,1.0,20.0,16.0,255.0,-1.0,,
anpboost-few_shot-steps_2D-seed0,b3ip738b,2026-07-21T22:44:32Z,anpboost,few_shot,0,rmse,0.552317138671875,0.9813982469032904,0.548349365234375,0.971315809257596,4573.027563095093,1.136650323867798,1.2605128288269043,1.5668700224188794,steps,2,135.0,,,,,,,0.2,8.111144333995501e-05,20.0,0.0123280038313677,1.0,10.0,8.0,255.0,-1.0,,
anpboost-few_shot-steps_2D-seed0,bv2soiok,2026-07-21T14:50:25Z,anpboost,few_shot,0,rmse,0.5523463745117188,0.9825838323992514,0.5486932373046876,0.973027076634806,2666.306310415268,1.205395221710205,1.3464224338531494,1.662043639149096,steps,2,121.0,,,,,,,0.2,0.0002091196066971,10.0,0.1284423092280945,0.0,100.0,4.0,255.0,-1.0,,
anpboost-few_shot-steps_2D-seed0,ckvzntcm,2026-07-21T07:06:03Z,anpboost,few_shot,0,rmse,0.56218310546875,0.9981061302529765,0.5553636474609375,0.982509097525273,1257.6255357265472,0.528702974319458,0.3720571994781494,1.5005495144628649,steps,2,151.0,,,,,,,0.0,0.0001656260589333,5.0,0.655438234354628,0.0,20.0,4.0,255.0,-1.0,,
anpboost-few_shot-steps_2D-seed0,dvpnajh4,2026-07-21T13:42:53Z,anpboost,few_shot,0,rmse,0.5563092041015625,0.9889769547482016,0.5543681640625,0.9820858321000844,4039.4428856372833,1.2161872386932373,1.3937106132507324,1.882381088439982,steps,2,199.0,,,,,,,0.2,0.0001077955162095,10.0,0.0754992854618303,0.0,10.0,16.0,255.0,-1.0,,
anpboost-few_shot-steps_2D-seed0,e7xbqvvq,2026-07-21T20:17:43Z,anpboost,few_shot,0,rmse,0.568294189453125,1.0073346126292593,0.5612409057617187,0.9927356718134942,3444.0674288272858,1.328625202178955,1.2269845008850098,1.3200046001761887,steps,2,96.0,,,,,,,0.0,1.4730368526805258e-05,20.0,0.2585142302046639,1.0,10.0,8.0,255.0,-1.0,,
anpboost-few_shot-steps_2D-seed0,er6orls4,2026-07-21T06:49:55Z,anpboost,few_shot,0,rmse,0.599112548828125,1.0643505028049818,0.593771240234375,1.050876729345654,957.1572961807252,0.4971194267272949,0.8245718479156494,2.6766771829875657,steps,2,27.0,,,,,,,0.2,6.83631406502272e-05,20.0,0.768810680147495,1.0,100.0,8.0,255.0,-1.0,,
anpboost-few_shot-steps_2D-seed0,gfwtkaca,2026-07-21T19:07:52Z,anpboost,few_shot,0,rmse,0.5475234375,0.9734344923770636,0.54471484375,0.9651414966610016,4160.950170993805,0.9645791053771972,1.0580646991729736,1.5683960007261972,steps,2,199.0,,,,,,,0.2,0.0002213282815989,10.0,0.0152199142675109,0.0,100.0,16.0,255.0,-1.0,,
anpboost-few_shot-steps_2D-seed0,i9ls083r,2026-07-21T09:03:10Z,anpboost,few_shot,0,rmse,0.56916357421875,1.0109996509596717,0.5645699462890625,1.000650252971374,2914.4211893081665,1.0873568058013916,0.8261191844940186,3.019273010363801,steps,2,223.0,,,,,,,0.2,0.0001251605833757,5.0,0.2656797431288616,1.0,100.0,4.0,255.0,-1.0,,
anpboost-few_shot-steps_2D-seed0,k1ntx2ei,2026-07-21T03:17:08Z,anpboost,few_shot,0,rmse,0.5708763427734375,1.0135975107384898,0.56707421875,1.0043018096312837,716.5038714408875,0.4634153842926025,0.4421744346618652,1.5534378425295825,steps,2,75.0,,,,,,,0.2,0.0002910635913133,5.0,0.0130667392380532,0.0,100.0,4.0,255.0,-1.0,,
anpboost-few_shot-steps_2D-seed0,m617u188,2026-07-21T21:57:24Z,anpboost,few_shot,0,rmse,0.5824730224609375,1.032919675321009,0.5730338134765625,1.0143930082733363,2815.34950041771,1.1002488136291504,1.1688039302825928,1.5390692290566503,steps,2,74.0,,,,,,,0.0,3.7275559646016336e-05,20.0,0.0105756957788887,0.0,100.0,8.0,255.0,-1.0,,
anpboost-few_shot-steps_2D-seed0,o6pfgwcd,2026-07-21T05:23:26Z,anpboost,few_shot,0,rmse,0.57746875,1.0226469506035905,0.567092529296875,1.0023804075139144,1988.8980634212496,0.529984712600708,0.4695873260498047,1.441633729314702,steps,2,88.0,,,,,,,0.0,4.589824181495648e-05,20.0,0.2878805718308923,1.0,1000.0,8.0,255.0,-1.0,,
anpboost-few_shot-steps_2D-seed0,ouhtbvpl,2026-07-21T16:04:41Z,anpboost,few_shot,0,rmse,0.572741943359375,1.0163137770634976,0.5733699340820313,1.01405858851911,2240.074167251587,1.1588809490203855,1.125942945480347,1.2801540475581257,steps,2,147.0,,,,,,,0.0,1.3840044764106206e-05,5.0,0.7593823221110972,0.0,1000.0,8.0,255.0,-1.0,,
anpboost-few_shot-steps_2D-seed0,oya1ohh3,2026-07-21T18:01:59Z,anpboost,few_shot,0,rmse,0.5543101806640625,0.9844112526021392,0.5483118896484375,0.9713516967024256,3939.784103870392,1.4680917263031006,1.193347454071045,1.6356365334336302,steps,2,104.0,,,,,,,0.2,0.0001024482973264,20.0,0.0600348399921965,1.0,1000.0,8.0,255.0,-1.0,,
anpboost-few_shot-steps_2D-seed0,py6t9h71,2026-07-21T04:57:38Z,anpboost,few_shot,0,rmse,0.5898853759765625,1.048070545230383,0.5889241943359375,1.0413178303051922,1537.4789142608645,0.5396914482116699,0.5454668998718262,2.170236719044019,steps,2,60.0,,,,,,,0.2,1.913588048769229e-05,20.0,0.3503398491158687,0.0,10.0,8.0,255.0,-1.0,,
anpboost-few_shot-steps_2D-seed0,q5slrawc,2026-07-21T07:27:11Z,anpboost,few_shot,0,rmse,0.5472926025390625,0.9714684707609318,0.5428734130859375,0.9613910879536944,2750.627004861832,0.529555082321167,0.5306808948516846,1.5774837711642384,steps,2,128.0,,,,,,,0.2,0.0001849521658972,20.0,0.0438086761972578,0.0,20.0,8.0,255.0,-1.0,,
anpboost-few_shot-steps_2D-seed0,q6ukz136,2026-07-22T00:00:58Z,anpboost,few_shot,0,rmse,0.5596295166015625,0.9928433525976186,0.5546087036132813,0.9816699014012914,2404.297098875046,1.1195151805877686,1.1262760162353516,1.5238695834875975,steps,2,157.0,,,,,,,0.0,0.0008887704677237,5.0,0.0415963508411869,0.0,1000.0,4.0,255.0,-1.0,,
anpboost-few_shot-steps_2D-seed0,tlgbnid4,2026-07-21T09:52:10Z,anpboost,few_shot,0,rmse,0.5551668090820312,0.9852065099635386,0.5531256713867188,0.9767298651094222,1650.7320671081543,0.7886788845062256,0.8868610858917236,1.4670818955125455,steps,2,73.0,,,,,,,0.0,0.0008831228248242,10.0,0.3887072196612053,1.0,100.0,8.0,255.0,-1.0,,
anpboost-few_shot-steps_2D-seed0,ugllcr9p,2026-07-21T17:40:37Z,anpboost,few_shot,0,rmse,0.6124866943359375,1.0883914236881216,0.6047630615234375,1.0685514190018317,1260.657363653183,1.439805269241333,1.3407723903656006,2.8355838313710096,steps,2,16.0,,,,,,,0.2,3.6649592076212935e-05,20.0,0.9572167377160832,0.0,100.0,16.0,255.0,-1.0,,
anpboost-few_shot-steps_2D-seed0,v36rgwqs,2026-07-21T04:39:02Z,anpboost,few_shot,0,rmse,0.557845947265625,0.989192709513878,0.55774169921875,0.9863650137065962,1105.4415366649628,0.5969367027282715,0.6402993202209473,1.5057310446004992,steps,2,77.0,,,,,,,0.0,0.0008692991511139,10.0,0.1569639638866114,0.0,1000.0,8.0,255.0,-1.0,,
anpboost-few_shot-steps_2D-seed0,vsv9s3cf,2026-07-21T11:30:58Z,anpboost,few_shot,0,rmse,0.5733457641601563,1.0187683444664657,0.5736749267578125,1.0175199385743798,2132.211733341217,1.040787935256958,1.0178046226501465,2.3171190929596306,steps,2,103.0,,,,,,,0.2,0.0001053621921034,10.0,0.2534741961949762,1.0,1000.0,16.0,255.0,-1.0,,
anpboost-few_shot-steps_2D-seed0,vxo39mra,2026-07-21T06:39:42Z,anpboost,few_shot,0,rmse,0.5658969116210938,1.0038980765022902,0.5571826171875,0.9865079983636136,602.3952584266663,0.4516310691833496,0.4951701164245605,1.2631378146932428,steps,2,58.0,,,,,,,0.0,0.0001848449172098,5.0,0.6097025297491431,1.0,10.0,16.0,255.0,-1.0,,
anpboost-few_shot-steps_2D-seed0,x0u3wn7m,2026-07-21T08:28:14Z,anpboost,few_shot,0,rmse,0.57077783203125,1.011113191586127,0.5616380004882813,0.9927008217550558,2082.565463781357,0.7934749126434326,0.8319621086120605,1.3679705136502331,steps,2,60.0,,,,,,,0.0,4.764963542138518e-05,20.0,0.5945287330479982,0.0,100.0,16.0,255.0,-1.0,,
anpboost-few_shot-steps_2D-seed0,xxlz1lof,2026-07-21T10:19:53Z,anpboost,few_shot,0,rmse,0.5493662719726562,0.9777738619979536,0.5420062255859375,0.9607118259655718,2139.7643644809723,0.972752571105957,0.8983056545257568,1.567805515011787,steps,2,53.0,,,,,,,0.2,0.0006756608892518,20.0,0.0718403263658167,0.0,10.0,16.0,255.0,-1.0,,
anpboost-few_shot-steps_2D-seed0,zbnfr20u,2026-07-21T16:42:14Z,anpboost,few_shot,0,rmse,0.581445556640625,1.0309043068452537,0.5753975219726563,1.018020240233263,3489.9399530887604,1.269794225692749,1.2008578777313232,1.5093555016554157,steps,2,92.0,,,,,,,0.0,1.5905817778820346e-05,20.0,0.0138796110793157,1.0,20.0,16.0,255.0,-1.0,,
anpboost-few_shot-steps_2D-seed1,1x8o9nbi,2026-07-24T04:16:35Z,anpboost,few_shot,1,rmse,0.565961669921875,1.0014939315385585,0.5607056884765625,0.9955590890755812,2657.9879784584045,1.323284387588501,1.2837646007537842,1.5186457347722315,steps,2,124.0,,,,,,,0.0,8.878664758716842e-05,10.0,0.0222025951448105,0.0,20.0,16.0,255.0,-1.0,,
anpboost-few_shot-steps_2D-seed1,3a4hatxq,2026-07-24T10:47:50Z,anpboost,few_shot,1,rmse,0.5705367431640626,1.009963543129846,0.5686302490234375,1.01027165253425,2262.1350383758545,0.9903748035430908,0.8245458602905273,1.532141853886753,steps,2,63.0,,,,,,,0.0,3.7275559646016336e-05,20.0,0.0105756957788887,0.0,100.0,8.0,255.0,-1.0,,
anpboost-few_shot-steps_2D-seed1,44ndn4s2,2026-07-23T21:41:03Z,anpboost,few_shot,1,rmse,0.5494053955078125,0.9733778905564444,0.5477399291992188,0.973512537796529,1618.555156469345,1.3146836757659912,1.206470251083374,1.4062869413954335,steps,2,65.0,,,,,,,0.0,0.0008831228248242,10.0,0.3887072196612053,1.0,100.0,8.0,255.0,-1.0,,
anpboost-few_shot-steps_2D-seed1,4gc097yo,2026-07-24T02:54:46Z,anpboost,few_shot,1,rmse,0.543796630859375,0.964327394721245,0.5392218017578125,0.9577929533389108,4844.693423748016,1.1633553504943848,1.0604186058044434,1.6836542217183963,steps,2,252.0,,,,,,,0.2,0.0002091196066971,10.0,0.1284423092280945,0.0,100.0,4.0,255.0,-1.0,,
anpboost-few_shot-steps_2D-seed1,4y5p8vid,2026-07-24T07:10:02Z,anpboost,few_shot,1,rmse,0.54971337890625,0.9757404625744616,0.547310546875,0.97280288307485,3959.301702737808,0.9975347518920898,0.8961606025695801,1.59377807715327,steps,2,115.0,,,,,,,0.2,0.0001024482973264,20.0,0.0600348399921965,1.0,1000.0,8.0,255.0,-1.0,,
anpboost-few_shot-steps_2D-seed1,5k7mthaa,2026-07-23T14:15:37Z,anpboost,few_shot,1,rmse,0.5457317504882813,0.9679067622288888,0.543028564453125,0.966056764202529,2864.391044139862,1.101867914199829,0.8907885551452637,1.5716518344158503,steps,2,236.0,,,,,,,0.2,0.0008536189862866,5.0,0.2335963502626159,0.0,100.0,4.0,255.0,-1.0,,
anpboost-few_shot-steps_2D-seed1,8slikry6,2026-07-23T19:07:44Z,anpboost,few_shot,1,rmse,0.5513775634765625,0.9785568747784992,0.5403294677734375,0.9627883157423984,2983.9516909122467,1.2647919654846191,1.190216064453125,1.5575167178017852,steps,2,80.0,,,,,,,0.2,0.0001849521658972,20.0,0.0438086761972578,0.0,20.0,8.0,255.0,-1.0,,
anpboost-few_shot-steps_2D-seed1,8vk3i29n,2026-07-23T17:45:51Z,anpboost,few_shot,1,rmse,0.5575371704101563,0.9885688874215034,0.5526080322265625,0.9831733777756704,1197.0580649375916,0.9790687561035156,0.9752242565155028,1.265322026133265,steps,2,75.0,,,,,,,0.0,0.0001848449172098,5.0,0.6097025297491431,1.0,10.0,16.0,255.0,-1.0,,
anpboost-few_shot-steps_2D-seed1,98fzjhrp,2026-07-23T19:57:41Z,anpboost,few_shot,1,rmse,0.554810546875,0.982119451301953,0.5486747436523437,0.9757458129791006,1324.9718215465546,1.1119403839111328,1.108370304107666,1.3364296832205969,steps,2,48.0,,,,,,,0.0,0.0007472397689332,10.0,0.7069476197217992,0.0,20.0,16.0,255.0,-1.0,,
anpboost-few_shot-steps_2D-seed1,9p8kz40i,2026-07-23T12:35:59Z,anpboost,few_shot,1,rmse,0.5742327880859375,1.017269622728537,0.57006201171875,1.0144092933404192,801.9761183261871,0.9582602977752686,0.9517548084259032,1.5460598408467685,steps,2,47.0,,,,,,,0.2,0.0002910635913133,5.0,0.0130667392380532,0.0,100.0,4.0,255.0,-1.0,,
anpboost-few_shot-steps_2D-seed1,bhix9qin,2026-07-23T23:01:20Z,anpboost,few_shot,1,rmse,0.5673128662109375,1.004084589044972,0.554947021484375,0.9866371013636052,2219.505917072296,1.3050334453582764,1.081188678741455,1.533043251653912,steps,2,48.0,,,,,,,0.0,0.0001380773171791,20.0,0.0190619809185539,1.0,10.0,16.0,255.0,-1.0,,
anpboost-few_shot-steps_2D-seed1,cbmz72iw,2026-07-23T22:08:15Z,anpboost,few_shot,1,rmse,0.54277685546875,0.9643994535137526,0.5357744140625,0.9540856449020806,3171.610153913498,1.038306713104248,1.1675984859466553,1.57028237220247,steps,2,83.0,,,,,,,0.2,0.0006756608892518,20.0,0.0718403263658167,0.0,10.0,16.0,255.0,-1.0,,
anpboost-few_shot-steps_2D-seed1,cmxs3vc9,2026-07-23T21:05:13Z,anpboost,few_shot,1,rmse,0.5633040771484376,0.9983735890745442,0.5654246215820312,1.0047300169254167,2137.337955236435,1.2777769565582275,1.3233051300048828,2.1636997540777028,steps,2,139.0,,,,,,,0.2,0.0001251605833757,5.0,0.2656797431288616,1.0,100.0,4.0,255.0,-1.0,,
anpboost-few_shot-steps_2D-seed1,e6jobp1u,2026-07-24T13:23:09Z,anpboost,few_shot,1,rmse,0.5525155029296875,0.9802672684239464,0.55616552734375,0.990717431988234,1516.3440191745758,0.7779326438903809,0.8681769371032715,1.5247793003489436,steps,2,113.0,,,,,,,0.0,0.0008887704677237,5.0,0.0415963508411869,0.0,1000.0,4.0,255.0,-1.0,,
anpboost-few_shot-steps_2D-seed1,g8bjnttm,2026-07-23T15:03:34Z,anpboost,few_shot,1,rmse,0.5502308349609375,0.9761666599035672,0.5492930908203125,0.977404883448664,1317.6943480968475,0.8820779323577881,0.9886059761047364,1.5023758605659818,steps,2,61.0,,,,,,,0.0,0.0008692991511139,10.0,0.1569639638866114,0.0,1000.0,8.0,255.0,-1.0,,
anpboost-few_shot-steps_2D-seed1,ij9z9ddv,2026-07-24T06:49:52Z,anpboost,few_shot,1,rmse,0.5945982666015625,1.053181537902338,0.588763427734375,1.0458044646957283,1195.661197423935,1.223391056060791,1.188155174255371,2.2843210619487464,steps,2,16.0,,,,,,,0.2,3.6649592076212935e-05,20.0,0.9572167377160832,0.0,100.0,16.0,255.0,-1.0,,
anpboost-few_shot-steps_2D-seed1,joxsnagg,2026-07-23T15:51:41Z,anpboost,few_shot,1,rmse,0.5610401000976563,0.9935244725407962,0.552766845703125,0.9811222588774292,2321.908143758774,0.870840311050415,0.9870483875274658,1.3241775278591683,steps,2,64.0,,,,,,,0.0,4.589824181495648e-05,20.0,0.2878805718308923,1.0,1000.0,8.0,255.0,-1.0,,
anpboost-few_shot-steps_2D-seed1,k0uva91x,2026-07-23T16:30:36Z,anpboost,few_shot,1,rmse,0.565808349609375,1.00102342053472,0.5660577392578126,1.005451969657175,4411.964884996414,0.9596188068389891,1.0135953426361084,1.4299719638812238,steps,2,139.0,,,,,,,0.0,1.1241862095793047e-05,20.0,0.0425316236379087,1.0,100.0,8.0,255.0,-1.0,,
anpboost-few_shot-steps_2D-seed1,l1nt71eb,2026-07-23T12:50:31Z,anpboost,few_shot,1,rmse,0.5488204345703125,0.9735481137944474,0.5433236083984375,0.966966733277612,5093.691791296005,0.915597915649414,0.8658571243286133,1.59736813975793,steps,2,301.0,,,,,,,0.2,7.309539835912905e-05,10.0,0.0383962929980417,1.0,10.0,8.0,255.0,-1.0,,
anpboost-few_shot-steps_2D-seed1,lbqvftdm,2026-07-23T18:06:33Z,anpboost,few_shot,1,rmse,0.581767333984375,1.0303160871944832,0.5785077514648438,1.0274727787079778,1638.971939086914,0.9886727333068848,1.056685209274292,2.3278053444075537,steps,2,33.0,,,,,,,0.2,6.83631406502272e-05,20.0,0.768810680147495,1.0,100.0,8.0,255.0,-1.0,,
anpboost-few_shot-steps_2D-seed1,nnudkd6c,2026-07-24T10:16:18Z,anpboost,few_shot,1,rmse,0.5579904174804687,0.9864955366639642,0.5595830078125,0.9944550143113716,1877.3504180908203,1.160167217254639,1.0779716968536377,1.5428453891395764,steps,2,44.0,,,,,,,0.0,0.0003583387974072,20.0,0.0166876416291958,0.0,10.0,8.0,255.0,-1.0,,
anpboost-few_shot-steps_2D-seed1,nrbsp4ph,2026-07-24T09:16:39Z,anpboost,few_shot,1,rmse,0.554256103515625,0.9809878949133072,0.5487265014648437,0.9746928215250414,3558.1400063037872,1.0658118724822998,1.0500218868255615,1.2698407249204984,steps,2,106.0,,,,,,,0.0,1.4730368526805258e-05,20.0,0.2585142302046639,1.0,10.0,8.0,255.0,-1.0,,
anpboost-few_shot-steps_2D-seed1,nwz27it9,2026-07-23T20:20:14Z,anpboost,few_shot,1,rmse,0.55130078125,0.9752898576055584,0.5500048217773438,0.9771008004192586,2544.2214727401733,1.2131471633911133,1.411595582962036,1.272554948112042,steps,2,63.0,,,,,,,0.0,4.764963542138518e-05,20.0,0.5945287330479982,0.0,100.0,16.0,255.0,-1.0,,
anpboost-few_shot-steps_2D-seed1,pk1l4ydg,2026-07-24T05:01:07Z,anpboost,few_shot,1,rmse,0.5604558715820313,0.9912938797781868,0.5594051513671875,0.994122194774992,2902.085346221924,1.022002935409546,1.011152982711792,1.2228091656255773,steps,2,208.0,,,,,,,0.0,1.3840044764106206e-05,5.0,0.7593823221110972,0.0,1000.0,8.0,255.0,-1.0,,
anpboost-few_shot-steps_2D-seed1,pkfqvyrt,2026-07-23T23:38:33Z,anpboost,few_shot,1,rmse,0.5550828857421874,0.9844414973827226,0.551030029296875,0.97854599345537,3595.27340054512,1.158661127090454,1.0813424587249756,2.3072168498508,steps,2,165.0,,,,,,,0.2,0.0001053621921034,10.0,0.2534741961949762,1.0,1000.0,16.0,255.0,-1.0,,
anpboost-few_shot-steps_2D-seed1,poy4jutw,2026-07-23T18:34:04Z,anpboost,few_shot,1,rmse,0.555491943359375,0.9834104031176268,0.5485574951171875,0.974796089813924,1936.6531591415403,1.117119550704956,1.0429277420043943,1.4345800530214616,steps,2,131.0,,,,,,,0.0,0.0001656260589333,5.0,0.655438234354628,0.0,20.0,4.0,255.0,-1.0,,
anpboost-few_shot-steps_2D-seed1,qhbkpz3g,2026-07-24T02:09:24Z,anpboost,few_shot,1,rmse,0.5530068359375,0.9811240929894824,0.5528851318359375,0.9831436459883126,2675.3901193141937,1.2206950187683103,1.224071979522705,1.6494920003452826,steps,2,129.0,,,,,,,0.2,0.0001077955162095,10.0,0.0754992854618303,0.0,10.0,16.0,255.0,-1.0,,
anpboost-few_shot-steps_2D-seed1,vfdkxz5y,2026-07-23T15:26:31Z,anpboost,few_shot,1,rmse,0.58082080078125,1.029255145763931,0.572504638671875,1.0178931439555106,1496.5650029182434,1.0912158489227295,1.1116135120391846,1.5690009297612897,steps,2,33.0,,,,,,,0.2,1.913588048769229e-05,20.0,0.3503398491158687,0.0,10.0,8.0,255.0,-1.0,,
anpboost-few_shot-steps_2D-seed1,vrn24bro,2026-07-24T11:26:12Z,anpboost,few_shot,1,rmse,0.54399609375,0.9644179282283394,0.539541748046875,0.961101322171731,6956.3930122852325,1.0018060207366943,1.068296194076538,1.549957178701115,steps,2,236.0,,,,,,,0.2,8.111144333995501e-05,20.0,0.0123280038313677,1.0,10.0,8.0,255.0,-1.0,,
anpboost-few_shot-steps_2D-seed1,wim9t9d5,2026-07-24T08:16:23Z,anpboost,few_shot,1,rmse,0.5452447509765626,0.9683594487271696,0.5450658569335938,0.9713382560619748,3572.0489525794983,1.2622861862182615,1.2722361087799072,1.567794908429839,steps,2,177.0,,,,,,,0.2,0.0002213282815989,10.0,0.0152199142675109,0.0,100.0,16.0,255.0,-1.0,,
anpboost-few_shot-steps_2D-seed1,x84017n9,2026-07-24T05:49:48Z,anpboost,few_shot,1,rmse,0.5721214599609376,1.0132516305186638,0.5686013793945313,1.00877772177926,3591.1897509098053,1.0521504878997805,1.037109613418579,1.502183851988486,steps,2,102.0,,,,,,,0.0,1.5905817778820346e-05,20.0,0.0138796110793157,1.0,20.0,16.0,255.0,-1.0,,
anpboost-few_shot-steps_2D-seed1,zfks6eh2,2026-07-24T00:39:49Z,anpboost,few_shot,1,rmse,0.575755859375,1.0203695499139258,0.5729618530273437,1.018413710802584,5363.266268968582,0.9587624073028564,0.9311280250549316,1.5626900395917684,steps,2,274.0,,,,,,,0.2,1.1508017135300922e-05,10.0,0.0179523383684912,1.0,20.0,16.0,255.0,-1.0,,
anpboost-few_shot-steps_2D-seed2,3rr1h9dw,2026-07-26T06:28:02Z,anpboost,few_shot,2,rmse,0.546838134765625,0.9727399867774444,0.562327880859375,0.9964759774424864,3520.589305877685,0.8691697120666504,0.8145058155059814,1.6139645502259028,steps,2,132.0,,,,,,,0.2,0.0001024482973264,20.0,0.0600348399921965,1.0,1000.0,8.0,255.0,-1.0,,
anpboost-few_shot-steps_2D-seed2,3s9m3t7v,2026-07-26T00:26:39Z,anpboost,few_shot,2,rmse,0.5502536010742187,0.9758602084920204,0.5628577880859374,0.9973829100108222,1156.3165266513824,0.5404345989227295,0.5497705936431885,1.4492081902997138,steps,2,74.0,,,,,,,0.0,0.0008831228248242,10.0,0.3887072196612053,1.0,100.0,8.0,255.0,-1.0,,
anpboost-few_shot-steps_2D-seed2,5k5qwbd2,2026-07-25T20:07:26Z,anpboost,few_shot,2,rmse,0.5742410888671875,1.0193208268918013,0.5798020629882813,1.0253622254493076,2977.801351547241,0.5601403713226318,0.6282024383544922,1.4177266887899267,steps,2,127.0,,,,,,,0.0,1.1241862095793047e-05,20.0,0.0425316236379087,1.0,100.0,8.0,255.0,-1.0,,
anpboost-few_shot-steps_2D-seed2,6v6d2hzq,2026-07-26T10:21:22Z,anpboost,few_shot,2,rmse,0.5470400390625,0.972735298439698,0.5554495849609375,0.9855300739983668,4905.576423406601,0.719182014465332,0.6658265590667725,1.5475012340626455,steps,2,194.0,,,,,,,0.2,8.111144333995501e-05,20.0,0.0123280038313677,1.0,10.0,8.0,255.0,-1.0,,
anpboost-few_shot-steps_2D-seed2,72comzl0,2026-07-26T01:59:19Z,anpboost,few_shot,2,rmse,0.5806138916015625,1.032082848682119,0.5894356689453125,1.043158812306713,3320.0831503868103,0.6404342651367188,0.539114236831665,1.5454174330372847,steps,2,251.0,,,,,,,0.2,1.1508017135300922e-05,10.0,0.0179523383684912,1.0,20.0,16.0,255.0,-1.0,,
anpboost-few_shot-steps_2D-seed2,a2v8dh77,2026-07-26T09:24:24Z,anpboost,few_shot,2,rmse,0.559986083984375,0.9939764540398937,0.5706561279296875,1.010732683536757,1321.7275156974792,0.8546512126922607,0.8341317176818848,1.534535739053248,steps,2,33.0,,,,,,,0.0,0.0003583387974072,20.0,0.0166876416291958,0.0,10.0,8.0,255.0,-1.0,,
anpboost-few_shot-steps_2D-seed2,bvro0yxc,2026-07-26T02:54:51Z,anpboost,few_shot,2,rmse,0.5577476806640626,0.992084593864334,0.5682698974609375,1.0072221285929266,1934.529666185379,0.6434824466705322,0.837099552154541,1.633122931029459,steps,2,135.0,,,,,,,0.2,0.0001077955162095,10.0,0.0754992854618303,0.0,10.0,16.0,255.0,-1.0,,
anpboost-few_shot-steps_2D-seed2,dh6p9x7m,2026-07-26T03:27:18Z,anpboost,few_shot,2,rmse,0.547677734375,0.9747222910412978,0.5560676879882812,0.9866140769101972,2635.511823415756,0.6408591270446777,0.6452066898345947,1.683629775115267,steps,2,183.0,,,,,,,0.2,0.0002091196066971,10.0,0.1284423092280945,0.0,100.0,4.0,255.0,-1.0,,
anpboost-few_shot-steps_2D-seed2,fe0idke8,2026-07-26T04:41:55Z,anpboost,few_shot,2,rmse,0.5616024780273438,0.9976048480984098,0.5773909301757812,1.022433090454021,1461.8207778930664,0.5787334442138672,0.5823249816894531,1.2271696550946816,steps,2,142.0,,,,,,,0.0,1.3840044764106206e-05,5.0,0.7593823221110972,0.0,1000.0,8.0,255.0,-1.0,,
anpboost-few_shot-steps_2D-seed2,feir8tid,2026-07-26T04:11:24Z,anpboost,few_shot,2,rmse,0.5635867919921875,0.999891417421325,0.5754734497070313,1.0196870304400274,1820.712134361267,0.7377424240112305,0.7279167175292969,1.4990796993566424,steps,2,117.0,,,,,,,0.0,8.878664758716842e-05,10.0,0.0222025951448105,0.0,20.0,16.0,255.0,-1.0,,
anpboost-few_shot-steps_2D-seed2,ghai8ahn,2026-07-25T17:14:56Z,anpboost,few_shot,2,rmse,0.545418212890625,0.9708199486990904,0.553477294921875,0.9828043857270414,2148.3905477523804,0.5087814331054688,0.4831268787384033,1.5492244490000235,steps,2,264.0,,,,,,,0.2,0.0002910635913133,5.0,0.0130667392380532,0.0,100.0,4.0,255.0,-1.0,,
anpboost-few_shot-steps_2D-seed2,gs9lvp9n,2026-07-26T01:45:26Z,anpboost,few_shot,2,rmse,0.5766749267578125,1.024915962784531,0.5887443237304687,1.0423076435147296,821.8909530639648,0.5710611343383789,0.696995735168457,1.760299505787039,steps,2,43.0,,,,,,,0.2,0.0001053621921034,10.0,0.2534741961949762,1.0,1000.0,16.0,255.0,-1.0,,
anpboost-few_shot-steps_2D-seed2,i69qxei2,2026-07-25T17:50:55Z,anpboost,few_shot,2,rmse,0.5560214233398437,0.989222722478089,0.5700888671875,1.0098021525106493,2374.5766682624817,0.6139853000640869,0.5401349067687988,1.579782844253979,steps,2,186.0,,,,,,,0.2,7.309539835912905e-05,10.0,0.0383962929980417,1.0,10.0,8.0,255.0,-1.0,,
anpboost-few_shot-steps_2D-seed2,l0wln2ur,2026-07-25T22:39:20Z,anpboost,few_shot,2,rmse,0.5408316040039063,0.9621963294086018,0.551460205078125,0.978328529068788,3055.870127677917,0.5179579257965088,0.6544406414031982,1.5693892814006605,steps,2,130.0,,,,,,,0.2,0.0001849521658972,20.0,0.0438086761972578,0.0,20.0,8.0,255.0,-1.0,,
anpboost-few_shot-steps_2D-seed2,m0vh6tg6,2026-07-25T22:21:04Z,anpboost,few_shot,2,rmse,0.555322265625,0.985931103633106,0.5685498046875,1.0077160731560997,1085.5961375236511,0.5001199245452881,0.5622720718383789,1.381121156706733,steps,2,110.0,,,,,,,0.0,0.0001656260589333,5.0,0.655438234354628,0.0,20.0,4.0,255.0,-1.0,,
anpboost-few_shot-steps_2D-seed2,o4hvwqk8,2026-07-25T23:46:08Z,anpboost,few_shot,2,rmse,0.5540904541015625,0.983571470713683,0.5703582763671875,1.0112175481725738,1506.567304134369,0.7160384654998779,0.6309361457824707,1.2757138097553964,steps,2,53.0,,,,,,,0.0,4.764963542138518e-05,20.0,0.5945287330479982,0.0,100.0,16.0,255.0,-1.0,,
anpboost-few_shot-steps_2D-seed2,o8y8obgt,2026-07-26T06:11:56Z,anpboost,few_shot,2,rmse,0.5925995483398437,1.0493831806938776,0.602349365234375,1.066372157924187,954.501831293106,0.8493947982788086,0.85251784324646,2.335243271307218,steps,2,17.0,,,,,,,0.2,3.6649592076212935e-05,20.0,0.9572167377160832,0.0,100.0,16.0,255.0,-1.0,,
anpboost-few_shot-steps_2D-seed2,omocsnjb,2026-07-25T23:30:27Z,anpboost,few_shot,2,rmse,0.5471971435546875,0.9712702220242148,0.5638441772460937,0.9991203178789394,930.538384437561,0.525557279586792,0.5562906265258789,1.364260805706052,steps,2,53.0,,,,,,,0.0,0.0007472397689332,10.0,0.7069476197217992,0.0,20.0,16.0,255.0,-1.0,,
anpboost-few_shot-steps_2D-seed2,p9u68o5x,2026-07-26T07:26:54Z,anpboost,few_shot,2,rmse,0.544584716796875,0.9676327340163308,0.5537491455078125,0.9825052745076578,2982.550657510757,0.880075216293335,0.726752519607544,1.5588237914143748,steps,2,184.0,,,,,,,0.2,0.0002213282815989,10.0,0.0152199142675109,0.0,100.0,16.0,255.0,-1.0,,
anpboost-few_shot-steps_2D-seed2,r1ny9c37,2026-07-25T19:06:42Z,anpboost,few_shot,2,rmse,0.551291748046875,0.9794280972309052,0.5625709838867188,0.9955012997598136,1115.2009146213531,0.4521641731262207,0.6463594436645508,1.4718781367759688,steps,2,75.0,,,,,,,0.0,0.0008692991511139,10.0,0.1569639638866114,0.0,1000.0,8.0,255.0,-1.0,,
anpboost-few_shot-steps_2D-seed2,r8fxdqup,2026-07-25T19:25:28Z,anpboost,few_shot,2,rmse,0.5794171142578125,1.0275092328688795,0.5875341796875,1.0406774337413145,1041.7633020877838,0.595343828201294,0.6559257507324219,1.5764665393471566,steps,2,30.0,,,,,,,0.2,1.913588048769229e-05,20.0,0.3503398491158687,0.0,10.0,8.0,255.0,-1.0,,
anpboost-few_shot-steps_2D-seed2,rbu9cf83,2026-07-26T11:43:19Z,anpboost,few_shot,2,rmse,0.5535282592773437,0.9836926443358252,0.5662247314453125,1.0052689538573427,1238.2652354240415,0.7317559719085693,0.7328667640686035,1.5201439665310914,steps,2,107.0,,,,,,,0.0,0.0008887704677237,5.0,0.0415963508411869,0.0,1000.0,4.0,255.0,-1.0,,
anpboost-few_shot-steps_2D-seed2,rm42h1bk,2026-07-25T18:30:40Z,anpboost,few_shot,2,rmse,0.5433238525390625,0.9680690568712268,0.5577742919921875,0.9900907676771687,2147.069454431534,0.5655944347381592,0.6724629402160645,1.5540844824212183,steps,2,251.0,,,,,,,0.2,0.0008536189862866,5.0,0.2335963502626159,0.0,100.0,4.0,255.0,-1.0,,
anpboost-few_shot-steps_2D-seed2,spff0z1m,2026-07-26T01:20:16Z,anpboost,few_shot,2,rmse,0.5646353759765625,1.0029176882054005,0.5726783447265625,1.015642878104192,1499.62335896492,0.5370244979858398,0.582449197769165,1.52761681366417,steps,2,54.0,,,,,,,0.0,0.0001380773171791,20.0,0.0190619809185539,1.0,10.0,16.0,255.0,-1.0,,
anpboost-few_shot-steps_2D-seed2,srhrdh2m,2026-07-26T05:06:27Z,anpboost,few_shot,2,rmse,0.5768140258789063,1.0223388083887577,0.5858466796875,1.0370825566687052,3915.536791086197,0.6282615661621094,0.711219072341919,1.491734834576875,steps,2,161.0,,,,,,,0.0,1.5905817778820346e-05,20.0,0.0138796110793157,1.0,20.0,16.0,255.0,-1.0,,
anpboost-few_shot-steps_2D-seed2,uyxji3tk,2026-07-26T09:46:38Z,anpboost,few_shot,2,rmse,0.5795322875976563,1.029266064697667,0.58475634765625,1.035222952364813,2072.3147814273834,0.7109494209289551,0.9505529403686525,1.526801175392284,steps,2,64.0,,,,,,,0.0,3.7275559646016336e-05,20.0,0.0105756957788887,0.0,100.0,8.0,255.0,-1.0,,
anpboost-few_shot-steps_2D-seed2,v40gv6vh,2026-07-26T00:11:26Z,anpboost,few_shot,2,rmse,0.5781529541015625,1.0272330358286068,0.591723388671875,1.0486658185422573,902.0120656490326,0.6084573268890381,0.5845363140106201,1.85816974738133,steps,2,86.0,,,,,,,0.2,0.0001251605833757,5.0,0.2656797431288616,1.0,100.0,4.0,255.0,-1.0,,
anpboost-few_shot-steps_2D-seed2,v7zrb7i1,2026-07-25T20:57:19Z,anpboost,few_shot,2,rmse,0.5507904052734375,0.9776758062927728,0.562942626953125,0.9982956356519912,1172.0674209594729,0.4807097911834717,0.5225124359130859,1.3706022825468795,steps,2,121.0,,,,,,,0.0,0.0001848449172098,5.0,0.6097025297491431,1.0,10.0,16.0,255.0,-1.0,,
anpboost-few_shot-steps_2D-seed2,vl9ll1td,2026-07-25T19:43:00Z,anpboost,few_shot,2,rmse,0.5641401977539062,1.002893786388404,0.5751013793945312,1.0184255314023145,1447.726960659027,0.4717860221862793,0.5033376216888428,1.4026808164197389,steps,2,51.0,,,,,,,0.0,4.589824181495648e-05,20.0,0.2878805718308923,1.0,1000.0,8.0,255.0,-1.0,,
anpboost-few_shot-steps_2D-seed2,vsmjr6yg,2026-07-26T00:46:06Z,anpboost,few_shot,2,rmse,0.540515625,0.9618460953166296,0.5517764892578125,0.979117590061336,2039.8023738861084,0.5909175872802734,0.6369678974151611,1.5543998987677083,steps,2,80.0,,,,,,,0.2,0.0006756608892518,20.0,0.0718403263658167,0.0,10.0,16.0,255.0,-1.0,,
anpboost-few_shot-steps_2D-seed2,x9vzmo27,2026-07-26T08:16:47Z,anpboost,few_shot,2,rmse,0.5530975952148437,0.9822020992621268,0.5660390014648438,1.0023140664259325,4045.250241994858,0.8946731090545654,0.9706835746765136,1.2946842791926416,steps,2,154.0,,,,,,,0.0,1.4730368526805258e-05,20.0,0.2585142302046639,1.0,10.0,8.0,255.0,-1.0,,
anpboost-few_shot-steps_2D-seed2,z4jm90c0,2026-07-25T21:17:08Z,anpboost,few_shot,2,rmse,0.5731151123046875,1.0200384187245564,0.586052978515625,1.040526758124287,3824.872219800949,0.5506458282470703,0.7188339233398438,6.974296122287276,steps,2,169.0,,,,,,,0.2,6.83631406502272e-05,20.0,0.768810680147495,1.0,100.0,8.0,255.0,-1.0,,
anpboost-few_shot-steps_2D-seed3,0olov6ws,2026-07-21T10:19:17Z,anpboost,few_shot,3,rmse,0.5733021850585938,1.0144681551989243,0.564301513671875,1.00352970092794,1705.7842786312103,1.1836540699005127,0.8405656814575195,2.1372975432258623,steps,2,117.0,,,,,,,0.2,0.0001251605833757,5.0,0.2656797431288616,1.0,100.0,4.0,255.0,-1.0,,
anpboost-few_shot-steps_2D-seed3,1j2wq7d1,2026-07-21T05:16:07Z,anpboost,few_shot,3,rmse,0.54850341796875,0.9744689037291806,0.5520185546875,0.9831187815262854,1051.8345577716827,0.4494597911834717,0.4138739109039306,1.5698215001871665,steps,2,75.0,,,,,,,0.0,0.0008692991511139,10.0,0.1569639638866114,0.0,1000.0,8.0,255.0,-1.0,,
anpboost-few_shot-steps_2D-seed3,2gppo9nw,2026-07-21T20:37:01Z,anpboost,few_shot,3,rmse,0.561611572265625,0.9956558959942082,0.5548502197265625,0.9864165532209084,3440.0621945858,1.242480993270874,0.7496037483215332,1.2870421855953795,steps,2,104.0,,,,,,,0.0,1.4730368526805258e-05,20.0,0.2585142302046639,1.0,10.0,8.0,255.0,-1.0,,
anpboost-few_shot-steps_2D-seed3,3h0bxuje,2026-07-21T15:25:16Z,anpboost,few_shot,3,rmse,0.5487368774414062,0.9746600709483508,0.5459215087890625,0.9734030710675676,2792.081241607666,1.250753402709961,1.118767023086548,1.6519095753566435,steps,2,137.0,,,,,,,0.2,0.0002091196066971,10.0,0.1284423092280945,0.0,100.0,4.0,255.0,-1.0,,
anpboost-few_shot-steps_2D-seed3,5al6bz1t,2026-07-21T08:21:58Z,anpboost,few_shot,3,rmse,0.5397921142578125,0.9598059202239644,0.5371427612304688,0.9603700999133707,3525.63751912117,1.150252342224121,1.2229480743408203,1.5892441281932104,steps,2,120.0,,,,,,,0.2,0.0001849521658972,20.0,0.0438086761972578,0.0,20.0,8.0,255.0,-1.0,,
anpboost-few_shot-steps_2D-seed3,5ov1oqbn,2026-07-21T13:33:28Z,anpboost,few_shot,3,rmse,0.584162353515625,1.0344568739817712,0.569600830078125,1.0128734036381977,4673.389949083328,1.0792579650878906,1.139301300048828,1.6002477711997103,steps,2,246.0,,,,,,,0.2,1.1508017135300922e-05,10.0,0.0179523383684912,1.0,20.0,16.0,255.0,-1.0,,
anpboost-few_shot-steps_2D-seed3,ao64hw7g,2026-07-21T07:19:41Z,anpboost,few_shot,3,rmse,0.5541512451171875,0.984276379600226,0.5520897216796875,0.981681680622765,779.33212018013,0.398294448852539,0.4078342914581299,1.309249148375395,steps,2,90.0,,,,,,,0.0,0.0001848449172098,5.0,0.6097025297491431,1.0,10.0,16.0,255.0,-1.0,,
anpboost-few_shot-steps_2D-seed3,c7ublzdd,2026-07-21T22:08:07Z,anpboost,few_shot,3,rmse,0.5756182861328125,1.02104478254145,0.575049560546875,1.0225731374062432,2919.0449602603912,1.3150367736816406,1.2149937152862549,1.5594892190130327,steps,2,80.0,,,,,,,0.0,3.7275559646016336e-05,20.0,0.0105756957788887,0.0,100.0,8.0,255.0,-1.0,,
anpboost-few_shot-steps_2D-seed3,czh92aa9,2026-07-21T05:33:49Z,anpboost,few_shot,3,rmse,0.587070068359375,1.0402447039342844,0.575052978515625,1.021701519723125,1704.891151189804,0.5138638019561768,0.4442713260650635,2.1460990970607416,steps,2,71.0,,,,,,,0.2,1.913588048769229e-05,20.0,0.3503398491158687,0.0,10.0,8.0,255.0,-1.0,,
anpboost-few_shot-steps_2D-seed3,di4ilu0g,2026-07-21T09:40:56Z,anpboost,few_shot,3,rmse,0.55590771484375,0.9861918331072768,0.5559973754882812,0.9888308033094616,2288.928896665573,0.7789666652679443,1.1320946216583252,1.281548825747043,steps,2,61.0,,,,,,,0.0,4.764963542138518e-05,20.0,0.5945287330479982,0.0,100.0,16.0,255.0,-1.0,,
anpboost-few_shot-steps_2D-seed3,fd1xazxj,2026-07-21T05:02:37Z,anpboost,few_shot,3,rmse,0.5577774658203125,0.9896805429239378,0.5522947387695313,0.9859368951730604,791.6854894161224,0.5144877433776855,0.5983381271362305,1.658035781170052,steps,2,88.0,,,,,,,0.2,0.0008536189862866,5.0,0.2335963502626159,0.0,100.0,4.0,255.0,-1.0,,
anpboost-few_shot-steps_2D-seed3,gs7mkrk3,2026-07-21T21:34:32Z,anpboost,few_shot,3,rmse,0.5656312866210937,0.9991499043750522,0.5691597900390625,1.0078207845050036,2002.9389848709104,1.0356452465057373,0.93953537940979,1.5639722449375857,steps,2,49.0,,,,,,,0.0,0.0003583387974072,20.0,0.0166876416291958,0.0,10.0,8.0,255.0,-1.0,,
anpboost-few_shot-steps_2D-seed3,h5rh4ava,2026-07-21T09:20:57Z,anpboost,few_shot,3,rmse,0.552708740234375,0.9821882939066564,0.5540328369140625,0.9854973589602388,1138.346982717514,1.041728973388672,0.9289171695709229,1.4445443634472004,steps,2,44.0,,,,,,,0.0,0.0007472397689332,10.0,0.7069476197217992,0.0,20.0,16.0,255.0,-1.0,,
anpboost-few_shot-steps_2D-seed3,i4ffqp51,2026-07-21T12:12:38Z,anpboost,few_shot,3,rmse,0.56500390625,1.0027585060781217,0.5622728881835938,0.9992184364872104,1897.8855884075165,1.2249152660369873,1.0701336860656738,1.554341039536257,steps,2,49.0,,,,,,,0.0,0.0001380773171791,20.0,0.0190619809185539,1.0,10.0,16.0,255.0,-1.0,,
anpboost-few_shot-steps_2D-seed3,i4tdwt0f,2026-07-21T16:42:33Z,anpboost,few_shot,3,rmse,0.5745797119140625,1.0192163167202832,0.5600283203125,0.9953735008391232,1907.462579011917,1.071484088897705,1.141407489776611,1.1715515545586392,steps,2,133.0,,,,,,,0.0,1.3840044764106206e-05,5.0,0.7593823221110972,0.0,1000.0,8.0,255.0,-1.0,,
anpboost-few_shot-steps_2D-seed3,imyz0pvq,2026-07-21T14:51:34Z,anpboost,few_shot,3,rmse,0.564487548828125,1.0007208348028038,0.5562859497070313,0.9902418749399609,2009.269074201584,1.1952803134918213,0.9184401035308838,1.6931366998730952,steps,2,92.0,,,,,,,0.2,0.0001077955162095,10.0,0.0754992854618303,0.0,10.0,16.0,255.0,-1.0,,
anpboost-few_shot-steps_2D-seed3,jucr7mj4,2026-07-21T18:07:14Z,anpboost,few_shot,3,rmse,0.6032413940429687,1.0683721439805,0.5907078857421875,1.049177645885111,1324.8075811862946,1.0716650485992432,0.924523115158081,2.6753232258682984,steps,2,23.0,,,,,,,0.2,3.6649592076212935e-05,20.0,0.9572167377160832,0.0,100.0,16.0,255.0,-1.0,,
anpboost-few_shot-steps_2D-seed3,lsaigjul,2026-07-21T11:14:25Z,anpboost,few_shot,3,rmse,0.5400614624023438,0.9591917340291036,0.5373045654296875,0.9606878038885508,3480.79975104332,0.9348585605621338,1.0983059406280518,1.573384787876357,steps,2,108.0,,,,,,,0.2,0.0006756608892518,20.0,0.0718403263658167,0.0,10.0,16.0,255.0,-1.0,,
anpboost-few_shot-steps_2D-seed3,mpf2rcuo,2026-07-21T19:55:55Z,anpboost,few_shot,3,rmse,0.549451904296875,0.9756144476596038,0.544798095703125,0.97157586948174,2454.348880290985,0.7027742862701416,1.0888936519622805,1.5830529333120738,steps,2,118.0,,,,,,,0.2,0.0002213282815989,10.0,0.0152199142675109,0.0,100.0,16.0,255.0,-1.0,,
anpboost-few_shot-steps_2D-seed3,n7wzn0b5,2026-07-21T16:12:01Z,anpboost,few_shot,3,rmse,0.5673017578125,1.006216071438554,0.5625993041992188,1.000585438953426,1819.6256909370425,1.0562057495117188,1.1190156936645508,1.539318750081352,steps,2,80.0,,,,,,,0.0,8.878664758716842e-05,10.0,0.0222025951448105,0.0,20.0,16.0,255.0,-1.0,,
anpboost-few_shot-steps_2D-seed3,nsparhs9,2026-07-21T03:44:32Z,anpboost,few_shot,3,rmse,0.5517926635742187,0.9796347482170056,0.5498784790039063,0.9803592551967788,1518.576738834381,0.4050848484039306,0.4660639762878418,1.579520632378306,steps,2,193.0,,,,,,,0.2,0.0002910635913133,5.0,0.0130667392380532,0.0,100.0,4.0,255.0,-1.0,,
anpboost-few_shot-steps_2D-seed3,p3fxejrp,2026-07-21T22:56:59Z,anpboost,few_shot,3,rmse,0.5455122680664063,0.969185167569279,0.5453470458984375,0.9744159228664944,5652.454756498337,1.092264175415039,1.152214288711548,1.5756624098847123,steps,2,170.0,,,,,,,0.2,8.111144333995501e-05,20.0,0.0123280038313677,1.0,10.0,8.0,255.0,-1.0,,
anpboost-few_shot-steps_2D-seed3,qc6vygfg,2026-07-21T10:48:05Z,anpboost,few_shot,3,rmse,0.5546822509765625,0.9833448598569768,0.5468045654296875,0.9736469449538118,1549.2609856128693,0.969379186630249,1.1049935817718506,1.5261839807225148,steps,2,68.0,,,,,,,0.0,0.0008831228248242,10.0,0.3887072196612053,1.0,100.0,8.0,255.0,-1.0,,
anpboost-few_shot-steps_2D-seed3,r77xjrab,2026-07-21T18:29:31Z,anpboost,few_shot,3,rmse,0.54429248046875,0.9665599896434532,0.542781494140625,0.9688634391683824,5171.124135494232,1.0490145683288574,1.000678300857544,1.646147419200212,steps,2,159.0,,,,,,,0.2,0.0001024482973264,20.0,0.0600348399921965,1.0,1000.0,8.0,255.0,-1.0,,
anpboost-few_shot-steps_2D-seed3,shzwmyt0,2026-07-21T07:32:50Z,anpboost,few_shot,3,rmse,0.5848963623046874,1.0354561304922492,0.5752880249023438,1.0221545051934091,1610.9033827781675,0.5276379585266113,0.4656746387481689,3.3055650797868643,steps,2,65.0,,,,,,,0.2,6.83631406502272e-05,20.0,0.768810680147495,1.0,100.0,8.0,255.0,-1.0,,
anpboost-few_shot-steps_2D-seed3,ta5awfu2,2026-07-21T04:10:04Z,anpboost,few_shot,3,rmse,0.5515321044921875,0.979738983996588,0.5467884521484375,0.9746083185523094,3143.913316726685,0.4154016971588135,0.5296638011932373,1.64534038882398,steps,2,268.0,,,,,,,0.2,7.309539835912905e-05,10.0,0.0383962929980417,1.0,10.0,8.0,255.0,-1.0,,
anpboost-few_shot-steps_2D-seed3,tzoemyvk,2026-07-22T00:31:24Z,anpboost,few_shot,3,rmse,0.5506021728515625,0.976579902526308,0.5470841064453125,0.9753770053604008,2330.7283143997192,1.2931890487670898,1.1737339496612549,1.530408420338053,steps,2,153.0,,,,,,,0.0,0.0008887704677237,5.0,0.0415963508411869,0.0,1000.0,4.0,255.0,-1.0,,
anpboost-few_shot-steps_2D-seed3,xo7izzv8,2026-07-21T12:44:29Z,anpboost,few_shot,3,rmse,0.5649228515625,1.0014788703518298,0.5574406127929687,0.9935890134285263,2927.474420070648,1.009756088256836,0.92980694770813,2.905242527213947,steps,2,149.0,,,,,,,0.2,0.0001053621921034,10.0,0.2534741961949762,1.0,1000.0,16.0,255.0,-1.0,,
anpboost-few_shot-steps_2D-seed3,yanb94qm,2026-07-21T06:27:27Z,anpboost,few_shot,3,rmse,0.5721800537109375,1.0144417829776031,0.5689268798828125,1.0114215784649638,3122.59690284729,0.4986896514892578,0.4235551357269287,1.452300222217452,steps,2,155.0,,,,,,,0.0,1.1241862095793047e-05,20.0,0.0425316236379087,1.0,100.0,8.0,255.0,-1.0,,
anpboost-few_shot-steps_2D-seed3,yv6q3ynr,2026-07-21T07:59:52Z,anpboost,few_shot,3,rmse,0.5515311889648438,0.979697980024136,0.5524017333984375,0.983322026803104,1316.2576804161072,0.5938735008239746,0.5341672897338867,1.4937936978964284,steps,2,160.0,,,,,,,0.0,0.0001656260589333,5.0,0.655438234354628,0.0,20.0,4.0,255.0,-1.0,,
anpboost-few_shot-steps_2D-seed3,z44uhd87,2026-07-21T17:14:39Z,anpboost,few_shot,3,rmse,0.577796142578125,1.024441911696662,0.57305029296875,1.0193832953113156,3142.9227261543274,1.1204652786254885,1.2707312107086182,1.5256210781156077,steps,2,92.0,,,,,,,0.0,1.5905817778820346e-05,20.0,0.0138796110793157,1.0,20.0,16.0,255.0,-1.0,,
anpboost-few_shot-steps_2D-seed3,zmg1gl5w,2026-07-21T06:02:24Z,anpboost,few_shot,3,rmse,0.5605303955078125,0.995307929411837,0.56082177734375,0.9973637855696804,1492.2790312767029,0.4274654388427734,0.3781881332397461,1.376947721177543,steps,2,61.0,,,,,,,0.0,4.589824181495648e-05,20.0,0.2878805718308923,1.0,1000.0,8.0,255.0,-1.0,,
anpboost-few_shot-steps_2D-seed4,170h6v5v,2026-07-24T14:11:45Z,anpboost,few_shot,4,rmse,0.5671858520507812,1.0073125494575763,0.5599466552734375,0.9963039608963564,1663.3700335025787,0.9211468696594238,0.8923170566558838,1.5294224443932856,steps,2,38.0,,,,,,,0.0,0.0003583387974072,20.0,0.0166876416291958,0.0,10.0,8.0,255.0,-1.0,,
anpboost-few_shot-steps_2D-seed4,4xyo61aa,2026-07-24T10:47:56Z,anpboost,few_shot,4,rmse,0.5874423828125,1.041402745652516,0.580763916015625,1.0348838985466071,1199.5733914375303,0.8367576599121094,0.8615598678588867,2.340513529647453,steps,2,21.0,,,,,,,0.2,3.6649592076212935e-05,20.0,0.9572167377160832,0.0,100.0,16.0,255.0,-1.0,,
anpboost-few_shot-steps_2D-seed4,6gfucwvk,2026-07-24T09:30:29Z,anpboost,few_shot,4,rmse,0.5712952880859375,1.014194567358257,0.560946044921875,0.9977849323631882,1370.7330331802368,0.7979035377502441,0.8386166095733643,1.154300665964005,steps,2,100.0,,,,,,,0.0,1.3840044764106206e-05,5.0,0.7593823221110972,0.0,1000.0,8.0,255.0,-1.0,,
anpboost-few_shot-steps_2D-seed4,6mfiqgcs,2026-07-24T13:18:04Z,anpboost,few_shot,4,rmse,0.5621102294921875,1.0002602085762624,0.54239453125,0.9653486033234866,3163.1160469055176,0.9252264499664308,1.0357012748718262,1.2103829266823352,steps,2,99.0,,,,,,,0.0,1.4730368526805258e-05,20.0,0.2585142302046639,1.0,10.0,8.0,255.0,-1.0,,
anpboost-few_shot-steps_2D-seed4,6nc0ra1b,2026-07-23T23:43:55Z,anpboost,few_shot,4,rmse,0.547895263671875,0.974926309708948,0.5356283569335938,0.9558539378599968,4296.56743645668,0.95666766166687,0.9568979740142822,1.5479390731683675,steps,2,131.0,,,,,,,0.2,0.0001849521658972,20.0,0.0438086761972578,0.0,20.0,8.0,255.0,-1.0,,
anpboost-few_shot-steps_2D-seed4,6y13nhn4,2026-07-24T11:08:14Z,anpboost,few_shot,4,rmse,0.5530618286132812,0.9836040640654032,0.544373779296875,0.9722400628127372,4192.721566915512,0.9421465396881104,0.9367852210998536,1.579674636972802,steps,2,137.0,,,,,,,0.2,0.0001024482973264,20.0,0.0600348399921965,1.0,1000.0,8.0,255.0,-1.0,,
anpboost-few_shot-steps_2D-seed4,7cwrvff3,2026-07-24T15:35:55Z,anpboost,few_shot,4,rmse,0.5570543212890625,0.991123519163322,0.548109130859375,0.9767494843227262,3761.169370651245,1.0609028339385986,1.054621696472168,1.536063852782188,steps,2,119.0,,,,,,,0.2,8.111144333995501e-05,20.0,0.0123280038313677,1.0,10.0,8.0,255.0,-1.0,,
anpboost-few_shot-steps_2D-seed4,7qjncgrl,2026-07-24T12:18:21Z,anpboost,few_shot,4,rmse,0.5518887939453125,0.9807336941836876,0.535969970703125,0.9550774829390642,3570.7516412734985,0.8499760627746582,0.9078865051269532,1.5516488023163488,steps,2,193.0,,,,,,,0.2,0.0002213282815989,10.0,0.0152199142675109,0.0,100.0,16.0,255.0,-1.0,,
anpboost-few_shot-steps_2D-seed4,alomf3p6,2026-07-23T18:27:16Z,anpboost,few_shot,4,rmse,0.5538892211914063,0.9843188916719472,0.53831396484375,0.9594118472707264,2936.484655618668,0.9141223430633544,1.0566093921661377,1.7092219128774129,steps,2,228.0,,,,,,,0.2,0.0008536189862866,5.0,0.2335963502626159,0.0,100.0,4.0,255.0,-1.0,,
anpboost-few_shot-steps_2D-seed4,ayh0u51g,2026-07-24T02:30:11Z,anpboost,few_shot,4,rmse,0.5526129150390625,0.9821071296214388,0.5403275146484375,0.9634658370489558,2806.8873279094696,1.1153020858764648,1.1726551055908203,1.5402945479654842,steps,2,70.0,,,,,,,0.2,0.0006756608892518,20.0,0.0718403263658167,0.0,10.0,16.0,255.0,-1.0,,
anpboost-few_shot-steps_2D-seed4,bxq4i4x9,2026-07-23T22:18:25Z,anpboost,few_shot,4,rmse,0.5605939331054688,0.9970633065489108,0.5480758666992187,0.9749847559959304,1158.9596939086914,1.207695245742798,1.2609007358551023,1.2269460488801982,steps,2,68.0,,,,,,,0.0,0.0001848449172098,5.0,0.6097025297491431,1.0,10.0,16.0,255.0,-1.0,,
anpboost-few_shot-steps_2D-seed4,bylqi2ag,2026-07-23T23:12:49Z,anpboost,few_shot,4,rmse,0.5601900024414063,0.9964748967555708,0.5530546264648437,0.9853106797611524,1852.2314128875728,1.298628330230713,1.023349046707153,1.3711786815202016,steps,2,127.0,,,,,,,0.0,0.0001656260589333,5.0,0.655438234354628,0.0,20.0,4.0,255.0,-1.0,,
anpboost-few_shot-steps_2D-seed4,do3jq630,2026-07-23T19:37:29Z,anpboost,few_shot,4,rmse,0.5699307861328125,1.0133403946777122,0.55878125,0.994503120266009,2364.393576860428,1.205385684967041,1.2062456607818604,1.5609247519876648,steps,2,57.0,,,,,,,0.2,1.913588048769229e-05,20.0,0.3503398491158687,0.0,10.0,8.0,255.0,-1.0,,
anpboost-few_shot-steps_2D-seed4,e7s453eo,2026-07-24T07:38:02Z,anpboost,few_shot,4,rmse,0.551283935546875,0.9797994369865038,0.5391600341796875,0.9609897551128458,4187.226600646973,1.1704180240631104,1.0278253555297852,1.6359885445269746,steps,2,193.0,,,,,,,0.2,0.0002091196066971,10.0,0.1284423092280945,0.0,100.0,4.0,255.0,-1.0,,
anpboost-few_shot-steps_2D-seed4,ea4zcctp,2026-07-24T06:29:05Z,anpboost,few_shot,4,rmse,0.5556514892578125,0.988413593863652,0.5452297973632813,0.97346679239815,4112.529852867127,1.2510716915130615,1.2845990657806396,1.7022196152420304,steps,2,196.0,,,,,,,0.2,0.0001077955162095,10.0,0.0754992854618303,0.0,10.0,16.0,255.0,-1.0,,
anpboost-few_shot-steps_2D-seed4,f0gww087,2026-07-24T09:54:03Z,anpboost,few_shot,4,rmse,0.576867919921875,1.0253490890175223,0.5692819213867187,1.013145393402939,3213.568135738373,0.8469152450561523,0.8559443950653076,1.4923538073856402,steps,2,102.0,,,,,,,0.0,1.5905817778820346e-05,20.0,0.0138796110793157,1.0,20.0,16.0,255.0,-1.0,,
anpboost-few_shot-steps_2D-seed4,fcvojk5l,2026-07-24T00:55:43Z,anpboost,few_shot,4,rmse,0.5636846923828125,1.002419105412289,0.547674072265625,0.9741195926365964,1377.387021780014,0.8662416934967041,1.3232173919677734,1.4223448279295217,steps,2,55.0,,,,,,,0.0,0.0007472397689332,10.0,0.7069476197217992,0.0,20.0,16.0,255.0,-1.0,,
anpboost-few_shot-steps_2D-seed4,i8nb1b8g,2026-07-24T08:48:20Z,anpboost,few_shot,4,rmse,0.5660751342773438,1.005988398663477,0.5605031127929687,0.9962247888506106,2517.1098120212555,1.2295033931732178,1.2574186325073242,1.50341697218365,steps,2,123.0,,,,,,,0.0,8.878664758716842e-05,10.0,0.0222025951448105,0.0,20.0,16.0,255.0,-1.0,,
anpboost-few_shot-steps_2D-seed4,mrrittwl,2026-07-24T01:44:15Z,anpboost,few_shot,4,rmse,0.5729169311523438,1.0186167192392788,0.5686182250976562,1.0138175538048195,1228.318776845932,1.1601402759552002,1.074406385421753,1.6939698204130853,steps,2,76.0,,,,,,,0.2,0.0001251605833757,5.0,0.2656797431288616,1.0,100.0,4.0,255.0,-1.0,,
anpboost-few_shot-steps_2D-seed4,mzo50z9z,2026-07-24T03:50:32Z,anpboost,few_shot,4,rmse,0.5686588134765626,1.0108386655264463,0.5543421630859375,0.9887156751802222,4285.878320217133,1.055309534072876,1.197145938873291,3.109331709805644,steps,2,198.0,,,,,,,0.2,0.0001053621921034,10.0,0.2534741961949762,1.0,1000.0,16.0,255.0,-1.0,,
anpboost-few_shot-steps_2D-seed4,n7qacsj0,2026-07-23T17:17:22Z,anpboost,few_shot,4,rmse,0.5582578125,0.993760312835008,0.5534248046875,0.9869720921565066,4173.179673433304,0.9954137802124025,0.9198851585388184,1.5855067799591822,steps,2,223.0,,,,,,,0.2,7.309539835912905e-05,10.0,0.0383962929980417,1.0,10.0,8.0,255.0,-1.0,,
anpboost-few_shot-steps_2D-seed4,ncpjl4kt,2026-07-24T05:02:10Z,anpboost,few_shot,4,rmse,0.5774579467773437,1.0259668414761467,0.5627532958984375,1.0027291179817996,5177.622512817383,1.3495001792907717,1.3254265785217283,1.4934554657760255,steps,2,253.0,,,,,,,0.2,1.1508017135300922e-05,10.0,0.0179523383684912,1.0,20.0,16.0,255.0,-1.0,,
anpboost-few_shot-steps_2D-seed4,qx6ppgty,2026-07-23T20:17:06Z,anpboost,few_shot,4,rmse,0.5657925415039062,1.0056160222952937,0.55599560546875,0.9908016389888622,2973.549364566803,1.066807746887207,1.086540937423706,1.3614149866713248,steps,2,83.0,,,,,,,0.0,4.589824181495648e-05,20.0,0.2878805718308923,1.0,1000.0,8.0,255.0,-1.0,,
anpboost-few_shot-steps_2D-seed4,v7uwhx49,2026-07-24T16:39:30Z,anpboost,few_shot,4,rmse,0.5674359741210937,1.0087439289895637,0.557561279296875,0.9917313483813488,1095.2686104774475,0.829235315322876,0.8199517726898193,1.5039285094474812,steps,2,70.0,,,,,,,0.0,0.0008887704677237,5.0,0.0415963508411869,0.0,1000.0,4.0,255.0,-1.0,,
anpboost-few_shot-steps_2D-seed4,wcb2fvqo,2026-07-24T01:19:14Z,anpboost,few_shot,4,rmse,0.5636090087890625,1.002778371904184,0.55166064453125,0.9830627470213672,1489.1363360881803,1.0409114360809326,0.9449911117553712,1.3545023232200049,steps,2,29.0,,,,,,,0.0,4.764963542138518e-05,20.0,0.5945287330479982,0.0,100.0,16.0,255.0,-1.0,,
anpboost-few_shot-steps_2D-seed4,x3bg6qua,2026-07-24T03:17:11Z,anpboost,few_shot,4,rmse,0.56511328125,1.0045888516381554,0.557223388671875,0.9946851622717292,1985.0388402938845,1.2460298538208008,1.195643663406372,1.5203113584718504,steps,2,42.0,,,,,,,0.0,0.0001380773171791,20.0,0.0190619809185539,1.0,10.0,16.0,255.0,-1.0,,
anpboost-few_shot-steps_2D-seed4,x3rl3h3o,2026-07-23T19:16:28Z,anpboost,few_shot,4,rmse,0.5609744262695312,0.99694332851769,0.5514208984375,0.9827411584277366,1247.6024968624115,0.9925386905670166,1.0666024684906006,1.4733488649195012,steps,2,52.0,,,,,,,0.0,0.0008692991511139,10.0,0.1569639638866114,0.0,1000.0,8.0,255.0,-1.0,,
anpboost-few_shot-steps_2D-seed4,xl0sskgr,2026-07-23T21:06:52Z,anpboost,few_shot,4,rmse,0.5726860961914062,1.0185710152011958,0.5613779907226563,0.9977175205680208,4279.951935768127,1.0711205005645752,0.9867227077484132,1.425315724226146,steps,2,128.0,,,,,,,0.0,1.1241862095793047e-05,20.0,0.0425316236379087,1.0,100.0,8.0,255.0,-1.0,,
anpboost-few_shot-steps_2D-seed4,yr9t6dov,2026-07-24T14:40:09Z,anpboost,few_shot,4,rmse,0.572863525390625,1.0186050968007296,0.570671142578125,1.0159948633306797,3330.3682153224945,0.9820077419281006,0.7445077896118164,1.5211705669203155,steps,2,102.0,,,,,,,0.0,3.7275559646016336e-05,20.0,0.0105756957788887,0.0,100.0,8.0,255.0,-1.0,,
anpboost-few_shot-steps_2D-seed4,ysgmb28u,2026-07-24T02:05:17Z,anpboost,few_shot,4,rmse,0.5562365112304688,0.98961931132286,0.5496748046875,0.9789291640938098,1474.6919221878052,1.15451979637146,1.2201063632965088,1.4049089111437147,steps,2,60.0,,,,,,,0.0,0.0008831228248242,10.0,0.3887072196612053,1.0,100.0,8.0,255.0,-1.0,,
anpboost-few_shot-steps_2D-seed4,z1adjlw9,2026-07-23T16:49:50Z,anpboost,few_shot,4,rmse,0.5653538208007812,1.0046372483147246,0.5483555908203125,0.9786580724751852,1637.8492529392242,1.0155534744262695,1.0892579555511477,1.5345433317482609,steps,2,115.0,,,,,,,0.2,0.0002910635913133,5.0,0.0130667392380532,0.0,100.0,4.0,255.0,-1.0,,
anpboost-few_shot-steps_2D-seed4,zhqrzksh,2026-07-23T22:38:01Z,anpboost,few_shot,4,rmse,0.5767841796875,1.0234939989318843,0.568726806640625,1.013921490883004,2074.964725732804,0.9949054718017578,1.1895036697387695,2.3620320902343512,steps,2,48.0,,,,,,,0.2,6.83631406502272e-05,20.0,0.768810680147495,1.0,100.0,8.0,255.0,-1.0,,
np-in_context-steps_2D-seed0,2m25wx2l,2026-07-20T16:12:42Z,np,in_context,0,rmse,0.5455007486979166,0.968323268618974,0.541350390625,0.9625586128827356,3789.0410392284393,2.309444665908813,2.473296642303467,,steps,2,,5.4041038546473305e-05,,,,,,,,,,,,,,,2488.0,0.0584289297070436
np-in_context-steps_2D-seed0,4t5i8s4h,2026-07-21T02:21:49Z,np,in_context,0,rmse,0.55065546875,0.971083571968658,0.5523390625,0.9745450351381152,2856.022010564804,2.15213680267334,1.952420711517334,,steps,2,,0.0002113705944064,,,,,,,,,,,,,,,1823.0,0.0517559963200033
np-in_context-steps_2D-seed0,5u5j6a02,2026-07-20T09:11:53Z,np,in_context,0,rmse,0.542930859375,0.9584843975084364,0.54438857421875,0.9628699022557982,3225.0135192871094,2.4677951335906982,2.1549739837646484,,steps,2,,0.000260702475837,,,,,,,,,,,,,,,2094.0,0.1202230023486417
np-in_context-steps_2D-seed0,6arnh7lb,2026-07-21T04:02:54Z,np,in_context,0,rmse,0.5597393880208333,0.994582404464906,0.5573106770833334,0.9901169073898608,6276.732800722122,2.96723747253418,3.150826930999756,,steps,2,,2.342658105820404e-05,,,,,,,,,,,,,,,3650.0,0.1093420558686559
np-in_context-steps_2D-seed0,7ujn8n2b,2026-07-20T21:35:43Z,np,in_context,0,rmse,0.5342320963541667,0.941396269260526,0.5338998697916667,0.9408904653765144,4167.977642774582,2.5469253063201904,2.198018312454224,,steps,2,,0.0004138040112561,,,,,,,,,,,,,,,2679.0,0.1931264066149118
np-in_context-steps_2D-seed0,8ndhy5ef,2026-07-20T18:32:28Z,np,in_context,0,rmse,0.5783309244791667,1.0274025128130193,0.575529296875,1.023053590151367,5339.650709629059,2.119401693344116,2.19438099861145,,steps,2,,1.2385137298860926e-05,,,,,,,,,,,,,,,3608.0,0.1184829137724085
np-in_context-steps_2D-seed0,aioxsjmq,2026-07-20T22:45:35Z,np,in_context,0,rmse,0.5608309244791667,0.996833303048815,0.555557421875,0.9869632771641385,6102.399174690247,2.54525089263916,2.2713143825531006,,steps,2,,1.5679933916722995e-05,,,,,,,,,,,,,,,4000.0,0.0609227538346741
np-in_context-steps_2D-seed0,b2jgkt41,2026-07-20T11:00:37Z,np,in_context,0,rmse,0.5466268880208334,0.9718319748844508,0.5464251302083334,0.9702740526212652,5532.515328407288,1.8760499954223635,1.903754472732544,,steps,2,,2.3270677083837777e-05,,,,,,,,,,,,,,,3645.0,0.0363649934414201
np-in_context-steps_2D-seed0,ce3oc5mz,2026-07-20T07:20:00Z,np,in_context,0,rmse,0.550497265625,0.9772246150492742,0.547366015625,0.9734419371477314,5418.1810092926025,2.782631158828736,2.623504877090454,,steps,2,,2.0511104188433963e-05,,,,,,,,,,,,,,,3640.0,0.0312037280884873
np-in_context-steps_2D-seed0,ck5mbqg2,2026-07-20T21:13:28Z,np,in_context,0,rmse,0.5648979166666667,0.9933961633991782,0.5650781901041667,0.9935240859725843,1314.996969461441,2.315537452697754,2.3506906032562256,,steps,2,,0.0007902619549708,,,,,,,,,,,,,,,807.0,0.0130103185970559
np-in_context-steps_2D-seed0,e62zf0kh,2026-07-20T10:05:58Z,np,in_context,0,rmse,0.5647955729166667,0.9974477627289774,0.561858984375,0.9930972803675387,1039.8273088932035,2.10017466545105,1.8025660514831543,,steps,2,,0.0008706020878304,,,,,,,,,,,,,,,635.0,0.0041168988591604
np-in_context-steps_2D-seed0,gkod2hrk,2026-07-21T06:40:22Z,np,in_context,0,rmse,0.54031396484375,0.9542911989355404,0.5363943359375,0.9499016911965596,3346.540804386139,2.4584081172943115,2.234009027481079,,steps,2,,0.000616104953938,,,,,,,,,,,,,,,1932.0,0.1878997883128378
np-in_context-steps_2D-seed0,jpa1915u,2026-07-21T15:06:44Z,np,in_context,0,rmse,0.5396691731770833,0.9575835009368246,0.5389074869791667,0.9568354328003504,13404.742569446564,6.105720281600952,7.3448264598846436,,steps,2,,5.170191786366994e-05,,,,,,,,,,,,,,,4000.0,0.1657475018303859
np-in_context-steps_2D-seed0,lz0n5xv8,2026-07-20T17:16:13Z,np,in_context,0,rmse,0.5468815755208334,0.9662985440736892,0.5449490885416667,0.9657173442693372,1959.0438585281368,2.1993699073791504,1.7528066635131836,,steps,2,,0.0003718364180573,,,,,,,,,,,,,,,1284.0,0.0912139968434072
np-in_context-steps_2D-seed0,mh93ae8d,2026-07-20T20:02:58Z,np,in_context,0,rmse,0.5736299479166667,1.0203924156514916,0.5705951171875,1.0155416312207337,4208.3995180130005,2.150099277496338,2.734922409057617,,steps,2,,2.193048555664368e-05,,,,,,,,,,,,,,,2709.0,0.1215089703802876
np-in_context-steps_2D-seed0,mj4y3kt2,2026-07-21T03:09:45Z,np,in_context,0,rmse,0.5443087565104167,0.964639246442467,0.5435701497395833,0.962838591929754,3167.129718065262,2.596038341522217,2.5608949661254883,,steps,2,,0.0001096821720752,,,,,,,,,,,,,,,1977.0,0.0623422152178821
np-in_context-steps_2D-seed0,mmc6khwv,2026-07-21T01:27:07Z,np,in_context,0,rmse,0.5533458333333333,0.981514653079303,0.55370703125,0.981113589026022,2175.972866296768,2.5021743774414062,2.4570491313934326,,steps,2,,9.7803370166594e-05,,,,,,,,,,,,,,,1387.0,0.0244076469689557
np-in_context-steps_2D-seed0,mmroa3pz,2026-07-21T10:19:14Z,np,in_context,0,rmse,0.5502084635416666,0.9778537081078288,0.5475124348958333,0.9725935522027804,4890.38659286499,4.795584678649902,5.855583190917969,,steps,2,,4.473636174621264e-05,,,,,,,,,,,,,,,1488.0,0.0090454577821076
np-in_context-steps_2D-seed0,na7eofby,2026-07-20T13:36:12Z,np,in_context,0,rmse,0.5438056315104167,0.96579949481914,0.5420195638020834,0.9627728543294064,5758.220153808594,2.223767042160034,2.022263526916504,,steps,2,,3.823475224675184e-05,,,,,,,,,,,,,,,3815.0,0.0863890037284231
np-in_context-steps_2D-seed0,nb3sea1b,2026-07-20T17:49:12Z,np,in_context,0,rmse,0.5475891276041667,0.9709259497066336,0.5481055989583333,0.9706964978809478,2576.767942428589,1.7513113021850586,1.9239532947540283,,steps,2,,0.0001067748270948,,,,,,,,,,,,,,,1719.0,0.0399347564316719
np-in_context-steps_2D-seed0,nfhy1y8x,2026-07-20T06:41:03Z,np,in_context,0,rmse,0.5414817057291667,0.9608777700119344,0.5396966145833333,0.9584797730038642,2316.9420528411865,2.667640209197998,2.0954833030700684,,steps,2,,0.0001575132049977,,,,,,,,,,,,,,,2226.0,0.146398788362281
np-in_context-steps_2D-seed0,npkfzcrs,2026-07-20T08:50:40Z,np,in_context,0,rmse,0.5602787109375,0.988481427247357,0.55838359375,0.9886477148045448,1251.7567133903503,2.568063497543335,2.1918540000915527,,steps,2,,0.0005399484409787,,,,,,,,,,,,,,,761.0,0.0116167224336398
np-in_context-steps_2D-seed0,q7o4j7gt,2026-07-21T05:47:53Z,np,in_context,0,rmse,0.5360283528645833,0.9496171846946306,0.5345078125,0.9485571736421105,3127.560896396637,2.579709768295288,2.709486722946167,,steps,2,,0.0003550304858128,,,,,,,,,,,,,,,1785.0,0.1939169255529117
np-in_context-steps_2D-seed0,qb9ndzxl,2026-07-21T02:03:43Z,np,in_context,0,rmse,0.5614770833333333,0.9918723612716248,0.5602569661458333,0.9900071270882748,1064.4027831554413,2.6136744022369385,2.417235851287842,,steps,2,,0.0006586289317583,,,,,,,,,,,,,,,651.0,0.0068777042230436
np-in_context-steps_2D-seed0,qdujt46s,2026-07-20T15:12:30Z,np,in_context,0,rmse,0.5839106770833333,1.0378020495454003,0.5801458333333334,1.0317330774682163,3591.4044604301453,2.098897933959961,2.6871578693389893,,steps,2,,1.9010245319870364e-05,,,,,,,,,,,,,,,2312.0,0.1223705789444759
np-in_context-steps_2D-seed0,qffpiqss,2026-07-21T08:19:08Z,np,in_context,0,rmse,0.550986328125,0.9787859803758556,0.5479784505208334,0.9732679542970376,7173.141964673996,5.993544340133667,6.445152044296265,,steps,2,,2.465844721448737e-05,,,,,,,,,,,,,,,2393.0,0.0176985004103839
np-in_context-steps_2D-seed0,qh63w1qi,2026-07-21T07:36:30Z,np,in_context,0,rmse,0.5413738606770834,0.9564833464164396,0.5440395833333334,0.959778308223652,2535.369160890579,2.798093557357788,2.8079614639282227,,steps,2,,0.0006978281265126,,,,,,,,,,,,,,,1425.0,0.119579995762217
np-in_context-steps_2D-seed0,sxholsqq,2026-07-21T11:41:17Z,np,in_context,0,rmse,0.54483994140625,0.9674223001670036,0.5397014322916667,0.9583729521396182,12294.210349082949,6.767844915390015,6.1095006465911865,,steps,2,,3.488976654890367e-05,,,,,,,,,,,,,,,3761.0,0.0777354579378964
np-in_context-steps_2D-seed0,ttssa2st,2026-07-21T00:27:39Z,np,in_context,0,rmse,0.5460938802083334,0.9682895430286969,0.5437672200520833,0.9654196634119268,3547.6014099121094,2.2845981121063232,2.2510311603546143,,steps,2,,7.591104805282687e-05,,,,,,,,,,,,,,,2345.0,0.1368466053024314
np-in_context-steps_2D-seed0,v4kpzn9a,2026-07-20T06:26:34Z,np,in_context,0,rmse,0.5540787109375,0.977666781217637,0.5504083984375,0.9716669870134544,853.4717922210693,0.7054414749145508,0.8362505435943604,,steps,2,,0.0007969454818643,,,,,,,,,,,,,,,1000.0,0.0749080237694725
np-in_context-steps_2D-seed0,wahvxg10,2026-07-20T10:23:38Z,np,in_context,0,rmse,0.601378125,1.0691929175654118,0.5978623697916666,1.0632747658802622,2198.8000066280365,1.932213544845581,2.051727771759033,,steps,2,,2.658754398327269e-05,,,,,,,,,,,,,,,1379.0,0.1664885281600843
np-in_context-steps_2D-seed0,wshofguf,2026-07-20T12:33:09Z,np,in_context,0,rmse,0.5462660807291667,0.964904131220063,0.5402328450520834,0.9554291659677936,3761.560284614563,2.5194265842437744,2.5121853351593018,,steps,2,,0.0001120760621186,,,,,,,,,,,,,,,2466.0,0.0608484485919075
np-in_context-steps_2D-seed1,1826tsf2,2026-07-23T03:38:15Z,np,in_context,1,rmse,0.5478162760416667,0.9748614103097968,0.5519465494791667,0.9801096475167485,8252.257273674011,4.242865800857544,5.376765966415405,,steps,2,,2.3270677083837777e-05,,,,,,,,,,,,,,,2580.0,0.0363649934414201
np-in_context-steps_2D-seed1,1gtihxrb,2026-07-24T16:33:21Z,np,in_context,1,rmse,0.5304661783854167,0.938639113533268,0.53744375,0.9482950710650891,6857.637516498566,4.296488761901856,4.803472280502319,,steps,2,,0.0003550304858128,,,,,,,,,,,,,,,2595.0,0.1939169255529117
np-in_context-steps_2D-seed1,2j7y2z6v,2026-07-22T23:37:58Z,np,in_context,1,rmse,0.5566251302083334,0.985278799407488,0.5610147135416667,0.9905439701069196,1937.175361156464,5.64232873916626,6.2997214794158936,,steps,2,,0.0008706020878304,,,,,,,,,,,,,,,639.0,0.0041168988591604
np-in_context-steps_2D-seed1,2l05p1qe,2026-07-24T19:48:46Z,np,in_context,1,rmse,0.5372654947916666,0.9545884896171786,0.53955888671875,0.9548737037917436,2512.714465856552,4.470605134963989,4.574349403381348,,steps,2,,0.0006978281265126,,,,,,,,,,,,,,,1011.0,0.119579995762217
np-in_context-steps_2D-seed1,4g75t1id,2026-07-23T19:53:04Z,np,in_context,1,rmse,0.5458361979166667,0.9710801833584588,0.5475876953125,0.9721520156857764,13765.53361916542,6.491268634796143,6.334006071090698,,steps,2,,2.193048555664368e-05,,,,,,,,,,,,,,,4000.0,0.1215089703802876
np-in_context-steps_2D-seed1,5j0vj5bl,2026-07-22T21:58:21Z,np,in_context,1,rmse,0.538406640625,0.9549839561327984,0.5456856119791667,0.9651367853550998,5946.23989200592,5.968029975891113,5.0081892013549805,,steps,2,,0.000260702475837,,,,,,,,,,,,,,,1564.0,0.1202230023486417
np-in_context-steps_2D-seed1,5mot6d3c,2026-07-24T10:39:23Z,np,in_context,1,rmse,0.5475677083333333,0.9638667064809876,0.5488190755208333,0.9664996980729558,5637.636012077332,6.187833309173584,6.030544519424439,,steps,2,,0.0002113705944064,,,,,,,,,,,,,,,1827.0,0.0517559963200033
np-in_context-steps_2D-seed1,5xs5jqm9,2026-07-24T08:25:10Z,np,in_context,1,rmse,0.5465639322916667,0.967296404573535,0.5525028645833333,0.9771204747249064,6101.582327365875,5.401951313018799,5.382184028625488,,steps,2,,9.7803370166594e-05,,,,,,,,,,,,,,,1923.0,0.0244076469689557
np-in_context-steps_2D-seed1,6jc7olse,2026-07-23T05:56:17Z,np,in_context,1,rmse,0.5403194986979166,0.9597011048276418,0.5464302734375,0.96791649439532,5074.542320013046,6.031552791595459,6.349335670471191,,steps,2,,0.0001120760621186,,,,,,,,,,,,,,,1564.0,0.0608484485919075
np-in_context-steps_2D-seed1,6lmqlitk,2026-07-22T15:42:30Z,np,in_context,1,rmse,0.5309412109375,0.9411895040514786,0.53470068359375,0.9463218963020712,10333.588991880417,7.256545543670654,6.523396015167236,,steps,2,,0.0001575132049977,,,,,,,,,,,,,,,2822.0,0.146398788362281
np-in_context-steps_2D-seed1,831ij9ze,2026-07-24T10:07:22Z,np,in_context,1,rmse,0.554637890625,0.9847409801066348,0.5571736979166667,0.9862606105272052,1890.510445356369,5.87358283996582,4.457413673400879,,steps,2,,0.0006586289317583,,,,,,,,,,,,,,,623.0,0.0068777042230436
np-in_context-steps_2D-seed1,9q3tt3w7,2026-07-24T21:45:36Z,np,in_context,1,rmse,0.5440188802083333,0.9660832686705384,0.5468297526041667,0.9699165608886872,3656.5226378440857,3.54518985748291,3.5542616844177246,,steps,2,,4.473636174621264e-05,,,,,,,,,,,,,,,1715.0,0.0090454577821076
np-in_context-steps_2D-seed1,bekizmnh,2026-07-24T18:28:07Z,np,in_context,1,rmse,0.5324487630208333,0.945330660963304,0.5360965494791666,0.9470752121947044,4810.164778232575,4.244768142700195,4.016302585601807,,steps,2,,0.000616104953938,,,,,,,,,,,,,,,2008.0,0.1878997883128378
np-in_context-steps_2D-seed1,cbuvlvyl,2026-07-23T12:46:13Z,np,in_context,1,rmse,0.5453150065104166,0.9692984613817132,0.550124609375,0.9759952293086304,4739.676161527634,5.527757406234741,5.251094341278076,,steps,2,,5.4041038546473305e-05,,,,,,,,,,,,,,,1609.0,0.0584289297070436
np-in_context-steps_2D-seed1,cqu3snae,2026-07-25T01:10:39Z,np,in_context,1,rmse,0.5371268229166667,0.9539135007219548,0.5415644205729166,0.9593426452128224,7490.53072142601,3.4404940605163574,3.467646360397339,,steps,2,,5.170191786366994e-05,,,,,,,,,,,,,,,3558.0,0.1657475018303859
np-in_context-steps_2D-seed1,e8vkqxdu,2026-07-23T09:44:28Z,np,in_context,1,rmse,0.5576458333333333,0.993205268623228,0.56091640625,0.9974509945895697,10802.217417240145,4.686809062957764,5.392270088195801,,steps,2,,1.9010245319870364e-05,,,,,,,,,,,,,,,3628.0,0.1223705789444759
np-in_context-steps_2D-seed1,ewcp48gd,2026-07-24T14:07:12Z,np,in_context,1,rmse,0.5583539713541666,0.9938017627076656,0.5612037109375,0.9973971153095718,8725.923197746277,6.593961477279663,4.358027935028076,,steps,2,,2.342658105820404e-05,,,,,,,,,,,,,,,2760.0,0.1093420558686559
np-in_context-steps_2D-seed1,f3klfp4z,2026-07-23T00:10:47Z,np,in_context,1,rmse,0.5430902994791666,0.964918624445274,0.5469091796875,0.968672237390373,12416.45156431198,6.189342737197876,5.447251796722412,,steps,2,,2.658754398327269e-05,,,,,,,,,,,,,,,4000.0,0.1664885281600843
np-in_context-steps_2D-seed1,ic7fv46n,2026-07-23T15:22:38Z,np,in_context,1,rmse,0.54169140625,0.9576683370994864,0.54473740234375,0.961608487505596,6456.053766489029,5.627881050109863,6.30633544921875,,steps,2,,0.0001067748270948,,,,,,,,,,,,,,,2162.0,0.0399347564316719
np-in_context-steps_2D-seed1,k7mlc9k5,2026-07-24T02:12:05Z,np,in_context,1,rmse,0.5505897135416666,0.979440213152934,0.5533970052083333,0.983469044900172,14649.090816497805,6.350874423980713,6.835177898406982,,steps,2,,1.5679933916722995e-05,,,,,,,,,,,,,,,4000.0,0.0609227538346741
np-in_context-steps_2D-seed1,lpmst2dk,2026-07-23T17:10:46Z,np,in_context,1,rmse,0.5766084635416666,1.0272286144359657,0.5784620442708334,1.0273061960186516,9702.374128818512,7.286728143692017,5.431965827941895,,steps,2,,1.2385137298860926e-05,,,,,,,,,,,,,,,3069.0,0.1184829137724085
np-in_context-steps_2D-seed1,n76uf0ko,2026-07-24T22:46:58Z,np,in_context,1,rmse,0.5374298828125,0.9549305673633728,0.5418306640625,0.960365055976814,8596.30182003975,3.8250961303710938,3.773076057434082,,steps,2,,3.488976654890367e-05,,,,,,,,,,,,,,,4000.0,0.0777354579378964
np-in_context-steps_2D-seed1,s625285a,2026-07-23T07:21:52Z,np,in_context,1,rmse,0.5485495442708334,0.976139558557867,0.5508596354166667,0.9781930438450642,8508.835562705994,4.587965965270996,5.642871379852295,,steps,2,,3.823475224675184e-05,,,,,,,,,,,,,,,2705.0,0.0863890037284231
np-in_context-steps_2D-seed1,smc8q1cp,2026-07-24T20:31:06Z,np,in_context,1,rmse,0.5462984375,0.9711220791458888,0.5495231119791667,0.9767703186558984,4444.260741472244,4.24902606010437,4.075839042663574,,steps,2,,2.465844721448737e-05,,,,,,,,,,,,,,,1936.0,0.0176985004103839
np-in_context-steps_2D-seed1,vd8jl77i,2026-07-22T21:11:52Z,np,in_context,1,rmse,0.5549522135416667,0.9809716503768297,0.557998046875,0.9843396929083162,2756.963413476944,5.931554794311523,6.389115810394287,,steps,2,,0.0005399484409787,,,,,,,,,,,,,,,776.0,0.0116167224336398
np-in_context-steps_2D-seed1,vvir7gbn,2026-07-22T18:35:26Z,np,in_context,1,rmse,0.5476643880208333,0.9734540112036988,0.551955859375,0.9799997268749848,9353.049442529678,5.61418604850769,6.390969276428223,,steps,2,,2.0511104188433963e-05,,,,,,,,,,,,,,,2540.0,0.0312037280884873
np-in_context-steps_2D-seed1,wpf0zr8h,2026-07-23T14:05:43Z,np,in_context,1,rmse,0.54134482421875,0.9566492100113592,0.5499770833333333,0.967631430833634,4576.883130311966,5.746839761734009,5.085317850112915,,steps,2,,0.0003718364180573,,,,,,,,,,,,,,,1543.0,0.0912139968434072
np-in_context-steps_2D-seed1,xskr6uex,2026-07-22T14:52:08Z,np,in_context,1,rmse,0.5399499348958333,0.9597830784043662,0.5447426432291667,0.963002178867943,2975.209837913513,6.215470552444458,6.5809080600738525,,steps,2,,0.0007969454818643,,,,,,,,,,,,,,,796.0,0.0749080237694725
np-in_context-steps_2D-seed1,ybu3yi20,2026-07-24T06:17:37Z,np,in_context,1,rmse,0.5410734700520833,0.9611239577712164,0.5457709309895833,0.967989494774096,7618.794697284699,7.081756830215454,7.491919994354248,,steps,2,,7.591104805282687e-05,,,,,,,,,,,,,,,2057.0,0.1368466053024314
np-in_context-steps_2D-seed1,yk295yti,2026-07-24T12:14:00Z,np,in_context,1,rmse,0.5392358723958334,0.953874060194108,0.5457407552083333,0.9662495795038064,6737.980269670486,5.303504705429077,5.048820018768311,,steps,2,,0.0001096821720752,,,,,,,,,,,,,,,2187.0,0.0623422152178821
np-in_context-steps_2D-seed1,ys0o4lhm,2026-07-23T23:43:02Z,np,in_context,1,rmse,0.5500083984375,0.9739429333113936,0.55552265625,0.980723976407334,2461.916595220566,5.852215528488159,6.687453985214233,,steps,2,,0.0007902619549708,,,,,,,,,,,,,,,726.0,0.0130103185970559
np-in_context-steps_2D-seed1,zvg7ed5u,2026-07-24T00:25:04Z,np,in_context,1,rmse,0.5353890625,0.94927044440972,0.5412875,0.9567124591951328,6387.457588195801,5.670398235321045,5.932142972946167,,steps,2,,0.0004138040112561,,,,,,,,,,,,,,,1922.0,0.1931264066149118
np-in_context-steps_2D-seed2,00rq37xx,2026-07-26T06:25:24Z,np,in_context,2,rmse,0.5402700846354167,0.9618031345171202,0.546229296875,0.972446955354091,3386.214343547821,3.6797497272491455,3.807864427566528,,steps,2,,0.0001067748270948,,,,,,,,,,,,,,,1513.0,0.0399347564316719
np-in_context-steps_2D-seed2,1524bbxr,2026-07-26T09:47:14Z,np,in_context,2,rmse,0.550016015625,0.9784170434643488,0.5543201171875,0.9890589349558164,7655.652461528778,3.388096570968628,3.556845664978028,,steps,2,,2.193048555664368e-05,,,,,,,,,,,,,,,4000.0,0.1215089703802876
np-in_context-steps_2D-seed2,1j13pvhx,2026-07-25T21:09:41Z,np,in_context,2,rmse,0.5915770182291666,1.052084157002909,0.5970112630208333,1.061468763175792,2922.7110373973846,3.747026205062866,3.8399040699005127,,steps,2,,2.658754398327269e-05,,,,,,,,,,,,,,,1432.0,0.1664885281600843
np-in_context-steps_2D-seed2,3zwe0tbg,2026-07-26T16:59:27Z,np,in_context,2,rmse,0.5371151041666666,0.955922123933482,0.54507177734375,0.9703392374706196,2856.234312057495,3.434589147567749,3.151301622390747,,steps,2,,9.7803370166594e-05,,,,,,,,,,,,,,,1618.0,0.0244076469689557
np-in_context-steps_2D-seed2,5ih6ad10,2026-07-26T18:08:30Z,np,in_context,2,rmse,0.5468602864583333,0.971458693535398,0.5485983072916667,0.9751640726852104,2000.356050014496,3.823070526123047,3.3544554710388184,,steps,2,,0.0002113705944064,,,,,,,,,,,,,,,1000.0,0.0517559963200033
np-in_context-steps_2D-seed2,6c14xjw0,2026-07-26T07:22:15Z,np,in_context,2,rmse,0.5701739583333333,1.015414675588235,0.576013671875,1.0272572702838616,8675.167409181595,3.4587199687957764,3.5895817279815674,,steps,2,,1.2385137298860926e-05,,,,,,,,,,,,,,,4000.0,0.1184829137724085
np-in_context-steps_2D-seed2,8cj6xf6s,2026-07-25T17:14:50Z,np,in_context,2,rmse,0.54048681640625,0.9618811549102154,0.54811875,0.9763823778300976,6373.472597360611,3.627769947052002,4.5797038078308105,,steps,2,,2.0511104188433963e-05,,,,,,,,,,,,,,,2783.0,0.0312037280884873
np-in_context-steps_2D-seed2,9crtffpy,2026-07-26T13:22:21Z,np,in_context,2,rmse,0.5468954427083333,0.9726960252939092,0.5526740885416667,0.9847359810351048,7410.081943035126,2.9243052005767822,2.894829273223877,,steps,2,,1.5679933916722995e-05,,,,,,,,,,,,,,,3828.0,0.0609227538346741
np-in_context-steps_2D-seed2,9g6veeby,2026-07-26T11:55:13Z,np,in_context,2,rmse,0.5541149739583333,0.9801739893956576,0.5636014973958333,0.9978420066880967,1353.1952586174011,3.77893328666687,3.4011449813842773,,steps,2,,0.0007902619549708,,,,,,,,,,,,,,,667.0,0.0130103185970559
np-in_context-steps_2D-seed2,e3hx4myl,2026-07-25T23:20:46Z,np,in_context,2,rmse,0.5335267578125,0.9492906031994331,0.5401409505208333,0.9620219594801376,3549.7984125614166,3.9118542671203618,3.7572662830352783,,steps,2,,0.0001120760621186,,,,,,,,,,,,,,,1709.0,0.0608484485919075
np-in_context-steps_2D-seed2,eyet18pr,2026-07-25T19:29:41Z,np,in_context,2,rmse,0.53507294921875,0.9478670425318808,0.5405642578125,0.9611832744955632,4438.501310110092,3.973077535629273,3.988115072250366,,steps,2,,0.000260702475837,,,,,,,,,,,,,,,1866.0,0.1202230023486417
np-in_context-steps_2D-seed2,f8ivqvxo,2026-07-26T05:34:00Z,np,in_context,2,rmse,0.5357368489583333,0.9516593067094384,0.54077890625,0.9595175092759678,3058.0385749340057,4.723579168319702,3.2973175048828125,,steps,2,,0.0003718364180573,,,,,,,,,,,,,,,1315.0,0.0912139968434072
np-in_context-steps_2D-seed2,fy22apsk,2026-07-25T16:13:42Z,np,in_context,2,rmse,0.5362069010416667,0.9528008817164768,0.5384720052083334,0.9589692054071236,3642.7552757263184,3.454958915710449,3.950307607650757,,steps,2,,0.0001575132049977,,,,,,,,,,,,,,,1742.0,0.146398788362281
np-in_context-steps_2D-seed2,gaexcj6g,2026-07-26T15:26:13Z,np,in_context,2,rmse,0.5323447265625,0.9458876390999936,0.53892666015625,0.9601082587513984,5572.959075450897,2.6831047534942627,2.1765878200531006,,steps,2,,7.591104805282687e-05,,,,,,,,,,,,,,,2767.0,0.1368466053024314
np-in_context-steps_2D-seed2,gsptz95s,2026-07-26T21:17:46Z,np,in_context,2,rmse,0.53264462890625,0.9451609517546542,0.5379907552083333,0.954201793130974,3338.4863662719727,2.019791841506958,1.9763379096984863,,steps,2,,0.0003550304858128,,,,,,,,,,,,,,,2062.0,0.1939169255529117
np-in_context-steps_2D-seed2,hqlu0dz9,2026-07-26T18:42:16Z,np,in_context,2,rmse,0.5428757161458333,0.9665402475009152,0.5459673177083333,0.9730780861643126,2809.7841968536377,3.275973081588745,3.301907777786255,,steps,2,,0.0001096821720752,,,,,,,,,,,,,,,1448.0,0.0623422152178821
np-in_context-steps_2D-seed2,i4zy7bge,2026-07-26T23:14:34Z,np,in_context,2,rmse,0.5399563151041666,0.9618139348739476,0.54407724609375,0.9689587761990012,3926.223626613617,2.207738161087036,1.804274320602417,,steps,2,,2.465844721448737e-05,,,,,,,,,,,,,,,2583.0,0.0176985004103839
np-in_context-steps_2D-seed2,lb95kyoq,2026-07-25T20:44:05Z,np,in_context,2,rmse,0.5619979166666667,0.992680102859802,0.5661537760416666,1.0005922056670562,1508.5972695350647,4.286488056182861,3.812171697616577,,steps,2,,0.0008706020878304,,,,,,,,,,,,,,,644.0,0.0041168988591604
np-in_context-steps_2D-seed2,leke4fkm,2026-07-25T21:58:50Z,np,in_context,2,rmse,0.5437789388020833,0.9674646927731818,0.5504369140625,0.9804611615250378,4890.270491361618,3.6633691787719727,4.072913646697998,,steps,2,,2.3270677083837777e-05,,,,,,,,,,,,,,,2371.0,0.0363649934414201
np-in_context-steps_2D-seed2,mn4b9ild,2026-07-26T22:13:46Z,np,in_context,2,rmse,0.5331615234375,0.9473643473508973,0.5405386393229167,0.9590139817134724,2135.118267536164,2.372927665710449,2.322320938110352,,steps,2,,0.000616104953938,,,,,,,,,,,,,,,1406.0,0.1878997883128378
np-in_context-steps_2D-seed2,nbol7pcv,2026-07-27T00:20:21Z,np,in_context,2,rmse,0.5362162760416667,0.9536871258612226,0.5413372395833334,0.9645587389502932,2844.492108106613,2.240353345870972,2.2066807746887207,,steps,2,,4.473636174621264e-05,,,,,,,,,,,,,,,1894.0,0.0090454577821076
np-in_context-steps_2D-seed2,nnrv25zl,2026-07-26T17:47:26Z,np,in_context,2,rmse,0.5500188802083333,0.9762168010423274,0.557075390625,0.9897581198159988,1238.5935294628143,3.6055212020874015,3.369536876678467,,steps,2,,0.0006586289317583,,,,,,,,,,,,,,,622.0,0.0068777042230436
np-in_context-steps_2D-seed2,p4sep85n,2026-07-26T02:31:20Z,np,in_context,2,rmse,0.5725292317708334,1.0183702548662186,0.5773412760416666,1.0274789109096658,5234.283820152283,3.09224796295166,3.758152723312378,,steps,2,,1.9010245319870364e-05,,,,,,,,,,,,,,,2486.0,0.1223705789444759
np-in_context-steps_2D-seed2,rqzisprq,2026-07-26T00:20:22Z,np,in_context,2,rmse,0.5364254557291667,0.9531147959073496,0.5434579427083334,0.9678908796853984,7832.4777364730835,4.361890077590942,3.3488283157348637,,steps,2,,3.823475224675184e-05,,,,,,,,,,,,,,,3671.0,0.0863890037284231
np-in_context-steps_2D-seed2,s21kbw0s,2026-07-27T01:08:07Z,np,in_context,2,rmse,0.5594625651041667,0.9936044820420008,0.5661622395833333,1.0067477913196128,2215.437737941742,2.0354857444763184,2.06497859954834,,steps,2,,3.488976654890367e-05,,,,,,,,,,,,,,,1544.0,0.0777354579378964
np-in_context-steps_2D-seed2,t72gqc5l,2026-07-26T19:29:37Z,np,in_context,2,rmse,0.553729296875,0.9847933369845964,0.5576760416666666,0.9939071449827634,6466.190153837204,2.667941808700561,3.1715807914733887,,steps,2,,2.342658105820404e-05,,,,,,,,,,,,,,,3273.0,0.1093420558686559
np-in_context-steps_2D-seed2,ta9mj6zd,2026-07-26T03:58:58Z,np,in_context,2,rmse,0.5352399088541666,0.9515433708230926,0.5401275390625,0.962007127694782,5677.204936742783,3.029292345046997,3.5645251274108887,,steps,2,,5.4041038546473305e-05,,,,,,,,,,,,,,,2639.0,0.0584289297070436
np-in_context-steps_2D-seed2,unbp04lr,2026-07-27T01:45:22Z,np,in_context,2,rmse,0.5338945638020833,0.9482072673303856,0.5399597005208333,0.9615878199763276,5345.627959012985,2.1935205459594727,2.085814476013184,,steps,2,,5.170191786366994e-05,,,,,,,,,,,,,,,3913.0,0.1657475018303859
np-in_context-steps_2D-seed2,ws4fy4tn,2026-07-26T22:49:42Z,np,in_context,2,rmse,0.5344512044270834,0.948228136995788,0.5409634114583334,0.961508840644834,1470.691142320633,2.408409357070923,2.445748805999756,,steps,2,,0.0006978281265126,,,,,,,,,,,,,,,982.0,0.119579995762217
np-in_context-steps_2D-seed2,wu1jxb8k,2026-07-25T19:01:45Z,np,in_context,2,rmse,0.5499604817708333,0.975177652856225,0.55231484375,0.982282588376912,1650.2177982330322,4.880171060562134,4.2215776443481445,,steps,2,,0.0005399484409787,,,,,,,,,,,,,,,710.0,0.0116167224336398
np-in_context-steps_2D-seed2,z9x1gccw,2026-07-26T12:18:09Z,np,in_context,2,rmse,0.5299428385416667,0.9410678243520024,0.5361462239583333,0.953243286581164,3828.4634189605713,2.7670540809631348,3.388596534729004,,steps,2,,0.0004138040112561,,,,,,,,,,,,,,,1997.0,0.1931264066149118
np-in_context-steps_2D-seed2,ztul2tmq,2026-07-25T15:40:58Z,np,in_context,2,rmse,0.5416633138020833,0.9609835559569208,0.5458598958333334,0.968670981188634,1939.1562139987943,3.654411792755127,3.725148916244507,,steps,2,,0.0007969454818643,,,,,,,,,,,,,,,904.0,0.0749080237694725
np-in_context-steps_2D-seed3,09ahvl8s,2026-07-20T17:14:54Z,np,in_context,3,rmse,0.5864582682291667,1.04414989126394,0.588901171875,1.0462654606826791,3841.043768644333,2.273815631866455,2.159544944763184,,steps,2,,1.2385137298860926e-05,,,,,,,,,,,,,,,2658.0,0.1184829137724085
np-in_context-steps_2D-seed3,1xrohazs,2026-07-20T11:13:00Z,np,in_context,3,rmse,0.5537860677083334,0.9866713664500804,0.5571824869791666,0.9913724323748384,3863.695703744888,2.101844072341919,2.1814351081848145,,steps,2,,2.3270677083837777e-05,,,,,,,,,,,,,,,2636.0,0.0363649934414201
np-in_context-steps_2D-seed3,23ci89u2,2026-07-21T05:33:41Z,np,in_context,3,rmse,0.5519143880208334,0.9807755976938992,0.5558410807291667,0.9879040460309554,4992.638897180557,3.4288599491119385,2.6933577060699463,,steps,2,,2.465844721448737e-05,,,,,,,,,,,,,,,2957.0,0.0176985004103839
np-in_context-steps_2D-seed3,4o5i49a6,2026-07-20T06:26:34Z,np,in_context,3,rmse,0.5458721354166667,0.9643947120377532,0.55350859375,0.9773758380732608,847.8475019931793,0.6274280548095703,0.5900990962982178,,steps,2,,0.0007969454818643,,,,,,,,,,,,,,,1122.0,0.0749080237694725
np-in_context-steps_2D-seed3,8mafrtmm,2026-07-21T03:21:48Z,np,in_context,3,rmse,0.5387380208333333,0.9565336011616892,0.5440874674479167,0.9650027283514896,3019.739233493805,2.497018814086914,2.003211975097656,,steps,2,,0.0003550304858128,,,,,,,,,,,,,,,1817.0,0.1939169255529117
np-in_context-steps_2D-seed3,91yodgdo,2026-07-20T08:29:04Z,np,in_context,3,rmse,0.5594196614583333,0.9905335753643444,0.56313359375,0.9988573232574182,1039.460412979126,1.6286888122558594,1.8777334690093992,,steps,2,,0.0005399484409787,,,,,,,,,,,,,,,697.0,0.0116167224336398
np-in_context-steps_2D-seed3,e1ackvih,2026-07-21T00:02:35Z,np,in_context,3,rmse,0.5483932291666667,0.9742507025771724,0.5573416666666666,0.9860861042599204,2075.336906433105,2.2377185821533203,2.107022762298584,,steps,2,,0.0002113705944064,,,,,,,,,,,,,,,1419.0,0.0517559963200033
np-in_context-steps_2D-seed3,e9bwh7b7,2026-07-20T22:09:40Z,np,in_context,3,rmse,0.5468547526041667,0.9727912303633228,0.5517627604166667,0.9799692645603232,3328.27956366539,1.866235494613648,1.9246134757995603,,steps,2,,7.591104805282687e-05,,,,,,,,,,,,,,,2281.0,0.1368466053024314
np-in_context-steps_2D-seed3,fkatlf6h,2026-07-21T06:57:17Z,np,in_context,3,rmse,0.5502759114583333,0.9793640475799168,0.5530057291666667,0.9834518812811344,2931.08323097229,3.1210601329803467,2.402330160140991,,steps,2,,4.473636174621264e-05,,,,,,,,,,,,,,,1738.0,0.0090454577821076
np-in_context-steps_2D-seed3,gsfbc0kt,2026-07-21T07:46:38Z,np,in_context,3,rmse,0.5413815104166667,0.9624395570886484,0.5475173177083333,0.9719971787394625,10078.044109344482,6.04276180267334,6.655393123626709,,steps,2,,3.488976654890367e-05,,,,,,,,,,,,,,,4000.0,0.0777354579378964
np-in_context-steps_2D-seed3,gwxjvu25,2026-07-20T15:54:43Z,np,in_context,3,rmse,0.5475486979166667,0.9643871359964912,0.5524830729166667,0.9743536597287488,2372.929404735565,2.096360445022583,1.789703369140625,,steps,2,,0.0003718364180573,,,,,,,,,,,,,,,1673.0,0.0912139968434072
np-in_context-steps_2D-seed3,hoe6ueak,2026-07-20T23:46:14Z,np,in_context,3,rmse,0.5638498697916666,0.9997580085889376,0.5665657552083333,1.0050532009614248,961.4465489387512,2.3830456733703613,2.226649522781372,,steps,2,,0.0006586289317583,,,,,,,,,,,,,,,664.0,0.0068777042230436
np-in_context-steps_2D-seed3,jakuhj2i,2026-07-21T10:35:09Z,np,in_context,3,rmse,0.5384662760416666,0.9568044341571108,0.5439631510416667,0.9655714835502076,12663.714609384537,5.388544082641602,5.454195976257324,,steps,2,,5.170191786366994e-05,,,,,,,,,,,,,,,4000.0,0.1657475018303859
np-in_context-steps_2D-seed3,jd7ltbro,2026-07-20T14:47:06Z,np,in_context,3,rmse,0.5490470703125,0.976875245984642,0.5533950520833333,0.983870758602576,4036.86718249321,1.931159496307373,2.140193223953247,,steps,2,,5.4041038546473305e-05,,,,,,,,,,,,,,,2751.0,0.0584289297070436
np-in_context-steps_2D-seed3,jqz6z90i,2026-07-20T18:19:17Z,np,in_context,3,rmse,0.568011328125,1.01071748848988,0.5710111979166667,1.014811493120776,4098.897028684616,2.227350950241089,2.1808629035949707,,steps,2,,2.193048555664368e-05,,,,,,,,,,,,,,,2917.0,0.1215089703802876
np-in_context-steps_2D-seed3,kk3ej7cm,2026-07-21T04:12:28Z,np,in_context,3,rmse,0.5385408528645833,0.9541373132147138,0.5413669270833333,0.9584396606701804,2945.516634464264,2.4850454330444336,2.3626017570495605,,steps,2,,0.000616104953938,,,,,,,,,,,,,,,1760.0,0.1878997883128378
np-in_context-steps_2D-seed3,kprdrop4,2026-07-20T16:34:35Z,np,in_context,3,rmse,0.5491953125,0.9741641569408904,0.55789375,0.989877633939108,2400.7857780456543,2.194383144378662,1.872506618499756,,steps,2,,0.0001067748270948,,,,,,,,,,,,,,,1666.0,0.0399347564316719
np-in_context-steps_2D-seed3,lkdb359p,2026-07-20T19:46:18Z,np,in_context,3,rmse,0.5365560546875,0.9539932298467916,0.5416638671875,0.9625200664244402,2628.025169849396,2.2327911853790283,2.142470121383667,,steps,2,,0.0004138040112561,,,,,,,,,,,,,,,1798.0,0.1931264066149118
np-in_context-steps_2D-seed3,ltjr9opb,2026-07-20T19:28:05Z,np,in_context,3,rmse,0.5615954427083333,0.9901533758045185,0.5619955729166667,0.9924164635467092,1015.1190347671508,1.830629587173462,1.9397611618041992,,steps,2,,0.0007902619549708,,,,,,,,,,,,,,,706.0,0.0130103185970559
np-in_context-steps_2D-seed3,n1dajp8c,2026-07-20T14:08:41Z,np,in_context,3,rmse,0.5935393229166667,1.0561372331240495,0.5958373697916667,1.0585143833842432,2284.99538230896,2.319801092147827,2.1586363315582275,,steps,2,,1.9010245319870364e-05,,,,,,,,,,,,,,,1567.0,0.1223705789444759
np-in_context-steps_2D-seed3,ndvpvlol,2026-07-20T09:49:01Z,np,in_context,3,rmse,0.5592001953125,0.9944813948463884,0.5611119140625,0.996385159816274,5018.612462520599,2.364064931869507,2.3838045597076416,,steps,2,,2.658754398327269e-05,,,,,,,,,,,,,,,3405.0,0.1664885281600843
np-in_context-steps_2D-seed3,p116bbmh,2026-07-20T08:46:42Z,np,in_context,3,rmse,0.5367708984375,0.951891665432834,0.545954296875,0.967591546055958,2630.893698453903,2.1070706844329834,2.5319337844848637,,steps,2,,0.000260702475837,,,,,,,,,,,,,,,1810.0,0.1202230023486417
np-in_context-steps_2D-seed3,q9b9x7im,2026-07-20T09:30:54Z,np,in_context,3,rmse,0.5709046875,1.00383177858311,0.576990234375,1.0151838981498853,1068.1949093341827,1.9600844383239744,1.7713017463684082,,steps,2,,0.0008706020878304,,,,,,,,,,,,,,,744.0,0.0041168988591604
np-in_context-steps_2D-seed3,so790c2k,2026-07-20T07:14:57Z,np,in_context,3,rmse,0.5477002604166666,0.9754620970269884,0.5501498046875,0.9790202813585588,4426.7911813259125,2.1827688217163086,2.395751953125,,steps,2,,2.0511104188433963e-05,,,,,,,,,,,,,,,3172.0,0.0312037280884873
np-in_context-steps_2D-seed3,u0qirhbb,2026-07-20T12:17:44Z,np,in_context,3,rmse,0.5508817057291666,0.9801305531033268,0.55297578125,0.982542145787193,2325.27281332016,2.3258168697357178,2.53220796585083,,steps,2,,0.0001120760621186,,,,,,,,,,,,,,,1585.0,0.0608484485919075
np-in_context-steps_2D-seed3,u8bisevc,2026-07-21T00:37:31Z,np,in_context,3,rmse,0.5454809244791666,0.9634296606330092,0.54982265625,0.9713585733848292,3942.64923119545,2.211930513381958,2.406296491622925,,steps,2,,0.0001096821720752,,,,,,,,,,,,,,,2679.0,0.0623422152178821
np-in_context-steps_2D-seed3,y0qpai1r,2026-07-21T01:43:34Z,np,in_context,3,rmse,0.5511119791666667,0.9804481953401444,0.5544639322916667,0.9860167039163412,5872.148635387421,2.5588159561157227,3.033554077148437,,steps,2,,2.342658105820404e-05,,,,,,,,,,,,,,,4000.0,0.1093420558686559
np-in_context-steps_2D-seed3,yar0gpmq,2026-07-20T20:30:27Z,np,in_context,3,rmse,0.553934765625,0.9858623301736924,0.5564559244791667,0.9892103567884432,5932.295725345612,2.5908913612365723,2.4679739475250244,,steps,2,,1.5679933916722995e-05,,,,,,,,,,,,,,,4000.0,0.0609227538346741
np-in_context-steps_2D-seed3,yb1im4tx,2026-07-20T06:40:59Z,np,in_context,3,rmse,0.54080498046875,0.961805300280697,0.5448449544270834,0.968329054659663,2017.9082918167112,2.4484925270080566,2.1867685317993164,,steps,2,,0.0001575132049977,,,,,,,,,,,,,,,2149.0,0.146398788362281
np-in_context-steps_2D-seed3,ygraxkf0,2026-07-21T05:01:55Z,np,in_context,3,rmse,0.54262744140625,0.9618609111991206,0.545158203125,0.9673282424423832,1883.5110323429108,3.1251935958862305,2.7557077407836914,,steps,2,,0.0006978281265126,,,,,,,,,,,,,,,1106.0,0.119579995762217
np-in_context-steps_2D-seed3,z5hror7a,2026-07-20T12:56:50Z,np,in_context,3,rmse,0.5464856119791667,0.972195776372209,0.5520751953125,0.9827727392691674,4290.305025339127,2.351044178009033,1.946842908859253,,steps,2,,3.823475224675184e-05,,,,,,,,,,,,,,,2967.0,0.0863890037284231
np-in_context-steps_2D-seed3,zbf61y0j,2026-07-20T23:05:40Z,np,in_context,3,rmse,0.5543489583333333,0.9837990256455078,0.5598673177083333,0.9933287596907898,2413.156635046005,1.9076828956604004,2.123857259750366,,steps,2,,9.7803370166594e-05,,,,,,,,,,,,,,,1658.0,0.0244076469689557
np-in_context-steps_2D-seed4,5trca79f,2026-07-22T22:26:11Z,np,in_context,4,rmse,0.554471875,0.9848819087703082,0.5470074869791667,0.9710911272303504,12987.434646129608,5.559674978256226,5.476925849914551,,steps,2,,2.658754398327269e-05,,,,,,,,,,,,,,,4000.0,0.1664885281600843
np-in_context-steps_2D-seed4,64al4mga,2026-07-24T00:48:20Z,np,in_context,4,rmse,0.5523263671875,0.982617940154563,0.5470481119791667,0.9738030199748064,13521.727598667145,6.519378900527954,6.709545373916626,,steps,2,,1.5679933916722995e-05,,,,,,,,,,,,,,,4000.0,0.0609227538346741
np-in_context-steps_2D-seed4,6fqoihow,2026-07-23T02:03:22Z,np,in_context,4,rmse,0.5534087239583333,0.9849551266058958,0.5481141927083333,0.9756804609397142,8442.609834909439,6.347298622131348,6.474294662475586,,steps,2,,2.3270677083837777e-05,,,,,,,,,,,,,,,2624.0,0.0363649934414201
np-in_context-steps_2D-seed4,7bwnxdwc,2026-07-24T22:01:55Z,np,in_context,4,rmse,0.5408773763020833,0.9613422806110624,0.5321445638020833,0.9463123047276516,8818.521702528,3.885528326034546,4.106663703918457,,steps,2,,3.488976654890367e-05,,,,,,,,,,,,,,,4000.0,0.0777354579378964
np-in_context-steps_2D-seed4,d794u97s,2026-07-23T08:44:40Z,np,in_context,4,rmse,0.5758375,1.0237863700093606,0.5665572916666667,1.0083851358047826,6624.105039834976,5.654993534088135,6.188121318817139,,steps,2,,1.9010245319870364e-05,,,,,,,,,,,,,,,2225.0,0.1223705789444759
np-in_context-steps_2D-seed4,dloc7dni,2026-07-22T15:28:12Z,np,in_context,4,rmse,0.5499650390625,0.9786389392362386,0.5428722005208333,0.9663898121073994,12072.248317480087,5.397312879562378,6.686325788497925,,steps,2,,2.0511104188433963e-05,,,,,,,,,,,,,,,3433.0,0.0312037280884873
np-in_context-steps_2D-seed4,euwgoytc,2026-07-24T09:54:05Z,np,in_context,4,rmse,0.5641703125,0.9878628066573292,0.5658438151041667,0.9907366139854886,2853.360964536667,6.308066129684448,6.252696752548218,,steps,2,,0.0006586289317583,,,,,,,,,,,,,,,864.0,0.0068777042230436
np-in_context-steps_2D-seed4,f1bh4wns,2026-07-23T15:16:38Z,np,in_context,4,rmse,0.5733286458333333,1.0208770164903844,0.56495,1.0063923090967706,12925.079922437668,5.955392837524414,5.500290393829346,,steps,2,,1.2385137298860926e-05,,,,,,,,,,,,,,,4000.0,0.1184829137724085
np-in_context-steps_2D-seed4,fqph69iq,2026-07-23T04:24:37Z,np,in_context,4,rmse,0.5453104817708333,0.9644095343296224,0.5383544270833334,0.953043284493174,6843.563674449921,4.421691417694092,6.189170598983765,,steps,2,,0.0001120760621186,,,,,,,,,,,,,,,2296.0,0.0608484485919075
np-in_context-steps_2D-seed4,h3cewu56,2026-07-24T04:34:15Z,np,in_context,4,rmse,0.5374423177083333,0.9537808722540114,0.5317524088541666,0.9433994632067332,13398.14377260208,5.941690921783447,6.564526557922363,,steps,2,,7.591104805282687e-05,,,,,,,,,,,,,,,3875.0,0.1368466053024314
np-in_context-steps_2D-seed4,h8b8yefq,2026-07-23T12:44:30Z,np,in_context,4,rmse,0.5458810546875,0.9663704868866052,0.5396173177083333,0.9551966676205812,4257.8865513801575,5.405414819717407,5.612245798110962,,steps,2,,0.0003718364180573,,,,,,,,,,,,,,,1451.0,0.0912139968434072
np-in_context-steps_2D-seed4,k6i76w1i,2026-07-23T22:21:09Z,np,in_context,4,rmse,0.5597270182291667,0.9878386427611184,0.556544140625,0.9832474526834796,2655.2659828662872,6.527895212173462,7.486138343811035,,steps,2,,0.0007902619549708,,,,,,,,,,,,,,,725.0,0.0130103185970559
np-in_context-steps_2D-seed4,k8nenayz,2026-07-22T21:38:48Z,np,in_context,4,rmse,0.57162890625,1.0020117814539171,0.565424609375,0.9933180356517508,2769.424880504608,6.638162136077881,6.956676959991455,,steps,2,,0.0008706020878304,,,,,,,,,,,,,,,804.0,0.0041168988591604
np-in_context-steps_2D-seed4,krgr36c4,2026-07-23T23:06:09Z,np,in_context,4,rmse,0.54173125,0.959817317851438,0.5347590494791666,0.9498860122672554,6095.9981734752655,6.775585889816284,7.469146013259888,,steps,2,,0.0004138040112561,,,,,,,,,,,,,,,1638.0,0.1931264066149118
np-in_context-steps_2D-seed4,lrz1z6ir,2026-07-24T20:54:15Z,np,in_context,4,rmse,0.55063515625,0.9770192369140244,0.5388160807291666,0.9575061919584996,4034.738158226013,3.632413148880005,3.9190328121185294,,steps,2,,4.473636174621264e-05,,,,,,,,,,,,,,,1940.0,0.0090454577821076
np-in_context-steps_2D-seed4,nlb8j8ep,2026-07-24T10:42:34Z,np,in_context,4,rmse,0.5526020833333334,0.9804564021030838,0.5441747395833333,0.9647820959980002,4132.463871002197,6.600809097290039,5.7324628829956055,,steps,2,,0.0002113705944064,,,,,,,,,,,,,,,1309.0,0.0517559963200033
np-in_context-steps_2D-seed4,pm4ej5ts,2026-07-24T19:22:50Z,np,in_context,4,rmse,0.5481859375,0.97487388052789,0.5439939778645834,0.967513624268896,5459.509069442749,3.0541799068450928,3.709196805953979,,steps,2,,2.465844721448737e-05,,,,,,,,,,,,,,,2509.0,0.0176985004103839
np-in_context-steps_2D-seed4,qfy7gmzn,2026-07-23T13:56:23Z,np,in_context,4,rmse,0.55023359375,0.9765737861349412,0.5466075520833333,0.9700152907742922,4786.435806035996,4.987282037734985,5.154014587402344,,steps,2,,0.0001067748270948,,,,,,,,,,,,,,,1656.0,0.0399347564316719
np-in_context-steps_2D-seed4,qz6cvm7s,2026-07-23T06:19:42Z,np,in_context,4,rmse,0.54761171875,0.9734443262643658,0.5386794270833334,0.9588831000924208,8623.736130952835,5.397774696350098,4.773572206497192,,steps,2,,3.823475224675184e-05,,,,,,,,,,,,,,,3032.0,0.0863890037284231
np-in_context-steps_2D-seed4,r75967pc,2026-07-24T08:19:37Z,np,in_context,4,rmse,0.5498015625,0.974535653935237,0.5453624348958334,0.9656418026141512,5602.307536125183,6.246002197265625,6.026546955108643,,steps,2,,9.7803370166594e-05,,,,,,,,,,,,,,,1656.0,0.0244076469689557
np-in_context-steps_2D-seed4,rjphf0nc,2026-07-25T00:29:19Z,np,in_context,4,rmse,0.5448964192708333,0.9690194879360784,0.538137890625,0.9562581785377506,7379.443100452423,4.246525049209595,4.085086345672607,,steps,2,,5.170191786366994e-05,,,,,,,,,,,,,,,3223.0,0.1657475018303859
np-in_context-steps_2D-seed4,rug2p259,2026-07-24T13:53:30Z,np,in_context,4,rmse,0.5687108072916667,1.0129277536136014,0.560166796875,0.9977557062562707,6054.922966003418,3.884824991226196,4.592888116836548,,steps,2,,2.342658105820404e-05,,,,,,,,,,,,,,,2422.0,0.1093420558686559
np-in_context-steps_2D-seed4,sivlbc4g,2026-07-24T11:52:34Z,np,in_context,4,rmse,0.54651171875,0.9680880796949493,0.5385397135416666,0.954220578128242,7163.115758180618,4.96081018447876,4.723052740097046,,steps,2,,0.0001096821720752,,,,,,,,,,,,,,,2277.0,0.0623422152178821
np-in_context-steps_2D-seed4,sl7y6p6k,2026-07-24T17:04:03Z,np,in_context,4,rmse,0.5381195963541666,0.951618541833672,0.5380166015625,0.9515174710191152,4426.190379858017,4.475522994995117,4.311013698577881,,steps,2,,0.000616104953938,,,,,,,,,,,,,,,1972.0,0.1878997883128378
np-in_context-steps_2D-seed4,tc73b8rc,2026-07-23T10:36:59Z,np,in_context,4,rmse,0.5463200520833333,0.9704858772091997,0.5395259765625,0.9598419899707864,7622.368568658829,5.039926290512085,4.692232608795166,,steps,2,,5.4041038546473305e-05,,,,,,,,,,,,,,,2727.0,0.0584289297070436
np-in_context-steps_2D-seed4,tei2d6om,2026-07-24T15:34:53Z,np,in_context,4,rmse,0.5350847005208333,0.9480210401938396,0.5307909505208334,0.9424861027323188,5271.212749481201,3.6666200160980233,4.228092908859253,,steps,2,,0.0003550304858128,,,,,,,,,,,,,,,2235.0,0.1939169255529117
np-in_context-steps_2D-seed4,udmmi5qx,2026-07-22T11:41:03Z,np,in_context,4,rmse,0.5525391927083333,0.9773912114771524,0.5441225911458333,0.964724272528787,3410.184745550156,6.91326904296875,6.504412651062012,,steps,2,,0.0007969454818643,,,,,,,,,,,,,,,921.0,0.0749080237694725
np-in_context-steps_2D-seed4,uo8wrgib,2026-07-22T12:38:27Z,np,in_context,4,rmse,0.5380154296875,0.9543234593349128,0.5292985026041667,0.9395884507978732,10150.33149600029,7.977348327636719,6.714760780334473,,steps,2,,0.0001575132049977,,,,,,,,,,,,,,,2736.0,0.146398788362281
np-in_context-steps_2D-seed4,vw3r8f3e,2026-07-22T19:48:23Z,np,in_context,4,rmse,0.54194970703125,0.9604195000924052,0.535258203125,0.9482104386812056,6514.99719452858,6.298080682754517,6.523253440856934,,steps,2,,0.000260702475837,,,,,,,,,,,,,,,1867.0,0.1202230023486417
np-in_context-steps_2D-seed4,vzl9ee4a,2026-07-23T18:53:27Z,np,in_context,4,rmse,0.5606593098958333,0.9983494569350068,0.55021796875,0.9793021384307912,12319.855304718018,6.438989639282227,6.3633177280426025,,steps,2,,2.193048555664368e-05,,,,,,,,,,,,,,,3498.0,0.1215089703802876
np-in_context-steps_2D-seed4,ympz6ows,2026-07-24T18:18:16Z,np,in_context,4,rmse,0.5483524739583333,0.9652828916911348,0.5430437174479167,0.9570769126108029,3845.882848739624,4.171224117279053,4.890384435653687,,steps,2,,0.0006978281265126,,,,,,,,,,,,,,,1564.0,0.119579995762217
np-in_context-steps_2D-seed4,zyyzw229,2026-07-22T18:49:57Z,np,in_context,4,rmse,0.566259375,0.9917695782058892,0.5615999348958334,0.9842829236613336,3471.1812438964844,5.453503608703613,6.794728755950928,,steps,2,,0.0005399484409787,,,,,,,,,,,,,,,1009.0,0.0116167224336398
np-few_shot-steps_2D-seed0,0rsc10ui,2026-07-22T10:12:36Z,np,few_shot,0,rmse,0.590643798828125,1.0436149428949753,0.5816021728515625,1.0277520955098671,2746.611158132553,1.1668121814727783,1.209258794784546,,steps,2,,0.000616104953938,,,,,,,,,,,,,,,1782.0,0.1878997883128378
np-few_shot-steps_2D-seed0,1p5lca5z,2026-07-22T12:58:03Z,np,few_shot,0,rmse,0.60449609375,1.0747413776537986,0.5958742065429687,1.0558713413117606,2902.158148765564,1.315544605255127,1.2844371795654297,,steps,2,,3.488976654890367e-05,,,,,,,,,,,,,,,1895.0,0.0777354579378964
np-few_shot-steps_2D-seed0,4nlfudp4,2026-07-21T20:36:50Z,np,few_shot,0,rmse,0.6030364990234375,1.0660688322032486,0.5926344604492187,1.0461465494524709,1158.2019457817078,0.9784870147705078,0.839545726776123,,steps,2,,0.0005399484409787,,,,,,,,,,,,,,,922.0,0.0116167224336398
np-few_shot-steps_2D-seed0,68oqztv4,2026-07-22T09:43:13Z,np,few_shot,0,rmse,0.5960924072265625,1.054682362418622,0.5857957153320312,1.0357579420061924,1750.8528563976288,1.161386013031006,0.8786883354187012,,steps,2,,0.0003550304858128,,,,,,,,,,,,,,,1149.0,0.1939169255529117
np-few_shot-steps_2D-seed0,69ni3zlx,2026-07-22T08:15:08Z,np,few_shot,0,rmse,0.590679931640625,1.0450420303624408,0.5850313110351563,1.0339327378070036,2470.9803047180176,1.1630663871765137,1.058909893035889,,steps,2,,0.0001096821720752,,,,,,,,,,,,,,,1912.0,0.0623422152178821
np-few_shot-steps_2D-seed0,7hntgw53,2026-07-22T11:38:58Z,np,few_shot,0,rmse,0.6047683715820312,1.0721162147412806,0.5925192260742187,1.0503818031975576,2620.712115764618,1.328270673751831,1.1043050289154053,,steps,2,,2.465844721448737e-05,,,,,,,,,,,,,,,1721.0,0.0176985004103839
np-few_shot-steps_2D-seed0,bs9aomim,2026-07-21T19:48:11Z,np,few_shot,0,rmse,0.605162841796875,1.0724955657486428,0.5933889770507812,1.0504693886526582,2908.401055574417,1.1144006252288818,0.992600917816162,,steps,2,,2.0511104188433963e-05,,,,,,,,,,,,,,,2291.0,0.0312037280884873
np-few_shot-steps_2D-seed0,e0v1rq0f,2026-07-21T20:56:28Z,np,few_shot,0,rmse,0.5966830444335938,1.0562236031496848,0.58878466796875,1.040382436958652,1565.8311309814453,0.968555212020874,0.9163312911987304,,steps,2,,0.000260702475837,,,,,,,,,,,,,,,1223.0,0.1202230023486417
np-few_shot-steps_2D-seed0,fvexsz8a,2026-07-22T02:37:52Z,np,few_shot,0,rmse,0.5968313598632813,1.0550254296349606,0.5917459106445313,1.0457038471353477,2417.875418186188,1.090845823287964,0.9392354488372804,,steps,2,,0.0001067748270948,,,,,,,,,,,,,,,1935.0,0.0399347564316719
np-few_shot-steps_2D-seed0,g06iqyc1,2026-07-21T21:37:40Z,np,few_shot,0,rmse,0.621058837890625,1.103566923961447,0.6124552001953125,1.0861224932484177,2056.609135389328,0.9070155620574952,0.8707702159881592,,steps,2,,2.658754398327269e-05,,,,,,,,,,,,,,,1589.0,0.1664885281600843
np-few_shot-steps_2D-seed0,g2nalz8z,2026-07-21T18:50:59Z,np,few_shot,0,rmse,0.5940792846679688,1.0477647236877503,0.5885578002929688,1.0375231629188435,1573.705713033676,0.9881424903869628,0.8600418567657471,,steps,2,,0.0007969454818643,,,,,,,,,,,,,,,1128.0,0.0749080237694725
np-few_shot-steps_2D-seed0,gyuhqvmi,2026-07-22T00:32:03Z,np,few_shot,0,rmse,0.6116629638671875,1.0870585840976086,0.6013367309570312,1.0658950476111069,3574.0339934825897,1.0065228939056396,1.0801644325256348,,steps,2,,1.9010245319870364e-05,,,,,,,,,,,,,,,2656.0,0.1223705789444759
np-few_shot-steps_2D-seed0,h2w8gr8w,2026-07-21T23:41:11Z,np,few_shot,0,rmse,0.603078857421875,1.0703821936010929,0.5910460205078125,1.0471118420167858,3040.249091386795,1.153808832168579,1.145763874053955,,steps,2,,3.823475224675184e-05,,,,,,,,,,,,,,,2177.0,0.0863890037284231
np-few_shot-steps_2D-seed0,i6q0hykd,2026-07-21T21:22:45Z,np,few_shot,0,rmse,0.6065739135742187,1.069203429938086,0.596107421875,1.0516427760966025,858.6475522518158,0.7578125,0.8654682636260986,,steps,2,,0.0008706020878304,,,,,,,,,,,,,,,651.0,0.0041168988591604
np-few_shot-steps_2D-seed0,igcww6c5,2026-07-22T02:11:47Z,np,few_shot,0,rmse,0.593373779296875,1.0490115862595475,0.5845782470703125,1.0341938004122433,1554.069354057312,0.7648391723632812,1.0206351280212402,,steps,2,,0.0003718364180573,,,,,,,,,,,,,,,1221.0,0.0912139968434072
np-few_shot-steps_2D-seed0,ir4hkqjh,2026-07-22T07:06:36Z,np,few_shot,0,rmse,0.5989651489257812,1.0614283068993966,0.5967388305664062,1.0548722926337637,1704.570422887802,1.2373909950256348,0.9375603199005128,,steps,2,,9.7803370166594e-05,,,,,,,,,,,,,,,1359.0,0.0244076469689557
np-few_shot-steps_2D-seed0,me8a9i27,2026-07-22T07:50:19Z,np,few_shot,0,rmse,0.598555419921875,1.059908436829769,0.5902282104492188,1.043347834197161,1478.4077274799347,0.924241304397583,0.8329763412475586,,steps,2,,0.0002113705944064,,,,,,,,,,,,,,,1175.0,0.0517559963200033
np-few_shot-steps_2D-seed0,msmw6rp8,2026-07-22T03:18:21Z,np,few_shot,0,rmse,0.6168763427734375,1.0962892514602445,0.60535302734375,1.0731435155680846,3648.142400979996,1.117336988449097,0.8355600833892822,,steps,2,,1.2385137298860926e-05,,,,,,,,,,,,,,,2991.0,0.1184829137724085
np-few_shot-steps_2D-seed0,ng8zg2kq,2026-07-22T12:22:50Z,np,few_shot,0,rmse,0.6006038818359375,1.0632306603012207,0.5919156494140625,1.0479588181026185,2091.2605741024017,1.3138949871063232,1.3113317489624023,,steps,2,,4.473636174621264e-05,,,,,,,,,,,,,,,1378.0,0.0090454577821076
np-few_shot-steps_2D-seed0,nklbddhx,2026-07-22T04:19:20Z,np,few_shot,0,rmse,0.6115469970703125,1.0865652965650927,0.6006893310546875,1.063798538966886,2876.465711593628,1.1350488662719729,1.0550599098205566,,steps,2,,2.193048555664368e-05,,,,,,,,,,,,,,,2376.0,0.1215089703802876
np-few_shot-steps_2D-seed0,np1aeuuo,2026-07-22T08:57:27Z,np,few_shot,0,rmse,0.6134356689453125,1.090569472331596,0.602431640625,1.0669789801175444,2734.299961566925,1.3346407413482666,1.2531394958496094,,steps,2,,2.342658105820404e-05,,,,,,,,,,,,,,,1820.0,0.1093420558686559
np-few_shot-steps_2D-seed0,nuqxyzee,2026-07-21T19:17:23Z,np,few_shot,0,rmse,0.5973656005859375,1.0578069131042438,0.588914306640625,1.0421440041101948,1834.8640201091769,1.0530951023101809,1.165984869003296,,steps,2,,0.0001575132049977,,,,,,,,,,,,,,,1362.0,0.146398788362281
np-few_shot-steps_2D-seed0,os32b4ty,2026-07-22T10:58:37Z,np,few_shot,0,rmse,0.5887369384765625,1.0403309485952543,0.58245849609375,1.027846200654566,2383.250120639801,1.234912633895874,1.1983699798583984,,steps,2,,0.0006978281265126,,,,,,,,,,,,,,,1596.0,0.119579995762217
np-few_shot-steps_2D-seed0,rnzfqvgp,2026-07-22T05:22:25Z,np,few_shot,0,rmse,0.591257080078125,1.047263844112396,0.5842879638671875,1.0331561063553758,1754.8718292713163,0.909454584121704,1.0306272506713867,,steps,2,,0.0004138040112561,,,,,,,,,,,,,,,1414.0,0.1931264066149118
np-few_shot-steps_2D-seed0,rxu48vmx,2026-07-22T07:35:12Z,np,few_shot,0,rmse,0.604647216796875,1.069422259421261,0.591406494140625,1.0468081300026628,895.3956723213196,0.8493208885192871,0.6757667064666748,,steps,2,,0.0006586289317583,,,,,,,,,,,,,,,695.0,0.0068777042230436
np-few_shot-steps_2D-seed0,rywkyd8y,2026-07-21T23:01:51Z,np,few_shot,0,rmse,0.5937266235351563,1.0490121236328551,0.5899227294921875,1.0429373684970455,2348.927408695221,0.8234865665435791,0.9918200969696044,,steps,2,,0.0001120760621186,,,,,,,,,,,,,,,1701.0,0.0608484485919075
np-few_shot-steps_2D-seed0,ugg87viy,2026-07-22T06:33:46Z,np,few_shot,0,rmse,0.5968353271484375,1.0577115084434132,0.58778955078125,1.0403150923697486,1959.4765191078184,0.9910120964050292,1.067432165145874,,steps,2,,7.591104805282687e-05,,,,,,,,,,,,,,,1596.0,0.1368466053024314
np-few_shot-steps_2D-seed0,upao9qnm,2026-07-22T05:51:50Z,np,few_shot,0,rmse,0.6118816528320312,1.0860610963570816,0.6031553344726562,1.068635581798255,2505.788966655731,0.7455711364746094,0.8493969440460205,,steps,2,,1.5679933916722995e-05,,,,,,,,,,,,,,,2080.0,0.0609227538346741
np-few_shot-steps_2D-seed0,uu824lmz,2026-07-22T05:07:27Z,np,few_shot,0,rmse,0.5994595336914063,1.0605139581974945,0.5924356689453125,1.0469848861337183,887.3226478099823,0.8886425495147705,0.8327751159667969,,steps,2,,0.0007902619549708,,,,,,,,,,,,,,,712.0,0.0130103185970559
np-few_shot-steps_2D-seed0,wuudeztd,2026-07-22T01:31:48Z,np,few_shot,0,rmse,0.5979640502929687,1.0611421054822847,0.591009521484375,1.0454270817980198,2387.958853960037,1.1408469676971436,0.8443295955657959,,steps,2,,5.4041038546473305e-05,,,,,,,,,,,,,,,1900.0,0.0584289297070436
np-few_shot-steps_2D-seed0,xdn99c5q,2026-07-21T22:12:08Z,np,few_shot,0,rmse,0.6049408569335938,1.0729940980803012,0.593449951171875,1.0514277866451769,2970.8100533485413,1.2718474864959717,1.1751534938812256,,steps,2,,2.3270677083837777e-05,,,,,,,,,,,,,,,2214.0,0.0363649934414201
np-few_shot-steps_2D-seed0,ymbbwgx6,2026-07-22T13:46:38Z,np,few_shot,0,rmse,0.5945367431640625,1.052373771029263,0.5875418701171875,1.0399867071298572,3906.754867553711,1.2224764823913574,1.1948204040527344,,steps,2,,5.170191786366994e-05,,,,,,,,,,,,,,,2610.0,0.1657475018303859
np-few_shot-steps_2D-seed1,024vb60t,2026-07-25T08:47:06Z,np,few_shot,1,rmse,0.6022335205078125,1.0677393087924305,0.600843017578125,1.0664383654733196,2244.865616798401,0.7462623119354248,0.5681891441345215,,steps,2,,2.193048555664368e-05,,,,,,,,,,,,,,,2506.0,0.1215089703802876
np-few_shot-steps_2D-seed1,0vrvpnw6,2026-07-25T12:19:22Z,np,few_shot,1,rmse,0.6104146118164062,1.0824271500034377,0.6080692749023437,1.0788584663023693,1439.6531200408936,0.7572634220123291,0.6167511940002441,,steps,2,,2.342658105820404e-05,,,,,,,,,,,,,,,1569.0,0.1093420558686559
np-few_shot-steps_2D-seed1,2v135qfh,2026-07-25T14:32:02Z,np,few_shot,1,rmse,0.58972900390625,1.0452363306507992,0.5919580078125,1.0508857551844952,1981.3087539672847,0.6851620674133301,0.6927957534790039,,steps,2,,3.488976654890367e-05,,,,,,,,,,,,,,,2189.0,0.0777354579378964
np-few_shot-steps_2D-seed1,2zozbrsr,2026-07-25T05:48:15Z,np,few_shot,1,rmse,0.589007568359375,1.0436616404785866,0.589373779296875,1.047653292240852,844.4969480037689,0.4749848842620849,0.5663003921508789,,steps,2,,0.0001120760621186,,,,,,,,,,,,,,,1017.0,0.0608484485919075
np-few_shot-steps_2D-seed1,3hwys1p6,2026-07-25T11:12:43Z,np,few_shot,1,rmse,0.5885838623046875,1.0431751879366389,0.5878311157226562,1.0444386962634964,1341.376071214676,0.5788614749908447,0.6955902576446533,,steps,2,,9.7803370166594e-05,,,,,,,,,,,,,,,1519.0,0.0244076469689557
np-few_shot-steps_2D-seed1,55devc3s,2026-07-25T07:26:38Z,np,few_shot,1,rmse,0.5843760986328125,1.0340743767743636,0.58272509765625,1.0355170251717716,822.1657989025116,0.5960469245910645,0.6871151924133301,,steps,2,,0.0003718364180573,,,,,,,,,,,,,,,927.0,0.0912139968434072
np-few_shot-steps_2D-seed1,5qx93jpr,2026-07-25T14:10:24Z,np,few_shot,1,rmse,0.585959228515625,1.037399320047809,0.588152587890625,1.0448069826082098,1287.9079413414,0.691105842590332,0.5633645057678223,,steps,2,,4.473636174621264e-05,,,,,,,,,,,,,,,1415.0,0.0090454577821076
np-few_shot-steps_2D-seed1,6gylt487,2026-07-25T13:26:21Z,np,few_shot,1,rmse,0.579655517578125,1.0280160404987604,0.5811776123046875,1.0315831849155417,748.2443246841431,0.681689977645874,0.7224197387695312,,steps,2,,0.0006978281265126,,,,,,,,,,,,,,,822.0,0.119579995762217
np-few_shot-steps_2D-seed1,7i2fb8zn,2026-07-25T04:25:01Z,np,few_shot,1,rmse,0.5881163940429688,1.036994588989302,0.586428466796875,1.0406861269252616,646.8817763328552,0.4925820827484131,0.5653464794158936,,steps,2,,0.0005399484409787,,,,,,,,,,,,,,,797.0,0.0116167224336398
np-few_shot-steps_2D-seed1,9iz8d3bk,2026-07-25T07:40:30Z,np,few_shot,1,rmse,0.591274658203125,1.046404029248663,0.588581298828125,1.0449750784307692,1298.220196723938,0.8232502937316895,0.6156742572784424,,steps,2,,0.0001067748270948,,,,,,,,,,,,,,,1493.0,0.0399347564316719
np-few_shot-steps_2D-seed1,9k06q42s,2026-07-25T12:43:32Z,np,few_shot,1,rmse,0.5742869873046875,1.016372865968173,0.5727133178710937,1.0171384472159708,1319.5447347164154,0.5804779529571533,0.5123186111450195,,steps,2,,0.0003550304858128,,,,,,,,,,,,,,,1447.0,0.1939169255529117
np-few_shot-steps_2D-seed1,a6cximn8,2026-07-25T03:28:20Z,np,few_shot,1,rmse,0.58268115234375,1.0311054036803793,0.58669384765625,1.0420533140577477,1221.9261837005615,0.5531473159790039,0.4428462982177734,,steps,2,,0.0001575132049977,,,,,,,,,,,,,,,1357.0,0.146398788362281
np-few_shot-steps_2D-seed1,cdsvu0kk,2026-07-25T08:02:18Z,np,few_shot,1,rmse,0.6099383544921875,1.0821390981991663,0.6078590087890625,1.0783786998544642,2678.3296825885773,0.481090784072876,0.4695231914520264,,steps,2,,1.2385137298860926e-05,,,,,,,,,,,,,,,3022.0,0.1184829137724085
np-few_shot-steps_2D-seed1,cl8f27wo,2026-07-25T03:48:52Z,np,few_shot,1,rmse,0.5899913330078125,1.045295375859186,0.5887756958007813,1.0460148377900516,2159.0549857616425,0.6247928142547607,0.5553510189056396,,steps,2,,2.0511104188433963e-05,,,,,,,,,,,,,,,2534.0,0.0312037280884873
np-few_shot-steps_2D-seed1,dca30mv5,2026-07-25T12:04:08Z,np,few_shot,1,rmse,0.5911195678710938,1.045962668374575,0.5882506713867187,1.0441059875399037,904.2959144115448,0.6934831142425537,0.7191765308380127,,steps,2,,0.0001096821720752,,,,,,,,,,,,,,,991.0,0.0623422152178821
np-few_shot-steps_2D-seed1,e4tkt7oq,2026-07-25T11:35:14Z,np,few_shot,1,rmse,0.591306640625,1.0433743817974688,0.5843746337890625,1.036518808712779,623.1329381465912,0.6803102493286133,0.674591064453125,,steps,2,,0.0006586289317583,,,,,,,,,,,,,,,703.0,0.0068777042230436
np-few_shot-steps_2D-seed1,h0k3v5nl,2026-07-25T07:08:18Z,np,few_shot,1,rmse,0.5934295654296875,1.0514578508634025,0.59640869140625,1.058935930285959,1089.7985718250277,0.6706686019897461,0.5929160118103027,,steps,2,,5.4041038546473305e-05,,,,,,,,,,,,,,,1213.0,0.0584289297070436
np-few_shot-steps_2D-seed1,hd4927zu,2026-07-25T11:45:48Z,np,few_shot,1,rmse,0.5896419677734375,1.0418985870701134,0.588286376953125,1.043770294247784,1089.8805303573608,0.670189619064331,0.600745439529419,,steps,2,,0.0002113705944064,,,,,,,,,,,,,,,1213.0,0.0517559963200033
np-few_shot-steps_2D-seed1,jar7zgwb,2026-07-25T06:02:29Z,np,few_shot,1,rmse,0.6000375366210937,1.0646579119980175,0.5992828369140625,1.0645849652875268,1346.1907646656036,0.6433539390563965,0.7664763927459717,,steps,2,,3.823475224675184e-05,,,,,,,,,,,,,,,1606.0,0.0863890037284231
np-few_shot-steps_2D-seed1,kr9gtyy4,2026-07-25T13:05:42Z,np,few_shot,1,rmse,0.580275390625,1.027642660558939,0.5725379028320312,1.0176817291250262,1228.6362545490265,0.7597756385803223,0.6481568813323975,,steps,2,,0.000616104953938,,,,,,,,,,,,,,,1360.0,0.1878997883128378
np-few_shot-steps_2D-seed1,l22a4sm3,2026-07-25T09:24:41Z,np,few_shot,1,rmse,0.5909598388671875,1.0440334234020123,0.5815584716796875,1.031985218048945,623.6192052364349,0.6500735282897949,0.5757582187652588,,steps,2,,0.0007902619549708,,,,,,,,,,,,,,,684.0,0.0130103185970559
np-few_shot-steps_2D-seed1,lmtovsgc,2026-07-25T13:38:59Z,np,few_shot,1,rmse,0.5878849487304687,1.0422586914934415,0.5874964599609375,1.043301626041171,1874.701412677765,0.6033844947814941,0.7500796318054199,,steps,2,,2.465844721448737e-05,,,,,,,,,,,,,,,2066.0,0.0176985004103839
np-few_shot-steps_2D-seed1,n781wqn2,2026-07-25T04:35:57Z,np,few_shot,1,rmse,0.5809931030273437,1.0284950733232054,0.5874288330078125,1.0430808130357725,1108.4545233249664,0.4497642517089844,0.4802706241607666,,steps,2,,0.000260702475837,,,,,,,,,,,,,,,1371.0,0.1202230023486417
np-few_shot-steps_2D-seed1,o48z441v,2026-07-25T05:02:10Z,np,few_shot,1,rmse,0.6119357299804687,1.0846533627441095,0.6092738037109375,1.0806784281920123,1272.9391446113586,0.7190566062927246,0.570098876953125,,steps,2,,2.658754398327269e-05,,,,,,,,,,,,,,,1569.0,0.1664885281600843
np-few_shot-steps_2D-seed1,pl1t1uqo,2026-07-25T09:35:14Z,np,few_shot,1,rmse,0.5767520751953125,1.0206200296975854,0.5748682861328125,1.020609856437258,1266.5358979701996,0.6999228000640869,0.7241144180297852,,steps,2,,0.0004138040112561,,,,,,,,,,,,,,,1397.0,0.1931264066149118
np-few_shot-steps_2D-seed1,qaw5fzwq,2026-07-25T05:23:33Z,np,few_shot,1,rmse,0.595739013671875,1.0553942742926443,0.5955520629882812,1.0572170069486182,1471.8563675880432,0.553002119064331,0.6340615749359131,,steps,2,,2.3270677083837777e-05,,,,,,,,,,,,,,,1783.0,0.0363649934414201
np-few_shot-steps_2D-seed1,qrjg9wsu,2026-07-25T04:54:34Z,np,few_shot,1,rmse,0.5889607543945312,1.0428515626989174,0.5859702758789063,1.0405810506389406,445.7091503143311,0.5204708576202393,0.5069410800933838,,steps,2,,0.0008706020878304,,,,,,,,,,,,,,,551.0,0.0041168988591604
np-few_shot-steps_2D-seed1,rbrz9cpw,2026-07-25T09:56:31Z,np,few_shot,1,rmse,0.599539306640625,1.062019116527972,0.6002443237304688,1.0652732544491128,2427.9408185482025,0.6708583831787109,0.633502721786499,,steps,2,,1.5679933916722995e-05,,,,,,,,,,,,,,,2675.0,0.0609227538346741
np-few_shot-steps_2D-seed1,u9dol9g3,2026-07-25T06:25:05Z,np,few_shot,1,rmse,0.60518701171875,1.07431696878526,0.602366455078125,1.0702708531245249,2583.4953787326813,0.5902280807495117,0.6451208591461182,,steps,2,,1.9010245319870364e-05,,,,,,,,,,,,,,,2948.0,0.1223705789444759
np-few_shot-steps_2D-seed1,v2zkvhs1,2026-07-25T15:05:13Z,np,few_shot,1,rmse,0.5859237670898437,1.0368375223890287,0.5852958374023437,1.038395209728219,2122.644098758697,0.5705933570861816,0.6199908256530762,,steps,2,,5.170191786366994e-05,,,,,,,,,,,,,,,2319.0,0.1657475018303859
np-few_shot-steps_2D-seed1,y19fcne6,2026-07-25T10:37:08Z,np,few_shot,1,rmse,0.5834376831054687,1.0327515417849171,0.5801654052734375,1.030740780745223,2125.4656410217285,0.6156601905822754,0.4495975971221924,,steps,2,,7.591104805282687e-05,,,,,,,,,,,,,,,2367.0,0.1368466053024314
np-few_shot-steps_2D-seed1,y60kxvwv,2026-07-25T03:16:11Z,np,few_shot,1,rmse,0.5832427978515625,1.0311004423422858,0.5793831176757812,1.0285054660360915,718.9498443603516,0.6601190567016602,0.777024507522583,,steps,2,,0.0007969454818643,,,,,,,,,,,,,,,828.0,0.0749080237694725
np-few_shot-steps_2D-seed2,0obarh4t,2026-07-27T04:11:06Z,np,few_shot,2,rmse,0.590384521484375,1.0453615766016937,0.612176513671875,1.08208911968001,380.3555796146393,0.2095692157745361,0.2199618816375732,,steps,2,,0.0008706020878304,,,,,,,,,,,,,,,717.0,0.0041168988591604
np-few_shot-steps_2D-seed2,19qsksgq,2026-07-27T05:11:08Z,np,few_shot,2,rmse,0.5893742065429688,1.04804403413483,0.6122110595703125,1.0849030178995491,1047.1595783233645,0.3330540657043457,0.3175556659698486,,steps,2,,3.823475224675184e-05,,,,,,,,,,,,,,,1849.0,0.0863890037284231
np-few_shot-steps_2D-seed2,3vav1cvx,2026-07-27T10:34:20Z,np,few_shot,2,rmse,0.5862664794921875,1.0426546946637685,0.6080341186523438,1.0773159753798751,1384.9376065731049,0.3636851310729981,0.3609902858734131,,steps,2,,3.488976654890367e-05,,,,,,,,,,,,,,,2371.0,0.0777354579378964
np-few_shot-steps_2D-seed2,4i6qrpx3,2026-07-27T08:16:34Z,np,few_shot,2,rmse,0.5817354125976563,1.0329365884177932,0.5999495849609375,1.0618443391211012,1188.8884608745575,0.2626230716705322,0.2759184837341308,,steps,2,,7.591104805282687e-05,,,,,,,,,,,,,,,2056.0,0.1368466053024314
np-few_shot-steps_2D-seed2,53prsoh5,2026-07-27T06:17:44Z,np,few_shot,2,rmse,0.5849501342773438,1.040789088823999,0.606835693359375,1.0737505029707304,666.4115822315216,0.2609822750091553,0.2679612636566162,,steps,2,,0.0001067748270948,,,,,,,,,,,,,,,1144.0,0.0399347564316719
np-few_shot-steps_2D-seed2,62rbnvwj,2026-07-27T08:46:25Z,np,few_shot,2,rmse,0.590863525390625,1.047459180716394,0.60885009765625,1.0774482188584842,347.7773480415344,0.2814259529113769,0.2226324081420898,,steps,2,,0.0006586289317583,,,,,,,,,,,,,,,584.0,0.0068777042230436
np-few_shot-steps_2D-seed2,6r9jvj1r,2026-07-27T03:29:40Z,np,few_shot,2,rmse,0.5816903076171875,1.034042567124836,0.5998160400390625,1.0621911838859388,792.3630218505859,0.212761640548706,0.2311968803405761,,steps,2,,0.0001575132049977,,,,,,,,,,,,,,,1326.0,0.146398788362281
np-few_shot-steps_2D-seed2,7ob9lo9e,2026-07-27T06:53:45Z,np,few_shot,2,rmse,0.592509521484375,1.0529129547760758,0.6112107543945312,1.0834499758297764,1924.1281187534328,0.303408145904541,0.2700216770172119,,steps,2,,2.193048555664368e-05,,,,,,,,,,,,,,,3310.0,0.1215089703802876
np-few_shot-steps_2D-seed2,8tc9hm9o,2026-07-27T06:07:26Z,np,few_shot,2,rmse,0.5780121459960937,1.0257790611973492,0.5991083374023437,1.0599013386217997,609.0921542644501,0.3217318058013916,0.319476842880249,,steps,2,,0.0003718364180573,,,,,,,,,,,,,,,1050.0,0.0912139968434072
np-few_shot-steps_2D-seed2,a73ua4jl,2026-07-27T06:28:59Z,np,few_shot,2,rmse,0.6071290283203125,1.0812018476426053,0.6285465698242187,1.1157866574793298,1477.5451929569244,0.2787630558013916,0.3105578422546386,,steps,2,,1.2385137298860926e-05,,,,,,,,,,,,,,,2549.0,0.1184829137724085
np-few_shot-steps_2D-seed2,btzuv82m,2026-07-27T03:15:07Z,np,few_shot,2,rmse,0.573253173828125,1.0154443736617145,0.6018469848632813,1.0626398022944503,858.5467228889465,0.3588764667510986,0.358349084854126,,steps,2,,0.0007969454818643,,,,,,,,,,,,,,,1361.0,0.0749080237694725
np-few_shot-steps_2D-seed2,c8bghn0t,2026-07-27T09:40:04Z,np,few_shot,2,rmse,0.5764227294921875,1.0223884658978828,0.5954625854492187,1.0551071461199124,580.6596343517303,0.255669355392456,0.2773208618164062,,steps,2,,0.000616104953938,,,,,,,,,,,,,,,996.0,0.1878997883128378
np-few_shot-steps_2D-seed2,e3frqwyv,2026-07-27T05:49:24Z,np,few_shot,2,rmse,0.58573974609375,1.042695529263001,0.6061322021484375,1.0737341908609932,1073.8976390361786,0.2879133224487304,0.2552506923675537,,steps,2,,5.4041038546473305e-05,,,,,,,,,,,,,,,1843.0,0.0584289297070436
np-few_shot-steps_2D-seed2,fk7rqqrz,2026-07-27T09:01:41Z,np,few_shot,2,rmse,0.5894617919921875,1.0489156506977857,0.61200634765625,1.0840622624191971,508.7139284610748,0.2540812492370605,0.2296223640441894,,steps,2,,0.0001096821720752,,,,,,,,,,,,,,,875.0,0.0623422152178821
np-few_shot-steps_2D-seed2,fuf5nbs5,2026-07-27T04:43:47Z,np,few_shot,2,rmse,0.5909445190429687,1.051597818167737,0.6112653198242187,1.0823016648848174,1115.3734917640686,0.2759649753570556,0.2619357109069824,,steps,2,,2.3270677083837777e-05,,,,,,,,,,,,,,,2056.0,0.0363649934414201
np-few_shot-steps_2D-seed2,g8783g7x,2026-07-27T05:28:44Z,np,few_shot,2,rmse,0.6033938598632812,1.0737092534557082,0.629884765625,1.116556195423006,1230.5162971019745,0.3053286075592041,0.2853107452392578,,steps,2,,1.9010245319870364e-05,,,,,,,,,,,,,,,2084.0,0.1223705789444759
np-few_shot-steps_2D-seed2,ghb05rbg,2026-07-27T09:10:19Z,np,few_shot,2,rmse,0.600289306640625,1.0673732755827678,0.622895751953125,1.1038551649203208,1171.6116273403168,0.310316801071167,0.2847769260406494,,steps,2,,2.342658105820404e-05,,,,,,,,,,,,,,,1995.0,0.1093420558686559
np-few_shot-steps_2D-seed2,h78tvmvx,2026-07-27T05:02:32Z,np,few_shot,2,rmse,0.58785693359375,1.0450713296551788,0.60858349609375,1.078225405149544,507.8076202869415,0.1948535442352295,0.2016124725341797,,steps,2,,0.0001120760621186,,,,,,,,,,,,,,,935.0,0.0608484485919075
np-few_shot-steps_2D-seed2,hkr45yrl,2026-07-27T07:48:52Z,np,few_shot,2,rmse,0.592230712890625,1.054329614078033,0.6159404296875,1.0904351417185705,1646.9838831424713,0.3184247016906738,0.2851419448852539,,steps,2,,1.5679933916722995e-05,,,,,,,,,,,,,,,2809.0,0.0609227538346741
np-few_shot-steps_2D-seed2,ixacvvz6,2026-07-27T03:43:02Z,np,few_shot,2,rmse,0.5940078125,1.0566213080889937,0.6183690185546875,1.0959677523067537,816.7535355091095,0.2166483402252197,0.1983420848846435,,steps,2,,2.0511104188433963e-05,,,,,,,,,,,,,,,1543.0,0.0312037280884873
np-few_shot-steps_2D-seed2,jzzs7zpt,2026-07-27T04:17:35Z,np,few_shot,2,rmse,0.5903598022460937,1.0483300024907118,0.6134873657226563,1.0866253606740386,1563.489307641983,0.299541711807251,0.2507481575012207,,steps,2,,2.658754398327269e-05,,,,,,,,,,,,,,,2925.0,0.1664885281600843
np-few_shot-steps_2D-seed2,ku242fav,2026-07-27T04:02:28Z,np,few_shot,2,rmse,0.578195556640625,1.0266958157020607,0.6025771484375,1.06716333144594,509.28817772865295,0.2159779071807861,0.1908504962921142,,steps,2,,0.000260702475837,,,,,,,,,,,,,,,978.0,0.1202230023486417
np-few_shot-steps_2D-seed2,laq605z4,2026-07-27T03:56:47Z,np,few_shot,2,rmse,0.586167724609375,1.0414305727092086,0.6086349487304688,1.0780705596300149,332.4122338294983,0.1918728351593017,0.2218523025512695,,steps,2,,0.0005399484409787,,,,,,,,,,,,,,,626.0,0.0116167224336398
np-few_shot-steps_2D-seed2,nydvz4hd,2026-07-27T09:50:09Z,np,few_shot,2,rmse,0.5753555908203125,1.0205322209510233,0.59844873046875,1.0566916747452586,640.1046135425568,0.2791042327880859,0.2998208999633789,,steps,2,,0.0006978281265126,,,,,,,,,,,,,,,1101.0,0.119579995762217
np-few_shot-steps_2D-seed2,qhw974cm,2026-07-27T10:00:59Z,np,few_shot,2,rmse,0.5883836669921875,1.0463282768629718,0.60736865234375,1.076117747988968,1184.4868774414062,0.1874959468841552,0.1915774345397949,,steps,2,,2.465844721448737e-05,,,,,,,,,,,,,,,2072.0,0.0176985004103839
np-few_shot-steps_2D-seed2,szgasoh4,2026-07-27T10:20:52Z,np,few_shot,2,rmse,0.5860027465820312,1.0419257576755556,0.6047803955078125,1.0716867219496606,785.0497343540192,0.3044819831848144,0.3127408027648926,,steps,2,,4.473636174621264e-05,,,,,,,,,,,,,,,1359.0,0.0090454577821076
np-few_shot-steps_2D-seed2,vmkrvuii,2026-07-27T10:58:12Z,np,few_shot,2,rmse,0.5846839599609375,1.0368805430706856,0.6041102905273438,1.069383538352376,1411.66477394104,0.2674293518066406,0.3014450073242187,,steps,2,,5.170191786366994e-05,,,,,,,,,,,,,,,2398.0,0.1657475018303859
np-few_shot-steps_2D-seed2,xxti7bcm,2026-07-27T09:30:00Z,np,few_shot,2,rmse,0.5793621826171875,1.0281714989243285,0.601882080078125,1.0663829725865477,595.4706876277924,0.3108212947845459,0.297048807144165,,steps,2,,0.0003550304858128,,,,,,,,,,,,,,,1020.0,0.1939169255529117
np-few_shot-steps_2D-seed2,xxyn5ytj,2026-07-27T07:25:59Z,np,few_shot,2,rmse,0.589944580078125,1.043334843181878,0.6078024291992188,1.0716924465235604,437.5134961605072,0.2768332958221435,0.3035581111907959,,steps,2,,0.0007902619549708,,,,,,,,,,,,,,,751.0,0.0130103185970559
np-few_shot-steps_2D-seed2,y2uqr4di,2026-07-27T07:33:26Z,np,few_shot,2,rmse,0.57138330078125,1.0140409805648027,0.5918687744140625,1.0481295833429376,917.268251657486,0.2463440895080566,0.2324361801147461,,steps,2,,0.0004138040112561,,,,,,,,,,,,,,,1584.0,0.1931264066149118
np-few_shot-steps_2D-seed2,z8ofhe5s,2026-07-27T08:52:22Z,np,few_shot,2,rmse,0.58303662109375,1.03526160849584,0.6041866455078125,1.0700521104038596,548.4850409030914,0.3262372016906738,0.2905476093292236,,steps,2,,0.0002113705944064,,,,,,,,,,,,,,,961.0,0.0517559963200033
np-few_shot-steps_2D-seed2,zj2zhmg9,2026-07-27T08:37:03Z,np,few_shot,2,rmse,0.588689208984375,1.0457049406854366,0.6082950439453125,1.078190799733551,553.1817312240601,0.2789990901947021,0.2503981590270996,,steps,2,,9.7803370166594e-05,,,,,,,,,,,,,,,954.0,0.0244076469689557
np-few_shot-steps_2D-seed3,1b5eee7c,2026-07-22T02:13:56Z,np,few_shot,3,rmse,0.5865584106445313,1.0369147247644142,0.5866578369140625,1.0410175428410215,1418.6477692127228,0.9105911254882812,0.898362398147583,,steps,2,,0.0004138040112561,,,,,,,,,,,,,,,1104.0,0.1931264066149118
np-few_shot-steps_2D-seed3,5ecevjh2,2026-07-22T05:37:00Z,np,few_shot,3,rmse,0.6025222778320313,1.0671823785355503,0.603750732421875,1.0751357690786147,2696.3022775650024,0.9987821578979492,0.9927139282226562,,steps,2,,2.342658105820404e-05,,,,,,,,,,,,,,,2145.0,0.1093420558686559
np-few_shot-steps_2D-seed3,7n2lcgk4,2026-07-21T23:34:27Z,np,few_shot,3,rmse,0.61063623046875,1.0825569335456098,0.6092660522460938,1.0844027116046289,3636.049783229828,0.9645380973815918,0.8893282413482666,,steps,2,,1.2385137298860926e-05,,,,,,,,,,,,,,,2752.0,0.1184829137724085
np-few_shot-steps_2D-seed3,8zcs3klo,2026-07-21T15:05:59Z,np,few_shot,3,rmse,0.5950936889648437,1.0538671749204795,0.595805419921875,1.0599075894617267,3060.375567674637,0.8347492218017578,1.136798620223999,,steps,2,,2.0511104188433963e-05,,,,,,,,,,,,,,,2321.0,0.0312037280884873
np-few_shot-steps_2D-seed3,96ktoo1b,2026-07-22T04:41:45Z,np,few_shot,3,rmse,0.5901875,1.0438829189979997,0.5880596923828125,1.0444683732564066,1355.702434539795,0.9726769924163818,0.9765393733978271,,steps,2,,0.0002113705944064,,,,,,,,,,,,,,,1052.0,0.0517559963200033
np-few_shot-steps_2D-seed3,9aqpl3di,2026-07-22T10:18:14Z,np,few_shot,3,rmse,0.5850311889648437,1.0338405579286185,0.5843955078125,1.0380719825089373,4907.321981668472,1.169520378112793,1.1037566661834717,,steps,2,,5.170191786366994e-05,,,,,,,,,,,,,,,3333.0,0.1657475018303859
np-few_shot-steps_2D-seed3,a854pzoh,2026-07-22T07:06:45Z,np,few_shot,3,rmse,0.5809055786132813,1.0276975289172587,0.5761061401367188,1.0227123840737098,1800.1204607486725,1.1222004890441897,1.1043317317962646,,steps,2,,0.000616104953938,,,,,,,,,,,,,,,1387.0,0.1878997883128378
np-few_shot-steps_2D-seed3,atk2rc9q,2026-07-21T16:48:00Z,np,few_shot,3,rmse,0.5948928833007813,1.0530107390198755,0.594265380859375,1.0551415914561075,838.833779335022,1.2500207424163818,1.180413007736206,,steps,2,,0.0008706020878304,,,,,,,,,,,,,,,601.0,0.0041168988591604
np-few_shot-steps_2D-seed3,b3o9wuo4,2026-07-21T18:23:32Z,np,few_shot,3,rmse,0.5992940063476563,1.0617536013704214,0.5999655151367187,1.0679635609417877,2284.831280708313,1.1571297645568848,1.1312735080718994,,steps,2,,2.3270677083837777e-05,,,,,,,,,,,,,,,1608.0,0.0363649934414201
np-few_shot-steps_2D-seed3,bkce8wc1,2026-07-21T21:47:16Z,np,few_shot,3,rmse,0.589778564453125,1.0455162693618578,0.588119873046875,1.0460116259122048,2332.8213679790497,1.1605939865112305,1.142409086227417,,steps,2,,5.4041038546473305e-05,,,,,,,,,,,,,,,1746.0,0.0584289297070436
np-few_shot-steps_2D-seed3,d5dhzqn2,2026-07-22T07:36:56Z,np,few_shot,3,rmse,0.5834996337890626,1.030531238638579,0.5790695190429688,1.0269809530891074,1797.1945629119873,0.9939637184143066,0.8668231964111328,,steps,2,,0.0006978281265126,,,,,,,,,,,,,,,1369.0,0.119579995762217
np-few_shot-steps_2D-seed3,f35ggwol,2026-07-22T08:40:58Z,np,few_shot,3,rmse,0.5886297607421875,1.0443200773584924,0.5945317993164062,1.0569255889302072,2246.967055082321,1.2178406715393066,1.139324426651001,,steps,2,,4.473636174621264e-05,,,,,,,,,,,,,,,1542.0,0.0090454577821076
np-few_shot-steps_2D-seed3,fhi58zun,2026-07-21T16:15:04Z,np,few_shot,3,rmse,0.5816265258789063,1.0274305517672937,0.582151123046875,1.0336253628248957,1964.361572504044,1.2418689727783203,0.975456714630127,,steps,2,,0.000260702475837,,,,,,,,,,,,,,,1487.0,0.1202230023486417
np-few_shot-steps_2D-seed3,h1zgcd21,2026-07-21T22:59:08Z,np,few_shot,3,rmse,0.5888822631835937,1.040916019954274,0.59033251953125,1.047581586003637,2107.0237669944763,0.9336755275726318,0.8900306224822998,,steps,2,,0.0001067748270948,,,,,,,,,,,,,,,1581.0,0.0399347564316719
np-few_shot-steps_2D-seed3,hzryev5k,2026-07-21T17:02:11Z,np,few_shot,3,rmse,0.58895361328125,1.0408530107034208,0.5918963012695313,1.0499979400519532,4869.723977088928,1.1598849296569824,1.0662636756896973,,steps,2,,2.658754398327269e-05,,,,,,,,,,,,,,,3431.0,0.1664885281600843
np-few_shot-steps_2D-seed3,jtj26q48,2026-07-21T15:57:10Z,np,few_shot,3,rmse,0.588438720703125,1.0401407966669605,0.5890811157226562,1.0447570430942228,1063.385048866272,1.18908429145813,1.0395872592926023,,steps,2,,0.0005399484409787,,,,,,,,,,,,,,,814.0,0.0116167224336398
np-few_shot-steps_2D-seed3,kbitn5il,2026-07-21T14:07:06Z,np,few_shot,3,rmse,0.5828253173828125,1.0281097238809471,0.5874406127929688,1.040126466801634,1499.3798654079435,1.1374139785766602,1.1397440433502195,,steps,2,,0.0007969454818643,,,,,,,,,,,,,,,1129.0,0.0749080237694725
np-few_shot-steps_2D-seed3,ltpndbxa,2026-07-22T06:22:07Z,np,few_shot,3,rmse,0.577740234375,1.0214427971335598,0.5836906127929687,1.0367886463201568,2666.476560354233,0.8975272178649902,0.796565055847168,,steps,2,,0.0003550304858128,,,,,,,,,,,,,,,2061.0,0.1939169255529117
np-few_shot-steps_2D-seed3,mejdhghu,2026-07-22T02:37:45Z,np,few_shot,3,rmse,0.6020772705078125,1.0656140416467497,0.6035823974609374,1.0738413071274475,2868.83692073822,1.067275047302246,1.077582836151123,,steps,2,,1.5679933916722995e-05,,,,,,,,,,,,,,,2247.0,0.0609227538346741
np-few_shot-steps_2D-seed3,nww4exh1,2026-07-21T19:36:49Z,np,few_shot,3,rmse,0.58808935546875,1.0402430153166125,0.5934134521484375,1.0547629244833086,3519.99497294426,0.8964061737060547,0.8997852802276611,,steps,2,,3.823475224675184e-05,,,,,,,,,,,,,,,2715.0,0.0863890037284231
np-few_shot-steps_2D-seed3,objibgw5,2026-07-22T04:25:31Z,np,few_shot,3,rmse,0.5897498779296875,1.041898149378368,0.5869845581054688,1.0406225134621467,963.2715392112732,1.0807788372039795,1.023970603942871,,steps,2,,0.0006586289317583,,,,,,,,,,,,,,,748.0,0.0068777042230436
np-few_shot-steps_2D-seed3,oz4pmaxf,2026-07-22T04:04:24Z,np,few_shot,3,rmse,0.5940093994140625,1.0519524153597226,0.590756591796875,1.0509114690230337,1256.6128602027893,0.9335033893585204,0.9794671535491944,,steps,2,,9.7803370166594e-05,,,,,,,,,,,,,,,997.0,0.0244076469689557
np-few_shot-steps_2D-seed3,p9ykarcq,2026-07-22T09:18:37Z,np,few_shot,3,rmse,0.589813232421875,1.0449116325494423,0.5950399780273438,1.0589098962846413,3563.918169736862,1.2610867023468018,1.0761735439300537,,steps,2,,3.488976654890367e-05,,,,,,,,,,,,,,,2419.0,0.0777354579378964
np-few_shot-steps_2D-seed3,r855wr5k,2026-07-22T05:04:33Z,np,few_shot,3,rmse,0.589686279296875,1.0430602404023792,0.5897551879882813,1.0478726852318143,1936.0622062683103,0.9173555374145508,1.0439462661743164,,steps,2,,0.0001096821720752,,,,,,,,,,,,,,,1511.0,0.0623422152178821
np-few_shot-steps_2D-seed3,rwtu3wfh,2026-07-22T01:54:24Z,np,few_shot,3,rmse,0.5897412109375,1.041895713054285,0.5893909912109375,1.043365526532784,1161.3363661766052,0.8223733901977539,1.047529697418213,,steps,2,,0.0007902619549708,,,,,,,,,,,,,,,902.0,0.0130103185970559
np-few_shot-steps_2D-seed3,t9x978hr,2026-07-22T00:35:14Z,np,few_shot,3,rmse,0.5937933349609374,1.0514759502410862,0.5962095947265625,1.0607271933889633,4735.833211660385,0.9610428810119628,0.9717791080474854,,steps,2,,2.193048555664368e-05,,,,,,,,,,,,,,,3661.0,0.1215089703802876
np-few_shot-steps_2D-seed3,u5s15zge,2026-07-21T22:26:21Z,np,few_shot,3,rmse,0.5827401733398437,1.031292687306868,0.5914671630859375,1.0485113415160798,1956.8640713691711,0.8078854084014893,0.8884415626525879,,steps,2,,0.0003718364180573,,,,,,,,,,,,,,,1484.0,0.0912139968434072
np-few_shot-steps_2D-seed3,vp8mmpto,2026-07-21T19:01:59Z,np,few_shot,3,rmse,0.5875994262695312,1.0404434626053032,0.5965809936523437,1.0601971977813591,2072.3992354869843,0.9779109954833984,0.993722677230835,,steps,2,,0.0001120760621186,,,,,,,,,,,,,,,1471.0,0.0608484485919075
np-few_shot-steps_2D-seed3,wa4dmeal,2026-07-22T03:25:45Z,np,few_shot,3,rmse,0.587114013671875,1.039141020673666,0.5862554931640624,1.0409964670584368,2307.7233078479767,0.8932781219482422,0.9881587028503418,,steps,2,,7.591104805282687e-05,,,,,,,,,,,,,,,1837.0,0.1368466053024314
np-few_shot-steps_2D-seed3,wmzyj83h,2026-07-21T14:32:17Z,np,few_shot,3,rmse,0.586910888671875,1.0376686694914423,0.5863841552734375,1.041094015906537,2010.8781530857088,1.0170741081237793,1.0843186378479004,,steps,2,,0.0001575132049977,,,,,,,,,,,,,,,1506.0,0.146398788362281
np-few_shot-steps_2D-seed3,xmpce9q3,2026-07-21T20:35:40Z,np,few_shot,3,rmse,0.6026536254882813,1.06873288704786,0.6008331298828125,1.0704450283960083,4253.126232147217,1.0967185497283936,1.1145596504211426,,steps,2,,1.9010245319870364e-05,,,,,,,,,,,,,,,3158.0,0.1223705789444759
np-few_shot-steps_2D-seed3,ygz8l4yp,2026-07-22T08:07:05Z,np,few_shot,3,rmse,0.5968329467773438,1.056679451893291,0.5973920288085938,1.0632842227444033,2022.2422924041748,1.1941099166870115,1.0512301921844482,,steps,2,,2.465844721448737e-05,,,,,,,,,,,,,,,1603.0,0.0176985004103839
np-few_shot-steps_2D-seed4,0xsn7jps,2026-07-25T05:54:19Z,np,few_shot,4,rmse,0.6032655029296875,1.0721597114527637,0.5982838134765625,1.0636673876949707,750.3988764286041,0.6850278377532959,0.8253729343414307,,steps,2,,0.0001120760621186,,,,,,,,,,,,,,,790.0,0.0608484485919075
np-few_shot-steps_2D-seed4,38pwkva0,2026-07-25T04:35:14Z,np,few_shot,4,rmse,0.5957720336914063,1.0552744584792222,0.591763916015625,1.0462644854277414,719.4857776165009,0.7487549781799316,0.7464745044708252,,steps,2,,0.0008706020878304,,,,,,,,,,,,,,,744.0,0.0041168988591604
np-few_shot-steps_2D-seed4,436kwsq5,2026-07-25T04:00:23Z,np,few_shot,4,rmse,0.5917059936523438,1.0510466166629933,0.5945555419921875,1.054471420998282,836.2618598937988,0.6293690204620361,0.6835067272186279,,steps,2,,0.0005399484409787,,,,,,,,,,,,,,,844.0,0.0116167224336398
np-few_shot-steps_2D-seed4,5lsvsowt,2026-07-25T09:43:30Z,np,few_shot,4,rmse,0.61075146484375,1.085411848370887,0.6046961669921875,1.0758701648294684,1996.7807528972623,0.5890915393829346,0.5985276699066162,,steps,2,,1.5679933916722995e-05,,,,,,,,,,,,,,,2184.0,0.0609227538346741
np-few_shot-steps_2D-seed4,661nln7f,2026-07-25T09:14:07Z,np,few_shot,4,rmse,0.593426025390625,1.0518017437290486,0.5922897338867188,1.0482887306339932,632.0193800926208,0.5520079135894775,0.5238955020904541,,steps,2,,0.0007902619549708,,,,,,,,,,,,,,,689.0,0.0130103185970559
np-few_shot-steps_2D-seed4,67ot9rq1,2026-07-25T11:44:51Z,np,few_shot,4,rmse,0.61045849609375,1.085188246541115,0.6068912963867188,1.0810856745203368,1625.1068832874298,0.5762851238250732,0.5218520164489746,,steps,2,,2.342658105820404e-05,,,,,,,,,,,,,,,1766.0,0.1093420558686559
np-few_shot-steps_2D-seed4,86wk369m,2026-07-25T07:55:02Z,np,few_shot,4,rmse,0.59786328125,1.0618716948491052,0.5873889770507813,1.0428935526520104,1192.787647485733,0.6299803256988525,0.679800271987915,,steps,2,,0.0001067748270948,,,,,,,,,,,,,,,1271.0,0.0399347564316719
np-few_shot-steps_2D-seed4,ae50r0vm,2026-07-25T10:32:56Z,np,few_shot,4,rmse,0.5939822387695313,1.0544929697728247,0.588746826171875,1.0444563111931404,1396.1997077465055,0.6186082363128662,0.6599328517913818,,steps,2,,9.7803370166594e-05,,,,,,,,,,,,,,,1520.0,0.0244076469689557
np-few_shot-steps_2D-seed4,aimh5adt,2026-07-25T14:08:02Z,np,few_shot,4,rmse,0.620033935546875,1.1025626214905435,0.6178541870117188,1.1017061541168085,696.2944610118866,0.5335335731506348,0.6587507724761963,,steps,2,,5.170191786366994e-05,,,,,,,,,,,,,,,770.0,0.1657475018303859
np-few_shot-steps_2D-seed4,bvkilj3a,2026-07-25T06:06:59Z,np,few_shot,4,rmse,0.6023345947265625,1.0724703853035542,0.5976087036132812,1.0630407992855135,1756.5345363616943,0.8067407608032227,0.7576417922973633,,steps,2,,3.823475224675184e-05,,,,,,,,,,,,,,,1835.0,0.0863890037284231
np-few_shot-steps_2D-seed4,bwwpoopt,2026-07-25T12:32:50Z,np,few_shot,4,rmse,0.5848330078125,1.0360228271794265,0.5731131591796875,1.0160167657585195,1459.7673089504242,0.7115874290466309,0.6907162666320801,,steps,2,,0.000616104953938,,,,,,,,,,,,,,,1604.0,0.1878997883128378
np-few_shot-steps_2D-seed4,bztfh9gb,2026-07-25T07:11:58Z,np,few_shot,4,rmse,0.600363037109375,1.0675958229456617,0.6024254760742187,1.0711297776370807,1098.7964057922363,0.8670778274536133,0.8168587684631348,,steps,2,,5.4041038546473305e-05,,,,,,,,,,,,,,,1142.0,0.0584289297070436
np-few_shot-steps_2D-seed4,e9s7fqpd,2026-07-25T04:14:29Z,np,few_shot,4,rmse,0.59189404296875,1.0493587565559936,0.5829910888671875,1.0340915241064284,1234.670606136322,0.7337706089019775,0.8111164569854736,,steps,2,,0.000260702475837,,,,,,,,,,,,,,,1271.0,0.1202230023486417
np-few_shot-steps_2D-seed4,edk7b7g5,2026-07-25T10:56:22Z,np,few_shot,4,rmse,0.5979044189453125,1.0553366552853485,0.5892960205078125,1.043030394982963,838.1064314842224,0.6021170616149902,0.7002017498016357,,steps,2,,0.0006586289317583,,,,,,,,,,,,,,,920.0,0.0068777042230436
np-few_shot-steps_2D-seed4,ejgt1gzw,2026-07-25T13:51:25Z,np,few_shot,4,rmse,0.610977294921875,1.0859025381162215,0.6092108154296875,1.0847443277908824,986.2124247550964,0.5933544635772705,0.5826539993286133,,steps,2,,3.488976654890367e-05,,,,,,,,,,,,,,,1088.0,0.0777354579378964
np-few_shot-steps_2D-seed4,em5eppoe,2026-07-25T13:36:17Z,np,few_shot,4,rmse,0.598669921875,1.063993178279388,0.5997054443359375,1.0653484734850505,899.1997730731964,0.6550660133361816,0.6550281047821045,,steps,2,,4.473636174621264e-05,,,,,,,,,,,,,,,988.0,0.0090454577821076
np-few_shot-steps_2D-seed4,lnxtdr22,2026-07-25T07:30:27Z,np,few_shot,4,rmse,0.5846568603515625,1.0341947537896068,0.5826661987304688,1.0318275353532511,1464.9266545772552,0.6706140041351318,0.6461963653564453,,steps,2,,0.0003718364180573,,,,,,,,,,,,,,,1526.0,0.0912139968434072
np-few_shot-steps_2D-seed4,mfh7f1pv,2026-07-25T05:16:05Z,np,few_shot,4,rmse,0.5966202392578125,1.0604190806132974,0.5967957763671875,1.05902641677172,2283.2709579467773,0.7053208351135254,0.5970184803009033,,steps,2,,2.3270677083837777e-05,,,,,,,,,,,,,,,2333.0,0.0363649934414201
np-few_shot-steps_2D-seed4,n696rm5c,2026-07-25T13:08:55Z,np,few_shot,4,rmse,0.5987431640625,1.0643711878927724,0.5917745971679688,1.0515394743222433,1632.6193997859957,0.6391305923461914,0.5360896587371826,,steps,2,,2.465844721448737e-05,,,,,,,,,,,,,,,1800.0,0.0176985004103839
np-few_shot-steps_2D-seed4,oo5yo6t1,2026-07-25T08:46:00Z,np,few_shot,4,rmse,0.6132171630859375,1.0901138363727374,0.6107262573242187,1.089175445195148,1677.075937747955,0.596642017364502,0.5980870723724365,,steps,2,,2.193048555664368e-05,,,,,,,,,,,,,,,1849.0,0.1215089703802876
np-few_shot-steps_2D-seed4,oo6ybxd2,2026-07-25T11:29:03Z,np,few_shot,4,rmse,0.5990540771484375,1.0641615404580027,0.59839111328125,1.062443268965314,939.0740242004396,0.7067029476165771,0.7274997234344482,,steps,2,,0.0001096821720752,,,,,,,,,,,,,,,1022.0,0.0623422152178821
np-few_shot-steps_2D-seed4,p23gx52h,2026-07-25T02:47:43Z,np,few_shot,4,rmse,0.5889653930664063,1.0436928788510411,0.583036865234375,1.034401204225568,1886.043092727661,0.7692053318023682,0.6192679405212402,,steps,2,,0.0001575132049977,,,,,,,,,,,,,,,1976.0,0.146398788362281
np-few_shot-steps_2D-seed4,qnz3qc4g,2026-07-25T02:33:08Z,np,few_shot,4,rmse,0.5931532592773437,1.0513305671243112,0.5804107666015625,1.0279192739609175,864.7279496192932,0.5880560874938965,0.7194328308105469,,steps,2,,0.0007969454818643,,,,,,,,,,,,,,,907.0,0.0749080237694725
np-few_shot-steps_2D-seed4,r93d0uxn,2026-07-25T12:57:20Z,np,few_shot,4,rmse,0.5880394287109375,1.0423771736446363,0.5887079467773437,1.0440000817748614,685.2426407337189,0.8072741031646729,0.6988821029663086,,steps,2,,0.0006978281265126,,,,,,,,,,,,,,,761.0,0.119579995762217
np-few_shot-steps_2D-seed4,v1ngkrji,2026-07-25T06:36:26Z,np,few_shot,4,rmse,0.61310400390625,1.089967346594439,0.6117310180664063,1.0895517414001687,2121.470800638199,0.6694557666778564,0.6950976848602295,,steps,2,,1.9010245319870364e-05,,,,,,,,,,,,,,,2201.0,0.1223705789444759
np-few_shot-steps_2D-seed4,v4js2wjm,2026-07-25T09:24:48Z,np,few_shot,4,rmse,0.5902176513671875,1.0465588640371477,0.5783226318359375,1.0258800381935902,1111.67560172081,0.7220726013183594,0.6973841190338135,,steps,2,,0.0004138040112561,,,,,,,,,,,,,,,1218.0,0.1931264066149118
np-few_shot-steps_2D-seed4,vml4hx3y,2026-07-25T11:10:30Z,np,few_shot,4,rmse,0.5947105712890625,1.055130964479429,0.588414306640625,1.0449713807717784,1102.8320393562317,0.5405430793762207,0.5959262847900391,,steps,2,,0.0002113705944064,,,,,,,,,,,,,,,1204.0,0.0517559963200033
np-few_shot-steps_2D-seed4,wvb5qn3p,2026-07-25T03:19:20Z,np,few_shot,4,rmse,0.5987720336914063,1.065347708786935,0.592161376953125,1.051807981500167,2451.878408432007,0.880812406539917,0.7313940525054932,,steps,2,,2.0511104188433963e-05,,,,,,,,,,,,,,,2490.0,0.0312037280884873
np-few_shot-steps_2D-seed4,xdgg4gsz,2026-07-25T10:16:57Z,np,few_shot,4,rmse,0.6073631591796875,1.0784653760202336,0.6007221069335937,1.068015151321524,948.2948396205902,0.664785623550415,0.5643360614776611,,steps,2,,7.591104805282687e-05,,,,,,,,,,,,,,,1034.0,0.1368466053024314
np-few_shot-steps_2D-seed4,zbk955cn,2026-07-25T08:15:05Z,np,few_shot,4,rmse,0.6185855712890626,1.0994219650482515,0.6217008666992188,1.107393339640152,1845.4465861320496,0.6365907192230225,0.7033109664916992,,steps,2,,1.2385137298860926e-05,,,,,,,,,,,,,,,1967.0,0.1184829137724085
np-few_shot-steps_2D-seed4,zdc64344,2026-07-25T12:12:05Z,np,few_shot,4,rmse,0.58736083984375,1.042964068605713,0.5807595825195313,1.0305841367054585,1234.1313734054563,0.6238899230957031,0.6147301197052002,,steps,2,,0.0003550304858128,,,,,,,,,,,,,,,1349.0,0.1939169255529117
np-few_shot-steps_2D-seed4,zyjgeuqr,2026-07-25T04:47:23Z,np,few_shot,4,rmse,0.6153033447265625,1.0953784554391128,0.6133499755859375,1.0949877920209912,1711.400196313858,0.6788179874420166,0.8307127952575684,,steps,2,,2.658754398327269e-05,,,,,,,,,,,,,,,1767.0,0.1664885281600843
anp-in_context-steps_2D-seed0,0i46jfon,2026-07-21T11:04:36Z,anp,in_context,0,rmse,0.5187788411458333,0.920942732652356,0.5169390299479166,0.9183002616574978,8956.262833118439,6.266482830047607,5.3661816120147705,,steps,2,,3.488976654890367e-05,,,,,,,,,,,,,,,2638.0,0.0777354579378964
anp-in_context-steps_2D-seed0,51ltgf1b,2026-07-20T11:49:28Z,anp,in_context,0,rmse,0.5253473307291666,0.9332601734861404,0.5235533854166666,0.9307759164850382,4850.088211774826,2.498191595077514,2.151994466781616,,steps,2,,2.3270677083837777e-05,,,,,,,,,,,,,,,2618.0,0.0363649934414201
anp-in_context-steps_2D-seed0,62vkw4gs,2026-07-21T03:04:59Z,anp,in_context,0,rmse,0.5114640625,0.9065711555308132,0.5095800130208333,0.90444801907942,2001.529308795929,2.3287856578826904,2.4536564350128174,,steps,2,,0.0002113705944064,,,,,,,,,,,,,,,1016.0,0.0517559963200033
anp-in_context-steps_2D-seed0,77xhpsa0,2026-07-20T22:02:31Z,anp,in_context,0,rmse,0.5067830729166667,0.8985448247903878,0.5080179036458333,0.9008581848450776,1618.003515958786,2.195838928222656,3.055583953857422,,steps,2,,0.0007902619549708,,,,,,,,,,,,,,,850.0,0.0130103185970559
anp-in_context-steps_2D-seed0,7eo41o1u,2026-07-20T23:15:51Z,anp,in_context,0,rmse,0.52852138671875,0.9389474968016266,0.5268432291666667,0.9368114010682816,5550.938489437103,2.0409836769104004,2.3339858055114746,,steps,2,,1.5679933916722995e-05,,,,,,,,,,,,,,,3058.0,0.0609227538346741
anp-in_context-steps_2D-seed0,7pogpct1,2026-07-20T13:10:39Z,anp,in_context,0,rmse,0.5127657552083333,0.9108532373848772,0.5113292317708333,0.9070012524313206,2273.11670255661,2.148549795150757,2.425182819366455,,steps,2,,0.0001120760621186,,,,,,,,,,,,,,,1249.0,0.0608484485919075
anp-in_context-steps_2D-seed0,8v3fz519,2026-07-21T04:31:32Z,anp,in_context,0,rmse,0.5269424153645833,0.9353524447097048,0.5269962890625,0.9370955969373104,4846.598845481873,2.735813617706299,2.6080727577209477,,steps,2,,2.342658105820404e-05,,,,,,,,,,,,,,,2353.0,0.1093420558686559
anp-in_context-steps_2D-seed0,8wqe5guh,2026-07-20T06:26:34Z,anp,in_context,0,rmse,0.507943359375,0.901928378378922,0.5078680989583333,0.9035939060180253,1054.845475435257,0.9551920890808104,0.9346098899841307,,steps,2,,0.0007969454818643,,,,,,,,,,,,,,,950.0,0.0749080237694725
anp-in_context-steps_2D-seed0,9gyaajje,2026-07-21T00:48:43Z,anp,in_context,0,rmse,0.5117919921875,0.9078007629318116,0.5093296223958333,0.9057284746686648,4259.7123346328735,2.5171804428100586,2.4944467544555664,,steps,2,,7.591104805282687e-05,,,,,,,,,,,,,,,2316.0,0.1368466053024314
anp-in_context-steps_2D-seed0,a5yq1y8u,2026-07-20T09:48:06Z,anp,in_context,0,rmse,0.5127209635416666,0.9102126822425912,0.5138966471354167,0.914436595445012,7261.70170044899,2.113832235336304,2.0811729431152344,,steps,2,,2.658754398327269e-05,,,,,,,,,,,,,,,4000.0,0.1664885281600843
anp-in_context-steps_2D-seed0,amyaqjek,2026-07-21T13:34:23Z,anp,in_context,0,rmse,0.5107921875,0.9079836843314671,0.51027724609375,0.908828151827112,10576.364408254623,6.518031358718872,7.099907636642456,,steps,2,,5.170191786366994e-05,,,,,,,,,,,,,,,2880.0,0.1657475018303859
anp-in_context-steps_2D-seed0,b6vcggx0,2026-07-20T18:19:32Z,anp,in_context,0,rmse,0.5265794270833334,0.9349970002608324,0.52753798828125,0.937870850472348,7067.144974708557,2.174875974655152,1.950603485107422,,steps,2,,1.2385137298860926e-05,,,,,,,,,,,,,,,4000.0,0.1184829137724085
anp-in_context-steps_2D-seed0,bmwp4caq,2026-07-20T16:18:51Z,anp,in_context,0,rmse,0.51523671875,0.9147111877483808,0.5171178385416667,0.918977724957162,3092.947895765305,2.431166410446167,2.633859157562256,,steps,2,,5.4041038546473305e-05,,,,,,,,,,,,,,,1704.0,0.0584289297070436
anp-in_context-steps_2D-seed0,cj0uvn80,2026-07-21T02:40:10Z,anp,in_context,0,rmse,0.5122942057291666,0.9081918396030232,0.5130040364583334,0.9105525034153816,1469.970984697342,2.165165662765503,2.0132224559783936,,steps,2,,0.0006586289317583,,,,,,,,,,,,,,,795.0,0.0068777042230436
anp-in_context-steps_2D-seed0,cpd0d2a5,2026-07-21T09:45:29Z,anp,in_context,0,rmse,0.524626171875,0.9318187915819004,0.5250115234375,0.9329367214198326,4715.174761772156,5.875979900360107,5.469699859619141,,steps,2,,4.473636174621264e-05,,,,,,,,,,,,,,,1349.0,0.0090454577821076
anp-in_context-steps_2D-seed0,ebjuvvm2,2026-07-20T20:17:48Z,anp,in_context,0,rmse,0.5218642578125,0.927041560741088,0.5193618489583334,0.9247343584095308,6261.455559015274,1.954284191131592,2.5350887775421143,,steps,2,,2.193048555664368e-05,,,,,,,,,,,,,,,3414.0,0.1215089703802876
anp-in_context-steps_2D-seed0,f3dgrj1c,2026-07-20T06:44:25Z,anp,in_context,0,rmse,0.5111666015625,0.9073039755449808,0.5121611328125,0.9109736099255354,1720.3785338401794,1.809056520462036,2.1393840312957764,,steps,2,,0.0001575132049977,,,,,,,,,,,,,,,1331.0,0.146398788362281
anp-in_context-steps_2D-seed0,hloukxls,2026-07-20T17:10:45Z,anp,in_context,0,rmse,0.5066291666666667,0.8978064401460716,0.5055026692708333,0.8977582308583391,1911.872135400772,2.5635929107666016,2.1948111057281494,,steps,2,,0.0003718364180573,,,,,,,,,,,,,,,1027.0,0.0912139968434072
anp-in_context-steps_2D-seed0,ju7t238u,2026-07-21T02:00:04Z,anp,in_context,0,rmse,0.5201828776041667,0.923152178238112,0.5233158203125,0.9279499624789312,2385.4824318885803,2.288108587265014,2.4360170364379883,,steps,2,,9.7803370166594e-05,,,,,,,,,,,,,,,1270.0,0.0244076469689557
anp-in_context-steps_2D-seed0,kdyzimnj,2026-07-20T22:29:50Z,anp,in_context,0,rmse,0.5024194010416667,0.8907632951122716,0.5022625,0.8911344618167957,2739.565723419189,2.1271777153015137,2.043843030929565,,steps,2,,0.0004138040112561,,,,,,,,,,,,,,,1500.0,0.1931264066149118
anp-in_context-steps_2D-seed0,kxdf3o0r,2026-07-21T07:58:47Z,anp,in_context,0,rmse,0.527170703125,0.9360036852527712,0.52436494140625,0.9311427021230704,6371.508885383606,5.784533262252808,5.540498733520508,,steps,2,,2.465844721448737e-05,,,,,,,,,,,,,,,2289.0,0.0176985004103839
anp-in_context-steps_2D-seed0,ogu60rww,2026-07-20T15:00:56Z,anp,in_context,0,rmse,0.5281416666666666,0.9365973323178812,0.5285097005208333,0.9390423418876744,4654.76881480217,2.312514305114746,1.7938008308410645,,steps,2,,1.9010245319870364e-05,,,,,,,,,,,,,,,2581.0,0.1223705789444759
anp-in_context-steps_2D-seed0,q2qlk2jw,2026-07-21T03:38:43Z,anp,in_context,0,rmse,0.5129775390625,0.9095956333919928,0.5151255859375,0.9142731080761076,3146.1644172668457,2.7039709091186523,2.7169454097747803,,steps,2,,0.0001096821720752,,,,,,,,,,,,,,,1547.0,0.0623422152178821
anp-in_context-steps_2D-seed0,q4lcdj5h,2026-07-20T08:11:55Z,anp,in_context,0,rmse,0.5150578450520833,0.9086384504820196,0.5165996419270833,0.9117606043297722,1796.3681163787842,2.527562141418457,2.629382610321045,,steps,2,,0.0005399484409787,,,,,,,,,,,,,,,973.0,0.0116167224336398
anp-in_context-steps_2D-seed0,rs5way2h,2026-07-20T08:42:13Z,anp,in_context,0,rmse,0.5084089518229167,0.9019192691132444,0.5069132161458333,0.9005309871225047,2333.261255025864,2.522383213043213,2.7146201133728027,,steps,2,,0.000260702475837,,,,,,,,,,,,,,,1246.0,0.1202230023486417
anp-in_context-steps_2D-seed0,sefh3aq5,2026-07-20T17:42:59Z,anp,in_context,0,rmse,0.5148837239583334,0.9139012651019356,0.514880078125,0.9133980675867376,2172.81405544281,1.8383169174194336,2.111930131912231,,steps,2,,0.0001067748270948,,,,,,,,,,,,,,,1175.0,0.0399347564316719
anp-in_context-steps_2D-seed0,t7dggv32,2026-07-21T07:20:12Z,anp,in_context,0,rmse,0.5024306315104167,0.8913200260353911,0.5046889322916667,0.8973071043983663,2292.979687929153,2.429360866546631,2.1729230880737305,,steps,2,,0.0006978281265126,,,,,,,,,,,,,,,1098.0,0.119579995762217
anp-in_context-steps_2D-seed0,v8ol0y5x,2026-07-20T09:21:27Z,anp,in_context,0,rmse,0.510426171875,0.9051327349693972,0.5087191731770834,0.9038754312005246,1578.5790433883667,2.5691254138946533,2.3831028938293457,,steps,2,,0.0008706020878304,,,,,,,,,,,,,,,845.0,0.0041168988591604
anp-in_context-steps_2D-seed0,yaapz4t9,2026-07-20T13:48:52Z,anp,in_context,0,rmse,0.5162627604166666,0.9161188538075016,0.5154219401041666,0.9162019428293612,4302.93061041832,2.098437547683716,2.0447030067443848,,steps,2,,3.823475224675184e-05,,,,,,,,,,,,,,,2359.0,0.0863890037284231
anp-in_context-steps_2D-seed0,z7hnta46,2026-07-21T05:52:41Z,anp,in_context,0,rmse,0.50225341796875,0.891050464336302,0.5028591471354167,0.8936711406482051,2757.973399400711,2.838066816329956,2.545853614807129,,steps,2,,0.0003550304858128,,,,,,,,,,,,,,,1324.0,0.1939169255529117
anp-in_context-steps_2D-seed0,zv8ament,2026-07-20T07:13:25Z,anp,in_context,0,rmse,0.5291572916666667,0.9397083037055842,0.5289642903645834,0.9393602180209516,3490.150204896927,1.922546148300171,2.3441274166107178,,steps,2,,2.0511104188433963e-05,,,,,,,,,,,,,,,1982.0,0.0312037280884873
anp-in_context-steps_2D-seed0,zwi1awyz,2026-07-21T06:39:01Z,anp,in_context,0,rmse,0.4989974934895833,0.885386119027697,0.499244921875,0.8867476420931422,2449.098325252533,2.8859567642211914,2.4646530151367188,,steps,2,,0.000616104953938,,,,,,,,,,,,,,,1175.0,0.1878997883128378
anp-in_context-steps_2D-seed1,089gbhw5,2026-07-23T20:27:41Z,anp,in_context,1,rmse,0.50940791015625,0.9058968093938208,0.512993359375,0.9097688824966078,15123.522698640823,7.212804555892944,5.764378786087036,,steps,2,,2.193048555664368e-05,,,,,,,,,,,,,,,4000.0,0.1215089703802876
anp-in_context-steps_2D-seed1,1djwjm3k,2026-07-24T21:36:55Z,anp,in_context,1,rmse,0.5012461588541667,0.8934100545492287,0.5053892578125,0.8973777989342326,7709.429113864899,3.408947229385376,3.952131509780884,,steps,2,,5.170191786366994e-05,,,,,,,,,,,,,,,3214.0,0.1657475018303859
anp-in_context-steps_2D-seed1,2s5e2pqm,2026-07-24T01:34:32Z,anp,in_context,1,rmse,0.4974366861979166,0.8849035098961889,0.5012302083333333,0.8881799374669738,4722.933755874634,5.240601301193237,6.435375690460205,,steps,2,,0.0004138040112561,,,,,,,,,,,,,,,1350.0,0.1931264066149118
anp-in_context-steps_2D-seed1,32vinght,2026-07-22T19:02:24Z,anp,in_context,1,rmse,0.5180388671875,0.9214898004892254,0.5194202473958334,0.9217546410111926,8275.387413263321,5.973795652389526,6.1063878536224365,,steps,2,,2.0511104188433963e-05,,,,,,,,,,,,,,,2280.0,0.0312037280884873
anp-in_context-steps_2D-seed1,3mmp2lyt,2026-07-24T18:45:49Z,anp,in_context,1,rmse,0.5163349609375,0.918411999054245,0.5198654296875,0.922116023142461,3522.5464565753937,3.669335126876831,3.078624963760376,,steps,2,,4.473636174621264e-05,,,,,,,,,,,,,,,1323.0,0.0090454577821076
anp-in_context-steps_2D-seed1,499oznu1,2026-07-24T17:01:06Z,anp,in_context,1,rmse,0.4989140625,0.887020470491868,0.50550517578125,0.8963787634791538,2964.686202287674,3.521005630493164,4.054761648178101,,steps,2,,0.0006978281265126,,,,,,,,,,,,,,,1192.0,0.119579995762217
anp-in_context-steps_2D-seed1,5lez1ko6,2026-07-23T15:12:10Z,anp,in_context,1,rmse,0.5117663736979167,0.9081919035596556,0.51603994140625,0.9131911517391242,4594.674269914627,6.163740873336792,6.128463983535767,,steps,2,,0.0001067748270948,,,,,,,,,,,,,,,1420.0,0.0399347564316719
anp-in_context-steps_2D-seed1,5r02k8rb,2026-07-23T16:29:58Z,anp,in_context,1,rmse,0.51769853515625,0.9199114004441148,0.5200241536458333,0.921551601597662,14153.51943063736,5.670284271240234,4.845898151397705,,steps,2,,1.2385137298860926e-05,,,,,,,,,,,,,,,4000.0,0.1184829137724085
anp-in_context-steps_2D-seed1,6x9do18r,2026-07-24T17:50:57Z,anp,in_context,1,rmse,0.5232076171875,0.9302720594121848,0.5259606119791667,0.9320133118619996,3241.668433666229,4.316771030426025,3.73356556892395,,steps,2,,2.465844721448737e-05,,,,,,,,,,,,,,,1261.0,0.0176985004103839
anp-in_context-steps_2D-seed1,7na9x0jf,2026-07-24T16:21:06Z,anp,in_context,1,rmse,0.4984309895833333,0.8865075678678371,0.5047306315104166,0.8946410949485127,2350.353569746017,4.1018829345703125,4.265119552612305,,steps,2,,0.000616104953938,,,,,,,,,,,,,,,901.0,0.1878997883128378
anp-in_context-steps_2D-seed1,abdiabn4,2026-07-24T00:40:18Z,anp,in_context,1,rmse,0.5007701171875,0.8902444392747058,0.505666796875,0.8949669741295179,3161.074579954148,6.487811803817749,6.296833753585815,,steps,2,,0.0007902619549708,,,,,,,,,,,,,,,854.0,0.0130103185970559
anp-in_context-steps_2D-seed1,b3w28ku8,2026-07-23T14:20:29Z,anp,in_context,1,rmse,0.50214111328125,0.893124300295117,0.5085982096354167,0.901491967807988,3070.7842605113983,4.820804834365845,5.744023561477661,,steps,2,,0.0003718364180573,,,,,,,,,,,,,,,985.0,0.0912139968434072
anp-in_context-steps_2D-seed1,cnx1df1g,2026-07-22T16:01:22Z,anp,in_context,1,rmse,0.4969712239583333,0.8842915876702024,0.5026306640625,0.8905930751027877,3982.176418542862,5.352328300476074,4.934199571609497,,steps,2,,0.0007969454818643,,,,,,,,,,,,,,,1092.0,0.0749080237694725
anp-in_context-steps_2D-seed1,e3h2dr1f,2026-07-24T02:53:47Z,anp,in_context,1,rmse,0.5182813802083334,0.9217988283692914,0.52187607421875,0.925440270926584,9890.439844846724,6.691891670227051,6.284872531890869,,steps,2,,1.5679933916722995e-05,,,,,,,,,,,,,,,2789.0,0.0609227538346741
anp-in_context-steps_2D-seed1,echusywq,2026-07-24T05:39:10Z,anp,in_context,1,rmse,0.5022040364583333,0.8933897133902651,0.5057799479166667,0.8969986976139843,9412.114438295364,5.433502912521362,5.497803926467896,,steps,2,,7.591104805282687e-05,,,,,,,,,,,,,,,2593.0,0.1368466053024314
anp-in_context-steps_2D-seed1,er0ph172,2026-07-24T15:11:16Z,anp,in_context,1,rmse,0.4971470377604167,0.8843927369963204,0.5040710611979167,0.8939158803258482,4162.934077978134,4.1879284381866455,3.783099412918091,,steps,2,,0.0003550304858128,,,,,,,,,,,,,,,1595.0,0.1939169255529117
anp-in_context-steps_2D-seed1,eskvscbg,2026-07-23T00:35:15Z,anp,in_context,1,rmse,0.51840546875,0.922180820459814,0.522398828125,0.9266903408275082,8583.47219657898,6.157368898391724,5.608441591262817,,steps,2,,2.658754398327269e-05,,,,,,,,,,,,,,,2613.0,0.1664885281600843
anp-in_context-steps_2D-seed1,exrskew4,2026-07-22T23:45:04Z,anp,in_context,1,rmse,0.5025465494791667,0.8927120775694559,0.5092037109375,0.9024487551599916,2979.7632460594177,5.654110431671143,6.222297191619873,,steps,2,,0.0008706020878304,,,,,,,,,,,,,,,888.0,0.0041168988591604
anp-in_context-steps_2D-seed1,h324ddsy,2026-07-22T22:13:54Z,anp,in_context,1,rmse,0.4975345377604167,0.8828217671218362,0.50493193359375,0.8945963017481134,5438.104700565338,5.75496244430542,5.082831621170044,,steps,2,,0.000260702475837,,,,,,,,,,,,,,,1496.0,0.1202230023486417
anp-in_context-steps_2D-seed1,itzdi1tf,2026-07-24T12:49:20Z,anp,in_context,1,rmse,0.5113888671875,0.9092154127745292,0.5141670572916667,0.9117672495468424,8472.92104935646,4.223667621612549,4.565155744552612,,steps,2,,2.342658105820404e-05,,,,,,,,,,,,,,,2864.0,0.1093420558686559
anp-in_context-steps_2D-seed1,kmswnei7,2026-07-24T08:17:21Z,anp,in_context,1,rmse,0.5120958658854167,0.910002540403451,0.5165882161458333,0.915723357429946,4284.636722803116,6.337446928024292,5.702732086181641,,steps,2,,9.7803370166594e-05,,,,,,,,,,,,,,,1206.0,0.0244076469689557
anp-in_context-steps_2D-seed1,kumxh3xu,2026-07-22T17:08:14Z,anp,in_context,1,rmse,0.4985240885416667,0.8845683980379221,0.5042155598958333,0.8922955407597282,6754.22306394577,6.572844505310059,6.627300977706909,,steps,2,,0.0001575132049977,,,,,,,,,,,,,,,1894.0,0.146398788362281
anp-in_context-steps_2D-seed1,lvsp9q1u,2026-07-22T21:20:54Z,anp,in_context,1,rmse,0.5086693359375,0.9018841050491724,0.5111258138020833,0.9045203331133368,3097.283082008362,7.240585803985596,7.092312097549439,,steps,2,,0.0005399484409787,,,,,,,,,,,,,,,877.0,0.0116167224336398
anp-in_context-steps_2D-seed1,ndc6ojkq,2026-07-23T12:31:40Z,anp,in_context,1,rmse,0.5081875651041666,0.902075029097754,0.5145698893229167,0.9100999917324638,6428.907828092575,4.244949817657471,4.759623527526856,,steps,2,,5.4041038546473305e-05,,,,,,,,,,,,,,,2072.0,0.0584289297070436
anp-in_context-steps_2D-seed1,qjjn31bq,2026-07-23T09:04:58Z,anp,in_context,1,rmse,0.5096634440104166,0.9061229027274194,0.51145556640625,0.9069048752574692,12296.223570346832,5.395704984664917,5.179576873779297,,steps,2,,1.9010245319870364e-05,,,,,,,,,,,,,,,4000.0,0.1223705789444759
anp-in_context-steps_2D-seed1,rv3fozaa,2026-07-24T19:45:03Z,anp,in_context,1,rmse,0.508371875,0.9029573547301364,0.5137551432291667,0.9108440986434124,6686.817259311676,3.7161130905151367,3.752560377120972,,steps,2,,3.488976654890367e-05,,,,,,,,,,,,,,,2823.0,0.0777354579378964
anp-in_context-steps_2D-seed1,s7n4wh5j,2026-07-23T06:37:23Z,anp,in_context,1,rmse,0.5059411458333334,0.8988333956801006,0.5093352213541666,0.9031355563903638,8824.50863957405,5.377991676330566,4.911141395568848,,steps,2,,3.823475224675184e-05,,,,,,,,,,,,,,,2899.0,0.0863890037284231
anp-in_context-steps_2D-seed1,tp5jum41,2026-07-24T09:29:18Z,anp,in_context,1,rmse,0.5026879231770833,0.8939858928811335,0.509071875,0.9016397944728864,2930.434160232544,6.453536987304688,6.198853492736816,,steps,2,,0.0006586289317583,,,,,,,,,,,,,,,844.0,0.0068777042230436
anp-in_context-steps_2D-seed1,ufe4enw6,2026-07-23T02:58:50Z,anp,in_context,1,rmse,0.5153335611979166,0.9169696490603656,0.5165092447916667,0.9175334554135228,8465.077955722809,4.825237274169922,6.217767715454102,,steps,2,,2.3270677083837777e-05,,,,,,,,,,,,,,,2534.0,0.0363649934414201
anp-in_context-steps_2D-seed1,uj8lrbze,2026-07-24T10:19:02Z,anp,in_context,1,rmse,0.5116797526041666,0.9099762736959232,0.511986328125,0.9092444993203748,3270.731010913849,4.69854736328125,5.99372148513794,,steps,2,,0.0002113705944064,,,,,,,,,,,,,,,961.0,0.0517559963200033
anp-in_context-steps_2D-seed1,z91v7qcr,2026-07-24T11:14:38Z,anp,in_context,1,rmse,0.50594140625,0.8976614106820694,0.5120062825520834,0.9042291314946326,5637.085575819016,6.207319021224976,4.934898138046265,,steps,2,,0.0001096821720752,,,,,,,,,,,,,,,1680.0,0.0623422152178821
anp-in_context-steps_2D-seed1,zus1u1j4,2026-07-23T05:20:26Z,anp,in_context,1,rmse,0.5094196614583333,0.904534598727934,0.51108154296875,0.9049741246820454,4588.040295124054,5.754594087600708,4.584853887557983,,steps,2,,0.0001120760621186,,,,,,,,,,,,,,,1523.0,0.0608484485919075
anp-in_context-steps_2D-seed2,27407xvo,2026-07-26T21:43:56Z,anp,in_context,2,rmse,0.5035594401041666,0.8963787386038679,0.51104375,0.910772630763464,2714.35143494606,3.192282199859619,4.041429996490479,,steps,2,,0.0002113705944064,,,,,,,,,,,,,,,1126.0,0.0517559963200033
anp-in_context-steps_2D-seed2,4h0wbpnd,2026-07-26T21:04:18Z,anp,in_context,2,rmse,0.5077574869791667,0.9014322390995404,0.5115021809895833,0.9107491111105254,2353.1544818878174,3.107374906539917,3.982907772064209,,steps,2,,0.0006586289317583,,,,,,,,,,,,,,,985.0,0.0068777042230436
anp-in_context-steps_2D-seed2,587qvkr3,2026-07-27T02:53:25Z,anp,in_context,2,rmse,0.5151362630208334,0.9167210383246572,0.5223508463541666,0.9305565647811002,4019.3439497947697,1.867544651031494,1.90693473815918,,steps,2,,2.465844721448737e-05,,,,,,,,,,,,,,,2690.0,0.0176985004103839
anp-in_context-steps_2D-seed2,6dui0hn1,2026-07-26T01:28:49Z,anp,in_context,2,rmse,0.5061481770833334,0.9003266056304198,0.5131352864583333,0.9137072694999016,3334.5677757263184,3.8602097034454346,3.4396486282348637,,steps,2,,0.0001120760621186,,,,,,,,,,,,,,,1443.0,0.0608484485919075
anp-in_context-steps_2D-seed2,76f0braw,2026-07-26T13:40:06Z,anp,in_context,2,rmse,0.5221743815104166,0.9288682459608752,0.5290598958333333,0.94218755423031,4914.810736894608,3.5669870376586914,3.252781629562378,,steps,2,,2.193048555664368e-05,,,,,,,,,,,,,,,1943.0,0.1215089703802876
anp-in_context-steps_2D-seed2,7kp1r1cc,2026-07-27T05:41:08Z,anp,in_context,2,rmse,0.5109901692708333,0.909991242768274,0.5169201822916667,0.9219680599095492,2811.2981836795807,1.4937384128570557,1.903337240219116,,steps,2,,5.170191786366994e-05,,,,,,,,,,,,,,,1896.0,0.1657475018303859
anp-in_context-steps_2D-seed2,7l0gshtx,2026-07-25T16:29:03Z,anp,in_context,2,rmse,0.4991385416666666,0.8886913866864021,0.5074925130208333,0.9044102592142118,3330.5767765045166,3.116359233856201,3.100216150283813,,steps,2,,0.0001575132049977,,,,,,,,,,,,,,,1644.0,0.146398788362281
anp-in_context-steps_2D-seed2,8ji0m7dk,2026-07-25T15:54:33Z,anp,in_context,2,rmse,0.498503125,0.8861311701818739,0.5017534830729167,0.8939893977314656,2047.5406692028048,3.305455207824707,3.1984670162200928,,steps,2,,0.0007969454818643,,,,,,,,,,,,,,,993.0,0.0749080237694725
anp-in_context-steps_2D-seed2,9joh8ftq,2026-07-26T10:49:13Z,anp,in_context,2,rmse,0.5149876302083334,0.9170669245140868,0.5234138346354167,0.932265746724406,10229.660531520844,2.609142303466797,3.38538122177124,,steps,2,,1.2385137298860926e-05,,,,,,,,,,,,,,,4000.0,0.1184829137724085
anp-in_context-steps_2D-seed2,9ni9irf1,2026-07-27T04:37:26Z,anp,in_context,2,rmse,0.5106521484375,0.908545714505765,0.517233203125,0.9219719593081906,3803.781079292298,1.753889083862305,1.67486834526062,,steps,2,,3.488976654890367e-05,,,,,,,,,,,,,,,2573.0,0.0777354579378964
anp-in_context-steps_2D-seed2,ayzzajyx,2026-07-26T15:45:26Z,anp,in_context,2,rmse,0.4965271809895833,0.8838392857310975,0.5034551432291666,0.897020291818895,3018.411067008972,3.6919801235198975,4.270089149475098,,steps,2,,0.0004138040112561,,,,,,,,,,,,,,,1184.0,0.1931264066149118
anp-in_context-steps_2D-seed2,cdaiy1su,2026-07-26T08:51:52Z,anp,in_context,2,rmse,0.5025770182291667,0.8938206904187029,0.5097097005208333,0.9077531006462868,2781.6869320869446,4.7868492603302,3.9240550994873047,,steps,2,,0.0003718364180573,,,,,,,,,,,,,,,990.0,0.0912139968434072
anp-in_context-steps_2D-seed2,g66t1qfr,2026-07-26T22:29:34Z,anp,in_context,2,rmse,0.50865732421875,0.9053934442534092,0.51435634765625,0.9170504951016536,2532.207491159439,2.633152484893799,2.387831211090088,,steps,2,,0.0001096821720752,,,,,,,,,,,,,,,1196.0,0.0623422152178821
anp-in_context-steps_2D-seed2,gj6a3t2y,2026-07-27T01:06:53Z,anp,in_context,2,rmse,0.4956477864583333,0.8821004931978763,0.5032753255208333,0.8960556070279306,2393.6753458976746,1.803950786590576,1.5189802646636963,,steps,2,,0.0003550304858128,,,,,,,,,,,,,,,1599.0,0.1939169255529117
anp-in_context-steps_2D-seed2,gwlg4zd8,2026-07-27T01:47:06Z,anp,in_context,2,rmse,0.4942834635416667,0.8796826796697867,0.5034689453125,0.8967396872409485,2561.886847257614,1.7986595630645752,1.7917907238006592,,steps,2,,0.000616104953938,,,,,,,,,,,,,,,1728.0,0.1878997883128378
anp-in_context-steps_2D-seed2,hxsvmfw0,2026-07-26T19:11:13Z,anp,in_context,2,rmse,0.50170830078125,0.8934586497908205,0.5107223307291666,0.9107429451664544,4683.2670731544495,2.49727201461792,2.830824136734009,,steps,2,,7.591104805282687e-05,,,,,,,,,,,,,,,2092.0,0.1368466053024314
anp-in_context-steps_2D-seed2,iz6oe5my,2026-07-25T23:57:50Z,anp,in_context,2,rmse,0.5157055989583333,0.9190234208213728,0.5229071614583334,0.9318091830809404,5433.708036899567,4.19141697883606,3.6627163887023926,,steps,2,,2.3270677083837777e-05,,,,,,,,,,,,,,,2390.0,0.0363649934414201
anp-in_context-steps_2D-seed2,j8zo6lw8,2026-07-26T02:24:49Z,anp,in_context,2,rmse,0.5052201171875,0.9000705780069067,0.5137956380208333,0.9155327327011116,6284.056604862213,4.079041957855225,3.452261209487915,,steps,2,,3.823475224675184e-05,,,,,,,,,,,,,,,2662.0,0.0863890037284231
anp-in_context-steps_2D-seed2,lonu25k6,2026-07-26T15:02:25Z,anp,in_context,2,rmse,0.50297939453125,0.8931748994772735,0.5082460611979167,0.9017474793204868,2547.9474172592163,4.337402582168579,3.378167152404785,,steps,2,,0.0007902619549708,,,,,,,,,,,,,,,992.0,0.0130103185970559
anp-in_context-steps_2D-seed2,lwp91jud,2026-07-25T20:49:30Z,anp,in_context,2,rmse,0.5004236328125,0.889620332546932,0.5061228515625,0.9014591534952172,1970.7916824817653,3.87215518951416,3.4436593055725098,,steps,2,,0.0008706020878304,,,,,,,,,,,,,,,858.0,0.0041168988591604
anp-in_context-steps_2D-seed2,mhzpe0zz,2026-07-26T16:36:09Z,anp,in_context,2,rmse,0.5125446614583333,0.9136819425825324,0.5192930338541667,0.9255266249322556,9278.83153128624,3.6055829524993896,3.5523576736450195,,steps,2,,1.5679933916722995e-05,,,,,,,,,,,,,,,4000.0,0.0609227538346741
anp-in_context-steps_2D-seed2,msj0qz5i,2026-07-25T21:22:45Z,anp,in_context,2,rmse,0.5086654947916667,0.9079506917447948,0.5146081380208334,0.9182301473841294,9279.8194668293,4.026351451873779,3.504401445388794,,steps,2,,2.658754398327269e-05,,,,,,,,,,,,,,,4000.0,0.1664885281600843
anp-in_context-steps_2D-seed2,mzm9woxw,2026-07-26T23:12:07Z,anp,in_context,2,rmse,0.5048208333333334,0.8996989117832932,0.5135043294270834,0.916209581134974,6867.660195589066,1.610175371170044,1.7540810108184814,,steps,2,,2.342658105820404e-05,,,,,,,,,,,,,,,4000.0,0.1093420558686559
anp-in_context-steps_2D-seed2,ohp0uvz2,2026-07-25T19:58:03Z,anp,in_context,2,rmse,0.5002328125,0.8902210574634433,0.5083729817708333,0.9057129030481484,3061.787654876709,3.669682502746582,3.363105058670044,,steps,2,,0.000260702475837,,,,,,,,,,,,,,,1297.0,0.1202230023486417
anp-in_context-steps_2D-seed2,q683aoez,2026-07-27T02:30:07Z,anp,in_context,2,rmse,0.497610546875,0.8863675010748943,0.505948046875,0.9013813401135892,1376.8174855709076,1.7040305137634275,1.7393338680267334,,steps,2,,0.0006978281265126,,,,,,,,,,,,,,,906.0,0.119579995762217
anp-in_context-steps_2D-seed2,qlgwgrar,2026-07-26T20:29:47Z,anp,in_context,2,rmse,0.5136057291666667,0.9145452893235304,0.5228965494791666,0.93250456897093,2046.6920676231384,3.33023452758789,4.149236917495728,,steps,2,,9.7803370166594e-05,,,,,,,,,,,,,,,889.0,0.0244076469689557
anp-in_context-steps_2D-seed2,tdaru4qz,2026-07-26T09:38:40Z,anp,in_context,2,rmse,0.5088319986979166,0.9040270449152062,0.5171978841145833,0.9197224795183307,4207.454511642456,3.604550838470459,4.757221460342407,,steps,2,,0.0001067748270948,,,,,,,,,,,,,,,1468.0,0.0399347564316719
anp-in_context-steps_2D-seed2,u2mh4zie,2026-07-26T04:09:58Z,anp,in_context,2,rmse,0.5101430989583333,0.909333728018038,0.5157690104166667,0.9200332957567172,10382.928591966627,3.57498836517334,4.572159290313721,,steps,2,,1.9010245319870364e-05,,,,,,,,,,,,,,,4000.0,0.1223705789444759
anp-in_context-steps_2D-seed2,umq8xkxt,2026-07-25T19:24:59Z,anp,in_context,2,rmse,0.5041997395833333,0.8959642872174903,0.5129884765625,0.9122324183106224,1954.8188047409053,3.901193141937256,4.131532192230225,,steps,2,,0.0005399484409787,,,,,,,,,,,,,,,870.0,0.0116167224336398
anp-in_context-steps_2D-seed2,xhsa93k8,2026-07-26T07:03:27Z,anp,in_context,2,rmse,0.5069626953125,0.9031521591793172,0.5151324544270833,0.9173152482271604,6477.687119722366,4.398435592651367,4.310364484786987,,steps,2,,5.4041038546473305e-05,,,,,,,,,,,,,,,2320.0,0.0584289297070436
anp-in_context-steps_2D-seed2,ydelywt3,2026-07-25T17:24:58Z,anp,in_context,2,rmse,0.51557861328125,0.919339846752314,0.5213005208333333,0.930384048552342,7177.136370182037,3.621809244155884,3.172444105148315,,steps,2,,2.0511104188433963e-05,,,,,,,,,,,,,,,3337.0,0.0312037280884873
anp-in_context-steps_2D-seed2,ywhwpqee,2026-07-27T04:01:03Z,anp,in_context,2,rmse,0.5185861002604166,0.9248919018599744,0.5249429361979167,0.935348049358514,2163.254272460937,1.617072582244873,1.7747862339019775,,steps,2,,4.473636174621264e-05,,,,,,,,,,,,,,,1460.0,0.0090454577821076
anp-in_context-steps_2D-seed3,1itzo975,2026-07-20T20:03:03Z,anp,in_context,3,rmse,0.527008984375,0.9383475826498776,0.5302505859375,0.9430328581543244,7121.794671535492,2.278640985488892,2.2067711353302,,steps,2,,1.2385137298860926e-05,,,,,,,,,,,,,,,4000.0,0.1184829137724085
anp-in_context-steps_2D-seed3,4b8evzip,2026-07-21T11:57:05Z,anp,in_context,3,rmse,0.501104296875,0.8915908672758498,0.5068006184895834,0.899756122555301,3767.0728192329407,5.36170768737793,6.221979856491089,,steps,2,,0.0006978281265126,,,,,,,,,,,,,,,1154.0,0.119579995762217
anp-in_context-steps_2D-seed3,55lm38yv,2026-07-21T04:28:25Z,anp,in_context,3,rmse,0.5199891276041667,0.925488246177624,0.5255541015625,0.934469663581879,2322.204970598221,2.3719570636749268,2.4885094165802,,steps,2,,9.7803370166594e-05,,,,,,,,,,,,,,,1173.0,0.0244076469689557
anp-in_context-steps_2D-seed3,7h7aun6p,2026-07-21T06:55:07Z,anp,in_context,3,rmse,0.5165731770833333,0.9199885844471576,0.5201884765625,0.9253989368012824,9252.955601215364,5.416933298110962,5.126168727874756,,steps,2,,2.342658105820404e-05,,,,,,,,,,,,,,,4000.0,0.1093420558686559
anp-in_context-steps_2D-seed3,7isko1ad,2026-07-21T10:46:38Z,anp,in_context,3,rmse,0.4990346028645833,0.8904402744128848,0.503983203125,0.8987881312695652,4197.270783185959,5.025019645690918,5.004011392593384,,steps,2,,0.000616104953938,,,,,,,,,,,,,,,1269.0,0.1878997883128378
anp-in_context-steps_2D-seed3,a82rjlxx,2026-07-20T10:52:52Z,anp,in_context,3,rmse,0.5122760416666666,0.9124847302319632,0.517989453125,0.9222740306034218,7033.471383571625,2.398829698562622,2.508601188659668,,steps,2,,2.658754398327269e-05,,,,,,,,,,,,,,,4000.0,0.1664885281600843
anp-in_context-steps_2D-seed3,b1ivdelc,2026-07-20T18:57:19Z,anp,in_context,3,rmse,0.5076861328125,0.903125128795762,0.509934375,0.9065803762545568,1681.080116033554,1.957194805145264,2.138465166091919,,steps,2,,0.0003718364180573,,,,,,,,,,,,,,,974.0,0.0912139968434072
anp-in_context-steps_2D-seed3,dhdbfjhh,2026-07-21T05:41:49Z,anp,in_context,3,rmse,0.5126182291666667,0.91267124465273,0.5178151041666667,0.9196723706300366,1875.8884813785555,2.293231248855591,2.365185260772705,,steps,2,,0.0002113705944064,,,,,,,,,,,,,,,957.0,0.0517559963200033
anp-in_context-steps_2D-seed3,ewbj6bqd,2026-07-20T17:45:18Z,anp,in_context,3,rmse,0.5165626953125,0.9173839462564288,0.5194013671875,0.9206903225893132,4299.127178192139,2.603370428085327,2.426665067672729,,steps,2,,5.4041038546473305e-05,,,,,,,,,,,,,,,2506.0,0.0584289297070436
anp-in_context-steps_2D-seed3,f1mev459,2026-07-21T13:00:24Z,anp,in_context,3,rmse,0.5225291341145833,0.9284017855734338,0.5250557291666667,0.9337635323596396,10070.448580741882,6.294318914413452,6.617260694503784,,steps,2,,2.465844721448737e-05,,,,,,,,,,,,,,,2947.0,0.0176985004103839
anp-in_context-steps_2D-seed3,fde3gbf7,2026-07-20T15:49:05Z,anp,in_context,3,rmse,0.5186586588541666,0.9238205773757104,0.520800390625,0.927409917220892,6951.740881681442,2.342694044113159,2.186119556427002,,steps,2,,1.9010245319870364e-05,,,,,,,,,,,,,,,4000.0,0.1223705789444759
anp-in_context-steps_2D-seed3,fpeh3jws,2026-07-21T06:13:26Z,anp,in_context,3,rmse,0.5148333984375,0.9172619298839202,0.5182939453125,0.9223595048058224,2479.028792142868,2.996055126190185,3.182241678237915,,steps,2,,0.0001096821720752,,,,,,,,,,,,,,,1254.0,0.0623422152178821
anp-in_context-steps_2D-seed3,fuwocguj,2026-07-20T06:46:50Z,anp,in_context,3,rmse,0.50980048828125,0.9072043204793264,0.51387041015625,0.9136403970197592,2379.467611551285,2.225142002105713,2.0773251056671143,,steps,2,,0.0001575132049977,,,,,,,,,,,,,,,1746.0,0.146398788362281
anp-in_context-steps_2D-seed3,ghk5rzhp,2026-07-20T07:26:49Z,anp,in_context,3,rmse,0.5217508138020833,0.928349007997158,0.5243074869791666,0.9322404706105312,6722.247085094452,2.273538589477539,2.424751281738281,,steps,2,,2.0511104188433963e-05,,,,,,,,,,,,,,,3881.0,0.0312037280884873
anp-in_context-steps_2D-seed3,gtvgon7a,2026-07-21T19:34:29Z,anp,in_context,3,rmse,0.505976171875,0.9012611150523137,0.5109630533854167,0.90906718710769,11116.16132736206,5.227402448654175,5.74013876914978,,steps,2,,5.170191786366994e-05,,,,,,,,,,,,,,,3223.0,0.1657475018303859
anp-in_context-steps_2D-seed3,gwjdupzp,2026-07-20T09:43:59Z,anp,in_context,3,rmse,0.5077020182291667,0.9031016899219486,0.5127001953125,0.9095463413877186,2666.494575023651,2.1090426445007324,2.58505654335022,,steps,2,,0.000260702475837,,,,,,,,,,,,,,,1511.0,0.1202230023486417
anp-in_context-steps_2D-seed3,i9o1n749,2026-07-21T00:25:52Z,anp,in_context,3,rmse,0.5098397786458333,0.9086375386419278,0.5149998697916667,0.9148765213943344,1625.0145480632782,2.562166213989258,2.0289885997772217,,steps,2,,0.0004138040112561,,,,,,,,,,,,,,,941.0,0.1931264066149118
anp-in_context-steps_2D-seed3,ikcv0f75,2026-07-20T13:56:56Z,anp,in_context,3,rmse,0.515619140625,0.918495499936072,0.51997021484375,0.9252328559813856,2089.863115310669,2.2899932861328125,2.707022905349731,,steps,2,,0.0001120760621186,,,,,,,,,,,,,,,1176.0,0.0608484485919075
anp-in_context-steps_2D-seed3,jmms11co,2026-07-20T22:02:06Z,anp,in_context,3,rmse,0.51533330078125,0.9192752317216744,0.519739453125,0.92492862391548,7087.057972192764,2.276808738708496,2.385306596755981,,steps,2,,2.193048555664368e-05,,,,,,,,,,,,,,,4000.0,0.1215089703802876
anp-in_context-steps_2D-seed3,kmo5kt0v,2026-07-20T09:19:12Z,anp,in_context,3,rmse,0.5111799479166667,0.9106536520867048,0.5151123697916666,0.9151745382552632,1467.223368883133,1.79416823387146,2.565852403640747,,steps,2,,0.0005399484409787,,,,,,,,,,,,,,,841.0,0.0116167224336398
anp-in_context-steps_2D-seed3,qzlknd86,2026-07-21T09:29:51Z,anp,in_context,3,rmse,0.50345595703125,0.8966519963632171,0.5077779296875,0.903167152747566,4575.712081670761,5.969882011413574,5.793557405471802,,steps,2,,0.0003550304858128,,,,,,,,,,,,,,,1365.0,0.1939169255529117
anp-in_context-steps_2D-seed3,r5lyz3v9,2026-07-21T00:53:17Z,anp,in_context,3,rmse,0.5212825846354167,0.9292504080439002,0.5230335286458333,0.931036991915952,7074.16973567009,2.3900554180145264,1.7562437057495115,,steps,2,,1.5679933916722995e-05,,,,,,,,,,,,,,,4000.0,0.0609227538346741
anp-in_context-steps_2D-seed3,s4nhevqq,2026-07-21T15:48:47Z,anp,in_context,3,rmse,0.5259220703125,0.9373008720845928,0.5294356119791667,0.9425533535347066,3713.823778629303,5.651907205581665,5.4366295337677,,steps,2,,4.473636174621264e-05,,,,,,,,,,,,,,,1074.0,0.0090454577821076
anp-in_context-steps_2D-seed3,syjrg3jn,2026-07-20T14:32:08Z,anp,in_context,3,rmse,0.5175689453125,0.921349301160399,0.5195748046875,0.9246636874943768,4595.2858057022095,2.6192626953125,2.586924314498902,,steps,2,,3.823475224675184e-05,,,,,,,,,,,,,,,2597.0,0.0863890037284231
anp-in_context-steps_2D-seed3,te2yysm3,2026-07-20T12:50:27Z,anp,in_context,3,rmse,0.5230278971354166,0.9308476194077042,0.52781796875,0.9388944206670355,3968.488965988159,2.22367000579834,2.4803295135498047,,steps,2,,2.3270677083837777e-05,,,,,,,,,,,,,,,2267.0,0.0363649934414201
anp-in_context-steps_2D-seed3,tujcfwkr,2026-07-20T06:26:34Z,anp,in_context,3,rmse,0.5073658854166667,0.9018250392811497,0.5084494791666667,0.9025310885704364,1198.8650059700012,0.7929155826568604,0.8761093616485596,,steps,2,,0.0007969454818643,,,,,,,,,,,,,,,1206.0,0.0749080237694725
anp-in_context-steps_2D-seed3,vo7k8qru,2026-07-20T10:28:46Z,anp,in_context,3,rmse,0.5051295247395833,0.8991119868587395,0.5110382161458333,0.9060053578016872,1425.94242477417,2.407376766204834,2.3226492404937744,,steps,2,,0.0008706020878304,,,,,,,,,,,,,,,793.0,0.0041168988591604
anp-in_context-steps_2D-seed3,we4nh29t,2026-07-21T16:51:36Z,anp,in_context,3,rmse,0.5154563802083333,0.9185220318949948,0.5187215169270833,0.9230404294664448,9714.713153600693,6.802549123764038,6.632462501525879,,steps,2,,3.488976654890367e-05,,,,,,,,,,,,,,,2789.0,0.0777354579378964
anp-in_context-steps_2D-seed3,whx3dreg,2026-07-21T05:07:29Z,anp,in_context,3,rmse,0.5115309244791667,0.9056565628564052,0.5189438151041667,0.917030028540436,2037.98024225235,2.5076050758361816,3.1537394523620605,,steps,2,,0.0006586289317583,,,,,,,,,,,,,,,1036.0,0.0068777042230436
anp-in_context-steps_2D-seed3,wnw53lv0,2026-07-20T19:25:41Z,anp,in_context,3,rmse,0.5188745442708333,0.9237576274197332,0.52228330078125,0.929821775602381,2195.3271868228912,1.858283519744873,1.842848300933838,,steps,2,,0.0001067748270948,,,,,,,,,,,,,,,1276.0,0.0399347564316719
anp-in_context-steps_2D-seed3,wnyxbc7e,2026-07-21T02:51:31Z,anp,in_context,3,rmse,0.50977001953125,0.9077751146750992,0.51299990234375,0.911935893542498,5790.767105340958,3.037656784057617,3.368887424468994,,steps,2,,7.591104805282687e-05,,,,,,,,,,,,,,,3131.0,0.1368466053024314
anp-in_context-steps_2D-seed3,xdz92d2w,2026-07-21T00:00:34Z,anp,in_context,3,rmse,0.5068614908854167,0.9013960750017456,0.5100547526041667,0.906677157548618,1497.4552092552185,2.329456090927124,2.169517993927002,,steps,2,,0.0007902619549708,,,,,,,,,,,,,,,833.0,0.0130103185970559
anp-in_context-steps_2D-seed4,1fhfnna7,2026-07-24T08:42:57Z,anp,in_context,4,rmse,0.5015689453125,0.8931795858570651,0.4960872395833333,0.8822038863087888,4240.526403903961,4.323619365692139,4.717883110046387,,steps,2,,0.0004138040112561,,,,,,,,,,,,,,,1279.0,0.1931264066149118
anp-in_context-steps_2D-seed4,2hmqfuga,2026-07-22T23:24:25Z,anp,in_context,4,rmse,0.5092029947916666,0.9056255384101576,0.501626953125,0.8903051137285541,3369.8217284679413,5.7025110721588135,5.602614402770996,,steps,2,,0.0007969454818643,,,,,,,,,,,,,,,1009.0,0.0749080237694725
anp-in_context-steps_2D-seed4,3gxmbkv2,2026-07-23T22:19:03Z,anp,in_context,4,rmse,0.5166921549479166,0.9183858381037544,0.5129107421875,0.9112212504394788,4681.762271165848,6.502272844314575,6.323312759399414,,steps,2,,0.0001067748270948,,,,,,,,,,,,,,,1315.0,0.0399347564316719
anp-in_context-steps_2D-seed4,4vjc8yyr,2026-07-24T22:42:49Z,anp,in_context,4,rmse,0.5015930338541666,0.8926108468790829,0.49780546875,0.8849456952322629,4071.210964202881,3.779119491577149,3.7597732543945312,,steps,2,,0.000616104953938,,,,,,,,,,,,,,,1689.0,0.1878997883128378
anp-in_context-steps_2D-seed4,4xqdbxs3,2026-07-24T03:38:36Z,anp,in_context,4,rmse,0.5142147786458333,0.9167700556907944,0.5089728515625,0.9050154890491938,15312.036024808884,6.752343654632568,7.87236738204956,,steps,2,,2.193048555664368e-05,,,,,,,,,,,,,,,4000.0,0.1215089703802876
anp-in_context-steps_2D-seed4,59hcoal8,2026-07-23T23:39:30Z,anp,in_context,4,rmse,0.5230035807291666,0.9319376679724858,0.5151449869791667,0.9159107697378412,14311.752535820007,6.259703636169434,6.908956527709961,,steps,2,,1.2385137298860926e-05,,,,,,,,,,,,,,,4000.0,0.1184829137724085
anp-in_context-steps_2D-seed4,5bygbkko,2026-07-24T17:00:10Z,anp,in_context,4,rmse,0.5104396484375,0.9084247235706544,0.5048775390625,0.8974967477972674,2093.216879606247,4.493119716644287,4.793065786361694,,steps,2,,0.0006586289317583,,,,,,,,,,,,,,,743.0,0.0068777042230436
anp-in_context-steps_2D-seed4,6msmo55n,2026-07-24T18:24:57Z,anp,in_context,4,rmse,0.5136425130208333,0.9100744996813004,0.5108610026041667,0.9039025434830048,5051.191718578339,4.230303525924683,3.9115819931030273,,steps,2,,0.0001096821720752,,,,,,,,,,,,,,,1906.0,0.0623422152178821
anp-in_context-steps_2D-seed4,6z8cdq81,2026-07-23T04:00:45Z,anp,in_context,4,rmse,0.5127234700520833,0.910958240672654,0.5096720052083333,0.904804180331849,2996.3867678642277,4.97903299331665,5.979168891906738,,steps,2,,0.0005399484409787,,,,,,,,,,,,,,,888.0,0.0116167224336398
anp-in_context-steps_2D-seed4,7srvk5b8,2026-07-24T16:01:25Z,anp,in_context,4,rmse,0.51818310546875,0.92328933513182,0.5133513020833333,0.9119946310069954,3452.3799266815186,4.290682792663574,4.322026252746582,,steps,2,,9.7803370166594e-05,,,,,,,,,,,,,,,1043.0,0.0244076469689557
anp-in_context-steps_2D-seed4,8gw9tmkc,2026-07-24T09:55:09Z,anp,in_context,4,rmse,0.52000556640625,0.9256063237623312,0.5142329752604167,0.9150795500968748,13000.240814685822,5.125274658203125,6.562568187713623,,steps,2,,1.5679933916722995e-05,,,,,,,,,,,,,,,4000.0,0.0609227538346741
anp-in_context-steps_2D-seed4,bw18i4yq,2026-07-25T02:05:36Z,anp,in_context,4,rmse,0.52193583984375,0.9277171866795209,0.5175817708333333,0.9181340789668996,3932.084372282028,3.423791885375977,3.368762731552124,,steps,2,,4.473636174621264e-05,,,,,,,,,,,,,,,1666.0,0.0090454577821076
anp-in_context-steps_2D-seed4,bw1makaz,2026-07-25T04:39:25Z,anp,in_context,4,rmse,0.5103491536458333,0.9095453245923938,0.5055880859375,0.9006541272262591,5856.785018205643,3.663004159927368,4.165003299713135,,steps,2,,5.170191786366994e-05,,,,,,,,,,,,,,,2477.0,0.1657475018303859
anp-in_context-steps_2D-seed4,dcwaqpdk,2026-07-23T19:32:32Z,anp,in_context,4,rmse,0.5182576171875,0.9242206447808256,0.5141740885416667,0.9140816429802694,5323.728502750397,5.672230243682861,6.858681917190552,,steps,2,,5.4041038546473305e-05,,,,,,,,,,,,,,,1470.0,0.0584289297070436
anp-in_context-steps_2D-seed4,de5nx6e7,2026-07-25T00:39:19Z,anp,in_context,4,rmse,0.5227990885416667,0.9307376628303392,0.5166498046875,0.9179652268686642,5151.60813832283,3.7709224224090576,3.943689823150635,,steps,2,,2.465844721448737e-05,,,,,,,,,,,,,,,2141.0,0.0176985004103839
anp-in_context-steps_2D-seed4,djqcpg1b,2026-07-24T23:51:05Z,anp,in_context,4,rmse,0.50025966796875,0.8907002603576386,0.4954571614583333,0.8819804693643549,2869.4137568473816,3.746324300765991,3.2034146785736084,,steps,2,,0.0006978281265126,,,,,,,,,,,,,,,1181.0,0.119579995762217
anp-in_context-steps_2D-seed4,elyhfqlp,2026-07-23T04:51:11Z,anp,in_context,4,rmse,0.5063951822916667,0.9019640986503203,0.4996939127604167,0.8888907563583556,4486.2157435417175,6.130071640014648,5.610270977020264,,steps,2,,0.000260702475837,,,,,,,,,,,,,,,1326.0,0.1202230023486417
anp-in_context-steps_2D-seed4,h5dahu9f,2026-07-23T21:01:48Z,anp,in_context,4,rmse,0.5053683268229167,0.8984880380289759,0.5033535481770833,0.8925696730282241,4601.899625301361,6.139155149459839,6.115872383117676,,steps,2,,0.0003718364180573,,,,,,,,,,,,,,,1281.0,0.0912139968434072
anp-in_context-steps_2D-seed4,jhvgm3pv,2026-07-24T21:38:35Z,anp,in_context,4,rmse,0.5010967122395833,0.8905589699539533,0.49589033203125,0.8818643257015357,3817.876092195511,4.145846605300903,4.444831609725952,,steps,2,,0.0003550304858128,,,,,,,,,,,,,,,1592.0,0.1939169255529117
anp-in_context-steps_2D-seed4,jjrdkoop,2026-07-24T13:32:21Z,anp,in_context,4,rmse,0.5040712890625,0.8962185270868862,0.4997278645833333,0.8876524308695614,8910.677385568619,6.244442939758301,5.694144010543823,,steps,2,,7.591104805282687e-05,,,,,,,,,,,,,,,2693.0,0.1368466053024314
anp-in_context-steps_2D-seed4,kb20qnif,2026-07-24T07:54:44Z,anp,in_context,4,rmse,0.5090493815104167,0.9060939683137704,0.5024542317708334,0.8938688782694714,2859.779986143112,6.108161449432373,6.437200546264648,,steps,2,,0.0007902619549708,,,,,,,,,,,,,,,743.0,0.0130103185970559
anp-in_context-steps_2D-seed4,ohzer25t,2026-07-25T03:11:33Z,anp,in_context,4,rmse,0.5163634114583333,0.9203945987594032,0.5112049479166667,0.9101041724942872,5247.644732236862,3.956005573272705,3.5949084758758545,,steps,2,,3.488976654890367e-05,,,,,,,,,,,,,,,2141.0,0.0777354579378964
anp-in_context-steps_2D-seed4,prg7pz29,2026-07-23T12:29:08Z,anp,in_context,4,rmse,0.5144424479166667,0.9153035743640102,0.5086222981770834,0.9045781105800972,3291.536182641983,5.052859783172607,6.192483186721802,,steps,2,,0.0001120760621186,,,,,,,,,,,,,,,1081.0,0.0608484485919075
anp-in_context-steps_2D-seed4,pse4n1ee,2026-07-24T17:35:32Z,anp,in_context,4,rmse,0.51189599609375,0.909186571301172,0.5051462239583333,0.8974418292648174,2895.7407660484314,4.483914375305176,4.156077861785889,,steps,2,,0.0002113705944064,,,,,,,,,,,,,,,1059.0,0.0517559963200033
anp-in_context-steps_2D-seed4,pzruzjve,2026-07-23T01:52:49Z,anp,in_context,4,rmse,0.5221115885416666,0.9299941422589691,0.5180850260416666,0.9213601845404528,7646.706020116806,5.207496166229248,5.094009637832642,,steps,2,,2.0511104188433963e-05,,,,,,,,,,,,,,,2347.0,0.0312037280884873
anp-in_context-steps_2D-seed4,rkjdqk26,2026-07-23T15:53:30Z,anp,in_context,4,rmse,0.5151099283854167,0.9182672638713584,0.5120357421875,0.9110565398495564,13054.24696302414,5.853451490402222,4.44096040725708,,steps,2,,1.9010245319870364e-05,,,,,,,,,,,,,,,4000.0,0.1223705789444759
anp-in_context-steps_2D-seed4,sisctgwz,2026-07-23T10:05:38Z,anp,in_context,4,rmse,0.5205907552083333,0.9274941254749748,0.5133618489583334,0.911472789123534,8579.32042813301,5.1385498046875,6.3614912033081055,,steps,2,,2.3270677083837777e-05,,,,,,,,,,,,,,,2698.0,0.0363649934414201
anp-in_context-steps_2D-seed4,totu6uyz,2026-07-24T19:49:35Z,anp,in_context,4,rmse,0.52008955078125,0.9265936964615644,0.5116979817708334,0.9103266771747972,6514.0764219760895,3.7795979976654057,3.969928026199341,,steps,2,,2.342658105820404e-05,,,,,,,,,,,,,,,2477.0,0.1093420558686559
anp-in_context-steps_2D-seed4,vhhrnjun,2026-07-23T06:57:43Z,anp,in_context,4,rmse,0.5132654947916667,0.914901295164109,0.5062140625,0.9008577436501636,11206.32232093811,4.774498224258423,5.737531661987305,,steps,2,,2.658754398327269e-05,,,,,,,,,,,,,,,3406.0,0.1664885281600843
anp-in_context-steps_2D-seed4,wdzcembp,2026-07-23T13:24:31Z,anp,in_context,4,rmse,0.5130959309895833,0.9139424242038544,0.5071369791666667,0.90272217925939,8872.631118774414,5.919778108596802,6.013566970825195,,steps,2,,3.823475224675184e-05,,,,,,,,,,,,,,,2797.0,0.0863890037284231
anp-in_context-steps_2D-seed4,xd24p54j,2026-07-23T06:06:28Z,anp,in_context,4,rmse,0.5091772786458333,0.9049372139775776,0.5075649739583333,0.900733187798424,3043.640918493271,6.380614519119263,5.631850004196167,,steps,2,,0.0008706020878304,,,,,,,,,,,,,,,895.0,0.0041168988591604
anp-in_context-steps_2D-seed4,zx0eenmp,2026-07-23T00:21:06Z,anp,in_context,4,rmse,0.5056563802083334,0.9004449633900686,0.5026786458333333,0.8934565459575482,5450.344276666641,6.149726867675781,5.54173731803894,,steps,2,,0.0001575132049977,,,,,,,,,,,,,,,1656.0,0.146398788362281
anp-few_shot-steps_2D-seed0,15go1h18,2026-07-22T09:50:38Z,anp,few_shot,0,rmse,0.5725145263671875,1.01542601074334,0.567889892578125,1.0056769787811484,4457.515823602676,1.256615400314331,1.0398409366607666,,steps,2,,2.342658105820404e-05,,,,,,,,,,,,,,,2845.0,0.1093420558686559
anp-few_shot-steps_2D-seed0,1a4ojmgz,2026-07-22T07:39:55Z,anp,few_shot,0,rmse,0.56899462890625,1.0090706120051744,0.5676810913085938,1.0047886377551405,1846.334137916565,1.078932762145996,1.1980688571929932,,steps,2,,9.7803370166594e-05,,,,,,,,,,,,,,,1294.0,0.0244076469689557
anp-few_shot-steps_2D-seed0,1oi65us3,2026-07-21T22:35:02Z,anp,few_shot,0,rmse,0.5577117919921875,0.9906296211288876,0.5569370727539062,0.986123932722147,2040.4936714172363,1.0002405643463137,1.2314553260803225,,steps,2,,0.0001120760621186,,,,,,,,,,,,,,,1429.0,0.0608484485919075
anp-few_shot-steps_2D-seed0,3tfuflan,2026-07-21T23:58:08Z,anp,few_shot,0,rmse,0.5788372192382812,1.0265007623657163,0.5699736328125,1.009771542475418,3851.768620491028,1.0020966529846191,0.938302516937256,,steps,2,,1.9010245319870364e-05,,,,,,,,,,,,,,,2713.0,0.1223705789444759
anp-few_shot-steps_2D-seed0,4s7bnfvl,2026-07-22T04:45:41Z,anp,few_shot,0,rmse,0.554324462890625,0.9836807142933974,0.5488479614257813,0.9729871055941524,1366.6912605762482,0.9266834259033204,0.9801146984100342,,steps,2,,0.0007902619549708,,,,,,,,,,,,,,,971.0,0.0130103185970559
anp-few_shot-steps_2D-seed0,55zmpxmv,2026-07-22T02:16:07Z,anp,few_shot,0,rmse,0.5601678466796876,0.995160296565646,0.5588291015625,0.9889277431615736,2155.6352047920227,0.9212088584899902,1.1210720539093018,,steps,2,,0.0001067748270948,,,,,,,,,,,,,,,1558.0,0.0399347564316719
anp-few_shot-steps_2D-seed0,5620fgpz,2026-07-22T11:05:42Z,anp,few_shot,0,rmse,0.54523583984375,0.9693106728296152,0.5461236572265625,0.9673454044746947,3111.621123075485,1.1707594394683838,1.2573885917663574,,steps,2,,0.0003550304858128,,,,,,,,,,,,,,,2024.0,0.1939169255529117
anp-few_shot-steps_2D-seed0,5ue6agvc,2026-07-21T21:39:04Z,anp,few_shot,0,rmse,0.572534423828125,1.0159458797449687,0.5654210205078125,1.0022047884719774,3346.1000843048096,0.9794659614562988,0.9738404750823976,,steps,2,,2.3270677083837777e-05,,,,,,,,,,,,,,,2342.0,0.0363649934414201
anp-few_shot-steps_2D-seed0,67qon9zp,2026-07-22T05:08:39Z,anp,few_shot,0,rmse,0.5522062377929687,0.9816196797264752,0.5518821411132813,0.9801075438772584,1549.8524343967438,1.0410027503967283,1.168445110321045,,steps,2,,0.0004138040112561,,,,,,,,,,,,,,,1108.0,0.1931264066149118
anp-few_shot-steps_2D-seed0,680tq3r0,2026-07-21T17:55:33Z,anp,few_shot,0,rmse,0.5710157470703126,1.014229572848822,0.56606494140625,1.0036614553995953,4495.068829536438,1.2149686813354492,1.469980001449585,,steps,2,,2.0511104188433963e-05,,,,,,,,,,,,,,,2982.0,0.0312037280884873
anp-few_shot-steps_2D-seed0,72qrepdp,2026-07-22T11:58:09Z,anp,few_shot,0,rmse,0.5489300537109375,0.9754927410802504,0.5439066162109375,0.9647025020388414,2362.0101161003117,1.0461704730987549,1.1767306327819824,,steps,2,,0.000616104953938,,,,,,,,,,,,,,,1580.0,0.1878997883128378
anp-few_shot-steps_2D-seed0,8l85aio9,2026-07-21T23:09:15Z,anp,few_shot,0,rmse,0.571146728515625,1.013972659063826,0.563174560546875,0.9976723908643952,2922.3725638389587,0.861304759979248,0.9874958992004396,,steps,2,,3.823475224675184e-05,,,,,,,,,,,,,,,2054.0,0.0863890037284231
anp-few_shot-steps_2D-seed0,ba4ptz6v,2026-07-21T20:11:00Z,anp,few_shot,0,rmse,0.557881591796875,0.98933933590935,0.5547282104492187,0.982320377576109,1607.9624779224396,1.1115350723266602,1.0571651458740234,,steps,2,,0.0008706020878304,,,,,,,,,,,,,,,1149.0,0.0041168988591604
anp-few_shot-steps_2D-seed0,dhygos3t,2026-07-21T19:31:39Z,anp,few_shot,0,rmse,0.547945068359375,0.973241399088534,0.548363037109375,0.9715752047263958,2351.2491297721863,0.776655912399292,0.696176290512085,,steps,2,,0.000260702475837,,,,,,,,,,,,,,,1649.0,0.1202230023486417
anp-few_shot-steps_2D-seed0,g1hpjx8s,2026-07-22T12:37:43Z,anp,few_shot,0,rmse,0.5505296630859375,0.9769238510236004,0.548183349609375,0.9707787119468516,1982.8581357002256,1.1705665588378906,1.0289349555969238,,steps,2,,0.0006978281265126,,,,,,,,,,,,,,,1317.0,0.119579995762217
anp-few_shot-steps_2D-seed0,g421e6gt,2026-07-22T09:12:58Z,anp,few_shot,0,rmse,0.560511962890625,0.9945680087248708,0.55998974609375,0.9930029109709264,2247.6349472999573,1.1955945491790771,1.2597792148590088,,steps,2,,0.0001096821720752,,,,,,,,,,,,,,,1479.0,0.0623422152178821
anp-few_shot-steps_2D-seed0,ggoaik9l,2026-07-22T01:02:30Z,anp,few_shot,0,rmse,0.5677062377929688,1.008417505978186,0.5601788940429687,0.9920521511941004,2206.147257566452,0.9972801208496094,0.920358180999756,,steps,2,,5.4041038546473305e-05,,,,,,,,,,,,,,,1589.0,0.0584289297070436
anp-few_shot-steps_2D-seed0,hbdqhrx8,2026-07-21T20:38:00Z,anp,few_shot,0,rmse,0.5745267333984375,1.0188289969157989,0.566776123046875,1.0045797346884295,3653.484223604202,0.8133580684661865,0.7788445949554443,,steps,2,,2.658754398327269e-05,,,,,,,,,,,,,,,2536.0,0.1664885281600843
anp-few_shot-steps_2D-seed0,hqmcn2ix,2026-07-22T14:24:07Z,anp,few_shot,0,rmse,0.581337646484375,1.0313378758439078,0.5730128173828125,1.0150695940039995,1737.903013944626,1.015634059906006,1.2021665573120115,,steps,2,,3.488976654890367e-05,,,,,,,,,,,,,,,1146.0,0.0777354579378964
anp-few_shot-steps_2D-seed0,kpmw5y6m,2026-07-22T13:53:04Z,anp,few_shot,0,rmse,0.576373779296875,1.023317014550287,0.5717034301757813,1.0130623321264605,1850.963392019272,1.223860263824463,1.0982415676116943,,steps,2,,4.473636174621264e-05,,,,,,,,,,,,,,,1237.0,0.0090454577821076
anp-few_shot-steps_2D-seed0,m2m32ooo,2026-07-21T16:31:27Z,anp,few_shot,0,rmse,0.554803466796875,0.986492323955228,0.5506636962890625,0.9755759797652916,1843.1885137557983,0.8875739574432373,0.7248246669769287,,steps,2,,0.0007969454818643,,,,,,,,,,,,,,,1246.0,0.0749080237694725
anp-few_shot-steps_2D-seed0,mdzh951f,2026-07-22T13:10:57Z,anp,few_shot,0,rmse,0.5803952026367187,1.0307913455335358,0.5728623046875,1.015523576469995,2514.4960429668427,1.323549509048462,1.266718864440918,,steps,2,,2.465844721448737e-05,,,,,,,,,,,,,,,1688.0,0.0176985004103839
anp-few_shot-steps_2D-seed0,pm00sx2j,2026-07-21T17:02:29Z,anp,few_shot,0,rmse,0.550766845703125,0.9794555934895836,0.5490051879882812,0.9727132476899164,3172.6398737430573,1.0703415870666504,1.0298264026641846,,steps,2,,0.0001575132049977,,,,,,,,,,,,,,,2116.0,0.146398788362281
anp-few_shot-steps_2D-seed0,pshxvzi8,2026-07-21T19:10:41Z,anp,few_shot,0,rmse,0.5581557006835938,0.9900356718151986,0.5588684692382813,0.9883280261952692,1241.5696995258331,1.165499210357666,1.3069710731506348,,steps,2,,0.0005399484409787,,,,,,,,,,,,,,,810.0,0.0116167224336398
anp-few_shot-steps_2D-seed0,r0ruej3p,2026-07-22T06:59:25Z,anp,few_shot,0,rmse,0.5628460693359375,0.9991757475946584,0.558247314453125,0.9897158011964514,2418.510049581528,1.1110434532165527,1.009948968887329,,steps,2,,7.591104805282687e-05,,,,,,,,,,,,,,,1734.0,0.1368466053024314
anp-few_shot-steps_2D-seed0,rsq9xkxl,2026-07-22T03:30:48Z,anp,few_shot,0,rmse,0.569869384765625,1.0110218772773696,0.567408203125,1.0061706635805416,4482.986220598221,0.8709042072296143,0.8105161190032959,,steps,2,,2.193048555664368e-05,,,,,,,,,,,,,,,3298.0,0.1215089703802876
anp-few_shot-steps_2D-seed0,rt1qc9up,2026-07-22T08:34:31Z,anp,few_shot,0,rmse,0.5560586547851563,0.9864957319221764,0.5567122802734376,0.9857938491441852,2294.347528219223,1.065661907196045,1.1694211959838867,,steps,2,,0.0002113705944064,,,,,,,,,,,,,,,1523.0,0.0517559963200033
anp-few_shot-steps_2D-seed0,sb88azsr,2026-07-22T01:39:27Z,anp,few_shot,0,rmse,0.5526815185546875,0.981202425651164,0.5531155395507813,0.9794312247453038,2189.382216691971,0.8587677478790283,1.022637128829956,,steps,2,,0.0003718364180573,,,,,,,,,,,,,,,1579.0,0.0912139968434072
anp-few_shot-steps_2D-seed0,v0p2ey8v,2026-07-22T14:53:17Z,anp,few_shot,0,rmse,0.5638619995117188,1.0015162997637073,0.55496826171875,0.9830238447923246,4051.923150062561,1.0775995254516602,1.012986183166504,,steps,2,,5.170191786366994e-05,,,,,,,,,,,,,,,2689.0,0.1657475018303859
anp-few_shot-steps_2D-seed0,xir2gxq2,2026-07-22T05:34:40Z,anp,few_shot,0,rmse,0.5718245849609375,1.0154978520178788,0.5694716796875,1.009415621917446,5074.301684856415,1.106351613998413,1.1291465759277344,,steps,2,,1.5679933916722995e-05,,,,,,,,,,,,,,,3735.0,0.0609227538346741
anp-few_shot-steps_2D-seed0,yjt7xcoy,2026-07-22T08:10:53Z,anp,few_shot,0,rmse,0.55687548828125,0.9861076051027684,0.5564775390625,0.985426306522658,1407.5852699279783,0.6199584007263184,0.6097922325134277,,steps,2,,0.0006586289317583,,,,,,,,,,,,,,,1005.0,0.0068777042230436
anp-few_shot-steps_2D-seed0,zpnlpvgq,2026-07-22T02:52:14Z,anp,few_shot,0,rmse,0.5923037719726563,1.0506590399568814,0.5865906982421875,1.0397992405540586,2302.186353445053,1.0459222793579102,1.152606964111328,,steps,2,,1.2385137298860926e-05,,,,,,,,,,,,,,,1658.0,0.1184829137724085
anp-few_shot-steps_2D-seed1,390jkvmp,2026-07-25T10:15:01Z,anp,few_shot,1,rmse,0.559348388671875,0.9909665913738732,0.5553570556640625,0.9862587068051526,1607.4781103134155,0.626349925994873,0.6718759536743164,,steps,2,,9.7803370166594e-05,,,,,,,,,,,,,,,1523.0,0.0244076469689557
anp-few_shot-steps_2D-seed1,4bf9lebi,2026-07-25T10:41:58Z,anp,few_shot,1,rmse,0.550628662109375,0.975570441075024,0.5498018798828125,0.9771596398164644,954.66885638237,0.6961538791656494,0.7525801658630371,,steps,2,,0.0006586289317583,,,,,,,,,,,,,,,919.0,0.0068777042230436
anp-few_shot-steps_2D-seed1,4rghkl3e,2026-07-25T10:58:02Z,anp,few_shot,1,rmse,0.5524872436523437,0.9787972702217972,0.5532765502929687,0.9851930757757305,1329.4037373065948,0.6465284824371338,0.6382560729980469,,steps,2,,0.0002113705944064,,,,,,,,,,,,,,,1278.0,0.0517559963200033
anp-few_shot-steps_2D-seed1,4xqgnin4,2026-07-25T14:11:25Z,anp,few_shot,1,rmse,0.5673648681640625,1.0058248808261352,0.5661207275390625,1.0061182601883627,1185.7694065570831,0.4741847515106201,0.4755265712738037,,steps,2,,4.473636174621264e-05,,,,,,,,,,,,,,,1213.0,0.0090454577821076
anp-few_shot-steps_2D-seed1,4y5dbvoh,2026-07-25T00:36:48Z,anp,few_shot,1,rmse,0.5692354736328125,1.0082532169344722,0.563983642578125,1.002962664244177,2815.712268590927,0.7319986820220947,0.7389590740203857,,steps,2,,2.0511104188433963e-05,,,,,,,,,,,,,,,2747.0,0.0312037280884873
anp-few_shot-steps_2D-seed1,5psv6wz1,2026-07-25T09:47:17Z,anp,few_shot,1,rmse,0.5587642211914062,0.9919586175714704,0.5552247924804687,0.988211570320076,1652.858238697052,0.7026772499084473,0.6196811199188232,,steps,2,,7.591104805282687e-05,,,,,,,,,,,,,,,1576.0,0.1368466053024314
anp-few_shot-steps_2D-seed1,6i986hdy,2026-07-25T08:29:35Z,anp,few_shot,1,rmse,0.550456787109375,0.974706045671825,0.545141357421875,0.9682550082673688,1229.352684259415,0.5756239891052246,0.5313975811004639,,steps,2,,0.0007902619549708,,,,,,,,,,,,,,,1173.0,0.0130103185970559
anp-few_shot-steps_2D-seed1,7w8yr1w9,2026-07-25T12:35:15Z,anp,few_shot,1,rmse,0.5446603393554688,0.9660216335355368,0.5412808837890625,0.9632508860821228,1567.6196253299713,0.5720489025115967,0.5547444820404053,,steps,2,,0.0003550304858128,,,,,,,,,,,,,,,1507.0,0.1939169255529117
anp-few_shot-steps_2D-seed1,8a2lpvf5,2026-07-25T11:20:21Z,anp,few_shot,1,rmse,0.558229736328125,0.9887165234548956,0.5506585693359375,0.9788910508345252,1912.3309881687164,0.7128069400787354,0.5766315460205078,,steps,2,,0.0001096821720752,,,,,,,,,,,,,,,1811.0,0.0623422152178821
anp-few_shot-steps_2D-seed1,9zxxwvjo,2026-07-25T07:02:15Z,anp,few_shot,1,rmse,0.5793631591796875,1.026790777797974,0.577039306640625,1.024780769609402,2119.81511092186,0.6849489212036133,0.6251401901245117,,steps,2,,1.2385137298860926e-05,,,,,,,,,,,,,,,1963.0,0.1184829137724085
anp-few_shot-steps_2D-seed1,dg76d8jp,2026-07-25T05:26:57Z,anp,few_shot,1,rmse,0.5603140869140625,0.9931475367184855,0.5559832763671875,0.9892594839653772,1902.2021868228912,0.7062413692474365,0.6926207542419434,,steps,2,,5.4041038546473305e-05,,,,,,,,,,,,,,,1741.0,0.0584289297070436
anp-few_shot-steps_2D-seed1,dvo8m3om,2026-07-25T02:03:41Z,anp,few_shot,1,rmse,0.556523193359375,0.9874108166761576,0.5470361328125,0.9738599052809154,947.2986161708832,0.6891353130340576,0.6653640270233154,,steps,2,,0.0008706020878304,,,,,,,,,,,,,,,910.0,0.0041168988591604
anp-few_shot-steps_2D-seed1,evqnycgg,2026-07-25T13:23:59Z,anp,few_shot,1,rmse,0.546964599609375,0.9699890316385495,0.5414463500976563,0.9638157554385962,1382.0193605422974,0.6195578575134277,0.6001882553100586,,steps,2,,0.0006978281265126,,,,,,,,,,,,,,,1335.0,0.119579995762217
anp-few_shot-steps_2D-seed1,ffs920p3,2026-07-25T08:50:13Z,anp,few_shot,1,rmse,0.5473565673828125,0.971677027224869,0.5452813720703125,0.968801734751243,1327.8876707553864,0.4426207542419433,0.5124561786651611,,steps,2,,0.0004138040112561,,,,,,,,,,,,,,,1275.0,0.1931264066149118
anp-few_shot-steps_2D-seed1,fijkwfas,2026-07-24T23:46:09Z,anp,few_shot,1,rmse,0.5467772827148437,0.9710302963359908,0.5413162841796875,0.9629095360600196,1495.1564981937408,0.5333113670349121,0.5558514595031738,,steps,2,,0.0007969454818643,,,,,,,,,,,,,,,1437.0,0.0749080237694725
anp-few_shot-steps_2D-seed1,fwka99wv,2026-07-25T11:52:23Z,anp,few_shot,1,rmse,0.5661200561523437,1.0044505769280898,0.5660078125,1.0070355753494378,2562.2374200820923,0.6858818531036377,0.7408950328826904,,steps,2,,2.342658105820404e-05,,,,,,,,,,,,,,,2454.0,0.1093420558686559
anp-few_shot-steps_2D-seed1,gjp37skr,2026-07-25T13:01:33Z,anp,few_shot,1,rmse,0.5436468505859375,0.9652445070503304,0.5448018188476562,0.9693710038126316,1335.253633260727,0.6682648658752441,0.7249467372894287,,steps,2,,0.000616104953938,,,,,,,,,,,,,,,1283.0,0.1878997883128378
anp-few_shot-steps_2D-seed1,nosjckix,2026-07-25T01:40:59Z,anp,few_shot,1,rmse,0.5529039306640625,0.98078052221885,0.5456451416015625,0.970229894236923,1352.5666031837463,0.5174131393432617,0.5640544891357422,,steps,2,,0.000260702475837,,,,,,,,,,,,,,,1309.0,0.1202230023486417
anp-few_shot-steps_2D-seed1,nwonofio,2026-07-25T14:31:20Z,anp,few_shot,1,rmse,0.5658594970703125,1.0038897057422853,0.559261962890625,0.9939792862074744,2217.0524985790253,0.4320442676544189,0.4438543319702149,,steps,2,,3.488976654890367e-05,,,,,,,,,,,,,,,2391.0,0.0777354579378964
anp-few_shot-steps_2D-seed1,oq8dynke,2026-07-25T06:30:04Z,anp,few_shot,1,rmse,0.55651806640625,0.9864376585891356,0.5562423095703125,0.9893678122352452,1921.1011888980863,0.6418838500976562,0.6717445850372314,,steps,2,,0.0001067748270948,,,,,,,,,,,,,,,1770.0,0.0399347564316719
anp-few_shot-steps_2D-seed1,pfr6okao,2026-07-25T03:08:37Z,anp,few_shot,1,rmse,0.5685865478515625,1.0092159732740067,0.5670546875,1.008155205844134,2207.847402572632,0.6751751899719238,0.7976229190826416,,steps,2,,2.3270677083837777e-05,,,,,,,,,,,,,,,2018.0,0.0363649934414201
anp-few_shot-steps_2D-seed1,pjtpeu7g,2026-07-25T04:14:56Z,anp,few_shot,1,rmse,0.5652526245117188,1.0039361156239972,0.55969921875,0.9958768152957336,2149.8420197963715,0.680457353591919,0.7098464965820312,,steps,2,,3.823475224675184e-05,,,,,,,,,,,,,,,1963.0,0.0863890037284231
anp-few_shot-steps_2D-seed1,q3jt2l4y,2026-07-25T07:37:44Z,anp,few_shot,1,rmse,0.5680147705078125,1.0076565846019427,0.5630552978515625,1.0007494833560606,3099.166346549988,0.7477543354034424,0.687119722366333,,steps,2,,2.193048555664368e-05,,,,,,,,,,,,,,,2902.0,0.1215089703802876
anp-few_shot-steps_2D-seed1,qsz1867y,2026-07-25T09:12:31Z,anp,few_shot,1,rmse,0.574511962890625,1.0188774920143158,0.5732080688476563,1.0179456965241056,2076.643357515335,0.5789222717285156,0.6052558422088623,,steps,2,,1.5679933916722995e-05,,,,,,,,,,,,,,,1963.0,0.0609227538346741
anp-few_shot-steps_2D-seed1,s27dgk1v,2026-07-25T13:47:11Z,anp,few_shot,1,rmse,0.5753335571289062,1.0209944895927754,0.5731571044921875,1.0186349349892512,1443.7145428657532,0.6288955211639404,0.612628698348999,,steps,2,,2.465844721448737e-05,,,,,,,,,,,,,,,1384.0,0.0176985004103839
anp-few_shot-steps_2D-seed1,sdr2je90,2026-07-25T03:45:35Z,anp,few_shot,1,rmse,0.5549750366210937,0.9838508799518328,0.549918701171875,0.977763738395152,1750.5455026626587,0.7932672500610352,0.8649373054504395,,steps,2,,0.0001120760621186,,,,,,,,,,,,,,,1588.0,0.0608484485919075
anp-few_shot-steps_2D-seed1,tn6f0n03,2026-07-25T02:19:39Z,anp,few_shot,1,rmse,0.566100830078125,1.0037380103939515,0.5658889770507812,1.0048967447950108,2928.725155353546,0.7493760585784912,0.6708447933197021,,steps,2,,2.658754398327269e-05,,,,,,,,,,,,,,,2745.0,0.1664885281600843
anp-few_shot-steps_2D-seed1,ukjd86fz,2026-07-25T05:58:49Z,anp,few_shot,1,rmse,0.5460852661132812,0.967721675366866,0.5441534423828125,0.9672849893803273,1864.3351056575773,0.72849440574646,0.6546502113342285,,steps,2,,0.0003718364180573,,,,,,,,,,,,,,,1729.0,0.0912139968434072
anp-few_shot-steps_2D-seed1,ux3p58lr,2026-07-25T00:11:14Z,anp,few_shot,1,rmse,0.5531861572265625,0.9813229771527666,0.5490582885742188,0.9766079087250016,1523.4410021305084,0.520794153213501,0.5959789752960205,,steps,2,,0.0001575132049977,,,,,,,,,,,,,,,1485.0,0.146398788362281
anp-few_shot-steps_2D-seed1,wf6ups5n,2026-07-25T01:23:53Z,anp,few_shot,1,rmse,0.5547667236328125,0.983492281027681,0.5494348754882813,0.9771065424716256,1015.4563097953796,0.5192961692810059,0.5912549495697021,,steps,2,,0.0005399484409787,,,,,,,,,,,,,,,984.0,0.0116167224336398
anp-few_shot-steps_2D-seed1,xrojm2x7,2026-07-25T15:08:26Z,anp,few_shot,1,rmse,0.553638916015625,0.9827218688228264,0.5479334716796875,0.9750986911230514,2746.2203953266144,0.4509830474853515,0.4722282886505127,,steps,2,,5.170191786366994e-05,,,,,,,,,,,,,,,2955.0,0.1657475018303859
anp-few_shot-steps_2D-seed1,yqqqlbhb,2026-07-25T04:50:56Z,anp,few_shot,1,rmse,0.5727869873046875,1.0154934289272532,0.5710621337890625,1.014240237764554,2148.8879482746124,0.6608960628509521,0.7922587394714355,,steps,2,,1.9010245319870364e-05,,,,,,,,,,,,,,,1963.0,0.1223705789444759
anp-few_shot-steps_2D-seed2,1ipv2vyi,2026-07-27T07:42:49Z,anp,few_shot,2,rmse,0.5515437622070313,0.980899543662154,0.5670360107421875,1.005084574381782,833.0708904266357,0.262681245803833,0.2649242877960205,,steps,2,,0.000260702475837,,,,,,,,,,,,,,,1122.0,0.1202230023486417
anp-few_shot-steps_2D-seed2,416ujt1g,2026-07-27T14:36:14Z,anp,few_shot,2,rmse,0.541022705078125,0.9624130339049344,0.5571030883789062,0.9878049345461248,1143.937183856964,0.2386322021484375,0.2524149417877197,,steps,2,,0.0003550304858128,,,,,,,,,,,,,,,1591.0,0.1939169255529117
anp-few_shot-steps_2D-seed2,567jf2jc,2026-07-27T11:03:24Z,anp,few_shot,2,rmse,0.57592724609375,1.023858191473901,0.5833842163085937,1.0338334030347407,1554.206393480301,0.1859126091003418,0.2073497772216797,,steps,2,,2.193048555664368e-05,,,,,,,,,,,,,,,2267.0,0.1215089703802876
anp-few_shot-steps_2D-seed2,89kg20o6,2026-07-27T06:48:38Z,anp,few_shot,2,rmse,0.5481490478515625,0.9742647767450876,0.561688232421875,0.9950596710635642,1361.5969848632812,0.2801311016082763,0.300492525100708,,steps,2,,0.0001575132049977,,,,,,,,,,,,,,,1813.0,0.146398788362281
anp-few_shot-steps_2D-seed2,8a556rwd,2026-07-27T12:44:38Z,anp,few_shot,2,rmse,0.5606920166015625,0.9971818757643712,0.5718551025390625,1.0129183479138029,1299.7846682071686,0.2769770622253418,0.2693836688995361,,steps,2,,7.591104805282687e-05,,,,,,,,,,,,,,,1777.0,0.1368466053024314
anp-few_shot-steps_2D-seed2,8n4eniut,2026-07-27T09:05:52Z,anp,few_shot,2,rmse,0.5568930053710938,0.9891442575345464,0.5686234130859374,1.0088149692438126,718.8447887897491,0.1882948875427246,0.1940674781799316,,steps,2,,0.0001120760621186,,,,,,,,,,,,,,,1157.0,0.0608484485919075
anp-few_shot-steps_2D-seed2,8n9lkhia,2026-07-27T14:55:28Z,anp,few_shot,2,rmse,0.5415474243164062,0.964939778137446,0.552273193359375,0.9813893801528798,1533.7003552913666,0.2722411155700683,0.2916553020477295,,steps,2,,0.000616104953938,,,,,,,,,,,,,,,2048.0,0.1878997883128378
anp-few_shot-steps_2D-seed2,8sh4esca,2026-07-27T15:21:38Z,anp,few_shot,2,rmse,0.54261376953125,0.9653075560024236,0.551262451171875,0.9776970541300168,1128.9885919094086,0.2653591632843017,0.2926163673400879,,steps,2,,0.0006978281265126,,,,,,,,,,,,,,,1522.0,0.119579995762217
anp-few_shot-steps_2D-seed2,8zuq73qk,2026-07-27T13:48:18Z,anp,few_shot,2,rmse,0.557681396484375,0.9918751468231908,0.567197021484375,1.0055797323426905,1163.444525718689,0.253704309463501,0.2581169605255127,,steps,2,,0.0001096821720752,,,,,,,,,,,,,,,1591.0,0.0623422152178821
anp-few_shot-steps_2D-seed2,93v6l4hl,2026-07-27T11:29:28Z,anp,few_shot,2,rmse,0.5502557983398437,0.977260007640928,0.560958251953125,0.9950537631103628,718.6315586566925,0.198850393295288,0.1792187690734863,,steps,2,,0.0007902619549708,,,,,,,,,,,,,,,1019.0,0.0130103185970559
anp-few_shot-steps_2D-seed2,apvbeuo7,2026-07-27T10:02:01Z,anp,few_shot,2,rmse,0.5710235595703125,1.0141137750442009,0.5835355224609375,1.0352688755926716,863.4422345161438,0.2924349308013916,0.2755184173583984,,steps,2,,5.4041038546473305e-05,,,,,,,,,,,,,,,1277.0,0.0584289297070436
anp-few_shot-steps_2D-seed2,d317advu,2026-07-27T08:09:10Z,anp,few_shot,2,rmse,0.5693121948242188,1.012070394967439,0.58058984375,1.0300075627312075,1784.6381223201752,0.2005558013916015,0.208484411239624,,steps,2,,2.658754398327269e-05,,,,,,,,,,,,,,,2767.0,0.1664885281600843
anp-few_shot-steps_2D-seed2,dqqg7s25,2026-07-27T10:42:22Z,anp,few_shot,2,rmse,0.5847479858398438,1.0388097693292313,0.5939449462890625,1.052517437532681,1251.8705904483795,0.2195687294006347,0.2133591175079345,,steps,2,,1.2385137298860926e-05,,,,,,,,,,,,,,,1787.0,0.1184829137724085
anp-few_shot-steps_2D-seed2,e81rjlrl,2026-07-27T16:51:22Z,anp,few_shot,2,rmse,0.559626953125,0.997254326760154,0.5724488525390625,1.0154375415101131,2007.0742552280424,0.2216918468475341,0.2326209545135498,,steps,2,,5.170191786366994e-05,,,,,,,,,,,,,,,2881.0,0.1657475018303859
anp-few_shot-steps_2D-seed2,egt3xr02,2026-07-27T07:11:29Z,anp,few_shot,2,rmse,0.5800169067382812,1.0321368040957832,0.5865570678710937,1.0397394886186435,1117.9811577796936,0.3290092945098877,0.3238434791564941,,steps,2,,2.0511104188433963e-05,,,,,,,,,,,,,,,1469.0,0.0312037280884873
anp-few_shot-steps_2D-seed2,ekowfawg,2026-07-27T13:06:27Z,anp,few_shot,2,rmse,0.5647601318359375,1.0031706152149924,0.5742191772460937,1.0183761069896524,987.7136182785034,0.311936616897583,0.2905385494232178,,steps,2,,9.7803370166594e-05,,,,,,,,,,,,,,,1329.0,0.0244076469689557
anp-few_shot-steps_2D-seed2,f6fl7vkt,2026-07-27T09:45:18Z,anp,few_shot,2,rmse,0.5833347778320312,1.0364771300159716,0.5890911865234375,1.0439758745866796,993.2503683567048,0.2552921772003174,0.2463786602020263,,steps,2,,1.9010245319870364e-05,,,,,,,,,,,,,,,1532.0,0.1223705789444759
anp-few_shot-steps_2D-seed2,gp3uswo8,2026-07-27T09:18:33Z,anp,few_shot,2,rmse,0.564057861328125,1.0039356854479835,0.5739598388671875,1.0170142453307762,1595.964528799057,0.1927001476287841,0.1972618103027344,,steps,2,,3.823475224675184e-05,,,,,,,,,,,,,,,2452.0,0.0863890037284231
anp-few_shot-steps_2D-seed2,iec4e7ed,2026-07-27T13:35:42Z,anp,few_shot,2,rmse,0.5583486328125,0.993699041882804,0.5684569091796875,1.0076846633147534,747.6115951538086,0.3182272911071777,0.3200170993804931,,steps,2,,0.0002113705944064,,,,,,,,,,,,,,,1011.0,0.0517559963200033
anp-few_shot-steps_2D-seed2,ifububjr,2026-07-27T06:28:34Z,anp,few_shot,2,rmse,0.5417008056640625,0.9620305039232476,0.5567978515625,0.9868565984022896,1194.468853473663,0.2996647357940674,0.3181643486022949,,steps,2,,0.0007969454818643,,,,,,,,,,,,,,,1561.0,0.0749080237694725
anp-few_shot-steps_2D-seed2,jcryltt1,2026-07-27T16:23:08Z,anp,few_shot,2,rmse,0.56587158203125,1.0071125230629934,0.5773418579101562,1.0226861237251927,1683.9599931240082,0.292048692703247,0.286778450012207,,steps,2,,3.488976654890367e-05,,,,,,,,,,,,,,,2317.0,0.0777354579378964
anp-few_shot-steps_2D-seed2,je3nujrq,2026-07-27T11:42:32Z,anp,few_shot,2,rmse,0.5419884643554688,0.9646532453251472,0.5526771240234375,0.9834736876647914,1168.7096662521362,0.2297446727752685,0.1956121921539306,,steps,2,,0.0004138040112561,,,,,,,,,,,,,,,1592.0,0.1931264066149118
anp-few_shot-steps_2D-seed2,jvo163e5,2026-07-27T10:16:35Z,anp,few_shot,2,rmse,0.5505731811523438,0.9792972117168588,0.5678455810546875,1.0067284326242072,692.2731385231018,0.2534399032592773,0.2271933555603027,,steps,2,,0.0003718364180573,,,,,,,,,,,,,,,1011.0,0.0912139968434072
anp-few_shot-steps_2D-seed2,kz7bzzbw,2026-07-27T12:02:10Z,anp,few_shot,2,rmse,0.5718071899414062,1.0173358485005566,0.5811820068359375,1.0307748396160217,2492.005873441696,0.2426998615264892,0.2510037422180176,,steps,2,,1.5679933916722995e-05,,,,,,,,,,,,,,,3485.0,0.0609227538346741
anp-few_shot-steps_2D-seed2,onx6ixg6,2026-07-27T14:08:29Z,anp,few_shot,2,rmse,0.5752498779296875,1.0227430626558138,0.5828759765625,1.032683749684502,1615.1550476551056,0.2632474899291992,0.263249397277832,,steps,2,,2.342658105820404e-05,,,,,,,,,,,,,,,2267.0,0.1093420558686559
anp-few_shot-steps_2D-seed2,oxoe5tek,2026-07-27T07:30:17Z,anp,few_shot,2,rmse,0.5527386474609375,0.9814251880365245,0.564140380859375,1.0001262510128104,743.018640756607,0.2788815498352051,0.2572765350341797,,steps,2,,0.0005399484409787,,,,,,,,,,,,,,,1012.0,0.0116167224336398
anp-few_shot-steps_2D-seed2,pizl4zw2,2026-07-27T16:01:24Z,anp,few_shot,2,rmse,0.5703756103515625,1.0133905147402245,0.5759764404296875,1.0219942935634163,1293.9581999778748,0.2252440452575683,0.2532622814178467,,steps,2,,4.473636174621264e-05,,,,,,,,,,,,,,,1777.0,0.0090454577821076
anp-few_shot-steps_2D-seed2,potic9b0,2026-07-27T07:56:51Z,anp,few_shot,2,rmse,0.5536708374023438,0.983056523931672,0.56539697265625,1.005136535758029,698.1065483093262,0.224445104598999,0.2029738426208496,,steps,2,,0.0008706020878304,,,,,,,,,,,,,,,1012.0,0.0041168988591604
anp-few_shot-steps_2D-seed2,qvvlojfl,2026-07-27T13:23:18Z,anp,few_shot,2,rmse,0.5520914306640625,0.9803981103341136,0.56477587890625,1.0030747362560215,723.5559239387512,0.2368824481964111,0.2442734241485595,,steps,2,,0.0006586289317583,,,,,,,,,,,,,,,1043.0,0.0068777042230436
anp-few_shot-steps_2D-seed2,umxvw6e9,2026-07-27T10:28:16Z,anp,few_shot,2,rmse,0.560072265625,0.9948574246787524,0.570430908203125,1.0108885650878523,803.2401783466339,0.2547214031219482,0.2433276176452636,,steps,2,,0.0001067748270948,,,,,,,,,,,,,,,1158.0,0.0399347564316719
anp-few_shot-steps_2D-seed2,xa8rzdeh,2026-07-27T15:40:36Z,anp,few_shot,2,rmse,0.57738330078125,1.0265377651903689,0.5869608154296875,1.039526463209005,1224.760229587555,0.3326513767242431,0.2802834510803222,,steps,2,,2.465844721448737e-05,,,,,,,,,,,,,,,1691.0,0.0176985004103839
anp-few_shot-steps_2D-seed2,xx5luprq,2026-07-27T08:39:50Z,anp,few_shot,2,rmse,0.5721201171875,1.0162942900257284,0.5815732421875,1.0313401952666348,1552.7906982898712,0.1540079116821289,0.1520297527313232,,steps,2,,2.3270677083837777e-05,,,,,,,,,,,,,,,2334.0,0.0363649934414201
anp-few_shot-steps_2D-seed3,0r5wfkka,2026-07-22T00:28:30Z,anp,few_shot,3,rmse,0.560542236328125,0.9932143257938454,0.554665771484375,0.9889512427161524,1089.5833916664124,1.2060048580169678,0.8727366924285889,,steps,2,,0.0005399484409787,,,,,,,,,,,,,,,778.0,0.0116167224336398
anp-few_shot-steps_2D-seed3,1yxwdwk6,2026-07-22T04:36:47Z,anp,few_shot,3,rmse,0.5529688110351563,0.9814591520203494,0.5516802368164062,0.9818677802247534,3982.9943151474,0.978053331375122,0.8230690956115723,,steps,2,,3.823475224675184e-05,,,,,,,,,,,,,,,3105.0,0.0863890037284231
anp-few_shot-steps_2D-seed3,209oi299,2026-07-22T11:48:35Z,anp,few_shot,3,rmse,0.5700078735351563,1.0109186856047598,0.56698876953125,1.0082040642487315,5534.530401945114,1.1990013122558594,1.2456326484680176,,steps,2,,1.5679933916722995e-05,,,,,,,,,,,,,,,3574.0,0.0609227538346741
anp-few_shot-steps_2D-seed3,351mweuh,2026-07-22T22:24:02Z,anp,few_shot,3,rmse,0.565830322265625,1.005613821603962,0.5576240234375,0.9932617786714086,3594.155787706375,1.224174737930298,1.3206279277801514,,steps,2,,5.170191786366994e-05,,,,,,,,,,,,,,,2378.0,0.1657475018303859
anp-few_shot-steps_2D-seed3,4aio857i,2026-07-22T01:27:12Z,anp,few_shot,3,rmse,0.553869140625,0.9803222402831372,0.5545396118164062,0.986843970487801,1632.7082524299622,0.9315752983093262,0.84256911277771,,steps,2,,0.0008706020878304,,,,,,,,,,,,,,,1232.0,0.0041168988591604
anp-few_shot-steps_2D-seed3,4dr76g54,2026-07-21T22:41:04Z,anp,few_shot,3,rmse,0.54612158203125,0.9714783276141008,0.5490889892578125,0.98064061765936,1479.8613216876984,0.910956621170044,1.1860432624816897,,steps,2,,0.0007969454818643,,,,,,,,,,,,,,,1037.0,0.0749080237694725
anp-few_shot-steps_2D-seed3,8gg4dlrn,2026-07-22T01:54:36Z,anp,few_shot,3,rmse,0.5695993041992188,1.0107715721001065,0.5697571411132812,1.0141855755314415,4334.034082889557,0.8364143371582031,1.0041272640228271,,steps,2,,2.658754398327269e-05,,,,,,,,,,,,,,,3323.0,0.1664885281600843
anp-few_shot-steps_2D-seed3,8quob22m,2026-07-22T07:55:14Z,anp,few_shot,3,rmse,0.5543265380859375,0.9829026835299554,0.551630615234375,0.9826556578006124,2047.3570325374603,0.9947378635406494,1.0403203964233398,,steps,2,,0.0001067748270948,,,,,,,,,,,,,,,1579.0,0.0399347564316719
anp-few_shot-steps_2D-seed3,a7vju86n,2026-07-22T15:29:36Z,anp,few_shot,3,rmse,0.5497205810546875,0.9752032968132884,0.5500936889648438,0.9802851846012168,1567.934089422226,1.1538968086242676,1.1717143058776855,,steps,2,,0.0002113705944064,,,,,,,,,,,,,,,1090.0,0.0517559963200033
anp-few_shot-steps_2D-seed3,al4jofjr,2026-07-22T06:50:48Z,anp,few_shot,3,rmse,0.564762451171875,1.0015123382351012,0.5620325927734375,1.0004466230731484,2004.441776037216,1.0345916748046875,0.9633266925811768,,steps,2,,5.4041038546473305e-05,,,,,,,,,,,,,,,1542.0,0.0584289297070436
anp-few_shot-steps_2D-seed3,b1sw4bou,2026-07-22T21:24:47Z,anp,few_shot,3,rmse,0.562270751953125,0.99823868331906,0.5619992065429688,0.9994720496825495,3540.571635723114,0.904942274093628,0.8671352863311768,,steps,2,,3.488976654890367e-05,,,,,,,,,,,,,,,2456.0,0.0777354579378964
anp-few_shot-steps_2D-seed3,drf2iewm,2026-07-22T11:14:18Z,anp,few_shot,3,rmse,0.5470655517578125,0.9704994774543456,0.537217529296875,0.9571743866460058,2044.6563591957088,1.2302439212799072,1.2897238731384275,,steps,2,,0.0004138040112561,,,,,,,,,,,,,,,1363.0,0.1931264066149118
anp-few_shot-steps_2D-seed3,jx5y9eay,2026-07-21T23:41:55Z,anp,few_shot,3,rmse,0.577373046875,1.0239789609503982,0.571287841796875,1.015754939051825,2784.5000479221344,0.9676635265350342,1.1842408180236816,,steps,2,,2.0511104188433963e-05,,,,,,,,,,,,,,,1942.0,0.0312037280884873
anp-few_shot-steps_2D-seed3,k83ckibj,2026-07-22T08:29:33Z,anp,few_shot,3,rmse,0.5740055541992187,1.0179344248442102,0.5666439208984375,1.0075788256608762,5499.582773923874,1.2512414455413818,1.3044283390045166,,steps,2,,1.2385137298860926e-05,,,,,,,,,,,,,,,3736.0,0.1184829137724085
anp-few_shot-steps_2D-seed3,kb9sl47w,2026-07-22T05:43:21Z,anp,few_shot,3,rmse,0.5685345458984375,1.0082759319760934,0.56518603515625,1.005069750349413,4035.655288696289,0.9295141696929932,1.0895254611968994,,steps,2,,1.9010245319870364e-05,,,,,,,,,,,,,,,3190.0,0.1223705789444759
anp-few_shot-steps_2D-seed3,kdzciea3,2026-07-22T04:03:23Z,anp,few_shot,3,rmse,0.5573382568359375,0.9888710428386746,0.5490350341796875,0.979000246581506,1994.450621843338,0.8619012832641602,0.7247815132141113,,steps,2,,0.0001120760621186,,,,,,,,,,,,,,,1567.0,0.0608484485919075
anp-few_shot-steps_2D-seed3,l22lygck,2026-07-22T07:24:23Z,anp,few_shot,3,rmse,0.5472444458007812,0.9722179846910152,0.546095458984375,0.974413741261168,1840.2559616565704,0.8596591949462891,0.9471676349639891,,steps,2,,0.0003718364180573,,,,,,,,,,,,,,,1407.0,0.0912139968434072
anp-few_shot-steps_2D-seed3,lsqyuze4,2026-07-22T20:46:26Z,anp,few_shot,3,rmse,0.575273681640625,1.021455094567718,0.567789306640625,1.0114096745574337,2249.382523536682,0.9675278663635254,1.1257209777832031,,steps,2,,4.473636174621264e-05,,,,,,,,,,,,,,,1568.0,0.0090454577821076
anp-few_shot-steps_2D-seed3,lummo5rr,2026-07-22T00:46:54Z,anp,few_shot,3,rmse,0.542037841796875,0.9638121424882377,0.5408558349609375,0.9665576198223844,2407.245322704315,1.036949872970581,0.8937826156616211,,steps,2,,0.000260702475837,,,,,,,,,,,,,,,1734.0,0.1202230023486417
anp-few_shot-steps_2D-seed3,m88sg3t2,2026-07-22T14:27:44Z,anp,few_shot,3,rmse,0.5635984497070312,0.9986721584626802,0.5573856201171875,0.9922510836281908,2124.385119199753,1.0739998817443848,1.1023061275482178,,steps,2,,9.7803370166594e-05,,,,,,,,,,,,,,,1414.0,0.0244076469689557
anp-few_shot-steps_2D-seed3,mf0b12g9,2026-07-22T18:03:03Z,anp,few_shot,3,rmse,0.541384765625,0.9617954005245294,0.53614697265625,0.9572888991242016,2478.6856672763824,1.0039901733398438,0.8817441463470459,,steps,2,,0.0003550304858128,,,,,,,,,,,,,,,1726.0,0.1939169255529117
anp-few_shot-steps_2D-seed3,p414yrbq,2026-07-22T15:55:55Z,anp,few_shot,3,rmse,0.5566358642578125,0.988201365391784,0.5537075805664062,0.9849093936306228,2181.2184693813324,1.1991868019104004,1.213665246963501,,steps,2,,0.0001096821720752,,,,,,,,,,,,,,,1508.0,0.0623422152178821
anp-few_shot-steps_2D-seed3,prpkns0c,2026-07-22T16:32:48Z,anp,few_shot,3,rmse,0.5643164672851563,1.0006666420843084,0.5581832885742187,0.993037946537228,5403.547428369522,1.1532082557678225,1.039818286895752,,steps,2,,2.342658105820404e-05,,,,,,,,,,,,,,,3717.0,0.1093420558686559
anp-few_shot-steps_2D-seed3,r2upalsm,2026-07-22T10:49:06Z,anp,few_shot,3,rmse,0.55585791015625,0.98598807282511,0.545864013671875,0.9728170098605156,1468.5365126132965,1.254425287246704,1.393923044204712,,steps,2,,0.0007902619549708,,,,,,,,,,,,,,,954.0,0.0130103185970559
anp-few_shot-steps_2D-seed3,tc9dtvzc,2026-07-22T20:06:55Z,anp,few_shot,3,rmse,0.5763607177734374,1.0222027668363411,0.571466552734375,1.0175666043373552,2342.4196915626526,1.2757635116577148,1.3129405975341797,,steps,2,,2.465844721448737e-05,,,,,,,,,,,,,,,1617.0,0.0176985004103839
anp-few_shot-steps_2D-seed3,tncix8ze,2026-07-21T23:05:55Z,anp,few_shot,3,rmse,0.5510067138671875,0.9788104838728884,0.5463687744140625,0.9731009221952718,2148.4017980098724,1.0545260906219482,1.165355205535889,,steps,2,,0.0001575132049977,,,,,,,,,,,,,,,1526.0,0.146398788362281
anp-few_shot-steps_2D-seed3,wtg93fvb,2026-07-22T15:03:20Z,anp,few_shot,3,rmse,0.554314208984375,0.9824439529978672,0.5564112548828125,0.9912301202573968,1563.9741175174713,1.2520556449890137,1.1219220161437988,,steps,2,,0.0006586289317583,,,,,,,,,,,,,,,1051.0,0.0068777042230436
anp-few_shot-steps_2D-seed3,x1lkcbyj,2026-07-22T18:44:33Z,anp,few_shot,3,rmse,0.5436951904296875,0.9663868337060564,0.541787353515625,0.9680828239952548,2309.305015087128,1.1490075588226318,0.9075560569763184,,steps,2,,0.000616104953938,,,,,,,,,,,,,,,1565.0,0.1878997883128378
anp-few_shot-steps_2D-seed3,xsour433,2026-07-22T10:01:24Z,anp,few_shot,3,rmse,0.5769707641601562,1.0231971283406007,0.569175537109375,1.0121364624750346,2830.669702529907,1.270827054977417,1.329597234725952,,steps,2,,2.193048555664368e-05,,,,,,,,,,,,,,,1814.0,0.1215089703802876
anp-few_shot-steps_2D-seed3,y10llhzb,2026-07-22T03:07:00Z,anp,few_shot,3,rmse,0.5671380615234375,1.007301599384281,0.565015380859375,1.0049593999855018,3371.8719861507416,0.8282160758972168,0.9904546737670898,,steps,2,,2.3270677083837777e-05,,,,,,,,,,,,,,,2608.0,0.0363649934414201
anp-few_shot-steps_2D-seed3,yixk9ude,2026-07-22T19:23:14Z,anp,few_shot,3,rmse,0.5440484619140625,0.9646070883910892,0.5413785400390625,0.9676068612527888,2575.313734769821,0.8988180160522461,0.9431648254394532,,steps,2,,0.0006978281265126,,,,,,,,,,,,,,,1731.0,0.119579995762217
anp-few_shot-steps_2D-seed3,zl61tlny,2026-07-22T13:21:01Z,anp,few_shot,3,rmse,0.5516736450195312,0.9789612143234298,0.54608740234375,0.9742059968848134,3991.187145709991,1.0610473155975342,0.997337818145752,,steps,2,,7.591104805282687e-05,,,,,,,,,,,,,,,2614.0,0.1368466053024314
anp-few_shot-steps_2D-seed4,0wzzkqwx,2026-07-25T10:21:37Z,anp,few_shot,4,rmse,0.5642644653320312,1.0028295037572,0.5557590942382813,0.9901992912916772,1339.5533928871157,0.5273721218109131,0.4959902763366699,,steps,2,,0.0001120760621186,,,,,,,,,,,,,,,1266.0,0.0608484485919075
anp-few_shot-steps_2D-seed4,11dkexsx,2026-07-25T17:38:32Z,anp,few_shot,4,rmse,0.572589599609375,1.0179378185004215,0.560587158203125,0.9968974921507888,2554.096156358719,0.5226767063140869,0.6189005374908447,,steps,2,,2.342658105820404e-05,,,,,,,,,,,,,,,2432.0,0.1093420558686559
anp-few_shot-steps_2D-seed4,44un7h1i,2026-07-25T18:21:15Z,anp,few_shot,4,rmse,0.5484833984375,0.9765678964008866,0.5373013916015625,0.9590248785260088,1896.4688484668727,0.4824399948120117,0.4965739250183105,,steps,2,,0.0003550304858128,,,,,,,,,,,,,,,1850.0,0.1939169255529117
anp-few_shot-steps_2D-seed4,53yrjkw0,2026-07-25T08:52:08Z,anp,few_shot,4,rmse,0.568290771484375,1.01039876687646,0.5617257080078125,1.0008708284037733,3554.624585628509,0.8410568237304688,0.6599674224853516,,steps,2,,2.658754398327269e-05,,,,,,,,,,,,,,,3412.0,0.1664885281600843
anp-few_shot-steps_2D-seed4,5pzp0zyz,2026-07-25T20:11:17Z,anp,few_shot,4,rmse,0.575650390625,1.0244668063933169,0.56877587890625,1.0120890967358491,1046.2596509456637,0.6734616756439209,0.7038693428039551,,steps,2,,4.473636174621264e-05,,,,,,,,,,,,,,,997.0,0.0090454577821076
anp-few_shot-steps_2D-seed4,6cdqe3kr,2026-07-25T17:18:52Z,anp,few_shot,4,rmse,0.5644129638671875,1.0029368901068836,0.5560738525390625,0.9920851224897056,1169.35036611557,0.602881669998169,0.7981793880462646,,steps,2,,0.0001096821720752,,,,,,,,,,,,,,,1169.0,0.0623422152178821
anp-few_shot-steps_2D-seed4,6jx9ev7b,2026-07-25T07:25:50Z,anp,few_shot,4,rmse,0.5737105712890626,1.020990192719498,0.5670695190429688,1.0091101536481644,2164.163967370987,0.5743098258972168,0.5517537593841553,,steps,2,,2.0511104188433963e-05,,,,,,,,,,,,,,,2126.0,0.0312037280884873
anp-few_shot-steps_2D-seed4,75fjghxp,2026-07-25T15:30:08Z,anp,few_shot,4,rmse,0.5750446166992188,1.0226398095118614,0.5691498413085937,1.01393504563205,2115.4889504909515,0.524451494216919,0.6417710781097412,,steps,2,,1.5679933916722995e-05,,,,,,,,,,,,,,,2126.0,0.0609227538346741
anp-few_shot-steps_2D-seed4,7ujoodl6,2026-07-25T06:46:17Z,anp,few_shot,4,rmse,0.5533504028320313,0.984832185310954,0.5422847290039062,0.9673242583418588,2362.918527364731,0.6163616180419922,0.5778672695159912,,steps,2,,0.0001575132049977,,,,,,,,,,,,,,,2301.0,0.146398788362281
anp-few_shot-steps_2D-seed4,ar6hiv6g,2026-07-25T11:08:22Z,anp,few_shot,4,rmse,0.585706787109375,1.0409424969685726,0.5751409912109375,1.0246549835694057,1432.374277591705,0.6322488784790039,0.6643211841583252,,steps,2,,1.9010245319870364e-05,,,,,,,,,,,,,,,1375.0,0.1223705789444759
anp-few_shot-steps_2D-seed4,cogkflw0,2026-07-25T19:10:36Z,anp,few_shot,4,rmse,0.5490911865234375,0.976638198413029,0.543033935546875,0.9692101659267814,1585.5273520946505,0.6500580310821533,0.7578701972961426,,steps,2,,0.0006978281265126,,,,,,,,,,,,,,,1508.0,0.119579995762217
anp-few_shot-steps_2D-seed4,d96iwa6y,2026-07-25T09:51:33Z,anp,few_shot,4,rmse,0.575506591796875,1.0233305573779212,0.5665728759765625,1.007454836235569,1793.2082033157349,0.6650345325469971,0.6795954704284668,,steps,2,,2.3270677083837777e-05,,,,,,,,,,,,,,,1715.0,0.0363649934414201
anp-few_shot-steps_2D-seed4,ew5ucwbm,2026-07-25T12:13:01Z,anp,few_shot,4,rmse,0.5513848876953125,0.978153438864966,0.5471356201171875,0.974097470777414,1742.0986638069153,0.6590514183044434,0.7332711219787598,,steps,2,,0.0003718364180573,,,,,,,,,,,,,,,1669.0,0.0912139968434072
anp-few_shot-steps_2D-seed4,f6uj28cr,2026-07-25T12:42:13Z,anp,few_shot,4,rmse,0.5645509033203125,1.0050915607791957,0.5552391967773438,0.9906977856888454,1240.4103107452393,0.5886211395263672,0.7010898590087891,,steps,2,,0.0001067748270948,,,,,,,,,,,,,,,1171.0,0.0399347564316719
anp-few_shot-steps_2D-seed4,fdzppin9,2026-07-25T18:53:02Z,anp,few_shot,4,rmse,0.5545533447265625,0.9860616793098076,0.5457069091796874,0.9731232474473168,1040.2826101779938,0.6197340488433838,0.5462894439697266,,steps,2,,0.000616104953938,,,,,,,,,,,,,,,1024.0,0.1878997883128378
anp-few_shot-steps_2D-seed4,fw6sm2sv,2026-07-25T08:36:58Z,anp,few_shot,4,rmse,0.5639359130859375,1.0013477346296251,0.553835693359375,0.9863038363175068,899.7634990215302,0.6182382106781006,0.60341477394104,,steps,2,,0.0008706020878304,,,,,,,,,,,,,,,869.0,0.0041168988591604
anp-few_shot-steps_2D-seed4,gr9biz7l,2026-07-25T14:03:16Z,anp,few_shot,4,rmse,0.5714174194335937,1.016156898963327,0.562524169921875,1.0027970958145056,2634.3596682548523,0.5352702140808105,0.6441571712493896,,steps,2,,2.193048555664368e-05,,,,,,,,,,,,,,,2541.0,0.1215089703802876
anp-few_shot-steps_2D-seed4,gvfr1o4k,2026-07-25T14:47:19Z,anp,few_shot,4,rmse,0.5586577758789063,0.9918392938061912,0.5517216186523437,0.982819413494068,836.3942997455597,0.7048563957214355,0.6552178859710693,,steps,2,,0.0007902619549708,,,,,,,,,,,,,,,798.0,0.0130103185970559
anp-few_shot-steps_2D-seed4,h6albsiv,2026-07-25T16:53:48Z,anp,few_shot,4,rmse,0.5629599609375,0.999468130377982,0.55383447265625,0.988314873539522,780.8105177879333,0.4300930500030517,0.5071277618408203,,steps,2,,0.0006586289317583,,,,,,,,,,,,,,,823.0,0.0068777042230436
anp-few_shot-steps_2D-seed4,j5bts3ba,2026-07-25T08:02:03Z,anp,few_shot,4,rmse,0.562705078125,1.0001180648866783,0.555589111328125,0.9920069924637293,653.4438230991364,0.605478048324585,0.6101319789886475,,steps,2,,0.0005399484409787,,,,,,,,,,,,,,,649.0,0.0116167224336398
anp-few_shot-steps_2D-seed4,m1xk1azq,2026-07-25T15:01:27Z,anp,few_shot,4,rmse,0.5498396606445313,0.9782212426227463,0.538956298828125,0.9607611377964907,1711.2133073806765,0.7640106678009033,0.6708099842071533,,steps,2,,0.0004138040112561,,,,,,,,,,,,,,,1635.0,0.1931264066149118
anp-few_shot-steps_2D-seed4,mcevh51o,2026-07-25T20:45:50Z,anp,few_shot,4,rmse,0.5663636474609375,1.006438051149329,0.553388671875,0.9868167411955684,1954.4916393756864,0.7609295845031738,0.6415596008300781,,steps,2,,5.170191786366994e-05,,,,,,,,,,,,,,,1863.0,0.1657475018303859
anp-few_shot-steps_2D-seed4,nunshbrm,2026-07-25T16:32:46Z,anp,few_shot,4,rmse,0.564383056640625,1.0047425141597937,0.5584478149414063,0.9956342844866928,1251.14812374115,0.4872405529022217,0.506683349609375,,steps,2,,9.7803370166594e-05,,,,,,,,,,,,,,,1306.0,0.0244076469689557
anp-few_shot-steps_2D-seed4,ox2ytftf,2026-07-25T20:28:53Z,anp,few_shot,4,rmse,0.5820338134765625,1.0344696790106291,0.5738397216796876,1.0217849642814425,1003.718522310257,0.8017091751098633,0.7191565036773682,,steps,2,,3.488976654890367e-05,,,,,,,,,,,,,,,952.0,0.0777354579378964
anp-few_shot-steps_2D-seed4,p6i5h6ky,2026-07-25T16:05:37Z,anp,few_shot,4,rmse,0.5663553466796875,1.0066448532381442,0.553394775390625,0.986453229402852,1618.1108074188232,0.6901769638061523,0.6681311130523682,,steps,2,,7.591104805282687e-05,,,,,,,,,,,,,,,1655.0,0.1368466053024314
anp-few_shot-steps_2D-seed4,qgp01pu8,2026-07-25T10:44:06Z,anp,few_shot,4,rmse,0.5735223388671875,1.020213318097403,0.5641971435546875,1.0047955077233666,1445.3963577747345,0.6736934185028076,0.6013529300689697,,steps,2,,3.823475224675184e-05,,,,,,,,,,,,,,,1383.0,0.0863890037284231
anp-few_shot-steps_2D-seed4,ru0jhji8,2026-07-25T08:13:06Z,anp,few_shot,4,rmse,0.5523082275390625,0.9819708862370496,0.5411773071289062,0.9648391417823682,1422.389250278473,0.6314272880554199,0.6134161949157715,,steps,2,,0.000260702475837,,,,,,,,,,,,,,,1392.0,0.1202230023486417
anp-few_shot-steps_2D-seed4,si7vb2rz,2026-07-25T19:37:18Z,anp,few_shot,4,rmse,0.57273583984375,1.0191359553938049,0.5689969482421875,1.011614030691836,2028.5205285549164,0.6638200283050537,0.5742325782775879,,steps,2,,2.465844721448737e-05,,,,,,,,,,,,,,,1930.0,0.0176985004103839
anp-few_shot-steps_2D-seed4,usv2ade7,2026-07-25T11:32:24Z,anp,few_shot,4,rmse,0.5662175903320312,1.0079295604050604,0.5559244384765625,0.9905541515022612,2426.155835390091,0.5820937156677246,0.6145803928375244,,steps,2,,5.4041038546473305e-05,,,,,,,,,,,,,,,2348.0,0.0584289297070436
anp-few_shot-steps_2D-seed4,xd48zyzz,2026-07-25T17:06:58Z,anp,few_shot,4,rmse,0.564412109375,1.0023215760510846,0.554951416015625,0.9893568740152564,704.5168671607971,0.5309534072875977,0.5131576061248779,,steps,2,,0.0002113705944064,,,,,,,,,,,,,,,725.0,0.0517559963200033
anp-few_shot-steps_2D-seed4,ya9al99u,2026-07-25T06:17:44Z,anp,few_shot,4,rmse,0.5535869140625,0.9827514573132884,0.541877197265625,0.9676904226368426,1703.7261934280396,0.6013314723968506,0.5903670787811279,,steps,2,,0.0007969454818643,,,,,,,,,,,,,,,1662.0,0.0749080237694725
anp-few_shot-steps_2D-seed4,yhn88ber,2026-07-25T13:03:03Z,anp,few_shot,4,rmse,0.5761237182617187,1.0253908376647598,0.5632127685546875,1.0028799643849935,3602.729350328445,0.559931755065918,0.5789909362792969,,steps,2,,1.2385137298860926e-05,,,,,,,,,,,,,,,3446.0,0.1184829137724085
gbm_group_cat-in_context-steps_2D-seed0,16sqh7am,2026-07-20T06:58:08Z,gbm_group_cat,in_context,0,rmse,,1.0556745971722084,,1.0494164397377477,,,,,steps,2,274.0,0.181466839845264,0.0,100.0,4.0,500.0,-1.0,,,,,,,,,,,
gbm_group_cat-in_context-steps_2D-seed0,258hckhe,2026-07-20T06:44:37Z,gbm_group_cat,in_context,0,rmse,,1.0859323323040238,,1.0862193697634406,,,,,steps,2,500.0,0.0374181665960717,0.0,20.0,4.0,1000.0,-1.0,,,,,,,,,,,
gbm_group_cat-in_context-steps_2D-seed0,300qd10c,2026-07-20T06:38:37Z,gbm_group_cat,in_context,0,rmse,,1.0364975684732136,,1.0344933307486042,,,,,steps,2,194.0,0.0543959123656852,1.0,100.0,16.0,500.0,-1.0,,,,,,,,,,,
gbm_group_cat-in_context-steps_2D-seed0,3gxl9pbw,2026-07-20T06:33:40Z,gbm_group_cat,in_context,0,rmse,,1.0916314662403224,,1.095263558565479,,,,,steps,2,500.0,0.010325337616482,0.0,1000.0,32.0,500.0,-1.0,,,,,,,,,,,
gbm_group_cat-in_context-steps_2D-seed0,400x2bov,2026-07-20T06:39:13Z,gbm_group_cat,in_context,0,rmse,,1.0929453913716336,,1.0968652474722949,,,,,steps,2,500.0,0.0102358324351751,1.0,1000.0,32.0,255.0,-1.0,,,,,,,,,,,
gbm_group_cat-in_context-steps_2D-seed0,4zswnoy3,2026-07-20T06:48:45Z,gbm_group_cat,in_context,0,rmse,,1.106253569209944,,1.1101338929095144,,,,,steps,2,500.0,0.0246366849342149,1.0,100.0,4.0,1000.0,-1.0,,,,,,,,,,,
gbm_group_cat-in_context-steps_2D-seed0,5bcj3n06,2026-07-20T06:44:21Z,gbm_group_cat,in_context,0,rmse,,1.365076670877108,,1.37424099880864,,,,,steps,2,32.0,0.7601812767003311,0.0,100.0,2.0,1000.0,-1.0,,,,,,,,,,,
gbm_group_cat-in_context-steps_2D-seed0,7hembw43,2026-07-20T06:31:39Z,gbm_group_cat,in_context,0,rmse,,1.3641944552740546,,1.3725744374008553,,,,,steps,2,269.0,0.1239996783684609,1.0,20.0,2.0,500.0,-1.0,,,,,,,,,,,
gbm_group_cat-in_context-steps_2D-seed0,8yplgfvb,2026-07-20T06:36:08Z,gbm_group_cat,in_context,0,rmse,,1.0690532787754727,,1.0731956503078857,,,,,steps,2,499.0,0.0371262417904053,1.0,1000.0,16.0,255.0,-1.0,,,,,,,,,,,
gbm_group_cat-in_context-steps_2D-seed0,9cxyrj55,2026-07-20T06:46:29Z,gbm_group_cat,in_context,0,rmse,,1.0158166547030427,,1.0169496532868536,,,,,steps,2,154.0,0.5139503522154862,0.0,20.0,16.0,1000.0,-1.0,,,,,,,,,,,
gbm_group_cat-in_context-steps_2D-seed0,b2ijz382,2026-07-20T06:39:07Z,gbm_group_cat,in_context,0,rmse,,1.0281490029964837,,1.0232833934390402,,,,,steps,2,59.0,0.6321732490144019,0.0,100.0,32.0,1000.0,-1.0,,,,,,,,,,,
gbm_group_cat-in_context-steps_2D-seed0,b3rrq4i3,2026-07-20T06:33:18Z,gbm_group_cat,in_context,0,rmse,,1.0711273208788747,,1.0698517834946564,,,,,steps,2,265.0,0.1110364731305462,0.0,100.0,4.0,500.0,-1.0,,,,,,,,,,,
gbm_group_cat-in_context-steps_2D-seed0,b4hwwm79,2026-07-20T06:45:42Z,gbm_group_cat,in_context,0,rmse,,0.9884159393581544,,0.985266630994176,,,,,steps,2,306.0,0.1254449923662644,0.0,20.0,32.0,255.0,-1.0,,,,,,,,,,,
gbm_group_cat-in_context-steps_2D-seed0,bdk2gr2o,2026-07-20T06:33:34Z,gbm_group_cat,in_context,0,rmse,,1.0455644201416807,,1.0490706893821558,,,,,steps,2,60.0,0.7234279845665414,0.0,1000.0,8.0,1000.0,-1.0,,,,,,,,,,,
gbm_group_cat-in_context-steps_2D-seed0,czg9ogbo,2026-07-20T06:39:00Z,gbm_group_cat,in_context,0,rmse,,1.364263352857014,,1.372624909957004,,,,,steps,2,138.0,0.2409214543666476,1.0,1000.0,2.0,1000.0,-1.0,,,,,,,,,,,
gbm_group_cat-in_context-steps_2D-seed0,dodk6x9v,2026-07-20T06:44:32Z,gbm_group_cat,in_context,0,rmse,,1.0757757182107872,,1.0708312364471813,,,,,steps,2,90.0,0.5421814280975649,0.0,20.0,4.0,1000.0,-1.0,,,,,,,,,,,
gbm_group_cat-in_context-steps_2D-seed0,dybk2lxc,2026-07-20T06:57:26Z,gbm_group_cat,in_context,0,rmse,,1.0432604587727317,,1.040946242503516,,,,,steps,2,103.0,0.1723598576082492,0.0,100.0,8.0,500.0,-1.0,,,,,,,,,,,
gbm_group_cat-in_context-steps_2D-seed0,eoolf5vh,2026-07-20T06:26:34Z,gbm_group_cat,in_context,0,rmse,,1.01348104236797,,1.0092126648417246,,,,,steps,2,283.0,0.056115164153345,0.0,10.0,32.0,255.0,-1.0,,,,,,,,,,,
gbm_group_cat-in_context-steps_2D-seed0,iojqkmw3,2026-07-20T06:41:42Z,gbm_group_cat,in_context,0,rmse,,1.0037610590436965,,1.0013379720859243,,,,,steps,2,499.0,0.0339160084943861,1.0,20.0,32.0,500.0,-1.0,,,,,,,,,,,
gbm_group_cat-in_context-steps_2D-seed0,iq8xm8r6,2026-07-20T06:28:52Z,gbm_group_cat,in_context,0,rmse,,1.0278409604415557,,1.0270943774426988,,,,,steps,2,499.0,0.0134928342680132,1.0,10.0,32.0,255.0,-1.0,,,,,,,,,,,
gbm_group_cat-in_context-steps_2D-seed0,kcn3ia41,2026-07-20T06:58:03Z,gbm_group_cat,in_context,0,rmse,,1.0347452789908345,,1.0299841424229863,,,,,steps,2,20.0,0.8401272991858839,0.0,100.0,32.0,500.0,-1.0,,,,,,,,,,,
gbm_group_cat-in_context-steps_2D-seed0,lip3a35p,2026-07-20T06:51:00Z,gbm_group_cat,in_context,0,rmse,,0.986889984844789,,0.9851875697854244,,,,,steps,2,500.0,0.0160785817337106,0.0,100.0,64.0,500.0,-1.0,,,,,,,,,,,
gbm_group_cat-in_context-steps_2D-seed0,lmwcy6ma,2026-07-20T06:54:52Z,gbm_group_cat,in_context,0,rmse,,1.0028264104491378,,0.9993666087937478,,,,,steps,2,483.0,0.0385852699847799,1.0,20.0,32.0,1000.0,-1.0,,,,,,,,,,,
gbm_group_cat-in_context-steps_2D-seed0,m1rk87vn,2026-07-20T06:57:33Z,gbm_group_cat,in_context,0,rmse,,1.3645920422241145,,1.3729406272286828,,,,,steps,2,499.0,0.056561272438125,1.0,100.0,2.0,500.0,-1.0,,,,,,,,,,,
gbm_group_cat-in_context-steps_2D-seed0,mnhzv2oi,2026-07-20T06:49:45Z,gbm_group_cat,in_context,0,rmse,,1.01731865980945,,1.0187506602329042,,,,,steps,2,290.0,0.2952174928235017,0.0,1000.0,32.0,1000.0,-1.0,,,,,,,,,,,
gbm_group_cat-in_context-steps_2D-seed0,n9k6rhnj,2026-07-20T06:27:28Z,gbm_group_cat,in_context,0,rmse,,1.039696008375275,,1.0372242810502983,,,,,steps,2,492.0,0.040596116104843,0.0,20.0,8.0,500.0,-1.0,,,,,,,,,,,
gbm_group_cat-in_context-steps_2D-seed0,ojiysexm,2026-07-20T06:46:40Z,gbm_group_cat,in_context,0,rmse,,1.0179781688111136,,1.0186823828208846,,,,,steps,2,384.0,0.2076764556616242,0.0,1000.0,64.0,500.0,-1.0,,,,,,,,,,,
gbm_group_cat-in_context-steps_2D-seed0,rj7hq47e,2026-07-20T06:44:25Z,gbm_group_cat,in_context,0,rmse,,1.0496505903510551,,1.0459092273840285,,,,,steps,2,122.0,0.7452629792912638,0.0,100.0,4.0,1000.0,-1.0,,,,,,,,,,,
gbm_group_cat-in_context-steps_2D-seed0,rs3zak3k,2026-07-20T06:31:52Z,gbm_group_cat,in_context,0,rmse,,1.0469041775782146,,1.044678865601767,,,,,steps,2,371.0,0.0364643955898072,0.0,100.0,8.0,500.0,-1.0,,,,,,,,,,,
gbm_group_cat-in_context-steps_2D-seed0,udax99lj,2026-07-20T06:58:24Z,gbm_group_cat,in_context,0,rmse,,0.9933390206538326,,0.994465412831072,,,,,steps,2,106.0,0.1469982700231391,1.0,10.0,64.0,255.0,-1.0,,,,,,,,,,,
gbm_group_cat-in_context-steps_2D-seed0,w48rqkz3,2026-07-20T06:45:33Z,gbm_group_cat,in_context,0,rmse,,1.024310753457236,,1.0196817199813517,,,,,steps,2,145.0,0.2832583150532184,0.0,20.0,8.0,1000.0,-1.0,,,,,,,,,,,
gbm_group_cat-in_context-steps_2D-seed0,yzgfa9qv,2026-07-20T06:32:44Z,gbm_group_cat,in_context,0,rmse,,1.037683409338431,,1.038192769212718,,,,,steps,2,339.0,0.53236175947515,0.0,1000.0,4.0,500.0,-1.0,,,,,,,,,,,
gbm_group_cat-in_context-steps_2D-seed1,0dte0trl,2026-07-20T07:30:57Z,gbm_group_cat,in_context,1,rmse,,0.9782463716203306,,0.9791496287476944,,,,,steps,2,500.0,0.0160785817337106,0.0,100.0,64.0,500.0,-1.0,,,,,,,,,,,
gbm_group_cat-in_context-steps_2D-seed1,15wzrgi8,2026-07-20T07:09:53Z,gbm_group_cat,in_context,1,rmse,,1.0236335830687802,,1.025227030234009,,,,,steps,2,500.0,0.0364643955898072,0.0,100.0,8.0,500.0,-1.0,,,,,,,,,,,
gbm_group_cat-in_context-steps_2D-seed1,1hz89cqo,2026-07-20T07:37:21Z,gbm_group_cat,in_context,1,rmse,,0.994046722381132,,0.9934115621900692,,,,,steps,2,382.0,0.1723598576082492,0.0,100.0,8.0,500.0,-1.0,,,,,,,,,,,
gbm_group_cat-in_context-steps_2D-seed1,6ojcbtw9,2026-07-20T07:34:56Z,gbm_group_cat,in_context,1,rmse,,0.9837759593722124,,0.9849632971128292,,,,,steps,2,500.0,0.0385852699847799,1.0,20.0,32.0,1000.0,-1.0,,,,,,,,,,,
gbm_group_cat-in_context-steps_2D-seed1,7e0wyfx2,2026-07-20T07:06:45Z,gbm_group_cat,in_context,1,rmse,,1.0152957048373146,,1.0189321557417923,,,,,steps,2,500.0,0.0134928342680132,1.0,10.0,32.0,255.0,-1.0,,,,,,,,,,,
gbm_group_cat-in_context-steps_2D-seed1,7t2upkpb,2026-07-20T07:03:01Z,gbm_group_cat,in_context,1,rmse,,0.9776462542374914,,0.9775450572847056,,,,,steps,2,500.0,0.056115164153345,0.0,10.0,32.0,255.0,-1.0,,,,,,,,,,,
gbm_group_cat-in_context-steps_2D-seed1,8a65gkel,2026-07-20T07:24:44Z,gbm_group_cat,in_context,1,rmse,,1.0683853048568557,,1.074617919478421,,,,,steps,2,499.0,0.0374181665960717,0.0,20.0,4.0,1000.0,-1.0,,,,,,,,,,,
gbm_group_cat-in_context-steps_2D-seed1,8cr1dlhc,2026-07-20T07:24:27Z,gbm_group_cat,in_context,1,rmse,,1.0418250470056063,,1.0513691820544215,,,,,steps,2,103.0,0.7452629792912638,0.0,100.0,4.0,1000.0,-1.0,,,,,,,,,,,
gbm_group_cat-in_context-steps_2D-seed1,9j8yxzn3,2026-07-20T07:38:07Z,gbm_group_cat,in_context,1,rmse,,1.3648265569554157,,1.3755399871172478,,,,,steps,2,500.0,0.056561272438125,1.0,100.0,2.0,500.0,-1.0,,,,,,,,,,,
gbm_group_cat-in_context-steps_2D-seed1,9nhaz6so,2026-07-20T07:12:19Z,gbm_group_cat,in_context,1,rmse,,1.0823850741924432,,1.0853042340448944,,,,,steps,2,500.0,0.010325337616482,0.0,1000.0,32.0,500.0,-1.0,,,,,,,,,,,
gbm_group_cat-in_context-steps_2D-seed1,bbi1bihh,2026-07-20T07:11:27Z,gbm_group_cat,in_context,1,rmse,,1.0499334896862766,,1.054100835815449,,,,,steps,2,359.0,0.1110364731305462,0.0,100.0,4.0,500.0,-1.0,,,,,,,,,,,
gbm_group_cat-in_context-steps_2D-seed1,dmxd2d3v,2026-07-20T07:11:23Z,gbm_group_cat,in_context,1,rmse,,1.0799382626889928,,1.0854908271533263,,,,,steps,2,38.0,0.53236175947515,0.0,1000.0,4.0,500.0,-1.0,,,,,,,,,,,
gbm_group_cat-in_context-steps_2D-seed1,dxtarlk4,2026-07-20T07:25:57Z,gbm_group_cat,in_context,1,rmse,,0.9924653366560048,,0.9939423300398174,,,,,steps,2,141.0,0.1254449923662644,0.0,20.0,32.0,255.0,-1.0,,,,,,,,,,,
gbm_group_cat-in_context-steps_2D-seed1,eqlud55e,2026-07-20T07:25:41Z,gbm_group_cat,in_context,1,rmse,,0.9978307731537324,,0.9986907419650546,,,,,steps,2,220.0,0.2832583150532184,0.0,20.0,8.0,1000.0,-1.0,,,,,,,,,,,
gbm_group_cat-in_context-steps_2D-seed1,gx81520i,2026-07-20T07:19:22Z,gbm_group_cat,in_context,1,rmse,,1.0825401439281623,,1.0856837187228885,,,,,steps,2,499.0,0.0102358324351751,1.0,1000.0,32.0,255.0,-1.0,,,,,,,,,,,
gbm_group_cat-in_context-steps_2D-seed1,h2q420si,2026-07-20T07:09:39Z,gbm_group_cat,in_context,1,rmse,,1.364383412900498,,1.3745327813667894,,,,,steps,2,282.0,0.1239996783684609,1.0,20.0,2.0,500.0,-1.0,,,,,,,,,,,
gbm_group_cat-in_context-steps_2D-seed1,jne9mkn7,2026-07-20T07:24:33Z,gbm_group_cat,in_context,1,rmse,,1.017506968166175,,1.0213474645613785,,,,,steps,2,193.0,0.5421814280975649,0.0,20.0,4.0,1000.0,-1.0,,,,,,,,,,,
gbm_group_cat-in_context-steps_2D-seed1,jwi6ocqh,2026-07-20T07:19:10Z,gbm_group_cat,in_context,1,rmse,,1.3633563563118505,,1.3742371327545444,,,,,steps,2,159.0,0.2409214543666476,1.0,1000.0,2.0,1000.0,-1.0,,,,,,,,,,,
gbm_group_cat-in_context-steps_2D-seed1,kcfb9078,2026-07-20T07:05:18Z,gbm_group_cat,in_context,1,rmse,,1.0220965364641073,,1.022856810000615,,,,,steps,2,500.0,0.040596116104843,0.0,20.0,8.0,500.0,-1.0,,,,,,,,,,,
gbm_group_cat-in_context-steps_2D-seed1,kfcsfqwy,2026-07-20T07:26:17Z,gbm_group_cat,in_context,1,rmse,,1.0072652033385017,,1.0063322570226871,,,,,steps,2,429.0,0.2076764556616242,0.0,1000.0,64.0,500.0,-1.0,,,,,,,,,,,
gbm_group_cat-in_context-steps_2D-seed1,mnuomsu7,2026-07-20T07:24:22Z,gbm_group_cat,in_context,1,rmse,,1.3634608195192368,,1.37457909182915,,,,,steps,2,30.0,0.7601812767003311,0.0,100.0,2.0,1000.0,-1.0,,,,,,,,,,,
gbm_group_cat-in_context-steps_2D-seed1,mt5z004i,2026-07-20T07:11:59Z,gbm_group_cat,in_context,1,rmse,,1.013515550462459,,1.0150760396756786,,,,,steps,2,195.0,0.7234279845665414,0.0,1000.0,8.0,1000.0,-1.0,,,,,,,,,,,
gbm_group_cat-in_context-steps_2D-seed1,n2pqgbdb,2026-07-20T07:29:56Z,gbm_group_cat,in_context,1,rmse,,1.0102365168055871,,1.0107792481442073,,,,,steps,2,255.0,0.2952174928235017,0.0,1000.0,32.0,1000.0,-1.0,,,,,,,,,,,
gbm_group_cat-in_context-steps_2D-seed1,no3k47as,2026-07-20T07:38:46Z,gbm_group_cat,in_context,1,rmse,,1.030032868643569,,1.0339144138416532,,,,,steps,2,324.0,0.181466839845264,0.0,100.0,4.0,500.0,-1.0,,,,,,,,,,,
gbm_group_cat-in_context-steps_2D-seed1,nwhqo0i6,2026-07-20T07:14:44Z,gbm_group_cat,in_context,1,rmse,,1.0564846852573584,,1.0592685652380895,,,,,steps,2,500.0,0.0371262417904053,1.0,1000.0,16.0,255.0,-1.0,,,,,,,,,,,
gbm_group_cat-in_context-steps_2D-seed1,shqmbean,2026-07-20T07:19:17Z,gbm_group_cat,in_context,1,rmse,,1.0015631280646025,,1.006107400322113,,,,,steps,2,34.0,0.6321732490144019,0.0,100.0,32.0,1000.0,-1.0,,,,,,,,,,,
gbm_group_cat-in_context-steps_2D-seed1,t9pe3oi9,2026-07-20T07:39:13Z,gbm_group_cat,in_context,1,rmse,,0.982996628724087,,0.9819793757641804,,,,,steps,2,160.0,0.1469982700231391,1.0,10.0,64.0,255.0,-1.0,,,,,,,,,,,
gbm_group_cat-in_context-steps_2D-seed1,vzg21m7z,2026-07-20T07:38:41Z,gbm_group_cat,in_context,1,rmse,,1.0279572420379035,,1.0251009858900744,,,,,steps,2,36.0,0.8401272991858839,0.0,100.0,32.0,500.0,-1.0,,,,,,,,,,,
gbm_group_cat-in_context-steps_2D-seed1,wm1ybq1l,2026-07-20T07:28:57Z,gbm_group_cat,in_context,1,rmse,,1.085425317026623,,1.09376342757413,,,,,steps,2,500.0,0.0246366849342149,1.0,100.0,4.0,1000.0,-1.0,,,,,,,,,,,
gbm_group_cat-in_context-steps_2D-seed1,z4oon62a,2026-07-20T07:21:51Z,gbm_group_cat,in_context,1,rmse,,0.983126848158572,,0.9833968436094362,,,,,steps,2,500.0,0.0339160084943861,1.0,20.0,32.0,500.0,-1.0,,,,,,,,,,,
gbm_group_cat-in_context-steps_2D-seed1,zhokawbv,2026-07-20T07:26:11Z,gbm_group_cat,in_context,1,rmse,,1.0033951134731849,,1.002765998711718,,,,,steps,2,82.0,0.5139503522154862,0.0,20.0,16.0,1000.0,-1.0,,,,,,,,,,,
gbm_group_cat-in_context-steps_2D-seed1,zwgrmlh0,2026-07-20T07:17:19Z,gbm_group_cat,in_context,1,rmse,,0.9914334431067786,,0.9922982407131824,,,,,steps,2,500.0,0.0543959123656852,1.0,100.0,16.0,500.0,-1.0,,,,,,,,,,,
gbm_group_cat-in_context-steps_2D-seed2,04me8ppr,2026-07-20T08:20:19Z,gbm_group_cat,in_context,2,rmse,,1.359007355957123,,1.3658798624448605,,,,,steps,2,500.0,0.056561272438125,1.0,100.0,2.0,500.0,-1.0,,,,,,,,,,,
gbm_group_cat-in_context-steps_2D-seed2,18yiyuqd,2026-07-20T07:46:12Z,gbm_group_cat,in_context,2,rmse,,1.027007717019812,,1.0318742546206647,,,,,steps,2,500.0,0.040596116104843,0.0,20.0,8.0,500.0,-1.0,,,,,,,,,,,
gbm_group_cat-in_context-steps_2D-seed2,29z9hitq,2026-07-20T08:19:06Z,gbm_group_cat,in_context,2,rmse,,0.9900617094215765,,0.9982645952034794,,,,,steps,2,482.0,0.1723598576082492,0.0,100.0,8.0,500.0,-1.0,,,,,,,,,,,
gbm_group_cat-in_context-steps_2D-seed2,2r0ro1vc,2026-07-20T08:06:20Z,gbm_group_cat,in_context,2,rmse,,0.9824114668087104,,0.989284017845672,,,,,steps,2,249.0,0.1254449923662644,0.0,20.0,32.0,255.0,-1.0,,,,,,,,,,,
gbm_group_cat-in_context-steps_2D-seed2,2wxx0rh8,2026-07-20T07:45:02Z,gbm_group_cat,in_context,2,rmse,,0.9910173832958712,,0.9975044690642194,,,,,steps,2,324.0,0.056115164153345,0.0,10.0,32.0,255.0,-1.0,,,,,,,,,,,
gbm_group_cat-in_context-steps_2D-seed2,3tsgqj2r,2026-07-20T07:52:47Z,gbm_group_cat,in_context,2,rmse,,1.0268292631203988,,1.028894826668251,,,,,steps,2,106.0,0.7234279845665414,0.0,1000.0,8.0,1000.0,-1.0,,,,,,,,,,,
gbm_group_cat-in_context-steps_2D-seed2,4cyj2ry2,2026-07-20T08:04:56Z,gbm_group_cat,in_context,2,rmse,,1.0782191185970276,,1.0811435407344925,,,,,steps,2,500.0,0.0374181665960717,0.0,20.0,4.0,1000.0,-1.0,,,,,,,,,,,
gbm_group_cat-in_context-steps_2D-seed2,6azac4b8,2026-07-20T08:04:34Z,gbm_group_cat,in_context,2,rmse,,1.048813447619936,,1.0531312489579334,,,,,steps,2,118.0,0.7452629792912638,0.0,100.0,4.0,1000.0,-1.0,,,,,,,,,,,
gbm_group_cat-in_context-steps_2D-seed2,6sqs3c0v,2026-07-20T08:20:53Z,gbm_group_cat,in_context,2,rmse,,1.0388517385846658,,1.0494195839535674,,,,,steps,2,23.0,0.8401272991858839,0.0,100.0,32.0,500.0,-1.0,,,,,,,,,,,
gbm_group_cat-in_context-steps_2D-seed2,74fa7efe,2026-07-20T08:20:58Z,gbm_group_cat,in_context,2,rmse,,1.034781998191289,,1.038053103944518,,,,,steps,2,307.0,0.181466839845264,0.0,100.0,4.0,500.0,-1.0,,,,,,,,,,,
gbm_group_cat-in_context-steps_2D-seed2,am3thy3q,2026-07-20T07:50:26Z,gbm_group_cat,in_context,2,rmse,,1.3586356101646686,,1.3654768466814808,,,,,steps,2,257.0,0.1239996783684609,1.0,20.0,2.0,500.0,-1.0,,,,,,,,,,,
gbm_group_cat-in_context-steps_2D-seed2,ao4v1ymm,2026-07-20T07:59:26Z,gbm_group_cat,in_context,2,rmse,,1.009296517040806,,1.018726857436762,,,,,steps,2,14.0,0.6321732490144019,0.0,100.0,32.0,1000.0,-1.0,,,,,,,,,,,
gbm_group_cat-in_context-steps_2D-seed2,b68puz8s,2026-07-20T07:52:56Z,gbm_group_cat,in_context,2,rmse,,1.0931186485626507,,1.0942000866617652,,,,,steps,2,498.0,0.010325337616482,0.0,1000.0,32.0,500.0,-1.0,,,,,,,,,,,
gbm_group_cat-in_context-steps_2D-seed2,e0jpdguw,2026-07-20T07:57:45Z,gbm_group_cat,in_context,2,rmse,,1.0003701782543983,,1.006660570792892,,,,,steps,2,408.0,0.0543959123656852,1.0,100.0,16.0,500.0,-1.0,,,,,,,,,,,
gbm_group_cat-in_context-steps_2D-seed2,fr2oba8c,2026-07-20T07:59:20Z,gbm_group_cat,in_context,2,rmse,,1.3581887716098917,,1.3651590040396602,,,,,steps,2,137.0,0.2409214543666476,1.0,1000.0,2.0,1000.0,-1.0,,,,,,,,,,,
gbm_group_cat-in_context-steps_2D-seed2,g0k4vas6,2026-07-20T07:55:18Z,gbm_group_cat,in_context,2,rmse,,1.0630263160502822,,1.064918751062753,,,,,steps,2,500.0,0.0371262417904053,1.0,1000.0,16.0,255.0,-1.0,,,,,,,,,,,
gbm_group_cat-in_context-steps_2D-seed2,go1opw41,2026-07-20T08:01:52Z,gbm_group_cat,in_context,2,rmse,,0.9925383741076252,,0.9999687840607976,,,,,steps,2,500.0,0.0339160084943861,1.0,20.0,32.0,500.0,-1.0,,,,,,,,,,,
gbm_group_cat-in_context-steps_2D-seed2,itgt798t,2026-07-20T07:59:30Z,gbm_group_cat,in_context,2,rmse,,1.093266679646287,,1.0944031887583192,,,,,steps,2,499.0,0.0102358324351751,1.0,1000.0,32.0,255.0,-1.0,,,,,,,,,,,
gbm_group_cat-in_context-steps_2D-seed2,jxdy31ws,2026-07-20T08:11:10Z,gbm_group_cat,in_context,2,rmse,,1.0161303403712254,,1.0211865129195756,,,,,steps,2,297.0,0.2952174928235017,0.0,1000.0,32.0,1000.0,-1.0,,,,,,,,,,,
gbm_group_cat-in_context-steps_2D-seed2,knf77pqb,2026-07-20T08:04:41Z,gbm_group_cat,in_context,2,rmse,,1.027388505363492,,1.0355681896605182,,,,,steps,2,259.0,0.5421814280975649,0.0,20.0,4.0,1000.0,-1.0,,,,,,,,,,,
gbm_group_cat-in_context-steps_2D-seed2,lovte66b,2026-07-20T08:05:55Z,gbm_group_cat,in_context,2,rmse,,0.9974309777076482,,1.0032259355751765,,,,,steps,2,272.0,0.2832583150532184,0.0,20.0,8.0,1000.0,-1.0,,,,,,,,,,,
gbm_group_cat-in_context-steps_2D-seed2,lyo7j7wz,2026-07-20T07:50:38Z,gbm_group_cat,in_context,2,rmse,,1.0307038412314566,,1.0363732496993512,,,,,steps,2,500.0,0.0364643955898072,0.0,100.0,8.0,500.0,-1.0,,,,,,,,,,,
gbm_group_cat-in_context-steps_2D-seed2,oa7xm3lz,2026-07-20T07:52:09Z,gbm_group_cat,in_context,2,rmse,,1.053989681627363,,1.0568955466106258,,,,,steps,2,141.0,0.53236175947515,0.0,1000.0,4.0,500.0,-1.0,,,,,,,,,,,
gbm_group_cat-in_context-steps_2D-seed2,q1bnboee,2026-07-20T08:10:11Z,gbm_group_cat,in_context,2,rmse,,1.0970771368299104,,1.1005648856933077,,,,,steps,2,500.0,0.0246366849342149,1.0,100.0,4.0,1000.0,-1.0,,,,,,,,,,,
gbm_group_cat-in_context-steps_2D-seed2,rodeubl1,2026-07-20T07:47:37Z,gbm_group_cat,in_context,2,rmse,,1.01385882609074,,1.0211304386626414,,,,,steps,2,500.0,0.0134928342680132,1.0,10.0,32.0,255.0,-1.0,,,,,,,,,,,
gbm_group_cat-in_context-steps_2D-seed2,shntqtpx,2026-07-20T08:12:28Z,gbm_group_cat,in_context,2,rmse,,0.974947357972098,,0.983577581064242,,,,,steps,2,500.0,0.0160785817337106,0.0,100.0,64.0,500.0,-1.0,,,,,,,,,,,
gbm_group_cat-in_context-steps_2D-seed2,ufqz2ee6,2026-07-20T08:06:59Z,gbm_group_cat,in_context,2,rmse,,1.0098313888600954,,1.0135196805993902,,,,,steps,2,497.0,0.2076764556616242,0.0,1000.0,64.0,500.0,-1.0,,,,,,,,,,,
gbm_group_cat-in_context-steps_2D-seed2,unhgnir8,2026-07-20T08:06:51Z,gbm_group_cat,in_context,2,rmse,,1.0008547896042272,,1.013718426801631,,,,,steps,2,121.0,0.5139503522154862,0.0,20.0,16.0,1000.0,-1.0,,,,,,,,,,,
gbm_group_cat-in_context-steps_2D-seed2,unjxvcpx,2026-07-20T08:21:21Z,gbm_group_cat,in_context,2,rmse,,0.97129099534108,,0.987580517192114,,,,,steps,2,174.0,0.1469982700231391,1.0,10.0,64.0,255.0,-1.0,,,,,,,,,,,
gbm_group_cat-in_context-steps_2D-seed2,wxmopdih,2026-07-20T08:16:32Z,gbm_group_cat,in_context,2,rmse,,0.9860161026068496,,0.9948497489780356,,,,,steps,2,500.0,0.0385852699847799,1.0,20.0,32.0,1000.0,-1.0,,,,,,,,,,,
gbm_group_cat-in_context-steps_2D-seed2,y0r8xoa7,2026-07-20T08:04:30Z,gbm_group_cat,in_context,2,rmse,,1.3586502598019952,,1.3657034243725,,,,,steps,2,31.0,0.7601812767003311,0.0,100.0,2.0,1000.0,-1.0,,,,,,,,,,,
gbm_group_cat-in_context-steps_2D-seed2,y2d5ub4p,2026-07-20T07:52:18Z,gbm_group_cat,in_context,2,rmse,,1.0527592311357878,,1.0575134625881073,,,,,steps,2,341.0,0.1110364731305462,0.0,100.0,4.0,500.0,-1.0,,,,,,,,,,,
gbm_group_cat-in_context-steps_2D-seed3,6ia61bpg,2026-07-20T08:41:47Z,gbm_group_cat,in_context,3,rmse,,1.1032145869016492,,1.1046516643669526,,,,,steps,2,500.0,0.0102358324351751,1.0,1000.0,32.0,255.0,-1.0,,,,,,,,,,,
gbm_group_cat-in_context-steps_2D-seed3,6jtwuu6d,2026-07-20T08:33:02Z,gbm_group_cat,in_context,3,rmse,,1.0453353281197784,,1.0471124323757235,,,,,steps,2,500.0,0.0364643955898072,0.0,100.0,8.0,500.0,-1.0,,,,,,,,,,,
gbm_group_cat-in_context-steps_2D-seed3,6z2k9iiv,2026-07-20T09:00:39Z,gbm_group_cat,in_context,3,rmse,,1.0407075458778807,,1.045196835282025,,,,,steps,2,15.0,0.8401272991858839,0.0,100.0,32.0,500.0,-1.0,,,,,,,,,,,
gbm_group_cat-in_context-steps_2D-seed3,8bhtm5lo,2026-07-20T08:48:49Z,gbm_group_cat,in_context,3,rmse,,1.0195942833636662,,1.0185915752240349,,,,,steps,2,129.0,0.5139503522154862,0.0,20.0,16.0,1000.0,-1.0,,,,,,,,,,,
gbm_group_cat-in_context-steps_2D-seed3,8ndxrtp7,2026-07-20T08:35:35Z,gbm_group_cat,in_context,3,rmse,,1.1043819288613397,,1.1054231378353947,,,,,steps,2,500.0,0.010325337616482,0.0,1000.0,32.0,500.0,-1.0,,,,,,,,,,,
gbm_group_cat-in_context-steps_2D-seed3,axwapwdi,2026-07-20T08:46:37Z,gbm_group_cat,in_context,3,rmse,,1.3809935749726008,,1.3755604754444588,,,,,steps,2,27.0,0.7601812767003311,0.0,100.0,2.0,1000.0,-1.0,,,,,,,,,,,
gbm_group_cat-in_context-steps_2D-seed3,byktrhfb,2026-07-20T08:46:54Z,gbm_group_cat,in_context,3,rmse,,1.091854223820417,,1.0917577546883217,,,,,steps,2,500.0,0.0374181665960717,0.0,20.0,4.0,1000.0,-1.0,,,,,,,,,,,
gbm_group_cat-in_context-steps_2D-seed3,cgpncw2m,2026-07-20T08:59:43Z,gbm_group_cat,in_context,3,rmse,,1.0236099962981429,,1.0255978594021429,,,,,steps,2,238.0,0.1723598576082492,0.0,100.0,8.0,500.0,-1.0,,,,,,,,,,,
gbm_group_cat-in_context-steps_2D-seed3,clhwrjsc,2026-07-20T08:27:01Z,gbm_group_cat,in_context,3,rmse,,0.9908883801788452,,0.9928339872845964,,,,,steps,2,498.0,0.056115164153345,0.0,10.0,32.0,255.0,-1.0,,,,,,,,,,,
gbm_group_cat-in_context-steps_2D-seed3,f2675wbw,2026-07-20T08:50:40Z,gbm_group_cat,in_context,3,rmse,,1.1152738452633548,,1.1134106859903032,,,,,steps,2,498.0,0.0246366849342149,1.0,100.0,4.0,1000.0,-1.0,,,,,,,,,,,
gbm_group_cat-in_context-steps_2D-seed3,f8z5oz2j,2026-07-20T08:35:23Z,gbm_group_cat,in_context,3,rmse,,1.035644987471203,,1.0386357394092276,,,,,steps,2,139.0,0.7234279845665414,0.0,1000.0,8.0,1000.0,-1.0,,,,,,,,,,,
gbm_group_cat-in_context-steps_2D-seed3,fp8kfdl6,2026-07-20T08:28:56Z,gbm_group_cat,in_context,3,rmse,,1.041136629593102,,1.0434252125646524,,,,,steps,2,500.0,0.040596116104843,0.0,20.0,8.0,500.0,-1.0,,,,,,,,,,,
gbm_group_cat-in_context-steps_2D-seed3,glts9hjj,2026-07-20T08:48:58Z,gbm_group_cat,in_context,3,rmse,,1.0289785326314989,,1.0332297876713916,,,,,steps,2,340.0,0.2076764556616242,0.0,1000.0,64.0,500.0,-1.0,,,,,,,,,,,
gbm_group_cat-in_context-steps_2D-seed3,j9l1vzfp,2026-07-20T08:34:23Z,gbm_group_cat,in_context,3,rmse,,1.0813728991769698,,1.0825274738284,,,,,steps,2,106.0,0.53236175947515,0.0,1000.0,4.0,500.0,-1.0,,,,,,,,,,,
gbm_group_cat-in_context-steps_2D-seed3,k3tm4p82,2026-07-20T08:53:40Z,gbm_group_cat,in_context,3,rmse,,0.9871568343212668,,0.9927848774290532,,,,,steps,2,500.0,0.0160785817337106,0.0,100.0,64.0,500.0,-1.0,,,,,,,,,,,
gbm_group_cat-in_context-steps_2D-seed3,k6yz28kt,2026-07-20T08:40:31Z,gbm_group_cat,in_context,3,rmse,,1.010381741994169,,1.0127394147110576,,,,,steps,2,357.0,0.0543959123656852,1.0,100.0,16.0,500.0,-1.0,,,,,,,,,,,
gbm_group_cat-in_context-steps_2D-seed3,kcy723v8,2026-07-20T08:38:03Z,gbm_group_cat,in_context,3,rmse,,1.0869887309122723,,1.088400215153122,,,,,steps,2,499.0,0.0371262417904053,1.0,1000.0,16.0,255.0,-1.0,,,,,,,,,,,
gbm_group_cat-in_context-steps_2D-seed3,kgkijop9,2026-07-20T08:48:13Z,gbm_group_cat,in_context,3,rmse,,0.9865030024318716,,0.9938943958944784,,,,,steps,2,274.0,0.1254449923662644,0.0,20.0,32.0,255.0,-1.0,,,,,,,,,,,
gbm_group_cat-in_context-steps_2D-seed3,lgjm8x9z,2026-07-20T08:30:15Z,gbm_group_cat,in_context,3,rmse,,1.0342976563569783,,1.036787237865864,,,,,steps,2,500.0,0.0134928342680132,1.0,10.0,32.0,255.0,-1.0,,,,,,,,,,,
gbm_group_cat-in_context-steps_2D-seed3,lpoh8qkm,2026-07-20T08:57:34Z,gbm_group_cat,in_context,3,rmse,,1.003904393748166,,1.0040151434760545,,,,,steps,2,489.0,0.0385852699847799,1.0,20.0,32.0,1000.0,-1.0,,,,,,,,,,,
gbm_group_cat-in_context-steps_2D-seed3,lqudvgqg,2026-07-20T09:00:03Z,gbm_group_cat,in_context,3,rmse,,1.381478020894493,,1.376595842071128,,,,,steps,2,494.0,0.056561272438125,1.0,100.0,2.0,500.0,-1.0,,,,,,,,,,,
gbm_group_cat-in_context-steps_2D-seed3,n5e36xr7,2026-07-20T08:46:41Z,gbm_group_cat,in_context,3,rmse,,1.0662349281498475,,1.068199401202468,,,,,steps,2,110.0,0.7452629792912638,0.0,100.0,4.0,1000.0,-1.0,,,,,,,,,,,
gbm_group_cat-in_context-steps_2D-seed3,nlvts1ds,2026-07-20T08:41:36Z,gbm_group_cat,in_context,3,rmse,,1.380896750256788,,1.375734659958515,,,,,steps,2,123.0,0.2409214543666476,1.0,1000.0,2.0,1000.0,-1.0,,,,,,,,,,,
gbm_group_cat-in_context-steps_2D-seed3,pzewqk5h,2026-07-20T09:00:43Z,gbm_group_cat,in_context,3,rmse,,1.0395404286319423,,1.04155524292504,,,,,steps,2,351.0,0.181466839845264,0.0,100.0,4.0,500.0,-1.0,,,,,,,,,,,
gbm_group_cat-in_context-steps_2D-seed3,svnw7f3f,2026-07-20T08:34:30Z,gbm_group_cat,in_context,3,rmse,,1.035296800270623,,1.0409874478473484,,,,,steps,2,500.0,0.1110364731305462,0.0,100.0,4.0,500.0,-1.0,,,,,,,,,,,
gbm_group_cat-in_context-steps_2D-seed3,vceczawm,2026-07-20T08:32:48Z,gbm_group_cat,in_context,3,rmse,,1.3811961478119923,,1.376178088605266,,,,,steps,2,266.0,0.1239996783684609,1.0,20.0,2.0,500.0,-1.0,,,,,,,,,,,
gbm_group_cat-in_context-steps_2D-seed3,vhb8pzcc,2026-07-20T08:46:47Z,gbm_group_cat,in_context,3,rmse,,1.0497051662777648,,1.048506450508382,,,,,steps,2,116.0,0.5421814280975649,0.0,20.0,4.0,1000.0,-1.0,,,,,,,,,,,
gbm_group_cat-in_context-steps_2D-seed3,vmp40epr,2026-07-20T08:47:51Z,gbm_group_cat,in_context,3,rmse,,1.0106873254834876,,1.0109673211646262,,,,,steps,2,277.0,0.2832583150532184,0.0,20.0,8.0,1000.0,-1.0,,,,,,,,,,,
gbm_group_cat-in_context-steps_2D-seed3,xce7tp9w,2026-07-20T08:51:38Z,gbm_group_cat,in_context,3,rmse,,1.018638358666543,,1.024215309846938,,,,,steps,2,369.0,0.2952174928235017,0.0,1000.0,32.0,1000.0,-1.0,,,,,,,,,,,
gbm_group_cat-in_context-steps_2D-seed3,xuq30bro,2026-07-20T08:41:42Z,gbm_group_cat,in_context,3,rmse,,1.0187128405341233,,1.024113224247362,,,,,steps,2,37.0,0.6321732490144019,0.0,100.0,32.0,1000.0,-1.0,,,,,,,,,,,
gbm_group_cat-in_context-steps_2D-seed3,xyy14ecu,2026-07-20T08:44:17Z,gbm_group_cat,in_context,3,rmse,,1.002992637567313,,1.0067311097824525,,,,,steps,2,500.0,0.0339160084943861,1.0,20.0,32.0,500.0,-1.0,,,,,,,,,,,
gbm_group_cat-in_context-steps_2D-seed3,zuf3e7np,2026-07-20T09:01:10Z,gbm_group_cat,in_context,3,rmse,,0.9965086335688887,,1.0011421304469872,,,,,steps,2,64.0,0.1469982700231391,1.0,10.0,64.0,255.0,-1.0,,,,,,,,,,,
gbm_group_cat-in_context-steps_2D-seed4,00pym60t,2026-07-20T09:16:28Z,gbm_group_cat,in_context,4,rmse,,1.039428849081459,,1.033120954362501,,,,,steps,2,253.0,0.53236175947515,0.0,1000.0,4.0,500.0,-1.0,,,,,,,,,,,
gbm_group_cat-in_context-steps_2D-seed4,0fkm5ehf,2026-07-20T09:12:04Z,gbm_group_cat,in_context,4,rmse,,1.0238705760239548,,1.0134428763288168,,,,,steps,2,500.0,0.0134928342680132,1.0,10.0,32.0,255.0,-1.0,,,,,,,,,,,
gbm_group_cat-in_context-steps_2D-seed4,14kdvgkb,2026-07-20T09:41:26Z,gbm_group_cat,in_context,4,rmse,,0.9917375938021196,,0.9830200939538648,,,,,steps,2,499.0,0.0385852699847799,1.0,20.0,32.0,1000.0,-1.0,,,,,,,,,,,
gbm_group_cat-in_context-steps_2D-seed4,4mablpjv,2026-07-20T09:27:18Z,gbm_group_cat,in_context,4,rmse,,0.9982199889726372,,0.989649929352921,,,,,steps,2,500.0,0.0339160084943861,1.0,20.0,32.0,500.0,-1.0,,,,,,,,,,,
gbm_group_cat-in_context-steps_2D-seed4,536d09fu,2026-07-20T09:43:44Z,gbm_group_cat,in_context,4,rmse,,1.0186643475750767,,1.009957043522311,,,,,steps,2,191.0,0.1723598576082492,0.0,100.0,8.0,500.0,-1.0,,,,,,,,,,,
gbm_group_cat-in_context-steps_2D-seed4,6p18n0ha,2026-07-20T09:17:27Z,gbm_group_cat,in_context,4,rmse,,1.0848780602703645,,1.0752086928295923,,,,,steps,2,500.0,0.010325337616482,0.0,1000.0,32.0,500.0,-1.0,,,,,,,,,,,
gbm_group_cat-in_context-steps_2D-seed4,7wc9a9i2,2026-07-20T09:17:19Z,gbm_group_cat,in_context,4,rmse,,1.0338089914040147,,1.0251194906911407,,,,,steps,2,93.0,0.7234279845665414,0.0,1000.0,8.0,1000.0,-1.0,,,,,,,,,,,
gbm_group_cat-in_context-steps_2D-seed4,8xagsocp,2026-07-20T09:15:01Z,gbm_group_cat,in_context,4,rmse,,1.03190151380191,,1.0239148093720647,,,,,steps,2,500.0,0.0364643955898072,0.0,100.0,8.0,500.0,-1.0,,,,,,,,,,,
gbm_group_cat-in_context-steps_2D-seed4,b9rqd6nx,2026-07-20T09:24:33Z,gbm_group_cat,in_context,4,rmse,,1.3731789856812788,,1.368699181477864,,,,,steps,2,131.0,0.2409214543666476,1.0,1000.0,2.0,1000.0,-1.0,,,,,,,,,,,
gbm_group_cat-in_context-steps_2D-seed4,dzen9wvk,2026-07-20T09:08:32Z,gbm_group_cat,in_context,4,rmse,,0.9801467941569668,,0.9715267772426208,,,,,steps,2,500.0,0.056115164153345,0.0,10.0,32.0,255.0,-1.0,,,,,,,,,,,
gbm_group_cat-in_context-steps_2D-seed4,fpzn8hwp,2026-07-20T09:35:45Z,gbm_group_cat,in_context,4,rmse,,1.1008315386167888,,1.0952067332172222,,,,,steps,2,500.0,0.0246366849342149,1.0,100.0,4.0,1000.0,-1.0,,,,,,,,,,,
gbm_group_cat-in_context-steps_2D-seed4,hznmear4,2026-07-20T09:10:38Z,gbm_group_cat,in_context,4,rmse,,1.0290706466817898,,1.0209855545024082,,,,,steps,2,500.0,0.040596116104843,0.0,20.0,8.0,500.0,-1.0,,,,,,,,,,,
gbm_group_cat-in_context-steps_2D-seed4,ihrbp58m,2026-07-20T09:19:59Z,gbm_group_cat,in_context,4,rmse,,1.0610610569653585,,1.0501178595988756,,,,,steps,2,500.0,0.0371262417904053,1.0,1000.0,16.0,255.0,-1.0,,,,,,,,,,,
gbm_group_cat-in_context-steps_2D-seed4,juyht91a,2026-07-20T09:14:47Z,gbm_group_cat,in_context,4,rmse,,1.3731684090702294,,1.3688094004545672,,,,,steps,2,270.0,0.1239996783684609,1.0,20.0,2.0,500.0,-1.0,,,,,,,,,,,
gbm_group_cat-in_context-steps_2D-seed4,kcphpwxz,2026-07-20T09:29:40Z,gbm_group_cat,in_context,4,rmse,,1.373559988169048,,1.3694592375769878,,,,,steps,2,29.0,0.7601812767003311,0.0,100.0,2.0,1000.0,-1.0,,,,,,,,,,,
gbm_group_cat-in_context-steps_2D-seed4,nbi0mioc,2026-07-20T09:24:45Z,gbm_group_cat,in_context,4,rmse,,1.086460738995893,,1.075787556410161,,,,,steps,2,500.0,0.0102358324351751,1.0,1000.0,32.0,255.0,-1.0,,,,,,,,,,,
gbm_group_cat-in_context-steps_2D-seed4,nzbinj96,2026-07-20T09:31:18Z,gbm_group_cat,in_context,4,rmse,,0.9782420974705508,,0.9702354432989916,,,,,steps,2,499.0,0.1254449923662644,0.0,20.0,32.0,255.0,-1.0,,,,,,,,,,,
gbm_group_cat-in_context-steps_2D-seed4,obvg4ldw,2026-07-20T09:22:36Z,gbm_group_cat,in_context,4,rmse,,1.0012112723688016,,0.9915131640616326,,,,,steps,2,500.0,0.0543959123656852,1.0,100.0,16.0,500.0,-1.0,,,,,,,,,,,
gbm_group_cat-in_context-steps_2D-seed4,pit0ewp4,2026-07-20T09:37:30Z,gbm_group_cat,in_context,4,rmse,,0.9869378075860542,,0.9796639845518992,,,,,steps,2,500.0,0.0160785817337106,0.0,100.0,64.0,500.0,-1.0,,,,,,,,,,,
gbm_group_cat-in_context-steps_2D-seed4,qcoymgdu,2026-07-20T09:36:44Z,gbm_group_cat,in_context,4,rmse,,1.0168526024011746,,1.007661106141699,,,,,steps,2,217.0,0.2952174928235017,0.0,1000.0,32.0,1000.0,-1.0,,,,,,,,,,,
gbm_group_cat-in_context-steps_2D-seed4,qdfq5q6b,2026-07-20T09:16:47Z,gbm_group_cat,in_context,4,rmse,,1.046277626242155,,1.0389715877708912,,,,,steps,2,370.0,0.1110364731305462,0.0,100.0,4.0,500.0,-1.0,,,,,,,,,,,
gbm_group_cat-in_context-steps_2D-seed4,qoss14e6,2026-07-20T09:44:51Z,gbm_group_cat,in_context,4,rmse,,0.9849420073022572,,0.97299892619848,,,,,steps,2,148.0,0.1469982700231391,1.0,10.0,64.0,255.0,-1.0,,,,,,,,,,,
gbm_group_cat-in_context-steps_2D-seed4,qra7ampl,2026-07-20T09:29:44Z,gbm_group_cat,in_context,4,rmse,,1.042276709877676,,1.039049644281669,,,,,steps,2,210.0,0.7452629792912638,0.0,100.0,4.0,1000.0,-1.0,,,,,,,,,,,
gbm_group_cat-in_context-steps_2D-seed4,qy99k5xg,2026-07-20T09:24:39Z,gbm_group_cat,in_context,4,rmse,,1.00559448961259,,1.0035017073070425,,,,,steps,2,54.0,0.6321732490144019,0.0,100.0,32.0,1000.0,-1.0,,,,,,,,,,,
gbm_group_cat-in_context-steps_2D-seed4,r39m4d1q,2026-07-20T09:31:04Z,gbm_group_cat,in_context,4,rmse,,1.0072971769599657,,0.9986264791393984,,,,,steps,2,207.0,0.2832583150532184,0.0,20.0,8.0,1000.0,-1.0,,,,,,,,,,,
gbm_group_cat-in_context-steps_2D-seed4,t1h27kih,2026-07-20T09:33:04Z,gbm_group_cat,in_context,4,rmse,,1.0104684346261494,,1.0058546868385314,,,,,steps,2,63.0,0.5139503522154862,0.0,20.0,16.0,1000.0,-1.0,,,,,,,,,,,
gbm_group_cat-in_context-steps_2D-seed4,u166d1nv,2026-07-20T09:29:57Z,gbm_group_cat,in_context,4,rmse,,1.038768595939367,,1.0293801013227275,,,,,steps,2,182.0,0.5421814280975649,0.0,20.0,4.0,1000.0,-1.0,,,,,,,,,,,
gbm_group_cat-in_context-steps_2D-seed4,uu8vo491,2026-07-20T09:43:57Z,gbm_group_cat,in_context,4,rmse,,1.3736109813779027,,1.3689949425217125,,,,,steps,2,498.0,0.056561272438125,1.0,100.0,2.0,500.0,-1.0,,,,,,,,,,,
gbm_group_cat-in_context-steps_2D-seed4,uvq6s3r6,2026-07-20T09:30:06Z,gbm_group_cat,in_context,4,rmse,,1.081436419520372,,1.0762527330518028,,,,,steps,2,498.0,0.0374181665960717,0.0,20.0,4.0,1000.0,-1.0,,,,,,,,,,,
gbm_group_cat-in_context-steps_2D-seed4,vfg9ysjd,2026-07-20T09:44:36Z,gbm_group_cat,in_context,4,rmse,,1.0446087263756836,,1.0383561932154095,,,,,steps,2,242.0,0.181466839845264,0.0,100.0,4.0,500.0,-1.0,,,,,,,,,,,
gbm_group_cat-in_context-steps_2D-seed4,y8ehx37u,2026-07-20T09:44:31Z,gbm_group_cat,in_context,4,rmse,,1.0287414812298967,,1.0193647620770718,,,,,steps,2,26.0,0.8401272991858839,0.0,100.0,32.0,500.0,-1.0,,,,,,,,,,,
gbm_group_cat-in_context-steps_2D-seed4,yfswqmta,2026-07-20T09:33:09Z,gbm_group_cat,in_context,4,rmse,,1.0127711914027258,,1.0004323895283906,,,,,steps,2,421.0,0.2076764556616242,0.0,1000.0,64.0,500.0,-1.0,,,,,,,,,,,
gbm_group_cat-few_shot-steps_2D-seed0,09mazk6r,2026-07-20T06:58:43Z,gbm_group_cat,few_shot,0,rmse,,1.138076901154581,,1.1173684385100326,,,,,steps,2,53.0,0.056115164153345,0.0,10.0,32.0,255.0,-1.0,,,,,,,,,,,
gbm_group_cat-few_shot-steps_2D-seed0,2x2rz9z2,2026-07-20T07:01:27Z,gbm_group_cat,few_shot,0,rmse,,1.1425162949397891,,1.1235879718275297,,,,,steps,2,8.0,0.2076764556616242,0.0,1000.0,64.0,500.0,-1.0,,,,,,,,,,,
gbm_group_cat-few_shot-steps_2D-seed0,4tjde5ki,2026-07-20T07:00:55Z,gbm_group_cat,few_shot,0,rmse,,1.1515395430705992,,1.1322404972805435,,,,,steps,2,496.0,0.0374181665960717,0.0,20.0,4.0,1000.0,-1.0,,,,,,,,,,,
gbm_group_cat-few_shot-steps_2D-seed0,51gr6klo,2026-07-20T07:01:31Z,gbm_group_cat,few_shot,0,rmse,,1.1548786949462415,,1.1355041610996657,,,,,steps,2,500.0,0.0246366849342149,1.0,100.0,4.0,1000.0,-1.0,,,,,,,,,,,
gbm_group_cat-few_shot-steps_2D-seed0,5dk5r5fe,2026-07-20T06:59:25Z,gbm_group_cat,few_shot,0,rmse,,1.145220989852141,,1.1240586175453045,,,,,steps,2,253.0,0.1110364731305462,0.0,100.0,4.0,500.0,-1.0,,,,,,,,,,,
gbm_group_cat-few_shot-steps_2D-seed0,5xjo6tlb,2026-07-20T07:01:24Z,gbm_group_cat,few_shot,0,rmse,,1.1356557468539732,,1.1173763562306107,,,,,steps,2,7.0,0.5139503522154862,0.0,20.0,16.0,1000.0,-1.0,,,,,,,,,,,
gbm_group_cat-few_shot-steps_2D-seed0,5xy5rlzf,2026-07-20T07:02:15Z,gbm_group_cat,few_shot,0,rmse,,1.1371448593907767,,1.116164147503725,,,,,steps,2,51.0,0.1723598576082492,0.0,100.0,8.0,500.0,-1.0,,,,,,,,,,,
gbm_group_cat-few_shot-steps_2D-seed0,72d3ahxv,2026-07-20T07:01:58Z,gbm_group_cat,few_shot,0,rmse,,1.1354363422033529,,1.114191727413057,,,,,steps,2,151.0,0.0160785817337106,0.0,100.0,64.0,500.0,-1.0,,,,,,,,,,,
gbm_group_cat-few_shot-steps_2D-seed0,91gswywr,2026-07-20T06:58:47Z,gbm_group_cat,few_shot,0,rmse,,1.1378040544540111,,1.1170046804033684,,,,,steps,2,157.0,0.040596116104843,0.0,20.0,8.0,500.0,-1.0,,,,,,,,,,,
gbm_group_cat-few_shot-steps_2D-seed0,b7odbhnc,2026-07-20T07:00:48Z,gbm_group_cat,few_shot,0,rmse,,1.1491247737259669,,1.1270146909042864,,,,,steps,2,33.0,0.7452629792912638,0.0,100.0,4.0,1000.0,-1.0,,,,,,,,,,,
gbm_group_cat-few_shot-steps_2D-seed0,cq8qbzb2,2026-07-20T07:02:39Z,gbm_group_cat,few_shot,0,rmse,,1.1419852927160106,,1.1206580422093493,,,,,steps,2,216.0,0.181466839845264,0.0,100.0,4.0,500.0,-1.0,,,,,,,,,,,
gbm_group_cat-few_shot-steps_2D-seed0,f617tm0h,2026-07-20T07:02:36Z,gbm_group_cat,few_shot,0,rmse,,1.1378698838075234,,1.1187696850431867,,,,,steps,2,2.0,0.8401272991858839,0.0,100.0,32.0,500.0,-1.0,,,,,,,,,,,
gbm_group_cat-few_shot-steps_2D-seed0,fjamtt0v,2026-07-20T06:59:14Z,gbm_group_cat,few_shot,0,rmse,,1.1373116167624528,,1.1166281982917596,,,,,steps,2,177.0,0.0364643955898072,0.0,100.0,8.0,500.0,-1.0,,,,,,,,,,,
gbm_group_cat-few_shot-steps_2D-seed0,h4u8kqit,2026-07-20T06:59:07Z,gbm_group_cat,few_shot,0,rmse,,1.389016595108816,,1.3808358084948391,,,,,steps,2,210.0,0.1239996783684609,1.0,20.0,2.0,500.0,-1.0,,,,,,,,,,,
gbm_group_cat-few_shot-steps_2D-seed0,h7kc5qt7,2026-07-20T07:00:04Z,gbm_group_cat,few_shot,0,rmse,,1.3891130972141683,,1.3807617763734688,,,,,steps,2,108.0,0.2409214543666476,1.0,1000.0,2.0,1000.0,-1.0,,,,,,,,,,,
gbm_group_cat-few_shot-steps_2D-seed0,igh9mv7p,2026-07-20T07:01:54Z,gbm_group_cat,few_shot,0,rmse,,1.138193613561867,,1.1175610895933377,,,,,steps,2,10.0,0.2952174928235017,0.0,1000.0,32.0,1000.0,-1.0,,,,,,,,,,,
gbm_group_cat-few_shot-steps_2D-seed0,janup1t6,2026-07-20T07:00:39Z,gbm_group_cat,few_shot,0,rmse,,1.135808426440453,,1.1152402253000857,,,,,steps,2,85.0,0.0339160084943861,1.0,20.0,32.0,500.0,-1.0,,,,,,,,,,,
gbm_group_cat-few_shot-steps_2D-seed0,k4ql1clq,2026-07-20T07:00:45Z,gbm_group_cat,few_shot,0,rmse,,1.3896556446866668,,1.3804668588636884,,,,,steps,2,26.0,0.7601812767003311,0.0,100.0,2.0,1000.0,-1.0,,,,,,,,,,,
gbm_group_cat-few_shot-steps_2D-seed0,kfiid3vw,2026-07-20T07:00:52Z,gbm_group_cat,few_shot,0,rmse,,1.1480070591668103,,1.1257104596580407,,,,,steps,2,33.0,0.5421814280975649,0.0,20.0,4.0,1000.0,-1.0,,,,,,,,,,,
gbm_group_cat-few_shot-steps_2D-seed0,ku40f94s,2026-07-20T07:00:08Z,gbm_group_cat,few_shot,0,rmse,,1.1354794671655613,,1.1174016269634834,,,,,steps,2,3.0,0.6321732490144019,0.0,100.0,32.0,1000.0,-1.0,,,,,,,,,,,
gbm_group_cat-few_shot-steps_2D-seed0,llast6bc,2026-07-20T06:59:33Z,gbm_group_cat,few_shot,0,rmse,,1.1400568186203857,,1.1156387536211816,,,,,steps,2,12.0,0.7234279845665414,0.0,1000.0,8.0,1000.0,-1.0,,,,,,,,,,,
gbm_group_cat-few_shot-steps_2D-seed0,m6ndp5eq,2026-07-20T07:02:19Z,gbm_group_cat,few_shot,0,rmse,,1.3890340054509305,,1.3808437361320698,,,,,steps,2,483.0,0.056561272438125,1.0,100.0,2.0,500.0,-1.0,,,,,,,,,,,
gbm_group_cat-few_shot-steps_2D-seed0,mtdhznnx,2026-07-20T07:01:20Z,gbm_group_cat,few_shot,0,rmse,,1.138487651139212,,1.1180162723975082,,,,,steps,2,23.0,0.1254449923662644,0.0,20.0,32.0,255.0,-1.0,,,,,,,,,,,
gbm_group_cat-few_shot-steps_2D-seed0,r29a8qqg,2026-07-20T07:01:16Z,gbm_group_cat,few_shot,0,rmse,,1.1372713380873771,,1.117619360887815,,,,,steps,2,20.0,0.2832583150532184,0.0,20.0,8.0,1000.0,-1.0,,,,,,,,,,,
gbm_group_cat-few_shot-steps_2D-seed0,t435uh7i,2026-07-20T06:59:59Z,gbm_group_cat,few_shot,0,rmse,,1.1348962059096468,,1.115417936134688,,,,,steps,2,55.0,0.0543959123656852,1.0,100.0,16.0,500.0,-1.0,,,,,,,,,,,
gbm_group_cat-few_shot-steps_2D-seed0,td5wymfv,2026-07-20T06:59:21Z,gbm_group_cat,few_shot,0,rmse,,1.1443860276657885,,1.1207898003821346,,,,,steps,2,31.0,0.53236175947515,0.0,1000.0,4.0,500.0,-1.0,,,,,,,,,,,
gbm_group_cat-few_shot-steps_2D-seed0,u0xxlo04,2026-07-20T06:59:36Z,gbm_group_cat,few_shot,0,rmse,,1.1401613645522324,,1.118863079356294,,,,,steps,2,220.0,0.010325337616482,0.0,1000.0,32.0,500.0,-1.0,,,,,,,,,,,
gbm_group_cat-few_shot-steps_2D-seed0,w31qy1uz,2026-07-20T07:02:46Z,gbm_group_cat,few_shot,0,rmse,,1.138043597640016,,1.116532999384451,,,,,steps,2,16.0,0.1469982700231391,1.0,10.0,64.0,255.0,-1.0,,,,,,,,,,,
gbm_group_cat-few_shot-steps_2D-seed0,wx5mir5j,2026-07-20T07:02:10Z,gbm_group_cat,few_shot,0,rmse,,1.1345397729214413,,1.115555798384303,,,,,steps,2,71.0,0.0385852699847799,1.0,20.0,32.0,1000.0,-1.0,,,,,,,,,,,
gbm_group_cat-few_shot-steps_2D-seed0,x9q1ocvx,2026-07-20T06:59:54Z,gbm_group_cat,few_shot,0,rmse,,1.1388032930838676,,1.1175290407497218,,,,,steps,2,85.0,0.0371262417904053,1.0,1000.0,16.0,255.0,-1.0,,,,,,,,,,,
gbm_group_cat-few_shot-steps_2D-seed0,xqedamea,2026-07-20T07:00:11Z,gbm_group_cat,few_shot,0,rmse,,1.1400996721900831,,1.118037172236077,,,,,steps,2,270.0,0.0102358324351751,1.0,1000.0,32.0,255.0,-1.0,,,,,,,,,,,
gbm_group_cat-few_shot-steps_2D-seed0,zxszhha8,2026-07-20T06:58:53Z,gbm_group_cat,few_shot,0,rmse,,1.1380044542150365,,1.117376480700098,,,,,steps,2,213.0,0.0134928342680132,1.0,10.0,32.0,255.0,-1.0,,,,,,,,,,,
gbm_group_cat-few_shot-steps_2D-seed1,0nlr0jq4,2026-07-20T07:42:41Z,gbm_group_cat,few_shot,1,rmse,,1.1148842511504644,,1.1047499363031386,,,,,steps,2,109.0,0.5421814280975649,0.0,20.0,4.0,1000.0,-1.0,,,,,,,,,,,
gbm_group_cat-few_shot-steps_2D-seed1,0u16tbso,2026-07-20T07:41:57Z,gbm_group_cat,few_shot,1,rmse,,1.115329316421995,,1.0990244422110529,,,,,steps,2,265.0,0.0102358324351751,1.0,1000.0,32.0,255.0,-1.0,,,,,,,,,,,
gbm_group_cat-few_shot-steps_2D-seed1,1gf6ymmt,2026-07-20T07:42:37Z,gbm_group_cat,few_shot,1,rmse,,1.116543342263404,,1.1052141757174054,,,,,steps,2,39.0,0.7452629792912638,0.0,100.0,4.0,1000.0,-1.0,,,,,,,,,,,
gbm_group_cat-few_shot-steps_2D-seed1,1ufn55wg,2026-07-20T07:40:07Z,gbm_group_cat,few_shot,1,rmse,,1.1146132019405517,,1.099305386339338,,,,,steps,2,229.0,0.0134928342680132,1.0,10.0,32.0,255.0,-1.0,,,,,,,,,,,
gbm_group_cat-few_shot-steps_2D-seed1,220w3nxq,2026-07-20T07:44:37Z,gbm_group_cat,few_shot,1,rmse,,1.1126262977846366,,1.1012565462061434,,,,,steps,2,351.0,0.181466839845264,0.0,100.0,4.0,500.0,-1.0,,,,,,,,,,,
gbm_group_cat-few_shot-steps_2D-seed1,29efktlg,2026-07-20T07:44:17Z,gbm_group_cat,few_shot,1,rmse,,1.3809045819756665,,1.3743586697465926,,,,,steps,2,497.0,0.056561272438125,1.0,100.0,2.0,500.0,-1.0,,,,,,,,,,,
gbm_group_cat-few_shot-steps_2D-seed1,84u8vtne,2026-07-20T07:43:45Z,gbm_group_cat,few_shot,1,rmse,,1.1116311867766158,,1.0967449887251235,,,,,steps,2,8.0,0.2952174928235017,0.0,1000.0,32.0,1000.0,-1.0,,,,,,,,,,,
gbm_group_cat-few_shot-steps_2D-seed1,aq6rlwjx,2026-07-20T07:41:38Z,gbm_group_cat,few_shot,1,rmse,,1.1136543253871083,,1.0985134110906436,,,,,steps,2,87.0,0.0371262417904053,1.0,1000.0,16.0,255.0,-1.0,,,,,,,,,,,
gbm_group_cat-few_shot-steps_2D-seed1,di36rxnd,2026-07-20T07:43:15Z,gbm_group_cat,few_shot,1,rmse,,1.112227368732294,,1.0960226594723232,,,,,steps,2,6.0,0.5139503522154862,0.0,20.0,16.0,1000.0,-1.0,,,,,,,,,,,
gbm_group_cat-few_shot-steps_2D-seed1,fz4gky2o,2026-07-20T07:44:50Z,gbm_group_cat,few_shot,1,rmse,,1.1166319536587537,,1.100297328851224,,,,,steps,2,19.0,0.1469982700231391,1.0,10.0,64.0,255.0,-1.0,,,,,,,,,,,
gbm_group_cat-few_shot-steps_2D-seed1,gm0ik64p,2026-07-20T07:39:48Z,gbm_group_cat,few_shot,1,rmse,,1.1140566732413006,,1.098362643823929,,,,,steps,2,88.0,0.056115164153345,0.0,10.0,32.0,255.0,-1.0,,,,,,,,,,,
gbm_group_cat-few_shot-steps_2D-seed1,id88oci2,2026-07-20T07:43:22Z,gbm_group_cat,few_shot,1,rmse,,1.1274429352331958,,1.117241608704947,,,,,steps,2,500.0,0.0246366849342149,1.0,100.0,4.0,1000.0,-1.0,,,,,,,,,,,
gbm_group_cat-few_shot-steps_2D-seed1,j38aelsn,2026-07-20T07:41:43Z,gbm_group_cat,few_shot,1,rmse,,1.1108616295314135,,1.096776100767847,,,,,steps,2,141.0,0.0543959123656852,1.0,100.0,16.0,500.0,-1.0,,,,,,,,,,,
gbm_group_cat-few_shot-steps_2D-seed1,j3xtd26o,2026-07-20T07:43:49Z,gbm_group_cat,few_shot,1,rmse,,1.1121744303571934,,1.0969727195185397,,,,,steps,2,182.0,0.0160785817337106,0.0,100.0,64.0,500.0,-1.0,,,,,,,,,,,
gbm_group_cat-few_shot-steps_2D-seed1,jmw9um6w,2026-07-20T07:41:54Z,gbm_group_cat,few_shot,1,rmse,,1.1105781888036634,,1.0962048595057865,,,,,steps,2,7.0,0.6321732490144019,0.0,100.0,32.0,1000.0,-1.0,,,,,,,,,,,
gbm_group_cat-few_shot-steps_2D-seed1,jxw3i5vw,2026-07-20T07:40:54Z,gbm_group_cat,few_shot,1,rmse,,1.114919952282982,,1.1020223046820927,,,,,steps,2,376.0,0.1110364731305462,0.0,100.0,4.0,500.0,-1.0,,,,,,,,,,,
gbm_group_cat-few_shot-steps_2D-seed1,k44fgy6v,2026-07-20T07:42:25Z,gbm_group_cat,few_shot,1,rmse,,1.111011419150998,,1.0965670091761242,,,,,steps,2,143.0,0.0339160084943861,1.0,20.0,32.0,500.0,-1.0,,,,,,,,,,,
gbm_group_cat-few_shot-steps_2D-seed1,l0kwu0s6,2026-07-20T07:43:07Z,gbm_group_cat,few_shot,1,rmse,,1.1115153601565746,,1.100739917635806,,,,,steps,2,55.0,0.2832583150532184,0.0,20.0,8.0,1000.0,-1.0,,,,,,,,,,,
gbm_group_cat-few_shot-steps_2D-seed1,lchj5du0,2026-07-20T07:40:30Z,gbm_group_cat,few_shot,1,rmse,,1.1106918898470477,,1.0975370039782202,,,,,steps,2,369.0,0.0364643955898072,0.0,100.0,8.0,500.0,-1.0,,,,,,,,,,,
gbm_group_cat-few_shot-steps_2D-seed1,ny7px3bo,2026-07-20T07:44:12Z,gbm_group_cat,few_shot,1,rmse,,1.1108027013496249,,1.0978190067271163,,,,,steps,2,99.0,0.1723598576082492,0.0,100.0,8.0,500.0,-1.0,,,,,,,,,,,
gbm_group_cat-few_shot-steps_2D-seed1,plx1yg2w,2026-07-20T07:40:22Z,gbm_group_cat,few_shot,1,rmse,,1.3805952718712662,,1.3738669220208426,,,,,steps,2,257.0,0.1239996783684609,1.0,20.0,2.0,500.0,-1.0,,,,,,,,,,,
gbm_group_cat-few_shot-steps_2D-seed1,pr14qqvq,2026-07-20T07:43:19Z,gbm_group_cat,few_shot,1,rmse,,1.114549984612486,,1.0976549575405414,,,,,steps,2,12.0,0.2076764556616242,0.0,1000.0,64.0,500.0,-1.0,,,,,,,,,,,
gbm_group_cat-few_shot-steps_2D-seed1,q5een6bw,2026-07-20T07:42:45Z,gbm_group_cat,few_shot,1,rmse,,1.121242113001098,,1.1108077864959032,,,,,steps,2,498.0,0.0374181665960717,0.0,20.0,4.0,1000.0,-1.0,,,,,,,,,,,
gbm_group_cat-few_shot-steps_2D-seed1,rshrj35s,2026-07-20T07:40:50Z,gbm_group_cat,few_shot,1,rmse,,1.118739327598527,,1.1070960503519427,,,,,steps,2,36.0,0.53236175947515,0.0,1000.0,4.0,500.0,-1.0,,,,,,,,,,,
gbm_group_cat-few_shot-steps_2D-seed1,semdj6jb,2026-07-20T07:39:54Z,gbm_group_cat,few_shot,1,rmse,,1.1106332218083912,,1.097963897895759,,,,,steps,2,303.0,0.040596116104843,0.0,20.0,8.0,500.0,-1.0,,,,,,,,,,,
gbm_group_cat-few_shot-steps_2D-seed1,u4chic24,2026-07-20T07:41:11Z,gbm_group_cat,few_shot,1,rmse,,1.1123135079068402,,1.0967312243005178,,,,,steps,2,263.0,0.010325337616482,0.0,1000.0,32.0,500.0,-1.0,,,,,,,,,,,
gbm_group_cat-few_shot-steps_2D-seed1,uc3vb9wm,2026-07-20T07:44:05Z,gbm_group_cat,few_shot,1,rmse,,1.1110359476782834,,1.0971059230752498,,,,,steps,2,131.0,0.0385852699847799,1.0,20.0,32.0,1000.0,-1.0,,,,,,,,,,,
gbm_group_cat-few_shot-steps_2D-seed1,ul0yisnb,2026-07-20T07:44:33Z,gbm_group_cat,few_shot,1,rmse,,1.1127242769641197,,1.0986246832906204,,,,,steps,2,6.0,0.8401272991858839,0.0,100.0,32.0,500.0,-1.0,,,,,,,,,,,
gbm_group_cat-few_shot-steps_2D-seed1,vn3dldsr,2026-07-20T07:41:08Z,gbm_group_cat,few_shot,1,rmse,,1.1134490258231744,,1.0999148897014948,,,,,steps,2,7.0,0.7234279845665414,0.0,1000.0,8.0,1000.0,-1.0,,,,,,,,,,,
gbm_group_cat-few_shot-steps_2D-seed1,xadeh6hs,2026-07-20T07:43:11Z,gbm_group_cat,few_shot,1,rmse,,1.114558485221016,,1.0992679008639803,,,,,steps,2,62.0,0.1254449923662644,0.0,20.0,32.0,255.0,-1.0,,,,,,,,,,,
gbm_group_cat-few_shot-steps_2D-seed1,ydvaajgx,2026-07-20T07:41:49Z,gbm_group_cat,few_shot,1,rmse,,1.380747963397332,,1.3737235364908458,,,,,steps,2,121.0,0.2409214543666476,1.0,1000.0,2.0,1000.0,-1.0,,,,,,,,,,,
gbm_group_cat-few_shot-steps_2D-seed1,zrdaejpe,2026-07-20T07:42:33Z,gbm_group_cat,few_shot,1,rmse,,1.3808127033158204,,1.373186372155618,,,,,steps,2,31.0,0.7601812767003311,0.0,100.0,2.0,1000.0,-1.0,,,,,,,,,,,
gbm_group_cat-few_shot-steps_2D-seed2,3lzhfrki,2026-07-20T08:25:15Z,gbm_group_cat,few_shot,2,rmse,,1.1008951440118584,,1.1444482159887153,,,,,steps,2,22.0,0.1254449923662644,0.0,20.0,32.0,255.0,-1.0,,,,,,,,,,,
gbm_group_cat-few_shot-steps_2D-seed2,4hsxapyg,2026-07-20T08:23:47Z,gbm_group_cat,few_shot,2,rmse,,1.0991720317936613,,1.1441590528151289,,,,,steps,2,110.0,0.0543959123656852,1.0,100.0,16.0,500.0,-1.0,,,,,,,,,,,
gbm_group_cat-few_shot-steps_2D-seed2,4jyqd1tx,2026-07-20T08:24:50Z,gbm_group_cat,few_shot,2,rmse,,1.1121346336707811,,1.1601132510130032,,,,,steps,2,488.0,0.0374181665960717,0.0,20.0,4.0,1000.0,-1.0,,,,,,,,,,,
gbm_group_cat-few_shot-steps_2D-seed2,4nt0of3u,2026-07-20T08:23:58Z,gbm_group_cat,few_shot,2,rmse,,1.0982433023706952,,1.1462963021299526,,,,,steps,2,3.0,0.6321732490144019,0.0,100.0,32.0,1000.0,-1.0,,,,,,,,,,,
gbm_group_cat-few_shot-steps_2D-seed2,4rrni1xk,2026-07-20T08:26:41Z,gbm_group_cat,few_shot,2,rmse,,1.1068428843647296,,1.1565733354919872,,,,,steps,2,133.0,0.181466839845264,0.0,100.0,4.0,500.0,-1.0,,,,,,,,,,,
gbm_group_cat-few_shot-steps_2D-seed2,6cm2z687,2026-07-20T08:22:03Z,gbm_group_cat,few_shot,2,rmse,,1.0997368090762552,,1.1441943516983808,,,,,steps,2,290.0,0.040596116104843,0.0,20.0,8.0,500.0,-1.0,,,,,,,,,,,
gbm_group_cat-few_shot-steps_2D-seed2,6eoz741g,2026-07-20T08:26:07Z,gbm_group_cat,few_shot,2,rmse,,1.0987465163470684,,1.14295104164696,,,,,steps,2,169.0,0.0385852699847799,1.0,20.0,32.0,1000.0,-1.0,,,,,,,,,,,
gbm_group_cat-few_shot-steps_2D-seed2,77ikwlo7,2026-07-20T08:26:17Z,gbm_group_cat,few_shot,2,rmse,,1.1007390050225885,,1.1431226951989546,,,,,steps,2,75.0,0.1723598576082492,0.0,100.0,8.0,500.0,-1.0,,,,,,,,,,,
gbm_group_cat-few_shot-steps_2D-seed2,7cy29432,2026-07-20T08:22:31Z,gbm_group_cat,few_shot,2,rmse,,1.362000464886725,,1.4257367605190323,,,,,steps,2,350.0,0.1239996783684609,1.0,20.0,2.0,500.0,-1.0,,,,,,,,,,,
gbm_group_cat-few_shot-steps_2D-seed2,9bitnrmq,2026-07-20T08:23:53Z,gbm_group_cat,few_shot,2,rmse,,1.3616337688883922,,1.42514012110302,,,,,steps,2,180.0,0.2409214543666476,1.0,1000.0,2.0,1000.0,-1.0,,,,,,,,,,,
gbm_group_cat-few_shot-steps_2D-seed2,coajngia,2026-07-20T08:23:00Z,gbm_group_cat,few_shot,2,rmse,,1.1088913676106562,,1.1564569703314385,,,,,steps,2,212.0,0.1110364731305462,0.0,100.0,4.0,500.0,-1.0,,,,,,,,,,,
gbm_group_cat-few_shot-steps_2D-seed2,d2w41zaf,2026-07-20T08:23:10Z,gbm_group_cat,few_shot,2,rmse,,1.1015188820388253,,1.148015477578643,,,,,steps,2,287.0,0.010325337616482,0.0,1000.0,32.0,500.0,-1.0,,,,,,,,,,,
gbm_group_cat-few_shot-steps_2D-seed2,dqfb7mvs,2026-07-20T08:21:57Z,gbm_group_cat,few_shot,2,rmse,,1.1012641493578603,,1.143424401589427,,,,,steps,2,86.0,0.056115164153345,0.0,10.0,32.0,255.0,-1.0,,,,,,,,,,,
gbm_group_cat-few_shot-steps_2D-seed2,eu6udjqm,2026-07-20T08:26:47Z,gbm_group_cat,few_shot,2,rmse,,1.1015376323608932,,1.1448181863000242,,,,,steps,2,19.0,0.1469982700231391,1.0,10.0,64.0,255.0,-1.0,,,,,,,,,,,
gbm_group_cat-few_shot-steps_2D-seed2,f6weg3bg,2026-07-20T08:24:42Z,gbm_group_cat,few_shot,2,rmse,,1.119087460449632,,1.166544535605187,,,,,steps,2,17.0,0.7452629792912638,0.0,100.0,4.0,1000.0,-1.0,,,,,,,,,,,
gbm_group_cat-few_shot-steps_2D-seed2,h4f73ksp,2026-07-20T08:22:56Z,gbm_group_cat,few_shot,2,rmse,,1.1062249350637872,,1.15246449253008,,,,,steps,2,60.0,0.53236175947515,0.0,1000.0,4.0,500.0,-1.0,,,,,,,,,,,
gbm_group_cat-few_shot-steps_2D-seed2,kpbiuzd5,2026-07-20T08:25:23Z,gbm_group_cat,few_shot,2,rmse,,1.1014184426557418,,1.1470134469799615,,,,,steps,2,15.0,0.2076764556616242,0.0,1000.0,64.0,500.0,-1.0,,,,,,,,,,,
gbm_group_cat-few_shot-steps_2D-seed2,l1awxybq,2026-07-20T08:22:17Z,gbm_group_cat,few_shot,2,rmse,,1.1010308519872294,,1.1445321503457024,,,,,steps,2,223.0,0.0134928342680132,1.0,10.0,32.0,255.0,-1.0,,,,,,,,,,,
gbm_group_cat-few_shot-steps_2D-seed2,mw0t78hl,2026-07-20T08:24:38Z,gbm_group_cat,few_shot,2,rmse,,1.3609818755316214,,1.4252741389922523,,,,,steps,2,35.0,0.7601812767003311,0.0,100.0,2.0,1000.0,-1.0,,,,,,,,,,,
gbm_group_cat-few_shot-steps_2D-seed2,p4wbp7c7,2026-07-20T08:25:26Z,gbm_group_cat,few_shot,2,rmse,,1.1183819494418932,,1.1669072590060825,,,,,steps,2,496.0,0.0246366849342149,1.0,100.0,4.0,1000.0,-1.0,,,,,,,,,,,
gbm_group_cat-few_shot-steps_2D-seed2,pax1xcjy,2026-07-20T08:24:02Z,gbm_group_cat,few_shot,2,rmse,,1.1018890869205509,,1.1473630970661064,,,,,steps,2,282.0,0.0102358324351751,1.0,1000.0,32.0,255.0,-1.0,,,,,,,,,,,
gbm_group_cat-few_shot-steps_2D-seed2,qa0w3tuo,2026-07-20T08:26:21Z,gbm_group_cat,few_shot,2,rmse,,1.363671097141717,,1.4258356813954438,,,,,steps,2,498.0,0.056561272438125,1.0,100.0,2.0,500.0,-1.0,,,,,,,,,,,
gbm_group_cat-few_shot-steps_2D-seed2,rhv83ijm,2026-07-20T08:25:50Z,gbm_group_cat,few_shot,2,rmse,,1.100062877353943,,1.1476933624022354,,,,,steps,2,8.0,0.2952174928235017,0.0,1000.0,32.0,1000.0,-1.0,,,,,,,,,,,
gbm_group_cat-few_shot-steps_2D-seed2,udfts206,2026-07-20T08:23:42Z,gbm_group_cat,few_shot,2,rmse,,1.1011451416292664,,1.1455780239983973,,,,,steps,2,89.0,0.0371262417904053,1.0,1000.0,16.0,255.0,-1.0,,,,,,,,,,,
gbm_group_cat-few_shot-steps_2D-seed2,wctobt0i,2026-07-20T08:23:07Z,gbm_group_cat,few_shot,2,rmse,,1.1004678993585184,,1.1498428627105666,,,,,steps,2,6.0,0.7234279845665414,0.0,1000.0,8.0,1000.0,-1.0,,,,,,,,,,,
gbm_group_cat-few_shot-steps_2D-seed2,x6cujsx5,2026-07-20T08:26:37Z,gbm_group_cat,few_shot,2,rmse,,1.101129922051972,,1.1466520768185062,,,,,steps,2,2.0,0.8401272991858839,0.0,100.0,32.0,500.0,-1.0,,,,,,,,,,,
gbm_group_cat-few_shot-steps_2D-seed2,xp8num87,2026-07-20T08:22:45Z,gbm_group_cat,few_shot,2,rmse,,1.0998428216824088,,1.1444458766406842,,,,,steps,2,254.0,0.0364643955898072,0.0,100.0,8.0,500.0,-1.0,,,,,,,,,,,
gbm_group_cat-few_shot-steps_2D-seed2,y4sgfmln,2026-07-20T08:25:19Z,gbm_group_cat,few_shot,2,rmse,,1.099194533604016,,1.1443970116601272,,,,,steps,2,15.0,0.5139503522154862,0.0,20.0,16.0,1000.0,-1.0,,,,,,,,,,,
gbm_group_cat-few_shot-steps_2D-seed2,yn37k5eo,2026-07-20T08:24:45Z,gbm_group_cat,few_shot,2,rmse,,1.107460192706292,,1.1509921341162384,,,,,steps,2,50.0,0.5421814280975649,0.0,20.0,4.0,1000.0,-1.0,,,,,,,,,,,
gbm_group_cat-few_shot-steps_2D-seed2,yxdgfasu,2026-07-20T08:25:11Z,gbm_group_cat,few_shot,2,rmse,,1.1004460187829168,,1.143077138549912,,,,,steps,2,48.0,0.2832583150532184,0.0,20.0,8.0,1000.0,-1.0,,,,,,,,,,,
gbm_group_cat-few_shot-steps_2D-seed2,z5ci3uh4,2026-07-20T08:25:53Z,gbm_group_cat,few_shot,2,rmse,,1.101590009110844,,1.1473698077672252,,,,,steps,2,171.0,0.0160785817337106,0.0,100.0,64.0,500.0,-1.0,,,,,,,,,,,
gbm_group_cat-few_shot-steps_2D-seed2,zt3l01ip,2026-07-20T08:24:30Z,gbm_group_cat,few_shot,2,rmse,,1.1005365390659934,,1.1444402367420388,,,,,steps,2,137.0,0.0339160084943861,1.0,20.0,32.0,500.0,-1.0,,,,,,,,,,,
gbm_group_cat-few_shot-steps_2D-seed3,1co4690d,2026-07-20T09:05:30Z,gbm_group_cat,few_shot,3,rmse,,1.1210999419115306,,1.1087225963171317,,,,,steps,2,50.0,0.2832583150532184,0.0,20.0,8.0,1000.0,-1.0,,,,,,,,,,,
gbm_group_cat-few_shot-steps_2D-seed3,1hq4ru55,2026-07-20T09:06:03Z,gbm_group_cat,few_shot,3,rmse,,1.1173912695918682,,1.1040472722230363,,,,,steps,2,9.0,0.5139503522154862,0.0,20.0,16.0,1000.0,-1.0,,,,,,,,,,,
gbm_group_cat-few_shot-steps_2D-seed3,3k40xbjd,2026-07-20T09:04:51Z,gbm_group_cat,few_shot,3,rmse,,1.1258643586139718,,1.1133328281987214,,,,,steps,2,44.0,0.7452629792912638,0.0,100.0,4.0,1000.0,-1.0,,,,,,,,,,,
gbm_group_cat-few_shot-steps_2D-seed3,4kndzx5n,2026-07-20T09:03:10Z,gbm_group_cat,few_shot,3,rmse,,1.1227362470874631,,1.10623019223487,,,,,steps,2,307.0,0.010325337616482,0.0,1000.0,32.0,500.0,-1.0,,,,,,,,,,,
gbm_group_cat-few_shot-steps_2D-seed3,5o8e2m63,2026-07-20T09:02:30Z,gbm_group_cat,few_shot,3,rmse,,1.3839973049648675,,1.3824550454702804,,,,,steps,2,400.0,0.1239996783684609,1.0,20.0,2.0,500.0,-1.0,,,,,,,,,,,
gbm_group_cat-few_shot-steps_2D-seed3,6vc31btl,2026-07-20T09:07:25Z,gbm_group_cat,few_shot,3,rmse,,1.1205137507797052,,1.1064612670741607,,,,,steps,2,95.0,0.1723598576082492,0.0,100.0,8.0,500.0,-1.0,,,,,,,,,,,
gbm_group_cat-few_shot-steps_2D-seed3,8cuvjjvi,2026-07-20T09:04:02Z,gbm_group_cat,few_shot,3,rmse,,1.3841642653321256,,1.3830569788739375,,,,,steps,2,147.0,0.2409214543666476,1.0,1000.0,2.0,1000.0,-1.0,,,,,,,,,,,
gbm_group_cat-few_shot-steps_2D-seed3,8dp20qsh,2026-07-20T09:04:55Z,gbm_group_cat,few_shot,3,rmse,,1.1260592828813047,,1.1134284386133104,,,,,steps,2,52.0,0.5421814280975649,0.0,20.0,4.0,1000.0,-1.0,,,,,,,,,,,
gbm_group_cat-few_shot-steps_2D-seed3,9kgarukr,2026-07-20T09:04:09Z,gbm_group_cat,few_shot,3,rmse,,1.11681912256791,,1.102288834769164,,,,,steps,2,5.0,0.6321732490144019,0.0,100.0,32.0,1000.0,-1.0,,,,,,,,,,,
gbm_group_cat-few_shot-steps_2D-seed3,ari1yfwk,2026-07-20T09:06:08Z,gbm_group_cat,few_shot,3,rmse,,1.122583028265418,,1.1065033286832529,,,,,steps,2,12.0,0.2076764556616242,0.0,1000.0,64.0,500.0,-1.0,,,,,,,,,,,
gbm_group_cat-few_shot-steps_2D-seed3,atchfplw,2026-07-20T09:07:46Z,gbm_group_cat,few_shot,3,rmse,,1.1221794172077963,,1.1058106382649304,,,,,steps,2,8.0,0.8401272991858839,0.0,100.0,32.0,500.0,-1.0,,,,,,,,,,,
gbm_group_cat-few_shot-steps_2D-seed3,b5wx3w5a,2026-07-20T09:05:34Z,gbm_group_cat,few_shot,3,rmse,,1.1187748006432296,,1.105100605039947,,,,,steps,2,73.0,0.1254449923662644,0.0,20.0,32.0,255.0,-1.0,,,,,,,,,,,
gbm_group_cat-few_shot-steps_2D-seed3,evvon7rq,2026-07-20T09:04:47Z,gbm_group_cat,few_shot,3,rmse,,1.3833966026832551,,1.382418008061926,,,,,steps,2,29.0,0.7601812767003311,0.0,100.0,2.0,1000.0,-1.0,,,,,,,,,,,
gbm_group_cat-few_shot-steps_2D-seed3,fa5rwywk,2026-07-20T09:06:12Z,gbm_group_cat,few_shot,3,rmse,,1.1407209247974028,,1.1301701878792034,,,,,steps,2,498.0,0.0246366849342149,1.0,100.0,4.0,1000.0,-1.0,,,,,,,,,,,
gbm_group_cat-few_shot-steps_2D-seed3,fjtn5ia6,2026-07-20T09:04:38Z,gbm_group_cat,few_shot,3,rmse,,1.119516460718731,,1.1033204013277451,,,,,steps,2,156.0,0.0339160084943861,1.0,20.0,32.0,500.0,-1.0,,,,,,,,,,,
gbm_group_cat-few_shot-steps_2D-seed3,j58eyn0c,2026-07-20T09:01:31Z,gbm_group_cat,few_shot,3,rmse,,1.1191271510225052,,1.1056326201602722,,,,,steps,2,108.0,0.056115164153345,0.0,10.0,32.0,255.0,-1.0,,,,,,,,,,,
gbm_group_cat-few_shot-steps_2D-seed3,k4zoy9tx,2026-07-20T09:03:03Z,gbm_group_cat,few_shot,3,rmse,,1.1258027055498814,,1.111549029839399,,,,,steps,2,29.0,0.7234279845665414,0.0,1000.0,8.0,1000.0,-1.0,,,,,,,,,,,
gbm_group_cat-few_shot-steps_2D-seed3,k9lnmd8z,2026-07-20T09:01:48Z,gbm_group_cat,few_shot,3,rmse,,1.118827192620261,,1.1051828592023336,,,,,steps,2,415.0,0.0134928342680132,1.0,10.0,32.0,255.0,-1.0,,,,,,,,,,,
gbm_group_cat-few_shot-steps_2D-seed3,okvqy5m2,2026-07-20T09:02:51Z,gbm_group_cat,few_shot,3,rmse,,1.1254973222197908,,1.1105487116025197,,,,,steps,2,41.0,0.53236175947515,0.0,1000.0,4.0,500.0,-1.0,,,,,,,,,,,
gbm_group_cat-few_shot-steps_2D-seed3,p1m4poq7,2026-07-20T09:06:39Z,gbm_group_cat,few_shot,3,rmse,,1.1196638100273202,,1.104010886797056,,,,,steps,2,181.0,0.0160785817337106,0.0,100.0,64.0,500.0,-1.0,,,,,,,,,,,
gbm_group_cat-few_shot-steps_2D-seed3,pfc7kycd,2026-07-20T09:03:46Z,gbm_group_cat,few_shot,3,rmse,,1.120952080118968,,1.1075406867653044,,,,,steps,2,116.0,0.0371262417904053,1.0,1000.0,16.0,255.0,-1.0,,,,,,,,,,,
gbm_group_cat-few_shot-steps_2D-seed3,pjc4d7mb,2026-07-20T09:01:37Z,gbm_group_cat,few_shot,3,rmse,,1.121986542890692,,1.1075089060561654,,,,,steps,2,255.0,0.040596116104843,0.0,20.0,8.0,500.0,-1.0,,,,,,,,,,,
gbm_group_cat-few_shot-steps_2D-seed3,q0r6npem,2026-07-20T09:05:08Z,gbm_group_cat,few_shot,3,rmse,,1.1340514154663242,,1.122735487639064,,,,,steps,2,488.0,0.0374181665960717,0.0,20.0,4.0,1000.0,-1.0,,,,,,,,,,,
gbm_group_cat-few_shot-steps_2D-seed3,s8bb7kr0,2026-07-20T09:02:43Z,gbm_group_cat,few_shot,3,rmse,,1.1230412775174932,,1.1095127261165232,,,,,steps,2,205.0,0.0364643955898072,0.0,100.0,8.0,500.0,-1.0,,,,,,,,,,,
gbm_group_cat-few_shot-steps_2D-seed3,u2euc9cr,2026-07-20T09:02:55Z,gbm_group_cat,few_shot,3,rmse,,1.1308396315282725,,1.118677714010644,,,,,steps,2,234.0,0.1110364731305462,0.0,100.0,4.0,500.0,-1.0,,,,,,,,,,,
gbm_group_cat-few_shot-steps_2D-seed3,u4bgz5ak,2026-07-20T09:07:17Z,gbm_group_cat,few_shot,3,rmse,,1.1174896751707748,,1.102877397400545,,,,,steps,2,122.0,0.0385852699847799,1.0,20.0,32.0,1000.0,-1.0,,,,,,,,,,,
gbm_group_cat-few_shot-steps_2D-seed3,ueb1dznr,2026-07-20T09:07:30Z,gbm_group_cat,few_shot,3,rmse,,1.385280208974193,,1.3837027953332357,,,,,steps,2,498.0,0.056561272438125,1.0,100.0,2.0,500.0,-1.0,,,,,,,,,,,
gbm_group_cat-few_shot-steps_2D-seed3,vrdhecnb,2026-07-20T09:07:49Z,gbm_group_cat,few_shot,3,rmse,,1.1271298503027134,,1.1146285517838987,,,,,steps,2,135.0,0.181466839845264,0.0,100.0,4.0,500.0,-1.0,,,,,,,,,,,
gbm_group_cat-few_shot-steps_2D-seed3,wri8orju,2026-07-20T09:03:53Z,gbm_group_cat,few_shot,3,rmse,,1.119741412181848,,1.1046310206790997,,,,,steps,2,173.0,0.0543959123656852,1.0,100.0,16.0,500.0,-1.0,,,,,,,,,,,
gbm_group_cat-few_shot-steps_2D-seed3,wwegdg0h,2026-07-20T09:06:35Z,gbm_group_cat,few_shot,3,rmse,,1.1211196534860972,,1.1058849224556948,,,,,steps,2,11.0,0.2952174928235017,0.0,1000.0,32.0,1000.0,-1.0,,,,,,,,,,,
gbm_group_cat-few_shot-steps_2D-seed3,yljagkqb,2026-07-20T09:04:12Z,gbm_group_cat,few_shot,3,rmse,,1.1233434450473925,,1.108279916989444,,,,,steps,2,254.0,0.0102358324351751,1.0,1000.0,32.0,255.0,-1.0,,,,,,,,,,,
gbm_group_cat-few_shot-steps_2D-seed3,zgzr79qd,2026-07-20T09:07:54Z,gbm_group_cat,few_shot,3,rmse,,1.1185559276011736,,1.1060684116506645,,,,,steps,2,69.0,0.1469982700231391,1.0,10.0,64.0,255.0,-1.0,,,,,,,,,,,
gbm_group_cat-few_shot-steps_2D-seed4,2hjf3ivs,2026-07-20T09:50:42Z,gbm_group_cat,few_shot,4,rmse,,1.1152060808864013,,1.10815952232662,,,,,steps,2,88.0,0.0385852699847799,1.0,20.0,32.0,1000.0,-1.0,,,,,,,,,,,
gbm_group_cat-few_shot-steps_2D-seed4,2iai9pge,2026-07-20T09:50:22Z,gbm_group_cat,few_shot,4,rmse,,1.119259841658813,,1.108156874876927,,,,,steps,2,8.0,0.2952174928235017,0.0,1000.0,32.0,1000.0,-1.0,,,,,,,,,,,
gbm_group_cat-few_shot-steps_2D-seed4,5bpluom1,2026-07-20T09:49:03Z,gbm_group_cat,few_shot,4,rmse,,1.1155041457009216,,1.1089007268805622,,,,,steps,2,99.0,0.0339160084943861,1.0,20.0,32.0,500.0,-1.0,,,,,,,,,,,
gbm_group_cat-few_shot-steps_2D-seed4,6mu59snz,2026-07-20T09:47:58Z,gbm_group_cat,few_shot,4,rmse,,1.1160773718810209,,1.1083969249388523,,,,,steps,2,129.0,0.0543959123656852,1.0,100.0,16.0,500.0,-1.0,,,,,,,,,,,
gbm_group_cat-few_shot-steps_2D-seed4,79ufgskl,2026-07-20T09:47:52Z,gbm_group_cat,few_shot,4,rmse,,1.1177186873401337,,1.109487683982781,,,,,steps,2,104.0,0.0371262417904053,1.0,1000.0,16.0,255.0,-1.0,,,,,,,,,,,
gbm_group_cat-few_shot-steps_2D-seed4,8emyc2pe,2026-07-20T09:51:11Z,gbm_group_cat,few_shot,4,rmse,,1.113020635306298,,1.1106110398414832,,,,,steps,2,2.0,0.8401272991858839,0.0,100.0,32.0,500.0,-1.0,,,,,,,,,,,
gbm_group_cat-few_shot-steps_2D-seed4,8rvwx9pl,2026-07-20T09:50:48Z,gbm_group_cat,few_shot,4,rmse,,1.1155697202078891,,1.108925188693306,,,,,steps,2,146.0,0.1723598576082492,0.0,100.0,8.0,500.0,-1.0,,,,,,,,,,,
gbm_group_cat-few_shot-steps_2D-seed4,8sqfaf1t,2026-07-20T09:49:54Z,gbm_group_cat,few_shot,4,rmse,,1.1200962922877058,,1.109837205110184,,,,,steps,2,13.0,0.2076764556616242,0.0,1000.0,64.0,500.0,-1.0,,,,,,,,,,,
gbm_group_cat-few_shot-steps_2D-seed4,9jdvndne,2026-07-20T09:51:22Z,gbm_group_cat,few_shot,4,rmse,,1.1142159062903376,,1.1104210253394513,,,,,steps,2,21.0,0.1469982700231391,1.0,10.0,64.0,255.0,-1.0,,,,,,,,,,,
gbm_group_cat-few_shot-steps_2D-seed4,9v157n7t,2026-07-20T09:46:58Z,gbm_group_cat,few_shot,4,rmse,,1.119784817413932,,1.1180033733950236,,,,,steps,2,389.0,0.1110364731305462,0.0,100.0,4.0,500.0,-1.0,,,,,,,,,,,
gbm_group_cat-few_shot-steps_2D-seed4,afdmd9si,2026-07-20T09:47:13Z,gbm_group_cat,few_shot,4,rmse,,1.1174935152065006,,1.110080461644869,,,,,steps,2,7.0,0.7234279845665414,0.0,1000.0,8.0,1000.0,-1.0,,,,,,,,,,,
gbm_group_cat-few_shot-steps_2D-seed4,c126vr14,2026-07-20T09:49:13Z,gbm_group_cat,few_shot,4,rmse,,1.122640002222251,,1.1201128413698591,,,,,steps,2,49.0,0.7452629792912638,0.0,100.0,4.0,1000.0,-1.0,,,,,,,,,,,
gbm_group_cat-few_shot-steps_2D-seed4,czc0p5tn,2026-07-20T09:49:58Z,gbm_group_cat,few_shot,4,rmse,,1.140153659137106,,1.1338602152656865,,,,,steps,2,498.0,0.0246366849342149,1.0,100.0,4.0,1000.0,-1.0,,,,,,,,,,,
gbm_group_cat-few_shot-steps_2D-seed4,f6rhnc73,2026-07-20T09:49:47Z,gbm_group_cat,few_shot,4,rmse,,1.115750163020021,,1.109438412898448,,,,,steps,2,42.0,0.1254449923662644,0.0,20.0,32.0,255.0,-1.0,,,,,,,,,,,
gbm_group_cat-few_shot-steps_2D-seed4,lyy9sqfv,2026-07-20T09:45:26Z,gbm_group_cat,few_shot,4,rmse,,1.115540281681422,,1.1100192506145794,,,,,steps,2,58.0,0.056115164153345,0.0,10.0,32.0,255.0,-1.0,,,,,,,,,,,
gbm_group_cat-few_shot-steps_2D-seed4,m5pt59zv,2026-07-20T09:46:15Z,gbm_group_cat,few_shot,4,rmse,,1.401047227987186,,1.3717343127290391,,,,,steps,2,283.0,0.1239996783684609,1.0,20.0,2.0,500.0,-1.0,,,,,,,,,,,
gbm_group_cat-few_shot-steps_2D-seed4,mg3mr2h6,2026-07-20T09:49:17Z,gbm_group_cat,few_shot,4,rmse,,1.1213441427884716,,1.1180517938199792,,,,,steps,2,148.0,0.5421814280975649,0.0,20.0,4.0,1000.0,-1.0,,,,,,,,,,,
gbm_group_cat-few_shot-steps_2D-seed4,mpp8vcy5,2026-07-20T09:49:09Z,gbm_group_cat,few_shot,4,rmse,,1.4007832871072246,,1.371236405694432,,,,,steps,2,31.0,0.7601812767003311,0.0,100.0,2.0,1000.0,-1.0,,,,,,,,,,,
gbm_group_cat-few_shot-steps_2D-seed4,ohe4xn09,2026-07-20T09:48:13Z,gbm_group_cat,few_shot,4,rmse,,1.1171000156411666,,1.110234151108743,,,,,steps,2,360.0,0.0102358324351751,1.0,1000.0,32.0,255.0,-1.0,,,,,,,,,,,
gbm_group_cat-few_shot-steps_2D-seed4,on1r9gtt,2026-07-20T09:51:14Z,gbm_group_cat,few_shot,4,rmse,,1.119349040109583,,1.1152729568996584,,,,,steps,2,250.0,0.181466839845264,0.0,100.0,4.0,500.0,-1.0,,,,,,,,,,,
gbm_group_cat-few_shot-steps_2D-seed4,t0v6jz0u,2026-07-20T09:49:43Z,gbm_group_cat,few_shot,4,rmse,,1.1177458663604447,,1.1107353673976983,,,,,steps,2,48.0,0.2832583150532184,0.0,20.0,8.0,1000.0,-1.0,,,,,,,,,,,
gbm_group_cat-few_shot-steps_2D-seed4,t4hdap1l,2026-07-20T09:45:57Z,gbm_group_cat,few_shot,4,rmse,,1.115845797169966,,1.1103629787404417,,,,,steps,2,266.0,0.0134928342680132,1.0,10.0,32.0,255.0,-1.0,,,,,,,,,,,
gbm_group_cat-few_shot-steps_2D-seed4,t7dau79c,2026-07-20T09:46:24Z,gbm_group_cat,few_shot,4,rmse,,1.1146413511622135,,1.1095524912420762,,,,,steps,2,500.0,0.0364643955898072,0.0,100.0,8.0,500.0,-1.0,,,,,,,,,,,
gbm_group_cat-few_shot-steps_2D-seed4,te3zk8i5,2026-07-20T09:50:26Z,gbm_group_cat,few_shot,4,rmse,,1.1143828365515989,,1.1096688034311346,,,,,steps,2,187.0,0.0160785817337106,0.0,100.0,64.0,500.0,-1.0,,,,,,,,,,,
gbm_group_cat-few_shot-steps_2D-seed4,u0ifev1u,2026-07-20T09:50:54Z,gbm_group_cat,few_shot,4,rmse,,1.401633179801214,,1.372933854432449,,,,,steps,2,500.0,0.056561272438125,1.0,100.0,2.0,500.0,-1.0,,,,,,,,,,,
gbm_group_cat-few_shot-steps_2D-seed4,ul3j4obl,2026-07-20T09:45:30Z,gbm_group_cat,few_shot,4,rmse,,1.114078842515167,,1.109437084617085,,,,,steps,2,448.0,0.040596116104843,0.0,20.0,8.0,500.0,-1.0,,,,,,,,,,,
gbm_group_cat-few_shot-steps_2D-seed4,uvkwbi21,2026-07-20T09:46:54Z,gbm_group_cat,few_shot,4,rmse,,1.1245462332380218,,1.120635054499675,,,,,steps,2,51.0,0.53236175947515,0.0,1000.0,4.0,500.0,-1.0,,,,,,,,,,,
gbm_group_cat-few_shot-steps_2D-seed4,v79uxhgg,2026-07-20T09:48:10Z,gbm_group_cat,few_shot,4,rmse,,1.115142323017953,,1.109480124488099,,,,,steps,2,32.0,0.6321732490144019,0.0,100.0,32.0,1000.0,-1.0,,,,,,,,,,,
gbm_group_cat-few_shot-steps_2D-seed4,v7pmqq8x,2026-07-20T09:47:17Z,gbm_group_cat,few_shot,4,rmse,,1.1195391692547965,,1.10909547125672,,,,,steps,2,301.0,0.010325337616482,0.0,1000.0,32.0,500.0,-1.0,,,,,,,,,,,
gbm_group_cat-few_shot-steps_2D-seed4,v9t99iy2,2026-07-20T09:49:22Z,gbm_group_cat,few_shot,4,rmse,,1.1330747527249978,,1.1287695001886529,,,,,steps,2,498.0,0.0374181665960717,0.0,20.0,4.0,1000.0,-1.0,,,,,,,,,,,
gbm_group_cat-few_shot-steps_2D-seed4,xlfhae22,2026-07-20T09:48:05Z,gbm_group_cat,few_shot,4,rmse,,1.400402678670011,,1.3711769248357526,,,,,steps,2,138.0,0.2409214543666476,1.0,1000.0,2.0,1000.0,-1.0,,,,,,,,,,,
gbm_group_cat-few_shot-steps_2D-seed4,zp871mzg,2026-07-20T09:49:51Z,gbm_group_cat,few_shot,4,rmse,,1.1167851954341754,,1.1094075921487176,,,,,steps,2,20.0,0.5139503522154862,0.0,20.0,16.0,1000.0,-1.0,,,,,,,,,,,
gbm_no_group-in_context-steps_2D-seed0,08c4b8rr,2026-07-20T06:32:59Z,gbm_no_group,in_context,0,rmse,,1.124042472784613,,1.1293778395999736,,,,,steps,2,133.0,0.181466839845264,0.0,100.0,4.0,500.0,-1.0,,,,,,,,,,,
gbm_no_group-in_context-steps_2D-seed0,0dyqg2n9,2026-07-20T06:32:02Z,gbm_no_group,in_context,0,rmse,,1.1249620900654371,,1.1289679327319913,,,,,steps,2,193.0,0.0160785817337106,0.0,100.0,64.0,500.0,-1.0,,,,,,,,,,,
gbm_no_group-in_context-steps_2D-seed0,4il8owd2,2026-07-20T06:33:06Z,gbm_no_group,in_context,0,rmse,,1.125191210456036,,1.130691134819712,,,,,steps,2,21.0,0.1469982700231391,1.0,10.0,64.0,255.0,-1.0,,,,,,,,,,,
gbm_no_group-in_context-steps_2D-seed0,4jo8rdfo,2026-07-20T06:30:29Z,gbm_no_group,in_context,0,rmse,,1.126132854585556,,1.132038980296848,,,,,steps,2,477.0,0.0374181665960717,0.0,20.0,4.0,1000.0,-1.0,,,,,,,,,,,
gbm_no_group-in_context-steps_2D-seed0,57ae19ho,2026-07-20T06:32:28Z,gbm_no_group,in_context,0,rmse,,1.1220492118665917,,1.127369591997387,,,,,steps,2,84.0,0.0385852699847799,1.0,20.0,32.0,1000.0,-1.0,,,,,,,,,,,
gbm_no_group-in_context-steps_2D-seed0,6bn3hjb7,2026-07-20T06:26:50Z,gbm_no_group,in_context,0,rmse,,1.123409465576853,,1.1287218627585949,,,,,steps,2,249.0,0.0134928342680132,1.0,10.0,32.0,255.0,-1.0,,,,,,,,,,,
gbm_no_group-in_context-steps_2D-seed0,70zk783r,2026-07-20T06:32:56Z,gbm_no_group,in_context,0,rmse,,1.1246278702366097,,1.1289436129188848,,,,,steps,2,2.0,0.8401272991858839,0.0,100.0,32.0,500.0,-1.0,,,,,,,,,,,
gbm_no_group-in_context-steps_2D-seed0,7m6h8bry,2026-07-20T06:32:34Z,gbm_no_group,in_context,0,rmse,,1.1215513160479584,,1.1264832642931917,,,,,steps,2,39.0,0.1723598576082492,0.0,100.0,8.0,500.0,-1.0,,,,,,,,,,,
gbm_no_group-in_context-steps_2D-seed0,b9q2vqwu,2026-07-20T06:29:09Z,gbm_no_group,in_context,0,rmse,,1.3806498179978004,,1.386199827214601,,,,,steps,2,92.0,0.2409214543666476,1.0,1000.0,2.0,1000.0,-1.0,,,,,,,,,,,
gbm_no_group-in_context-steps_2D-seed0,by82x6qn,2026-07-20T06:26:34Z,gbm_no_group,in_context,0,rmse,,1.1234358312500528,,1.12867051301543,,,,,steps,2,59.0,0.056115164153345,0.0,10.0,32.0,255.0,-1.0,,,,,,,,,,,
gbm_no_group-in_context-steps_2D-seed0,cbl6jxof,2026-07-20T06:31:20Z,gbm_no_group,in_context,0,rmse,,1.129629917623849,,1.1354358421598845,,,,,steps,2,498.0,0.0246366849342149,1.0,100.0,4.0,1000.0,-1.0,,,,,,,,,,,
gbm_no_group-in_context-steps_2D-seed0,de03d0tr,2026-07-20T06:32:38Z,gbm_no_group,in_context,0,rmse,,1.380782490413657,,1.3863343499467888,,,,,steps,2,371.0,0.056561272438125,1.0,100.0,2.0,500.0,-1.0,,,,,,,,,,,
gbm_no_group-in_context-steps_2D-seed0,eok63fbk,2026-07-20T06:30:24Z,gbm_no_group,in_context,0,rmse,,1.1245594268530807,,1.1301774553066408,,,,,steps,2,27.0,0.5421814280975649,0.0,20.0,4.0,1000.0,-1.0,,,,,,,,,,,
gbm_no_group-in_context-steps_2D-seed0,gztdv1f3,2026-07-20T06:29:17Z,gbm_no_group,in_context,0,rmse,,1.1228539833573377,,1.1277082002873742,,,,,steps,2,371.0,0.0102358324351751,1.0,1000.0,32.0,255.0,-1.0,,,,,,,,,,,
gbm_no_group-in_context-steps_2D-seed0,ikuky6jd,2026-07-20T06:28:56Z,gbm_no_group,in_context,0,rmse,,1.1227918486611796,,1.1276530573643122,,,,,steps,2,96.0,0.0371262417904053,1.0,1000.0,16.0,255.0,-1.0,,,,,,,,,,,
gbm_no_group-in_context-steps_2D-seed0,j5v90tn6,2026-07-20T06:31:05Z,gbm_no_group,in_context,0,rmse,,1.1214814402940136,,1.1269377460011758,,,,,steps,2,15.0,0.2832583150532184,0.0,20.0,8.0,1000.0,-1.0,,,,,,,,,,,
gbm_no_group-in_context-steps_2D-seed0,k55mvgwp,2026-07-20T06:31:57Z,gbm_no_group,in_context,0,rmse,,1.1218015571473832,,1.1272787847190042,,,,,steps,2,9.0,0.2952174928235017,0.0,1000.0,32.0,1000.0,-1.0,,,,,,,,,,,
gbm_no_group-in_context-steps_2D-seed0,kxgs1e0k,2026-07-20T06:31:12Z,gbm_no_group,in_context,0,rmse,,1.122372610064139,,1.1277784371554684,,,,,steps,2,4.0,0.5139503522154862,0.0,20.0,16.0,1000.0,-1.0,,,,,,,,,,,
gbm_no_group-in_context-steps_2D-seed0,l5khb4z9,2026-07-20T06:27:52Z,gbm_no_group,in_context,0,rmse,,1.1215907057051484,,1.1266318286553163,,,,,steps,2,395.0,0.010325337616482,0.0,1000.0,32.0,500.0,-1.0,,,,,,,,,,,
gbm_no_group-in_context-steps_2D-seed0,l9xt93hc,2026-07-20T06:27:48Z,gbm_no_group,in_context,0,rmse,,1.123179571814687,,1.1282127883460409,,,,,steps,2,4.0,0.7234279845665414,0.0,1000.0,8.0,1000.0,-1.0,,,,,,,,,,,
gbm_no_group-in_context-steps_2D-seed0,lewod778,2026-07-20T06:29:04Z,gbm_no_group,in_context,0,rmse,,1.1218954245865684,,1.1267258164074485,,,,,steps,2,58.0,0.0543959123656852,1.0,100.0,16.0,500.0,-1.0,,,,,,,,,,,
gbm_no_group-in_context-steps_2D-seed0,nhvpd5je,2026-07-20T06:30:21Z,gbm_no_group,in_context,0,rmse,,1.1284846108079818,,1.1336613706482723,,,,,steps,2,20.0,0.7452629792912638,0.0,100.0,4.0,1000.0,-1.0,,,,,,,,,,,
gbm_no_group-in_context-steps_2D-seed0,p8jhjg4j,2026-07-20T06:27:14Z,gbm_no_group,in_context,0,rmse,,1.3807286927153863,,1.3864669185952283,,,,,steps,2,156.0,0.1239996783684609,1.0,20.0,2.0,500.0,-1.0,,,,,,,,,,,
gbm_no_group-in_context-steps_2D-seed0,pajn4vbt,2026-07-20T06:27:31Z,gbm_no_group,in_context,0,rmse,,1.1244252121889684,,1.1299034031651471,,,,,steps,2,290.0,0.1110364731305462,0.0,100.0,4.0,500.0,-1.0,,,,,,,,,,,
gbm_no_group-in_context-steps_2D-seed0,sxk7hf2o,2026-07-20T06:27:21Z,gbm_no_group,in_context,0,rmse,,1.1216805568403694,,1.126757287640854,,,,,steps,2,107.0,0.0364643955898072,0.0,100.0,8.0,500.0,-1.0,,,,,,,,,,,
gbm_no_group-in_context-steps_2D-seed0,u5r3k22l,2026-07-20T06:29:13Z,gbm_no_group,in_context,0,rmse,,1.1250807384726351,,1.1299838227179029,,,,,steps,2,3.0,0.6321732490144019,0.0,100.0,32.0,1000.0,-1.0,,,,,,,,,,,
gbm_no_group-in_context-steps_2D-seed0,ud3e06km,2026-07-20T06:31:08Z,gbm_no_group,in_context,0,rmse,,1.123630565933419,,1.128943531577966,,,,,steps,2,24.0,0.1254449923662644,0.0,20.0,32.0,255.0,-1.0,,,,,,,,,,,
gbm_no_group-in_context-steps_2D-seed0,vph79r4v,2026-07-20T06:26:41Z,gbm_no_group,in_context,0,rmse,,1.1215715841540237,,1.1264697541457886,,,,,steps,2,158.0,0.040596116104843,0.0,20.0,8.0,500.0,-1.0,,,,,,,,,,,
gbm_no_group-in_context-steps_2D-seed0,xo1kir5w,2026-07-20T06:30:17Z,gbm_no_group,in_context,0,rmse,,1.380781556976702,,1.386491163726822,,,,,steps,2,18.0,0.7601812767003311,0.0,100.0,2.0,1000.0,-1.0,,,,,,,,,,,
gbm_no_group-in_context-steps_2D-seed0,ygwgimvu,2026-07-20T06:27:27Z,gbm_no_group,in_context,0,rmse,,1.123918370478221,,1.1305612649272556,,,,,steps,2,40.0,0.53236175947515,0.0,1000.0,4.0,500.0,-1.0,,,,,,,,,,,
gbm_no_group-in_context-steps_2D-seed0,yl6j30xi,2026-07-20T06:31:16Z,gbm_no_group,in_context,0,rmse,,1.1215875532087876,,1.1271190887150475,,,,,steps,2,15.0,0.2076764556616242,0.0,1000.0,64.0,500.0,-1.0,,,,,,,,,,,
gbm_no_group-in_context-steps_2D-seed0,yzwlycjf,2026-07-20T06:30:09Z,gbm_no_group,in_context,0,rmse,,1.123023163505407,,1.1277945810694203,,,,,steps,2,97.0,0.0339160084943861,1.0,20.0,32.0,500.0,-1.0,,,,,,,,,,,
gbm_no_group-in_context-steps_2D-seed1,0lvf0djp,2026-07-20T06:42:06Z,gbm_no_group,in_context,1,rmse,,1.1136111818138903,,1.1211796288802949,,,,,steps,2,75.0,0.0385852699847799,1.0,20.0,32.0,1000.0,-1.0,,,,,,,,,,,
gbm_no_group-in_context-steps_2D-seed1,20t5j2iu,2026-07-20T06:40:02Z,gbm_no_group,in_context,1,rmse,,1.1151349265025687,,1.1225062931542913,,,,,steps,2,93.0,0.0339160084943861,1.0,20.0,32.0,500.0,-1.0,,,,,,,,,,,
gbm_no_group-in_context-steps_2D-seed1,2si1s35b,2026-07-20T06:38:01Z,gbm_no_group,in_context,1,rmse,,1.1153755121368647,,1.1246348951595229,,,,,steps,2,163.0,0.1110364731305462,0.0,100.0,4.0,500.0,-1.0,,,,,,,,,,,
gbm_no_group-in_context-steps_2D-seed1,2xyov3wf,2026-07-20T06:38:11Z,gbm_no_group,in_context,1,rmse,,1.1156863180858696,,1.1230190185490403,,,,,steps,2,330.0,0.010325337616482,0.0,1000.0,32.0,500.0,-1.0,,,,,,,,,,,
gbm_no_group-in_context-steps_2D-seed1,4s7wb4k0,2026-07-20T06:40:14Z,gbm_no_group,in_context,1,rmse,,1.114547011653205,,1.1234206278939052,,,,,steps,2,27.0,0.5421814280975649,0.0,20.0,4.0,1000.0,-1.0,,,,,,,,,,,
gbm_no_group-in_context-steps_2D-seed1,54hbx0ji,2026-07-20T06:39:13Z,gbm_no_group,in_context,1,rmse,,1.11500629616709,,1.122877255187963,,,,,steps,2,3.0,0.6321732490144019,0.0,100.0,32.0,1000.0,-1.0,,,,,,,,,,,
gbm_no_group-in_context-steps_2D-seed1,6cgovvqx,2026-07-20T06:40:08Z,gbm_no_group,in_context,1,rmse,,1.380527594731261,,1.3959691855253735,,,,,steps,2,27.0,0.7601812767003311,0.0,100.0,2.0,1000.0,-1.0,,,,,,,,,,,
gbm_no_group-in_context-steps_2D-seed1,6veq71ha,2026-07-20T06:39:02Z,gbm_no_group,in_context,1,rmse,,1.1137717222556416,,1.1216398900354534,,,,,steps,2,58.0,0.0543959123656852,1.0,100.0,16.0,500.0,-1.0,,,,,,,,,,,
gbm_no_group-in_context-steps_2D-seed1,8aakzqt7,2026-07-20T06:39:07Z,gbm_no_group,in_context,1,rmse,,1.380373108684394,,1.395670976779957,,,,,steps,2,142.0,0.2409214543666476,1.0,1000.0,2.0,1000.0,-1.0,,,,,,,,,,,
gbm_no_group-in_context-steps_2D-seed1,8uxcfa5v,2026-07-20T06:41:37Z,gbm_no_group,in_context,1,rmse,,1.1141178230252164,,1.1216324489612646,,,,,steps,2,9.0,0.2952174928235017,0.0,1000.0,32.0,1000.0,-1.0,,,,,,,,,,,
gbm_no_group-in_context-steps_2D-seed1,8ybnflxf,2026-07-20T06:40:53Z,gbm_no_group,in_context,1,rmse,,1.1151768367476147,,1.1233293485793912,,,,,steps,2,24.0,0.1254449923662644,0.0,20.0,32.0,255.0,-1.0,,,,,,,,,,,
gbm_no_group-in_context-steps_2D-seed1,b5zwo6dq,2026-07-20T06:42:44Z,gbm_no_group,in_context,1,rmse,,1.1143061514039434,,1.1236324902722752,,,,,steps,2,119.0,0.181466839845264,0.0,100.0,4.0,500.0,-1.0,,,,,,,,,,,
gbm_no_group-in_context-steps_2D-seed1,ckdj1bi3,2026-07-20T06:39:16Z,gbm_no_group,in_context,1,rmse,,1.1161692322065797,,1.1239345422333211,,,,,steps,2,347.0,0.0102358324351751,1.0,1000.0,32.0,255.0,-1.0,,,,,,,,,,,
gbm_no_group-in_context-steps_2D-seed1,cr5daje7,2026-07-20T06:37:16Z,gbm_no_group,in_context,1,rmse,,1.1132652798500404,,1.1214411077376507,,,,,steps,2,95.0,0.040596116104843,0.0,20.0,8.0,500.0,-1.0,,,,,,,,,,,
gbm_no_group-in_context-steps_2D-seed1,d5p11w5p,2026-07-20T06:42:41Z,gbm_no_group,in_context,1,rmse,,1.116955176184278,,1.12468539256485,,,,,steps,2,2.0,0.8401272991858839,0.0,100.0,32.0,500.0,-1.0,,,,,,,,,,,
gbm_no_group-in_context-steps_2D-seed1,dk30w5dr,2026-07-20T06:40:49Z,gbm_no_group,in_context,1,rmse,,1.1120073721784296,,1.120207386871464,,,,,steps,2,9.0,0.2832583150532184,0.0,20.0,8.0,1000.0,-1.0,,,,,,,,,,,
gbm_no_group-in_context-steps_2D-seed1,dqvofqub,2026-07-20T06:41:04Z,gbm_no_group,in_context,1,rmse,,1.1150335646625185,,1.124842089186998,,,,,steps,2,493.0,0.0246366849342149,1.0,100.0,4.0,1000.0,-1.0,,,,,,,,,,,
gbm_no_group-in_context-steps_2D-seed1,f2e1apwf,2026-07-20T06:41:41Z,gbm_no_group,in_context,1,rmse,,1.116841935961885,,1.1235649008470456,,,,,steps,2,187.0,0.0160785817337106,0.0,100.0,64.0,500.0,-1.0,,,,,,,,,,,
gbm_no_group-in_context-steps_2D-seed1,glmo3ddn,2026-07-20T06:37:41Z,gbm_no_group,in_context,1,rmse,,1.380865211821056,,1.3959660695487237,,,,,steps,2,237.0,0.1239996783684609,1.0,20.0,2.0,500.0,-1.0,,,,,,,,,,,
gbm_no_group-in_context-steps_2D-seed1,hdpmj1bf,2026-07-20T06:40:56Z,gbm_no_group,in_context,1,rmse,,1.1140846859883795,,1.1217069742362509,,,,,steps,2,4.0,0.5139503522154862,0.0,20.0,16.0,1000.0,-1.0,,,,,,,,,,,
gbm_no_group-in_context-steps_2D-seed1,iebl03xj,2026-07-20T06:37:50Z,gbm_no_group,in_context,1,rmse,,1.1131165057132255,,1.1215447443813784,,,,,steps,2,126.0,0.0364643955898072,0.0,100.0,8.0,500.0,-1.0,,,,,,,,,,,
gbm_no_group-in_context-steps_2D-seed1,izhyirxd,2026-07-20T06:37:11Z,gbm_no_group,in_context,1,rmse,,1.115471947802838,,1.1229497492680007,,,,,steps,2,55.0,0.056115164153345,0.0,10.0,32.0,255.0,-1.0,,,,,,,,,,,
gbm_no_group-in_context-steps_2D-seed1,jdd42lgj,2026-07-20T06:38:08Z,gbm_no_group,in_context,1,rmse,,1.113096349141192,,1.1208337491471303,,,,,steps,2,4.0,0.7234279845665414,0.0,1000.0,8.0,1000.0,-1.0,,,,,,,,,,,
gbm_no_group-in_context-steps_2D-seed1,kqykmpfv,2026-07-20T06:38:52Z,gbm_no_group,in_context,1,rmse,,1.115600265627891,,1.1234552056087106,,,,,steps,2,128.0,0.0371262417904053,1.0,1000.0,16.0,255.0,-1.0,,,,,,,,,,,
gbm_no_group-in_context-steps_2D-seed1,ks1n62bw,2026-07-20T06:42:15Z,gbm_no_group,in_context,1,rmse,,1.380789357078673,,1.3960451235109002,,,,,steps,2,497.0,0.056561272438125,1.0,100.0,2.0,500.0,-1.0,,,,,,,,,,,
gbm_no_group-in_context-steps_2D-seed1,l501a4a0,2026-07-20T06:42:50Z,gbm_no_group,in_context,1,rmse,,1.1171542223116626,,1.1249698515615263,,,,,steps,2,21.0,0.1469982700231391,1.0,10.0,64.0,255.0,-1.0,,,,,,,,,,,
gbm_no_group-in_context-steps_2D-seed1,pa350mnb,2026-07-20T06:41:00Z,gbm_no_group,in_context,1,rmse,,1.1154658159619089,,1.1232299148017455,,,,,steps,2,14.0,0.2076764556616242,0.0,1000.0,64.0,500.0,-1.0,,,,,,,,,,,
gbm_no_group-in_context-steps_2D-seed1,rc2iknvc,2026-07-20T06:40:11Z,gbm_no_group,in_context,1,rmse,,1.1137811298336118,,1.1224705142151583,,,,,steps,2,23.0,0.7452629792912638,0.0,100.0,4.0,1000.0,-1.0,,,,,,,,,,,
gbm_no_group-in_context-steps_2D-seed1,snltv2iy,2026-07-20T06:42:12Z,gbm_no_group,in_context,1,rmse,,1.1130632227350268,,1.1215117571511597,,,,,steps,2,22.0,0.1723598576082492,0.0,100.0,8.0,500.0,-1.0,,,,,,,,,,,
gbm_no_group-in_context-steps_2D-seed1,uxn99cju,2026-07-20T06:37:21Z,gbm_no_group,in_context,1,rmse,,1.115399649893242,,1.1228731138061732,,,,,steps,2,238.0,0.0134928342680132,1.0,10.0,32.0,255.0,-1.0,,,,,,,,,,,
gbm_no_group-in_context-steps_2D-seed1,wdp64eem,2026-07-20T06:40:18Z,gbm_no_group,in_context,1,rmse,,1.1145550289221458,,1.1242464813337387,,,,,steps,2,452.0,0.0374181665960717,0.0,20.0,4.0,1000.0,-1.0,,,,,,,,,,,
gbm_no_group-in_context-steps_2D-seed1,z7wmlqni,2026-07-20T06:37:57Z,gbm_no_group,in_context,1,rmse,,1.1172352963653185,,1.1255042073702284,,,,,steps,2,58.0,0.53236175947515,0.0,1000.0,4.0,500.0,-1.0,,,,,,,,,,,
gbm_no_group-in_context-steps_2D-seed2,0hvvkued,2026-07-20T06:47:43Z,gbm_no_group,in_context,2,rmse,,1.114819059461151,,1.1232509680439329,,,,,steps,2,118.0,0.0364643955898072,0.0,100.0,8.0,500.0,-1.0,,,,,,,,,,,
gbm_no_group-in_context-steps_2D-seed2,276nakkz,2026-07-20T06:52:07Z,gbm_no_group,in_context,2,rmse,,1.1121268170076606,,1.122029034179444,,,,,steps,2,15.0,0.2832583150532184,0.0,20.0,8.0,1000.0,-1.0,,,,,,,,,,,
gbm_no_group-in_context-steps_2D-seed2,2bqid58k,2026-07-20T06:49:29Z,gbm_no_group,in_context,2,rmse,,1.1170848417993842,,1.1263632968292918,,,,,steps,2,135.0,0.0371262417904053,1.0,1000.0,16.0,255.0,-1.0,,,,,,,,,,,
gbm_no_group-in_context-steps_2D-seed2,42o5mchb,2026-07-20T06:49:45Z,gbm_no_group,in_context,2,rmse,,1.375246518937271,,1.384747707915896,,,,,steps,2,101.0,0.2409214543666476,1.0,1000.0,2.0,1000.0,-1.0,,,,,,,,,,,
gbm_no_group-in_context-steps_2D-seed2,6krhwep8,2026-07-20T06:53:50Z,gbm_no_group,in_context,2,rmse,,1.11786477335823,,1.12635617362193,,,,,steps,2,2.0,0.8401272991858839,0.0,100.0,32.0,500.0,-1.0,,,,,,,,,,,
gbm_no_group-in_context-steps_2D-seed2,6wko5h3l,2026-07-20T06:51:29Z,gbm_no_group,in_context,2,rmse,,1.3755403977046756,,1.384646244532376,,,,,steps,2,17.0,0.7601812767003311,0.0,100.0,2.0,1000.0,-1.0,,,,,,,,,,,
gbm_no_group-in_context-steps_2D-seed2,7w6drf89,2026-07-20T06:49:53Z,gbm_no_group,in_context,2,rmse,,1.1174191486694995,,1.1266197681488428,,,,,steps,2,477.0,0.0102358324351751,1.0,1000.0,32.0,255.0,-1.0,,,,,,,,,,,
gbm_no_group-in_context-steps_2D-seed2,9c0chdwv,2026-07-20T06:53:29Z,gbm_no_group,in_context,2,rmse,,1.1148386735257385,,1.1234086237119938,,,,,steps,2,18.0,0.1723598576082492,0.0,100.0,8.0,500.0,-1.0,,,,,,,,,,,
gbm_no_group-in_context-steps_2D-seed2,9fbhh5bb,2026-07-20T06:52:11Z,gbm_no_group,in_context,2,rmse,,1.1166949527648695,,1.1247452701468257,,,,,steps,2,26.0,0.1254449923662644,0.0,20.0,32.0,255.0,-1.0,,,,,,,,,,,
gbm_no_group-in_context-steps_2D-seed2,arugwnus,2026-07-20T06:53:54Z,gbm_no_group,in_context,2,rmse,,1.1190595201817517,,1.1274492493030004,,,,,steps,2,76.0,0.181466839845264,0.0,100.0,4.0,500.0,-1.0,,,,,,,,,,,
gbm_no_group-in_context-steps_2D-seed2,b3rlgr1b,2026-07-20T06:47:36Z,gbm_no_group,in_context,2,rmse,,1.3758742617153954,,1.3847701813969069,,,,,steps,2,200.0,0.1239996783684609,1.0,20.0,2.0,500.0,-1.0,,,,,,,,,,,
gbm_no_group-in_context-steps_2D-seed2,bi4lsxtz,2026-07-20T06:49:40Z,gbm_no_group,in_context,2,rmse,,1.1147659140448851,,1.1233976788796172,,,,,steps,2,58.0,0.0543959123656852,1.0,100.0,16.0,500.0,-1.0,,,,,,,,,,,
gbm_no_group-in_context-steps_2D-seed2,bibid8mw,2026-07-20T06:49:49Z,gbm_no_group,in_context,2,rmse,,1.1152902560465194,,1.1243654504304537,,,,,steps,2,3.0,0.6321732490144019,0.0,100.0,32.0,1000.0,-1.0,,,,,,,,,,,
gbm_no_group-in_context-steps_2D-seed2,dllvti2r,2026-07-20T06:48:03Z,gbm_no_group,in_context,2,rmse,,1.1152125168194966,,1.1243984352300218,,,,,steps,2,6.0,0.7234279845665414,0.0,1000.0,8.0,1000.0,-1.0,,,,,,,,,,,
gbm_no_group-in_context-steps_2D-seed2,e2d43924,2026-07-20T06:51:23Z,gbm_no_group,in_context,2,rmse,,1.1155938100670142,,1.124135523779018,,,,,steps,2,92.0,0.0339160084943861,1.0,20.0,32.0,500.0,-1.0,,,,,,,,,,,
gbm_no_group-in_context-steps_2D-seed2,ewl8r3qs,2026-07-20T06:52:18Z,gbm_no_group,in_context,2,rmse,,1.1170350521626289,,1.1254005359020227,,,,,steps,2,17.0,0.2076764556616242,0.0,1000.0,64.0,500.0,-1.0,,,,,,,,,,,
gbm_no_group-in_context-steps_2D-seed2,g3coo1nb,2026-07-20T06:53:32Z,gbm_no_group,in_context,2,rmse,,1.3759076079976598,,1.3846591049213075,,,,,steps,2,402.0,0.056561272438125,1.0,100.0,2.0,500.0,-1.0,,,,,,,,,,,
gbm_no_group-in_context-steps_2D-seed2,hagsepfz,2026-07-20T06:47:51Z,gbm_no_group,in_context,2,rmse,,1.1194297432096068,,1.1269262348791318,,,,,steps,2,32.0,0.53236175947515,0.0,1000.0,4.0,500.0,-1.0,,,,,,,,,,,
gbm_no_group-in_context-steps_2D-seed2,j37ny709,2026-07-20T06:52:22Z,gbm_no_group,in_context,2,rmse,,1.116112985715885,,1.125987340032354,,,,,steps,2,469.0,0.0246366849342149,1.0,100.0,4.0,1000.0,-1.0,,,,,,,,,,,
gbm_no_group-in_context-steps_2D-seed2,jgouajg6,2026-07-20T06:52:58Z,gbm_no_group,in_context,2,rmse,,1.117660450319535,,1.125622144666993,,,,,steps,2,185.0,0.0160785817337106,0.0,100.0,64.0,500.0,-1.0,,,,,,,,,,,
gbm_no_group-in_context-steps_2D-seed2,kl74ii4d,2026-07-20T06:47:18Z,gbm_no_group,in_context,2,rmse,,1.1161112989237432,,1.124939060026548,,,,,steps,2,214.0,0.0134928342680132,1.0,10.0,32.0,255.0,-1.0,,,,,,,,,,,
gbm_no_group-in_context-steps_2D-seed2,lnhuf77a,2026-07-20T06:51:37Z,gbm_no_group,in_context,2,rmse,,1.1165500284820136,,1.125225254068866,,,,,steps,2,26.0,0.5421814280975649,0.0,20.0,4.0,1000.0,-1.0,,,,,,,,,,,
gbm_no_group-in_context-steps_2D-seed2,mvlt3ect,2026-07-20T06:52:14Z,gbm_no_group,in_context,2,rmse,,1.1130541746244205,,1.123307302347298,,,,,steps,2,4.0,0.5139503522154862,0.0,20.0,16.0,1000.0,-1.0,,,,,,,,,,,
gbm_no_group-in_context-steps_2D-seed2,myuvospg,2026-07-20T06:47:55Z,gbm_no_group,in_context,2,rmse,,1.1175380220849946,,1.1256871644357682,,,,,steps,2,172.0,0.1110364731305462,0.0,100.0,4.0,500.0,-1.0,,,,,,,,,,,
gbm_no_group-in_context-steps_2D-seed2,pk0bkuuv,2026-07-20T06:51:33Z,gbm_no_group,in_context,2,rmse,,1.1221351513210167,,1.1298000686057712,,,,,steps,2,14.0,0.7452629792912638,0.0,100.0,4.0,1000.0,-1.0,,,,,,,,,,,
gbm_no_group-in_context-steps_2D-seed2,r5licq6g,2026-07-20T06:51:40Z,gbm_no_group,in_context,2,rmse,,1.114900337507256,,1.1245158278162302,,,,,steps,2,414.0,0.0374181665960717,0.0,20.0,4.0,1000.0,-1.0,,,,,,,,,,,
gbm_no_group-in_context-steps_2D-seed2,t30mue1d,2026-07-20T06:48:06Z,gbm_no_group,in_context,2,rmse,,1.117023675863457,,1.1254124101812215,,,,,steps,2,452.0,0.010325337616482,0.0,1000.0,32.0,500.0,-1.0,,,,,,,,,,,
gbm_no_group-in_context-steps_2D-seed2,ummbyyos,2026-07-20T06:53:58Z,gbm_no_group,in_context,2,rmse,,1.117974754699406,,1.1258620527165737,,,,,steps,2,18.0,0.1469982700231391,1.0,10.0,64.0,255.0,-1.0,,,,,,,,,,,
gbm_no_group-in_context-steps_2D-seed2,w8xmwyer,2026-07-20T06:53:22Z,gbm_no_group,in_context,2,rmse,,1.1135088339282118,,1.1230853985481786,,,,,steps,2,79.0,0.0385852699847799,1.0,20.0,32.0,1000.0,-1.0,,,,,,,,,,,
gbm_no_group-in_context-steps_2D-seed2,wm8qdm0k,2026-07-20T06:52:55Z,gbm_no_group,in_context,2,rmse,,1.115743688358319,,1.1248154549485354,,,,,steps,2,9.0,0.2952174928235017,0.0,1000.0,32.0,1000.0,-1.0,,,,,,,,,,,
gbm_no_group-in_context-steps_2D-seed2,xz8nm074,2026-07-20T06:47:08Z,gbm_no_group,in_context,2,rmse,,1.116446291190962,,1.1253746622632117,,,,,steps,2,52.0,0.056115164153345,0.0,10.0,32.0,255.0,-1.0,,,,,,,,,,,
gbm_no_group-in_context-steps_2D-seed2,ysprfvyj,2026-07-20T06:47:12Z,gbm_no_group,in_context,2,rmse,,1.1140823332859264,,1.1230864472601227,,,,,steps,2,107.0,0.040596116104843,0.0,20.0,8.0,500.0,-1.0,,,,,,,,,,,
gbm_no_group-in_context-steps_2D-seed3,060ci7iu,2026-07-20T07:01:09Z,gbm_no_group,in_context,3,rmse,,1.3945630128333508,,1.3913021535760155,,,,,steps,2,101.0,0.2409214543666476,1.0,1000.0,2.0,1000.0,-1.0,,,,,,,,,,,
gbm_no_group-in_context-steps_2D-seed3,3iv9mbrg,2026-07-20T07:03:38Z,gbm_no_group,in_context,3,rmse,,1.126863590742318,,1.1310679328260405,,,,,steps,2,13.0,0.2832583150532184,0.0,20.0,8.0,1000.0,-1.0,,,,,,,,,,,
gbm_no_group-in_context-steps_2D-seed3,3l8exj49,2026-07-20T07:02:36Z,gbm_no_group,in_context,3,rmse,,1.128059515354324,,1.1350936104388292,,,,,steps,2,136.0,0.0339160084943861,1.0,20.0,32.0,500.0,-1.0,,,,,,,,,,,
gbm_no_group-in_context-steps_2D-seed3,48qjf1hp,2026-07-20T07:01:13Z,gbm_no_group,in_context,3,rmse,,1.130669864127236,,1.1357120586470888,,,,,steps,2,3.0,0.6321732490144019,0.0,100.0,32.0,1000.0,-1.0,,,,,,,,,,,
gbm_no_group-in_context-steps_2D-seed3,5cs8rusq,2026-07-20T07:01:04Z,gbm_no_group,in_context,3,rmse,,1.1280217265118924,,1.133714214197065,,,,,steps,2,74.0,0.0543959123656852,1.0,100.0,16.0,500.0,-1.0,,,,,,,,,,,
gbm_no_group-in_context-steps_2D-seed3,72s8k74r,2026-07-20T07:05:21Z,gbm_no_group,in_context,3,rmse,,1.3950697243995571,,1.3918531198883402,,,,,steps,2,444.0,0.056561272438125,1.0,100.0,2.0,500.0,-1.0,,,,,,,,,,,
gbm_no_group-in_context-steps_2D-seed3,858txlcd,2026-07-20T07:03:46Z,gbm_no_group,in_context,3,rmse,,1.128170982006571,,1.131915312939684,,,,,steps,2,5.0,0.5139503522154862,0.0,20.0,16.0,1000.0,-1.0,,,,,,,,,,,
gbm_no_group-in_context-steps_2D-seed3,bbujfon2,2026-07-20T07:03:54Z,gbm_no_group,in_context,3,rmse,,1.1352717081713106,,1.1374033367691558,,,,,steps,2,496.0,0.0246366849342149,1.0,100.0,4.0,1000.0,-1.0,,,,,,,,,,,
gbm_no_group-in_context-steps_2D-seed3,cbbjkxb2,2026-07-20T06:58:48Z,gbm_no_group,in_context,3,rmse,,1.1272569665709684,,1.1329225180739766,,,,,steps,2,151.0,0.040596116104843,0.0,20.0,8.0,500.0,-1.0,,,,,,,,,,,
gbm_no_group-in_context-steps_2D-seed3,d2c26zu9,2026-07-20T07:05:08Z,gbm_no_group,in_context,3,rmse,,1.1273558424821324,,1.1326125682961408,,,,,steps,2,105.0,0.0385852699847799,1.0,20.0,32.0,1000.0,-1.0,,,,,,,,,,,
gbm_no_group-in_context-steps_2D-seed3,drucu1c3,2026-07-20T07:04:32Z,gbm_no_group,in_context,3,rmse,,1.1302770963997617,,1.13667167518758,,,,,steps,2,12.0,0.2952174928235017,0.0,1000.0,32.0,1000.0,-1.0,,,,,,,,,,,
gbm_no_group-in_context-steps_2D-seed3,e63wmdha,2026-07-20T06:59:49Z,gbm_no_group,in_context,3,rmse,,1.1311865707928912,,1.1356366999843592,,,,,steps,2,217.0,0.1110364731305462,0.0,100.0,4.0,500.0,-1.0,,,,,,,,,,,
gbm_no_group-in_context-steps_2D-seed3,epu8ckrs,2026-07-20T07:00:49Z,gbm_no_group,in_context,3,rmse,,1.1309074240390626,,1.138879539875583,,,,,steps,2,154.0,0.0371262417904053,1.0,1000.0,16.0,255.0,-1.0,,,,,,,,,,,
gbm_no_group-in_context-steps_2D-seed3,gz9978qu,2026-07-20T07:05:58Z,gbm_no_group,in_context,3,rmse,,1.1303212715577995,,1.1374883884070186,,,,,steps,2,21.0,0.1469982700231391,1.0,10.0,64.0,255.0,-1.0,,,,,,,,,,,
gbm_no_group-in_context-steps_2D-seed3,ibekj1h4,2026-07-20T07:00:02Z,gbm_no_group,in_context,3,rmse,,1.131226790754611,,1.1379957017436704,,,,,steps,2,346.0,0.010325337616482,0.0,1000.0,32.0,500.0,-1.0,,,,,,,,,,,
gbm_no_group-in_context-steps_2D-seed3,j8zlgv4c,2026-07-20T07:03:50Z,gbm_no_group,in_context,3,rmse,,1.1311359795318543,,1.1376208882450571,,,,,steps,2,19.0,0.2076764556616242,0.0,1000.0,64.0,500.0,-1.0,,,,,,,,,,,
gbm_no_group-in_context-steps_2D-seed3,jdrj96z4,2026-07-20T06:59:58Z,gbm_no_group,in_context,3,rmse,,1.1304306097207948,,1.134965423046966,,,,,steps,2,4.0,0.7234279845665414,0.0,1000.0,8.0,1000.0,-1.0,,,,,,,,,,,
gbm_no_group-in_context-steps_2D-seed3,k7phku4z,2026-07-20T07:05:50Z,gbm_no_group,in_context,3,rmse,,1.1311525863885756,,1.135949561839768,,,,,steps,2,145.0,0.181466839845264,0.0,100.0,4.0,500.0,-1.0,,,,,,,,,,,
gbm_no_group-in_context-steps_2D-seed3,kj244uh4,2026-07-20T06:58:43Z,gbm_no_group,in_context,3,rmse,,1.1283463878642972,,1.1359252842664944,,,,,steps,2,77.0,0.056115164153345,0.0,10.0,32.0,255.0,-1.0,,,,,,,,,,,
gbm_no_group-in_context-steps_2D-seed3,ks4z87mm,2026-07-20T07:03:42Z,gbm_no_group,in_context,3,rmse,,1.1285899332364622,,1.1352018092517937,,,,,steps,2,30.0,0.1254449923662644,0.0,20.0,32.0,255.0,-1.0,,,,,,,,,,,
gbm_no_group-in_context-steps_2D-seed3,o2e8b63m,2026-07-20T06:59:44Z,gbm_no_group,in_context,3,rmse,,1.1334931538040982,,1.141143301512521,,,,,steps,2,51.0,0.53236175947515,0.0,1000.0,4.0,500.0,-1.0,,,,,,,,,,,
gbm_no_group-in_context-steps_2D-seed3,p4df1f75,2026-07-20T07:01:20Z,gbm_no_group,in_context,3,rmse,,1.1313368665690364,,1.1390152143279115,,,,,steps,2,437.0,0.0102358324351751,1.0,1000.0,32.0,255.0,-1.0,,,,,,,,,,,
gbm_no_group-in_context-steps_2D-seed3,rgpy93d8,2026-07-20T06:59:37Z,gbm_no_group,in_context,3,rmse,,1.1273659858824554,,1.132894060367765,,,,,steps,2,149.0,0.0364643955898072,0.0,100.0,8.0,500.0,-1.0,,,,,,,,,,,
gbm_no_group-in_context-steps_2D-seed3,rl4xzy6e,2026-07-20T07:02:51Z,gbm_no_group,in_context,3,rmse,,1.1319751745016808,,1.136408537600969,,,,,steps,2,30.0,0.7452629792912638,0.0,100.0,4.0,1000.0,-1.0,,,,,,,,,,,
gbm_no_group-in_context-steps_2D-seed3,s5anccap,2026-07-20T07:02:54Z,gbm_no_group,in_context,3,rmse,,1.1331961530826278,,1.1376704577185577,,,,,steps,2,44.0,0.5421814280975649,0.0,20.0,4.0,1000.0,-1.0,,,,,,,,,,,
gbm_no_group-in_context-steps_2D-seed3,t3gvtkks,2026-07-20T06:58:55Z,gbm_no_group,in_context,3,rmse,,1.1281856580702914,,1.1353943956527497,,,,,steps,2,315.0,0.0134928342680132,1.0,10.0,32.0,255.0,-1.0,,,,,,,,,,,
gbm_no_group-in_context-steps_2D-seed3,uk1cxc6j,2026-07-20T07:05:17Z,gbm_no_group,in_context,3,rmse,,1.1274481400122534,,1.1331501968420803,,,,,steps,2,28.0,0.1723598576082492,0.0,100.0,8.0,500.0,-1.0,,,,,,,,,,,
gbm_no_group-in_context-steps_2D-seed3,v9q6petd,2026-07-20T07:05:47Z,gbm_no_group,in_context,3,rmse,,1.1314017536665624,,1.13678996210958,,,,,steps,2,2.0,0.8401272991858839,0.0,100.0,32.0,500.0,-1.0,,,,,,,,,,,
gbm_no_group-in_context-steps_2D-seed3,xd5l02h2,2026-07-20T06:59:28Z,gbm_no_group,in_context,3,rmse,,1.3950592582301735,,1.3917522106475162,,,,,steps,2,229.0,0.1239996783684609,1.0,20.0,2.0,500.0,-1.0,,,,,,,,,,,
gbm_no_group-in_context-steps_2D-seed3,xp36h7kh,2026-07-20T07:02:58Z,gbm_no_group,in_context,3,rmse,,1.1322024154747945,,1.1347092573900937,,,,,steps,2,499.0,0.0374181665960717,0.0,20.0,4.0,1000.0,-1.0,,,,,,,,,,,
gbm_no_group-in_context-steps_2D-seed3,ynaptptf,2026-07-20T07:02:46Z,gbm_no_group,in_context,3,rmse,,1.394644717175043,,1.391430621624641,,,,,steps,2,26.0,0.7601812767003311,0.0,100.0,2.0,1000.0,-1.0,,,,,,,,,,,
gbm_no_group-in_context-steps_2D-seed3,z6yks0de,2026-07-20T07:04:37Z,gbm_no_group,in_context,3,rmse,,1.1301381744089791,,1.1363288194140888,,,,,steps,2,210.0,0.0160785817337106,0.0,100.0,64.0,500.0,-1.0,,,,,,,,,,,
gbm_no_group-in_context-steps_2D-seed4,08bl35fq,2026-07-20T07:13:21Z,gbm_no_group,in_context,4,rmse,,1.1210259662662838,,1.1076873387397117,,,,,steps,2,100.0,0.0371262417904053,1.0,1000.0,16.0,255.0,-1.0,,,,,,,,,,,
gbm_no_group-in_context-steps_2D-seed4,11wt51er,2026-07-20T07:12:34Z,gbm_no_group,in_context,4,rmse,,1.119200935686702,,1.1068188480402228,,,,,steps,2,3.0,0.7234279845665414,0.0,1000.0,8.0,1000.0,-1.0,,,,,,,,,,,
gbm_no_group-in_context-steps_2D-seed4,2i3h3j40,2026-07-20T07:15:20Z,gbm_no_group,in_context,4,rmse,,1.12175785895361,,1.1080638363306847,,,,,steps,2,26.0,0.1254449923662644,0.0,20.0,32.0,255.0,-1.0,,,,,,,,,,,
gbm_no_group-in_context-steps_2D-seed4,399h8613,2026-07-20T07:15:23Z,gbm_no_group,in_context,4,rmse,,1.1197783852590315,,1.1073566396553778,,,,,steps,2,5.0,0.5139503522154862,0.0,20.0,16.0,1000.0,-1.0,,,,,,,,,,,
gbm_no_group-in_context-steps_2D-seed4,3jin2yxs,2026-07-20T07:16:04Z,gbm_no_group,in_context,4,rmse,,1.119661479344126,,1.1067952030208543,,,,,steps,2,12.0,0.2952174928235017,0.0,1000.0,32.0,1000.0,-1.0,,,,,,,,,,,
gbm_no_group-in_context-steps_2D-seed4,3up83mv6,2026-07-20T07:16:45Z,gbm_no_group,in_context,4,rmse,,1.1191069003024816,,1.107327116668671,,,,,steps,2,24.0,0.1723598576082492,0.0,100.0,8.0,500.0,-1.0,,,,,,,,,,,
gbm_no_group-in_context-steps_2D-seed4,4r18jbuf,2026-07-20T07:14:24Z,gbm_no_group,in_context,4,rmse,,1.1206975142169973,,1.1072330991203934,,,,,steps,2,111.0,0.0339160084943861,1.0,20.0,32.0,500.0,-1.0,,,,,,,,,,,
gbm_no_group-in_context-steps_2D-seed4,5g3g66pu,2026-07-20T07:14:32Z,gbm_no_group,in_context,4,rmse,,1.3923899691434147,,1.38636468738707,,,,,steps,2,20.0,0.7601812767003311,0.0,100.0,2.0,1000.0,-1.0,,,,,,,,,,,
gbm_no_group-in_context-steps_2D-seed4,66zcdi7j,2026-07-20T07:12:11Z,gbm_no_group,in_context,4,rmse,,1.3923090466249557,,1.3866554265657605,,,,,steps,2,160.0,0.1239996783684609,1.0,20.0,2.0,500.0,-1.0,,,,,,,,,,,
gbm_no_group-in_context-steps_2D-seed4,82iqdh2w,2026-07-20T07:16:49Z,gbm_no_group,in_context,4,rmse,,1.392286965742213,,1.3865999778163816,,,,,steps,2,385.0,0.056561272438125,1.0,100.0,2.0,500.0,-1.0,,,,,,,,,,,
gbm_no_group-in_context-steps_2D-seed4,8bvr6nwq,2026-07-20T07:12:17Z,gbm_no_group,in_context,4,rmse,,1.1189849079438747,,1.1071818320162583,,,,,steps,2,108.0,0.0364643955898072,0.0,100.0,8.0,500.0,-1.0,,,,,,,,,,,
gbm_no_group-in_context-steps_2D-seed4,95rukmp9,2026-07-20T07:15:16Z,gbm_no_group,in_context,4,rmse,,1.118607544740203,,1.1072363726937842,,,,,steps,2,15.0,0.2832583150532184,0.0,20.0,8.0,1000.0,-1.0,,,,,,,,,,,
gbm_no_group-in_context-steps_2D-seed4,buiaha1h,2026-07-20T07:15:27Z,gbm_no_group,in_context,4,rmse,,1.1195308729196891,,1.1067685031194,,,,,steps,2,16.0,0.2076764556616242,0.0,1000.0,64.0,500.0,-1.0,,,,,,,,,,,
gbm_no_group-in_context-steps_2D-seed4,bzofepqs,2026-07-20T07:17:17Z,gbm_no_group,in_context,4,rmse,,1.124597872208547,,1.1096827537598128,,,,,steps,2,22.0,0.1469982700231391,1.0,10.0,64.0,255.0,-1.0,,,,,,,,,,,
gbm_no_group-in_context-steps_2D-seed4,c9o0ms40,2026-07-20T07:13:28Z,gbm_no_group,in_context,4,rmse,,1.1192179562833915,,1.107111774226366,,,,,steps,2,65.0,0.0543959123656852,1.0,100.0,16.0,500.0,-1.0,,,,,,,,,,,
gbm_no_group-in_context-steps_2D-seed4,ex0sumer,2026-07-20T07:17:12Z,gbm_no_group,in_context,4,rmse,,1.1228075056025602,,1.1101262355838777,,,,,steps,2,88.0,0.181466839845264,0.0,100.0,4.0,500.0,-1.0,,,,,,,,,,,
gbm_no_group-in_context-steps_2D-seed4,f57e7wps,2026-07-20T07:16:08Z,gbm_no_group,in_context,4,rmse,,1.1226047771442695,,1.1097568518360608,,,,,steps,2,223.0,0.0160785817337106,0.0,100.0,64.0,500.0,-1.0,,,,,,,,,,,
gbm_no_group-in_context-steps_2D-seed4,gxjvm1ht,2026-07-20T07:12:27Z,gbm_no_group,in_context,4,rmse,,1.1233784439486096,,1.1112350803940712,,,,,steps,2,162.0,0.1110364731305462,0.0,100.0,4.0,500.0,-1.0,,,,,,,,,,,
gbm_no_group-in_context-steps_2D-seed4,ip8depmj,2026-07-20T07:12:37Z,gbm_no_group,in_context,4,rmse,,1.1197813657728382,,1.106956861997365,,,,,steps,2,338.0,0.010325337616482,0.0,1000.0,32.0,500.0,-1.0,,,,,,,,,,,
gbm_no_group-in_context-steps_2D-seed4,jfoh5tfc,2026-07-20T07:11:28Z,gbm_no_group,in_context,4,rmse,,1.1225851052278064,,1.107556652557791,,,,,steps,2,68.0,0.056115164153345,0.0,10.0,32.0,255.0,-1.0,,,,,,,,,,,
gbm_no_group-in_context-steps_2D-seed4,jsbsan69,2026-07-20T07:14:38Z,gbm_no_group,in_context,4,rmse,,1.1221844452903824,,1.1093341288466352,,,,,steps,2,27.0,0.5421814280975649,0.0,20.0,4.0,1000.0,-1.0,,,,,,,,,,,
gbm_no_group-in_context-steps_2D-seed4,kpkcryfh,2026-07-20T07:14:42Z,gbm_no_group,in_context,4,rmse,,1.124541340004678,,1.1124246213693338,,,,,steps,2,492.0,0.0374181665960717,0.0,20.0,4.0,1000.0,-1.0,,,,,,,,,,,
gbm_no_group-in_context-steps_2D-seed4,kx49dn83,2026-07-20T07:15:31Z,gbm_no_group,in_context,4,rmse,,1.126350349294616,,1.1146190038979784,,,,,steps,2,498.0,0.0246366849342149,1.0,100.0,4.0,1000.0,-1.0,,,,,,,,,,,
gbm_no_group-in_context-steps_2D-seed4,m4r8p5ks,2026-07-20T07:14:35Z,gbm_no_group,in_context,4,rmse,,1.1252950683449847,,1.1128581902904289,,,,,steps,2,15.0,0.7452629792912638,0.0,100.0,4.0,1000.0,-1.0,,,,,,,,,,,
gbm_no_group-in_context-steps_2D-seed4,msqgjks1,2026-07-20T07:13:37Z,gbm_no_group,in_context,4,rmse,,1.1234286832408285,,1.1104239089146537,,,,,steps,2,3.0,0.6321732490144019,0.0,100.0,32.0,1000.0,-1.0,,,,,,,,,,,
gbm_no_group-in_context-steps_2D-seed4,oxosxzdb,2026-07-20T07:13:33Z,gbm_no_group,in_context,4,rmse,,1.3923129659051083,,1.386506118457354,,,,,steps,2,82.0,0.2409214543666476,1.0,1000.0,2.0,1000.0,-1.0,,,,,,,,,,,
gbm_no_group-in_context-steps_2D-seed4,pqpsgn3x,2026-07-20T07:12:23Z,gbm_no_group,in_context,4,rmse,,1.1213663138329286,,1.1093440787711295,,,,,steps,2,24.0,0.53236175947515,0.0,1000.0,4.0,500.0,-1.0,,,,,,,,,,,
gbm_no_group-in_context-steps_2D-seed4,sfsc07sf,2026-07-20T07:13:41Z,gbm_no_group,in_context,4,rmse,,1.1214065297178204,,1.1079660859028224,,,,,steps,2,330.0,0.0102358324351751,1.0,1000.0,32.0,255.0,-1.0,,,,,,,,,,,
gbm_no_group-in_context-steps_2D-seed4,tnlz7rxo,2026-07-20T07:11:34Z,gbm_no_group,in_context,4,rmse,,1.1190105152655738,,1.1072220394033856,,,,,steps,2,98.0,0.040596116104843,0.0,20.0,8.0,500.0,-1.0,,,,,,,,,,,
gbm_no_group-in_context-steps_2D-seed4,u9r8sm1d,2026-07-20T07:16:38Z,gbm_no_group,in_context,4,rmse,,1.119931781722876,,1.1069385028823515,,,,,steps,2,102.0,0.0385852699847799,1.0,20.0,32.0,1000.0,-1.0,,,,,,,,,,,
gbm_no_group-in_context-steps_2D-seed4,v6dz2iku,2026-07-20T07:11:39Z,gbm_no_group,in_context,4,rmse,,1.121980086046468,,1.1074881343416445,,,,,steps,2,305.0,0.0134928342680132,1.0,10.0,32.0,255.0,-1.0,,,,,,,,,,,
gbm_no_group-in_context-steps_2D-seed4,yumcz7oy,2026-07-20T07:17:07Z,gbm_no_group,in_context,4,rmse,,1.122774594751267,,1.1114835029823211,,,,,steps,2,2.0,0.8401272991858839,0.0,100.0,32.0,500.0,-1.0,,,,,,,,,,,
gbm_no_group-few_shot-steps_2D-seed0,1bzg8rbc,2026-07-20T06:34:40Z,gbm_no_group,few_shot,0,rmse,,1.1390900376392714,,1.119274205859562,,,,,steps,2,3.0,0.6321732490144019,0.0,100.0,32.0,1000.0,-1.0,,,,,,,,,,,
gbm_no_group-few_shot-steps_2D-seed0,2147jvc0,2026-07-20T06:35:09Z,gbm_no_group,few_shot,0,rmse,,1.1376604891098538,,1.116976740791614,,,,,steps,2,88.0,0.0339160084943861,1.0,20.0,32.0,500.0,-1.0,,,,,,,,,,,
gbm_no_group-few_shot-steps_2D-seed0,2t8vp9oi,2026-07-20T06:34:04Z,gbm_no_group,few_shot,0,rmse,,1.1380935206897682,,1.1171178473890198,,,,,steps,2,291.0,0.010325337616482,0.0,1000.0,32.0,500.0,-1.0,,,,,,,,,,,
gbm_no_group-few_shot-steps_2D-seed0,3uxnbfbu,2026-07-20T06:33:46Z,gbm_no_group,few_shot,0,rmse,,1.1368378025096977,,1.1159486867061994,,,,,steps,2,95.0,0.0364643955898072,0.0,100.0,8.0,500.0,-1.0,,,,,,,,,,,
gbm_no_group-few_shot-steps_2D-seed0,51z274h0,2026-07-20T06:33:21Z,gbm_no_group,few_shot,0,rmse,,1.140629799506358,,1.1193799346466238,,,,,steps,2,51.0,0.056115164153345,0.0,10.0,32.0,255.0,-1.0,,,,,,,,,,,
gbm_no_group-few_shot-steps_2D-seed0,6c075y1y,2026-07-20T06:34:00Z,gbm_no_group,few_shot,0,rmse,,1.1358703341565075,,1.1180955396971357,,,,,steps,2,2.0,0.7234279845665414,0.0,1000.0,8.0,1000.0,-1.0,,,,,,,,,,,
gbm_no_group-few_shot-steps_2D-seed0,6k2gfya8,2026-07-20T06:34:28Z,gbm_no_group,few_shot,0,rmse,,1.1396953348235983,,1.118566491991034,,,,,steps,2,82.0,0.0371262417904053,1.0,1000.0,16.0,255.0,-1.0,,,,,,,,,,,
gbm_no_group-few_shot-steps_2D-seed0,83jr0l9z,2026-07-20T06:35:15Z,gbm_no_group,few_shot,0,rmse,,1.3894848727069262,,1.3798982572704463,,,,,steps,2,15.0,0.7601812767003311,0.0,100.0,2.0,1000.0,-1.0,,,,,,,,,,,
gbm_no_group-few_shot-steps_2D-seed0,860hx5db,2026-07-20T06:35:43Z,gbm_no_group,few_shot,0,rmse,,1.140880963249625,,1.1198629956640886,,,,,steps,2,21.0,0.1254449923662644,0.0,20.0,32.0,255.0,-1.0,,,,,,,,,,,
gbm_no_group-few_shot-steps_2D-seed0,86svxcrk,2026-07-20T06:36:40Z,gbm_no_group,few_shot,0,rmse,,1.1366615288770363,,1.1157292394262222,,,,,steps,2,19.0,0.1723598576082492,0.0,100.0,8.0,500.0,-1.0,,,,,,,,,,,
gbm_no_group-few_shot-steps_2D-seed0,8p41iucs,2026-07-20T06:33:54Z,gbm_no_group,few_shot,0,rmse,,1.143352925711702,,1.1198078445232982,,,,,steps,2,173.0,0.1110364731305462,0.0,100.0,4.0,500.0,-1.0,,,,,,,,,,,
gbm_no_group-few_shot-steps_2D-seed0,a9xnm807,2026-07-20T06:33:25Z,gbm_no_group,few_shot,0,rmse,,1.1367521022324962,,1.1168289796772686,,,,,steps,2,72.0,0.040596116104843,0.0,20.0,8.0,500.0,-1.0,,,,,,,,,,,
gbm_no_group-few_shot-steps_2D-seed0,dnk3hfv3,2026-07-20T06:36:19Z,gbm_no_group,few_shot,0,rmse,,1.1383497688107511,,1.1191327714176258,,,,,steps,2,182.0,0.0160785817337106,0.0,100.0,64.0,500.0,-1.0,,,,,,,,,,,
gbm_no_group-few_shot-steps_2D-seed0,dy0idz44,2026-07-20T06:36:54Z,gbm_no_group,few_shot,0,rmse,,1.1452577133806376,,1.1216499835278078,,,,,steps,2,64.0,0.181466839845264,0.0,100.0,4.0,500.0,-1.0,,,,,,,,,,,
gbm_no_group-few_shot-steps_2D-seed0,el9kybik,2026-07-20T06:36:15Z,gbm_no_group,few_shot,0,rmse,,1.1372649612321517,,1.1176535893077717,,,,,steps,2,9.0,0.2952174928235017,0.0,1000.0,32.0,1000.0,-1.0,,,,,,,,,,,
gbm_no_group-few_shot-steps_2D-seed0,ggpjjb11,2026-07-20T06:33:42Z,gbm_no_group,few_shot,0,rmse,,1.3891660356748656,,1.3803124360141914,,,,,steps,2,131.0,0.1239996783684609,1.0,20.0,2.0,500.0,-1.0,,,,,,,,,,,
gbm_no_group-few_shot-steps_2D-seed0,jhwj1v7h,2026-07-20T06:35:50Z,gbm_no_group,few_shot,0,rmse,,1.138209816743264,,1.1170760694768642,,,,,steps,2,13.0,0.2076764556616242,0.0,1000.0,64.0,500.0,-1.0,,,,,,,,,,,
gbm_no_group-few_shot-steps_2D-seed0,k3x9yk5t,2026-07-20T06:35:54Z,gbm_no_group,few_shot,0,rmse,,1.1449737708617542,,1.1229190279614674,,,,,steps,2,494.0,0.0246366849342149,1.0,100.0,4.0,1000.0,-1.0,,,,,,,,,,,
gbm_no_group-few_shot-steps_2D-seed0,la6u8d78,2026-07-20T06:33:51Z,gbm_no_group,few_shot,0,rmse,,1.14143429736404,,1.1170279706306792,,,,,steps,2,18.0,0.53236175947515,0.0,1000.0,4.0,500.0,-1.0,,,,,,,,,,,
gbm_no_group-few_shot-steps_2D-seed0,lgdszvr7,2026-07-20T06:33:29Z,gbm_no_group,few_shot,0,rmse,,1.1405351015441787,,1.119358396540189,,,,,steps,2,219.0,0.0134928342680132,1.0,10.0,32.0,255.0,-1.0,,,,,,,,,,,
gbm_no_group-few_shot-steps_2D-seed0,n246y2ff,2026-07-20T06:34:44Z,gbm_no_group,few_shot,0,rmse,,1.1403639755888455,,1.119013142257275,,,,,steps,2,299.0,0.0102358324351751,1.0,1000.0,32.0,255.0,-1.0,,,,,,,,,,,
gbm_no_group-few_shot-steps_2D-seed0,naoc6zga,2026-07-20T06:36:51Z,gbm_no_group,few_shot,0,rmse,,1.1403804995061315,,1.1191620797087196,,,,,steps,2,2.0,0.8401272991858839,0.0,100.0,32.0,500.0,-1.0,,,,,,,,,,,
gbm_no_group-few_shot-steps_2D-seed0,ngkrefyg,2026-07-20T06:35:46Z,gbm_no_group,few_shot,0,rmse,,1.1372437303152707,,1.1187306311268403,,,,,steps,2,4.0,0.5139503522154862,0.0,20.0,16.0,1000.0,-1.0,,,,,,,,,,,
gbm_no_group-few_shot-steps_2D-seed0,p9xjaeo3,2026-07-20T06:34:36Z,gbm_no_group,few_shot,0,rmse,,1.3892543403069504,,1.3803461808881952,,,,,steps,2,65.0,0.2409214543666476,1.0,1000.0,2.0,1000.0,-1.0,,,,,,,,,,,
gbm_no_group-few_shot-steps_2D-seed0,pc1x9tyf,2026-07-20T06:35:39Z,gbm_no_group,few_shot,0,rmse,,1.1354010971319026,,1.1176371976381552,,,,,steps,2,8.0,0.2832583150532184,0.0,20.0,8.0,1000.0,-1.0,,,,,,,,,,,
gbm_no_group-few_shot-steps_2D-seed0,pi6kvr1n,2026-07-20T06:35:25Z,gbm_no_group,few_shot,0,rmse,,1.144842501872595,,1.122601181666936,,,,,steps,2,386.0,0.0374181665960717,0.0,20.0,4.0,1000.0,-1.0,,,,,,,,,,,
gbm_no_group-few_shot-steps_2D-seed0,qssbh8kr,2026-07-20T06:35:18Z,gbm_no_group,few_shot,0,rmse,,1.145889825036546,,1.1212268521808555,,,,,steps,2,36.0,0.7452629792912638,0.0,100.0,4.0,1000.0,-1.0,,,,,,,,,,,
gbm_no_group-few_shot-steps_2D-seed0,r1449ooo,2026-07-20T06:36:43Z,gbm_no_group,few_shot,0,rmse,,1.389145387780033,,1.380357739837252,,,,,steps,2,294.0,0.056561272438125,1.0,100.0,2.0,500.0,-1.0,,,,,,,,,,,
gbm_no_group-few_shot-steps_2D-seed0,rm1fvq2d,2026-07-20T06:36:34Z,gbm_no_group,few_shot,0,rmse,,1.1368182503039572,,1.117056636452587,,,,,steps,2,77.0,0.0385852699847799,1.0,20.0,32.0,1000.0,-1.0,,,,,,,,,,,
gbm_no_group-few_shot-steps_2D-seed0,s13vvy1q,2026-07-20T06:34:32Z,gbm_no_group,few_shot,0,rmse,,1.1368592775739783,,1.1162584737684924,,,,,steps,2,55.0,0.0543959123656852,1.0,100.0,16.0,500.0,-1.0,,,,,,,,,,,
gbm_no_group-few_shot-steps_2D-seed0,ytnq533y,2026-07-20T06:35:21Z,gbm_no_group,few_shot,0,rmse,,1.14076035765493,,1.1178975827481288,,,,,steps,2,22.0,0.5421814280975649,0.0,20.0,4.0,1000.0,-1.0,,,,,,,,,,,
gbm_no_group-few_shot-steps_2D-seed0,zlynh40k,2026-07-20T06:36:58Z,gbm_no_group,few_shot,0,rmse,,1.1422090876962496,,1.1226129190578018,,,,,steps,2,17.0,0.1469982700231391,1.0,10.0,64.0,255.0,-1.0,,,,,,,,,,,
gbm_no_group-few_shot-steps_2D-seed1,0m8a73pa,2026-07-20T06:46:22Z,gbm_no_group,few_shot,1,rmse,,1.1113360609448364,,1.097579001070537,,,,,steps,2,85.0,0.0385852699847799,1.0,20.0,32.0,1000.0,-1.0,,,,,,,,,,,
gbm_no_group-few_shot-steps_2D-seed1,1a2fp4vn,2026-07-20T06:46:27Z,gbm_no_group,few_shot,1,rmse,,1.110837188478269,,1.09658152203358,,,,,steps,2,20.0,0.1723598576082492,0.0,100.0,8.0,500.0,-1.0,,,,,,,,,,,
gbm_no_group-few_shot-steps_2D-seed1,2aefxjln,2026-07-20T06:43:09Z,gbm_no_group,few_shot,1,rmse,,1.1107241931972116,,1.0965214659258404,,,,,steps,2,87.0,0.040596116104843,0.0,20.0,8.0,500.0,-1.0,,,,,,,,,,,
gbm_no_group-few_shot-steps_2D-seed1,2yp5g73s,2026-07-20T06:43:46Z,gbm_no_group,few_shot,1,rmse,,1.1108874221511418,,1.096240610123913,,,,,steps,2,3.0,0.7234279845665414,0.0,1000.0,8.0,1000.0,-1.0,,,,,,,,,,,
gbm_no_group-few_shot-steps_2D-seed1,31ncq09p,2026-07-20T06:45:04Z,gbm_no_group,few_shot,1,rmse,,1.116299819241538,,1.1043570994744534,,,,,steps,2,25.0,0.5421814280975649,0.0,20.0,4.0,1000.0,-1.0,,,,,,,,,,,
gbm_no_group-few_shot-steps_2D-seed1,4hwuiv4c,2026-07-20T06:43:04Z,gbm_no_group,few_shot,1,rmse,,1.1141175828820238,,1.0996610432201177,,,,,steps,2,61.0,0.056115164153345,0.0,10.0,32.0,255.0,-1.0,,,,,,,,,,,
gbm_no_group-few_shot-steps_2D-seed1,4vwxm34f,2026-07-20T06:46:06Z,gbm_no_group,few_shot,1,rmse,,1.1131985087009422,,1.0995715909674106,,,,,steps,2,196.0,0.0160785817337106,0.0,100.0,64.0,500.0,-1.0,,,,,,,,,,,
gbm_no_group-few_shot-steps_2D-seed1,6oomj9qf,2026-07-20T06:46:51Z,gbm_no_group,few_shot,1,rmse,,1.116039967194907,,1.1012703243226878,,,,,steps,2,19.0,0.1469982700231391,1.0,10.0,64.0,255.0,-1.0,,,,,,,,,,,
gbm_no_group-few_shot-steps_2D-seed1,a3yzjdq3,2026-07-20T06:45:36Z,gbm_no_group,few_shot,1,rmse,,1.1109256436626818,,1.0968715545124157,,,,,steps,2,5.0,0.5139503522154862,0.0,20.0,16.0,1000.0,-1.0,,,,,,,,,,,
gbm_no_group-few_shot-steps_2D-seed1,b20v61d4,2026-07-20T06:43:41Z,gbm_no_group,few_shot,1,rmse,,1.114489985621813,,1.1001726775302163,,,,,steps,2,133.0,0.1110364731305462,0.0,100.0,4.0,500.0,-1.0,,,,,,,,,,,
gbm_no_group-few_shot-steps_2D-seed1,fd8qa059,2026-07-20T06:46:03Z,gbm_no_group,few_shot,1,rmse,,1.112953018770303,,1.0971610773569231,,,,,steps,2,9.0,0.2952174928235017,0.0,1000.0,32.0,1000.0,-1.0,,,,,,,,,,,
gbm_no_group-few_shot-steps_2D-seed1,ft4mft8o,2026-07-20T06:44:57Z,gbm_no_group,few_shot,1,rmse,,1.380895815697559,,1.3739619842868187,,,,,steps,2,14.0,0.7601812767003311,0.0,100.0,2.0,1000.0,-1.0,,,,,,,,,,,
gbm_no_group-few_shot-steps_2D-seed1,g3c78yp9,2026-07-20T06:44:27Z,gbm_no_group,few_shot,1,rmse,,1.1154684787401867,,1.099760401156493,,,,,steps,2,303.0,0.0102358324351751,1.0,1000.0,32.0,255.0,-1.0,,,,,,,,,,,
gbm_no_group-few_shot-steps_2D-seed1,j5x3m7jz,2026-07-20T06:43:38Z,gbm_no_group,few_shot,1,rmse,,1.1156768514605184,,1.1011314521480728,,,,,steps,2,28.0,0.53236175947515,0.0,1000.0,4.0,500.0,-1.0,,,,,,,,,,,
gbm_no_group-few_shot-steps_2D-seed1,ja375fwl,2026-07-20T06:45:32Z,gbm_no_group,few_shot,1,rmse,,1.1144648811726834,,1.099148447840334,,,,,steps,2,24.0,0.1254449923662644,0.0,20.0,32.0,255.0,-1.0,,,,,,,,,,,
gbm_no_group-few_shot-steps_2D-seed1,ka5m6z0o,2026-07-20T06:45:07Z,gbm_no_group,few_shot,1,rmse,,1.1135745625305935,,1.0990027362375272,,,,,steps,2,498.0,0.0374181665960717,0.0,20.0,4.0,1000.0,-1.0,,,,,,,,,,,
gbm_no_group-few_shot-steps_2D-seed1,lb2z696h,2026-07-20T06:43:48Z,gbm_no_group,few_shot,1,rmse,,1.1126001583123206,,1.0973963804602682,,,,,steps,2,297.0,0.010325337616482,0.0,1000.0,32.0,500.0,-1.0,,,,,,,,,,,
gbm_no_group-few_shot-steps_2D-seed1,mm8filo8,2026-07-20T06:43:33Z,gbm_no_group,few_shot,1,rmse,,1.1107758211487773,,1.096663137901276,,,,,steps,2,88.0,0.0364643955898072,0.0,100.0,8.0,500.0,-1.0,,,,,,,,,,,
gbm_no_group-few_shot-steps_2D-seed1,n4pqset3,2026-07-20T06:45:39Z,gbm_no_group,few_shot,1,rmse,,1.1127771015425658,,1.0975073830940538,,,,,steps,2,14.0,0.2076764556616242,0.0,1000.0,64.0,500.0,-1.0,,,,,,,,,,,
gbm_no_group-few_shot-steps_2D-seed1,pugtl3me,2026-07-20T06:46:48Z,gbm_no_group,few_shot,1,rmse,,1.118461953960141,,1.1052543965638737,,,,,steps,2,75.0,0.181466839845264,0.0,100.0,4.0,500.0,-1.0,,,,,,,,,,,
gbm_no_group-few_shot-steps_2D-seed1,q2mvajwv,2026-07-20T06:44:21Z,gbm_no_group,few_shot,1,rmse,,1.3808294972937274,,1.3741276673559075,,,,,steps,2,67.0,0.2409214543666476,1.0,1000.0,2.0,1000.0,-1.0,,,,,,,,,,,
gbm_no_group-few_shot-steps_2D-seed1,qkthgk2k,2026-07-20T06:46:31Z,gbm_no_group,few_shot,1,rmse,,1.3806714883062232,,1.3739328647253688,,,,,steps,2,389.0,0.056561272438125,1.0,100.0,2.0,500.0,-1.0,,,,,,,,,,,
gbm_no_group-few_shot-steps_2D-seed1,r3yzkzgg,2026-07-20T06:43:13Z,gbm_no_group,few_shot,1,rmse,,1.1146449299430337,,1.099348235508899,,,,,steps,2,257.0,0.0134928342680132,1.0,10.0,32.0,255.0,-1.0,,,,,,,,,,,
gbm_no_group-few_shot-steps_2D-seed1,rorwzy0k,2026-07-20T06:44:52Z,gbm_no_group,few_shot,1,rmse,,1.111664281499469,,1.0974715457136837,,,,,steps,2,92.0,0.0339160084943861,1.0,20.0,32.0,500.0,-1.0,,,,,,,,,,,
gbm_no_group-few_shot-steps_2D-seed1,sbjbsv38,2026-07-20T06:45:29Z,gbm_no_group,few_shot,1,rmse,,1.110747968865014,,1.09658572161807,,,,,steps,2,11.0,0.2832583150532184,0.0,20.0,8.0,1000.0,-1.0,,,,,,,,,,,
gbm_no_group-few_shot-steps_2D-seed1,sh349ze4,2026-07-20T06:44:17Z,gbm_no_group,few_shot,1,rmse,,1.1112154712691025,,1.0966970772860138,,,,,steps,2,57.0,0.0543959123656852,1.0,100.0,16.0,500.0,-1.0,,,,,,,,,,,
gbm_no_group-few_shot-steps_2D-seed1,u4czhl7k,2026-07-20T06:43:28Z,gbm_no_group,few_shot,1,rmse,,1.38073028551079,,1.373755828166609,,,,,steps,2,185.0,0.1239996783684609,1.0,20.0,2.0,500.0,-1.0,,,,,,,,,,,
gbm_no_group-few_shot-steps_2D-seed1,v1nnt178,2026-07-20T06:44:24Z,gbm_no_group,few_shot,1,rmse,,1.112831819558196,,1.0998708151636043,,,,,steps,2,3.0,0.6321732490144019,0.0,100.0,32.0,1000.0,-1.0,,,,,,,,,,,
gbm_no_group-few_shot-steps_2D-seed1,wcdwy70r,2026-07-20T06:45:00Z,gbm_no_group,few_shot,1,rmse,,1.1162087462549972,,1.1008351128799214,,,,,steps,2,23.0,0.7452629792912638,0.0,100.0,4.0,1000.0,-1.0,,,,,,,,,,,
gbm_no_group-few_shot-steps_2D-seed1,wehh7gy7,2026-07-20T06:44:12Z,gbm_no_group,few_shot,1,rmse,,1.114723405118546,,1.0991051954478817,,,,,steps,2,82.0,0.0371262417904053,1.0,1000.0,16.0,255.0,-1.0,,,,,,,,,,,
gbm_no_group-few_shot-steps_2D-seed1,wolm2yze,2026-07-20T06:45:43Z,gbm_no_group,few_shot,1,rmse,,1.117488622556014,,1.1044228009069883,,,,,steps,2,500.0,0.0246366849342149,1.0,100.0,4.0,1000.0,-1.0,,,,,,,,,,,
gbm_no_group-few_shot-steps_2D-seed1,xdd2a9y9,2026-07-20T06:46:44Z,gbm_no_group,few_shot,1,rmse,,1.1138663901779526,,1.1002745702746324,,,,,steps,2,2.0,0.8401272991858839,0.0,100.0,32.0,500.0,-1.0,,,,,,,,,,,
gbm_no_group-few_shot-steps_2D-seed2,0d9zi02k,2026-07-20T06:54:50Z,gbm_no_group,few_shot,2,rmse,,1.102280275415086,,1.1498607322608028,,,,,steps,2,22.0,0.53236175947515,0.0,1000.0,4.0,500.0,-1.0,,,,,,,,,,,
gbm_no_group-few_shot-steps_2D-seed2,0djaxiey,2026-07-20T06:55:44Z,gbm_no_group,few_shot,2,rmse,,1.3611951357494294,,1.4240839328946788,,,,,steps,2,109.0,0.2409214543666476,1.0,1000.0,2.0,1000.0,-1.0,,,,,,,,,,,
gbm_no_group-few_shot-steps_2D-seed2,0wlhxm3m,2026-07-20T06:57:11Z,gbm_no_group,few_shot,2,rmse,,1.1012103508339903,,1.1481531681193586,,,,,steps,2,16.0,0.2076764556616242,0.0,1000.0,64.0,500.0,-1.0,,,,,,,,,,,
gbm_no_group-few_shot-steps_2D-seed2,3h0ld2lu,2026-07-20T06:58:24Z,gbm_no_group,few_shot,2,rmse,,1.1014749368128762,,1.1488014663202673,,,,,steps,2,97.0,0.181466839845264,0.0,100.0,4.0,500.0,-1.0,,,,,,,,,,,
gbm_no_group-few_shot-steps_2D-seed2,3qv8pluc,2026-07-20T06:54:45Z,gbm_no_group,few_shot,2,rmse,,1.1003486641715563,,1.1457384502914305,,,,,steps,2,119.0,0.0364643955898072,0.0,100.0,8.0,500.0,-1.0,,,,,,,,,,,
gbm_no_group-few_shot-steps_2D-seed2,4xp083yz,2026-07-20T06:58:20Z,gbm_no_group,few_shot,2,rmse,,1.102225124844126,,1.1494080318277071,,,,,steps,2,2.0,0.8401272991858839,0.0,100.0,32.0,500.0,-1.0,,,,,,,,,,,
gbm_no_group-few_shot-steps_2D-seed2,51kbv1dk,2026-07-20T06:57:08Z,gbm_no_group,few_shot,2,rmse,,1.0995687042343354,,1.1462348216787503,,,,,steps,2,5.0,0.5139503522154862,0.0,20.0,16.0,1000.0,-1.0,,,,,,,,,,,
gbm_no_group-few_shot-steps_2D-seed2,5hb81yyy,2026-07-20T06:56:40Z,gbm_no_group,few_shot,2,rmse,,1.1014619496409055,,1.1474751592671335,,,,,steps,2,439.0,0.0374181665960717,0.0,20.0,4.0,1000.0,-1.0,,,,,,,,,,,
gbm_no_group-few_shot-steps_2D-seed2,7bwqrn2v,2026-07-20T06:56:29Z,gbm_no_group,few_shot,2,rmse,,1.361001793758019,,1.4248513979737716,,,,,steps,2,23.0,0.7601812767003311,0.0,100.0,2.0,1000.0,-1.0,,,,,,,,,,,
gbm_no_group-few_shot-steps_2D-seed2,8lwwkhch,2026-07-20T06:54:24Z,gbm_no_group,few_shot,2,rmse,,1.1010949132211851,,1.1477400964709985,,,,,steps,2,258.0,0.0134928342680132,1.0,10.0,32.0,255.0,-1.0,,,,,,,,,,,
gbm_no_group-few_shot-steps_2D-seed2,am66o5aw,2026-07-20T06:54:19Z,gbm_no_group,few_shot,2,rmse,,1.1003157279329634,,1.1458934594735553,,,,,steps,2,120.0,0.040596116104843,0.0,20.0,8.0,500.0,-1.0,,,,,,,,,,,
gbm_no_group-few_shot-steps_2D-seed2,cqv0qtc2,2026-07-20T06:57:01Z,gbm_no_group,few_shot,2,rmse,,1.0989933073938996,,1.1445079862837977,,,,,steps,2,11.0,0.2832583150532184,0.0,20.0,8.0,1000.0,-1.0,,,,,,,,,,,
gbm_no_group-few_shot-steps_2D-seed2,e1hfzr5b,2026-07-20T06:56:24Z,gbm_no_group,few_shot,2,rmse,,1.1004956248527755,,1.1475232067126524,,,,,steps,2,102.0,0.0339160084943861,1.0,20.0,32.0,500.0,-1.0,,,,,,,,,,,
gbm_no_group-few_shot-steps_2D-seed2,g8mjfa2u,2026-07-20T06:54:39Z,gbm_no_group,few_shot,2,rmse,,1.3616326561685843,,1.4250268181515429,,,,,steps,2,215.0,0.1239996783684609,1.0,20.0,2.0,500.0,-1.0,,,,,,,,,,,
gbm_no_group-few_shot-steps_2D-seed2,gr4jku2s,2026-07-20T06:57:05Z,gbm_no_group,few_shot,2,rmse,,1.100764233056076,,1.1474561875956082,,,,,steps,2,30.0,0.1254449923662644,0.0,20.0,32.0,255.0,-1.0,,,,,,,,,,,
gbm_no_group-few_shot-steps_2D-seed2,h85ka0kp,2026-07-20T06:55:03Z,gbm_no_group,few_shot,2,rmse,,1.1015403857165489,,1.1484906890162414,,,,,steps,2,341.0,0.010325337616482,0.0,1000.0,32.0,500.0,-1.0,,,,,,,,,,,
gbm_no_group-few_shot-steps_2D-seed2,i7nbqlfd,2026-07-20T06:54:14Z,gbm_no_group,few_shot,2,rmse,,1.1012056972491313,,1.1478606756398404,,,,,steps,2,63.0,0.056115164153345,0.0,10.0,32.0,255.0,-1.0,,,,,,,,,,,
gbm_no_group-few_shot-steps_2D-seed2,ifqqaveg,2026-07-20T06:58:00Z,gbm_no_group,few_shot,2,rmse,,1.1000934869099193,,1.1455538346993348,,,,,steps,2,39.0,0.1723598576082492,0.0,100.0,8.0,500.0,-1.0,,,,,,,,,,,
gbm_no_group-few_shot-steps_2D-seed2,mbz1xllz,2026-07-20T06:54:59Z,gbm_no_group,few_shot,2,rmse,,1.0971034679159402,,1.1442628753358448,,,,,steps,2,3.0,0.7234279845665414,0.0,1000.0,8.0,1000.0,-1.0,,,,,,,,,,,
gbm_no_group-few_shot-steps_2D-seed2,o8omdsbh,2026-07-20T06:55:52Z,gbm_no_group,few_shot,2,rmse,,1.101408919419462,,1.1481830821301748,,,,,steps,2,343.0,0.0102358324351751,1.0,1000.0,32.0,255.0,-1.0,,,,,,,,,,,
gbm_no_group-few_shot-steps_2D-seed2,q4jrjg84,2026-07-20T06:58:04Z,gbm_no_group,few_shot,2,rmse,,1.361689557787659,,1.4249789235799275,,,,,steps,2,465.0,0.056561272438125,1.0,100.0,2.0,500.0,-1.0,,,,,,,,,,,
gbm_no_group-few_shot-steps_2D-seed2,q73w6brp,2026-07-20T06:57:35Z,gbm_no_group,few_shot,2,rmse,,1.099996215244769,,1.1465144866998451,,,,,steps,2,11.0,0.2952174928235017,0.0,1000.0,32.0,1000.0,-1.0,,,,,,,,,,,
gbm_no_group-few_shot-steps_2D-seed2,rbyjn3ae,2026-07-20T06:57:15Z,gbm_no_group,few_shot,2,rmse,,1.1020999640052072,,1.1493802139632474,,,,,steps,2,499.0,0.0246366849342149,1.0,100.0,4.0,1000.0,-1.0,,,,,,,,,,,
gbm_no_group-few_shot-steps_2D-seed2,rw7i0tex,2026-07-20T06:56:36Z,gbm_no_group,few_shot,2,rmse,,1.1013614534269602,,1.1468148546387404,,,,,steps,2,58.0,0.5421814280975649,0.0,20.0,4.0,1000.0,-1.0,,,,,,,,,,,
gbm_no_group-few_shot-steps_2D-seed2,tisq9y99,2026-07-20T06:55:48Z,gbm_no_group,few_shot,2,rmse,,1.101513810379674,,1.148865652803205,,,,,steps,2,4.0,0.6321732490144019,0.0,100.0,32.0,1000.0,-1.0,,,,,,,,,,,
gbm_no_group-few_shot-steps_2D-seed2,trfeeq4e,2026-07-20T06:58:28Z,gbm_no_group,few_shot,2,rmse,,1.1024663818329057,,1.1491533945656538,,,,,steps,2,22.0,0.1469982700231391,1.0,10.0,64.0,255.0,-1.0,,,,,,,,,,,
gbm_no_group-few_shot-steps_2D-seed2,tv28au9e,2026-07-20T06:57:55Z,gbm_no_group,few_shot,2,rmse,,1.0998670887825628,,1.146843571576336,,,,,steps,2,84.0,0.0385852699847799,1.0,20.0,32.0,1000.0,-1.0,,,,,,,,,,,
gbm_no_group-few_shot-steps_2D-seed2,tzb1vijg,2026-07-20T06:55:34Z,gbm_no_group,few_shot,2,rmse,,1.1004155348824582,,1.147253710682882,,,,,steps,2,98.0,0.0371262417904053,1.0,1000.0,16.0,255.0,-1.0,,,,,,,,,,,
gbm_no_group-few_shot-steps_2D-seed2,wsio9wos,2026-07-20T06:55:40Z,gbm_no_group,few_shot,2,rmse,,1.1002158236295074,,1.1474193576250975,,,,,steps,2,58.0,0.0543959123656852,1.0,100.0,16.0,500.0,-1.0,,,,,,,,,,,
gbm_no_group-few_shot-steps_2D-seed2,xdcy1g0k,2026-07-20T06:56:33Z,gbm_no_group,few_shot,2,rmse,,1.1050870153515522,,1.1495309345194944,,,,,steps,2,30.0,0.7452629792912638,0.0,100.0,4.0,1000.0,-1.0,,,,,,,,,,,
gbm_no_group-few_shot-steps_2D-seed2,xrurge1m,2026-07-20T06:54:54Z,gbm_no_group,few_shot,2,rmse,,1.1016093362502568,,1.147834299399258,,,,,steps,2,155.0,0.1110364731305462,0.0,100.0,4.0,500.0,-1.0,,,,,,,,,,,
gbm_no_group-few_shot-steps_2D-seed2,yh112kro,2026-07-20T06:57:39Z,gbm_no_group,few_shot,2,rmse,,1.1041921275896822,,1.1504664356032774,,,,,steps,2,197.0,0.0160785817337106,0.0,100.0,64.0,500.0,-1.0,,,,,,,,,,,
gbm_no_group-few_shot-steps_2D-seed3,2l6ig26n,2026-07-20T07:11:14Z,gbm_no_group,few_shot,3,rmse,,1.1261818084551505,,1.1108183359731956,,,,,steps,2,23.0,0.1469982700231391,1.0,10.0,64.0,255.0,-1.0,,,,,,,,,,,
gbm_no_group-few_shot-steps_2D-seed3,4reksn50,2026-07-20T07:06:12Z,gbm_no_group,few_shot,3,rmse,,1.1242127713804384,,1.109721218763661,,,,,steps,2,60.0,0.056115164153345,0.0,10.0,32.0,255.0,-1.0,,,,,,,,,,,
gbm_no_group-few_shot-steps_2D-seed3,4s809xxg,2026-07-20T07:09:11Z,gbm_no_group,few_shot,3,rmse,,1.125178125597484,,1.1108759313065857,,,,,steps,2,17.0,0.7452629792912638,0.0,100.0,4.0,1000.0,-1.0,,,,,,,,,,,
gbm_no_group-few_shot-steps_2D-seed3,7uoozrsy,2026-07-20T07:09:54Z,gbm_no_group,few_shot,3,rmse,,1.1232827751480756,,1.1085497478651425,,,,,steps,2,500.0,0.0246366849342149,1.0,100.0,4.0,1000.0,-1.0,,,,,,,,,,,
gbm_no_group-few_shot-steps_2D-seed3,7y2hthhe,2026-07-20T07:06:47Z,gbm_no_group,few_shot,3,rmse,,1.1217709630780055,,1.1057789910027696,,,,,steps,2,166.0,0.0364643955898072,0.0,100.0,8.0,500.0,-1.0,,,,,,,,,,,
gbm_no_group-few_shot-steps_2D-seed3,8jm9tdbm,2026-07-20T07:09:46Z,gbm_no_group,few_shot,3,rmse,,1.1210119195961417,,1.106380383119603,,,,,steps,2,5.0,0.5139503522154862,0.0,20.0,16.0,1000.0,-1.0,,,,,,,,,,,
gbm_no_group-few_shot-steps_2D-seed3,aje7e751,2026-07-20T07:09:50Z,gbm_no_group,few_shot,3,rmse,,1.1235527915596275,,1.1070497192884845,,,,,steps,2,22.0,0.2076764556616242,0.0,1000.0,64.0,500.0,-1.0,,,,,,,,,,,
gbm_no_group-few_shot-steps_2D-seed3,bjgcem2p,2026-07-20T07:10:21Z,gbm_no_group,few_shot,3,rmse,,1.1242581198686872,,1.1078972091002977,,,,,steps,2,208.0,0.0160785817337106,0.0,100.0,64.0,500.0,-1.0,,,,,,,,,,,
gbm_no_group-few_shot-steps_2D-seed3,crtjvsh9,2026-07-20T07:09:15Z,gbm_no_group,few_shot,3,rmse,,1.1228432771764658,,1.1069303817950336,,,,,steps,2,17.0,0.5421814280975649,0.0,20.0,4.0,1000.0,-1.0,,,,,,,,,,,
gbm_no_group-few_shot-steps_2D-seed3,dopchsy8,2026-07-20T07:08:09Z,gbm_no_group,few_shot,3,rmse,,1.1242254195351602,,1.1087178419792798,,,,,steps,2,403.0,0.0102358324351751,1.0,1000.0,32.0,255.0,-1.0,,,,,,,,,,,
gbm_no_group-few_shot-steps_2D-seed3,f04750l1,2026-07-20T07:08:06Z,gbm_no_group,few_shot,3,rmse,,1.1241501592764649,,1.1077778377697547,,,,,steps,2,4.0,0.6321732490144019,0.0,100.0,32.0,1000.0,-1.0,,,,,,,,,,,
gbm_no_group-few_shot-steps_2D-seed3,fje2u6dv,2026-07-20T07:06:58Z,gbm_no_group,few_shot,3,rmse,,1.1228751221891138,,1.107527581142453,,,,,steps,2,127.0,0.1110364731305462,0.0,100.0,4.0,500.0,-1.0,,,,,,,,,,,
gbm_no_group-few_shot-steps_2D-seed3,fn4uhobt,2026-07-20T07:10:50Z,gbm_no_group,few_shot,3,rmse,,1.3833215742648666,,1.381705469566228,,,,,steps,2,477.0,0.056561272438125,1.0,100.0,2.0,500.0,-1.0,,,,,,,,,,,
gbm_no_group-few_shot-steps_2D-seed3,fo6wcsmb,2026-07-20T07:08:00Z,gbm_no_group,few_shot,3,rmse,,1.3830378706565525,,1.381937222785269,,,,,steps,2,165.0,0.2409214543666476,1.0,1000.0,2.0,1000.0,-1.0,,,,,,,,,,,
gbm_no_group-few_shot-steps_2D-seed3,gvc46gjd,2026-07-20T07:09:07Z,gbm_no_group,few_shot,3,rmse,,1.3821958678093489,,1.381641167155276,,,,,steps,2,15.0,0.7601812767003311,0.0,100.0,2.0,1000.0,-1.0,,,,,,,,,,,
gbm_no_group-few_shot-steps_2D-seed3,kgb2xnq5,2026-07-20T07:06:38Z,gbm_no_group,few_shot,3,rmse,,1.383157727795217,,1.3815658806574822,,,,,steps,2,252.0,0.1239996783684609,1.0,20.0,2.0,500.0,-1.0,,,,,,,,,,,
gbm_no_group-few_shot-steps_2D-seed3,l8xbk23m,2026-07-20T07:06:22Z,gbm_no_group,few_shot,3,rmse,,1.1241477098776684,,1.109507790614359,,,,,steps,2,253.0,0.0134928342680132,1.0,10.0,32.0,255.0,-1.0,,,,,,,,,,,
gbm_no_group-few_shot-steps_2D-seed3,lwqs795w,2026-07-20T07:09:18Z,gbm_no_group,few_shot,3,rmse,,1.1234107700190972,,1.1080244373724255,,,,,steps,2,448.0,0.0374181665960717,0.0,20.0,4.0,1000.0,-1.0,,,,,,,,,,,
gbm_no_group-few_shot-steps_2D-seed3,m2m7jajg,2026-07-20T07:06:17Z,gbm_no_group,few_shot,3,rmse,,1.1213900161939625,,1.1057969774897296,,,,,steps,2,136.0,0.040596116104843,0.0,20.0,8.0,500.0,-1.0,,,,,,,,,,,
gbm_no_group-few_shot-steps_2D-seed3,n1zofiqs,2026-07-20T07:07:49Z,gbm_no_group,few_shot,3,rmse,,1.1230618043369287,,1.1080079352959546,,,,,steps,2,113.0,0.0371262417904053,1.0,1000.0,16.0,255.0,-1.0,,,,,,,,,,,
gbm_no_group-few_shot-steps_2D-seed3,o70bt6gm,2026-07-20T07:07:06Z,gbm_no_group,few_shot,3,rmse,,1.123872729450628,,1.10676424412506,,,,,steps,2,387.0,0.010325337616482,0.0,1000.0,32.0,500.0,-1.0,,,,,,,,,,,
gbm_no_group-few_shot-steps_2D-seed3,osbkk1z4,2026-07-20T07:07:55Z,gbm_no_group,few_shot,3,rmse,,1.1214408684492847,,1.1061228281052164,,,,,steps,2,92.0,0.0543959123656852,1.0,100.0,16.0,500.0,-1.0,,,,,,,,,,,
gbm_no_group-few_shot-steps_2D-seed3,r7lakj7k,2026-07-20T07:06:54Z,gbm_no_group,few_shot,3,rmse,,1.122422412824612,,1.1085136978168022,,,,,steps,2,17.0,0.53236175947515,0.0,1000.0,4.0,500.0,-1.0,,,,,,,,,,,
gbm_no_group-few_shot-steps_2D-seed3,rie6bmql,2026-07-20T07:09:39Z,gbm_no_group,few_shot,3,rmse,,1.1205491181861371,,1.1060794804419118,,,,,steps,2,11.0,0.2832583150532184,0.0,20.0,8.0,1000.0,-1.0,,,,,,,,,,,
gbm_no_group-few_shot-steps_2D-seed3,u2aj9ahx,2026-07-20T07:08:56Z,gbm_no_group,few_shot,3,rmse,,1.1222017017125638,,1.1080971019772743,,,,,steps,2,187.0,0.0339160084943861,1.0,20.0,32.0,500.0,-1.0,,,,,,,,,,,
gbm_no_group-few_shot-steps_2D-seed3,uej153cm,2026-07-20T07:09:43Z,gbm_no_group,few_shot,3,rmse,,1.123172392638333,,1.1099254775681158,,,,,steps,2,26.0,0.1254449923662644,0.0,20.0,32.0,255.0,-1.0,,,,,,,,,,,
gbm_no_group-few_shot-steps_2D-seed3,uqmha2sz,2026-07-20T07:11:10Z,gbm_no_group,few_shot,3,rmse,,1.1226436501758978,,1.1068914529673288,,,,,steps,2,82.0,0.181466839845264,0.0,100.0,4.0,500.0,-1.0,,,,,,,,,,,
gbm_no_group-few_shot-steps_2D-seed3,ut9e1847,2026-07-20T07:10:40Z,gbm_no_group,few_shot,3,rmse,,1.1214135267397671,,1.1068942226852727,,,,,steps,2,89.0,0.0385852699847799,1.0,20.0,32.0,1000.0,-1.0,,,,,,,,,,,
gbm_no_group-few_shot-steps_2D-seed3,v478395e,2026-07-20T07:10:17Z,gbm_no_group,few_shot,3,rmse,,1.122930996964888,,1.106517045171887,,,,,steps,2,14.0,0.2952174928235017,0.0,1000.0,32.0,1000.0,-1.0,,,,,,,,,,,
gbm_no_group-few_shot-steps_2D-seed3,vx25x7oe,2026-07-20T07:11:07Z,gbm_no_group,few_shot,3,rmse,,1.12484302298289,,1.1083260350827349,,,,,steps,2,2.0,0.8401272991858839,0.0,100.0,32.0,500.0,-1.0,,,,,,,,,,,
gbm_no_group-few_shot-steps_2D-seed3,wryx0q7d,2026-07-20T07:10:46Z,gbm_no_group,few_shot,3,rmse,,1.121418742982697,,1.1056000312791388,,,,,steps,2,29.0,0.1723598576082492,0.0,100.0,8.0,500.0,-1.0,,,,,,,,,,,
gbm_no_group-few_shot-steps_2D-seed3,yasyfay2,2026-07-20T07:07:03Z,gbm_no_group,few_shot,3,rmse,,1.1209327201907526,,1.105170914374053,,,,,steps,2,3.0,0.7234279845665414,0.0,1000.0,8.0,1000.0,-1.0,,,,,,,,,,,
gbm_no_group-few_shot-steps_2D-seed4,0aisnbac,2026-07-20T07:20:35Z,gbm_no_group,few_shot,4,rmse,,1.1182025170719745,,1.11105742000772,,,,,steps,2,17.0,0.2076764556616242,0.0,1000.0,64.0,500.0,-1.0,,,,,,,,,,,
gbm_no_group-few_shot-steps_2D-seed4,1l8qpvhu,2026-07-20T07:18:06Z,gbm_no_group,few_shot,4,rmse,,1.1157103349720825,,1.1136852511020967,,,,,steps,2,46.0,0.53236175947515,0.0,1000.0,4.0,500.0,-1.0,,,,,,,,,,,
gbm_no_group-few_shot-steps_2D-seed4,2x2pzh9y,2026-07-20T07:21:21Z,gbm_no_group,few_shot,4,rmse,,1.1153846647542776,,1.1087571233794729,,,,,steps,2,91.0,0.0385852699847799,1.0,20.0,32.0,1000.0,-1.0,,,,,,,,,,,
gbm_no_group-few_shot-steps_2D-seed4,46xw7p6j,2026-07-20T07:20:24Z,gbm_no_group,few_shot,4,rmse,,1.114236694048772,,1.1082929657568836,,,,,steps,2,13.0,0.2832583150532184,0.0,20.0,8.0,1000.0,-1.0,,,,,,,,,,,
gbm_no_group-few_shot-steps_2D-seed4,4hlr749y,2026-07-20T07:18:22Z,gbm_no_group,few_shot,4,rmse,,1.1179829848465783,,1.111147746817406,,,,,steps,2,359.0,0.010325337616482,0.0,1000.0,32.0,500.0,-1.0,,,,,,,,,,,
gbm_no_group-few_shot-steps_2D-seed4,4wusl530,2026-07-20T07:21:30Z,gbm_no_group,few_shot,4,rmse,,1.400700498920633,,1.3718841156357189,,,,,steps,2,342.0,0.056561272438125,1.0,100.0,2.0,500.0,-1.0,,,,,,,,,,,
gbm_no_group-few_shot-steps_2D-seed4,59acnxcj,2026-07-20T07:18:00Z,gbm_no_group,few_shot,4,rmse,,1.11522492805505,,1.1091765556625792,,,,,steps,2,119.0,0.0364643955898072,0.0,100.0,8.0,500.0,-1.0,,,,,,,,,,,
gbm_no_group-few_shot-steps_2D-seed4,5kkyoxtr,2026-07-20T07:21:27Z,gbm_no_group,few_shot,4,rmse,,1.114929954399019,,1.1094788390011798,,,,,steps,2,34.0,0.1723598576082492,0.0,100.0,8.0,500.0,-1.0,,,,,,,,,,,
gbm_no_group-few_shot-steps_2D-seed4,709ib3n2,2026-07-20T07:20:31Z,gbm_no_group,few_shot,4,rmse,,1.1152475050565875,,1.107694449871452,,,,,steps,2,5.0,0.5139503522154862,0.0,20.0,16.0,1000.0,-1.0,,,,,,,,,,,
gbm_no_group-few_shot-steps_2D-seed4,77i4jq5s,2026-07-20T07:21:44Z,gbm_no_group,few_shot,4,rmse,,1.1177985878358498,,1.112929808520814,,,,,steps,2,125.0,0.181466839845264,0.0,100.0,4.0,500.0,-1.0,,,,,,,,,,,
gbm_no_group-few_shot-steps_2D-seed4,7jm8iz2u,2026-07-20T07:20:02Z,gbm_no_group,few_shot,4,rmse,,1.1173299833871917,,1.1125872419823783,,,,,steps,2,53.0,0.5421814280975649,0.0,20.0,4.0,1000.0,-1.0,,,,,,,,,,,
gbm_no_group-few_shot-steps_2D-seed4,7y68ryme,2026-07-20T07:19:58Z,gbm_no_group,few_shot,4,rmse,,1.116305249460856,,1.115719921667508,,,,,steps,2,59.0,0.7452629792912638,0.0,100.0,4.0,1000.0,-1.0,,,,,,,,,,,
gbm_no_group-few_shot-steps_2D-seed4,8hosvaqk,2026-07-20T07:17:39Z,gbm_no_group,few_shot,4,rmse,,1.1159298813850234,,1.1108931040270218,,,,,steps,2,267.0,0.0134928342680132,1.0,10.0,32.0,255.0,-1.0,,,,,,,,,,,
gbm_no_group-few_shot-steps_2D-seed4,9p72nd72,2026-07-20T07:19:04Z,gbm_no_group,few_shot,4,rmse,,1.1155671503023468,,1.109466923216533,,,,,steps,2,61.0,0.0543959123656852,1.0,100.0,16.0,500.0,-1.0,,,,,,,,,,,
gbm_no_group-few_shot-steps_2D-seed4,9yrf3ii8,2026-07-20T07:21:40Z,gbm_no_group,few_shot,4,rmse,,1.1189618677465036,,1.11113506044439,,,,,steps,2,2.0,0.8401272991858839,0.0,100.0,32.0,500.0,-1.0,,,,,,,,,,,
gbm_no_group-few_shot-steps_2D-seed4,cjjslcgy,2026-07-20T07:20:28Z,gbm_no_group,few_shot,4,rmse,,1.1161754315417511,,1.1114991852704392,,,,,steps,2,28.0,0.1254449923662644,0.0,20.0,32.0,255.0,-1.0,,,,,,,,,,,
gbm_no_group-few_shot-steps_2D-seed4,cscqcmyx,2026-07-20T07:17:55Z,gbm_no_group,few_shot,4,rmse,,1.400662786751701,,1.371887442875315,,,,,steps,2,149.0,0.1239996783684609,1.0,20.0,2.0,500.0,-1.0,,,,,,,,,,,
gbm_no_group-few_shot-steps_2D-seed4,erhyea49,2026-07-20T07:20:58Z,gbm_no_group,few_shot,4,rmse,,1.1173090421655456,,1.1095931729875623,,,,,steps,2,11.0,0.2952174928235017,0.0,1000.0,32.0,1000.0,-1.0,,,,,,,,,,,
gbm_no_group-few_shot-steps_2D-seed4,jb4w6azb,2026-07-20T07:19:12Z,gbm_no_group,few_shot,4,rmse,,1.117885036044374,,1.1096112120409258,,,,,steps,2,3.0,0.6321732490144019,0.0,100.0,32.0,1000.0,-1.0,,,,,,,,,,,
gbm_no_group-few_shot-steps_2D-seed4,lvxsdewu,2026-07-20T07:17:33Z,gbm_no_group,few_shot,4,rmse,,1.1151570422198165,,1.1096168191251228,,,,,steps,2,138.0,0.040596116104843,0.0,20.0,8.0,500.0,-1.0,,,,,,,,,,,
gbm_no_group-few_shot-steps_2D-seed4,lzqjznmd,2026-07-20T07:19:08Z,gbm_no_group,few_shot,4,rmse,,1.4000547213467125,,1.3713905535450337,,,,,steps,2,72.0,0.2409214543666476,1.0,1000.0,2.0,1000.0,-1.0,,,,,,,,,,,
gbm_no_group-few_shot-steps_2D-seed4,mfsxs4ic,2026-07-20T07:21:49Z,gbm_no_group,few_shot,4,rmse,,1.1183705304399716,,1.1133104337980917,,,,,steps,2,23.0,0.1469982700231391,1.0,10.0,64.0,255.0,-1.0,,,,,,,,,,,
gbm_no_group-few_shot-steps_2D-seed4,nabtldg5,2026-07-20T07:19:50Z,gbm_no_group,few_shot,4,rmse,,1.11583766752547,,1.1100986516960163,,,,,steps,2,90.0,0.0339160084943861,1.0,20.0,32.0,500.0,-1.0,,,,,,,,,,,
gbm_no_group-few_shot-steps_2D-seed4,ootj09pt,2026-07-20T07:20:38Z,gbm_no_group,few_shot,4,rmse,,1.1217703673002266,,1.1156022088900384,,,,,steps,2,496.0,0.0246366849342149,1.0,100.0,4.0,1000.0,-1.0,,,,,,,,,,,
gbm_no_group-few_shot-steps_2D-seed4,sur594ow,2026-07-20T07:21:02Z,gbm_no_group,few_shot,4,rmse,,1.1173919002840702,,1.1115944596062954,,,,,steps,2,219.0,0.0160785817337106,0.0,100.0,64.0,500.0,-1.0,,,,,,,,,,,
gbm_no_group-few_shot-steps_2D-seed4,tt9zdv9i,2026-07-20T07:18:57Z,gbm_no_group,few_shot,4,rmse,,1.1161293826597791,,1.1112164760398928,,,,,steps,2,121.0,0.0371262417904053,1.0,1000.0,16.0,255.0,-1.0,,,,,,,,,,,
gbm_no_group-few_shot-steps_2D-seed4,vmamtgur,2026-07-20T07:18:09Z,gbm_no_group,few_shot,4,rmse,,1.1173890306721477,,1.113434599364901,,,,,steps,2,280.0,0.1110364731305462,0.0,100.0,4.0,500.0,-1.0,,,,,,,,,,,
gbm_no_group-few_shot-steps_2D-seed4,w5efw1ta,2026-07-20T07:20:06Z,gbm_no_group,few_shot,4,rmse,,1.1196294180921,,1.1131906115617665,,,,,steps,2,440.0,0.0374181665960717,0.0,20.0,4.0,1000.0,-1.0,,,,,,,,,,,
gbm_no_group-few_shot-steps_2D-seed4,y9w37560,2026-07-20T07:19:55Z,gbm_no_group,few_shot,4,rmse,,1.399971314467274,,1.371056936027974,,,,,steps,2,18.0,0.7601812767003311,0.0,100.0,2.0,1000.0,-1.0,,,,,,,,,,,
gbm_no_group-few_shot-steps_2D-seed4,yuyu3hec,2026-07-20T07:17:29Z,gbm_no_group,few_shot,4,rmse,,1.11603895972508,,1.1111159300232365,,,,,steps,2,66.0,0.056115164153345,0.0,10.0,32.0,255.0,-1.0,,,,,,,,,,,
gbm_no_group-few_shot-steps_2D-seed4,ze0romoc,2026-07-20T07:18:19Z,gbm_no_group,few_shot,4,rmse,,1.1156550365591724,,1.1077023555846737,,,,,steps,2,3.0,0.7234279845665414,0.0,1000.0,8.0,1000.0,-1.0,,,,,,,,,,,
gbm_no_group-few_shot-steps_2D-seed4,znryou0m,2026-07-20T07:19:15Z,gbm_no_group,few_shot,4,rmse,,1.1178551432639954,,1.111818866979972,,,,,steps,2,357.0,0.0102358324351751,1.0,1000.0,32.0,255.0,-1.0,,,,,,,,,,,
gplinear-in_context-steps_2D-seed0,ngn2s0su,2026-07-20T06:26:34Z,gplinear,in_context,0,rmse,0.7403980781178892,1.3163313829572123,0.7430927349549562,1.3215577364668851,,,,,steps,2,,,,,,,,,,,,,,,,,,
gplinear-in_context-steps_2D-seed1,s67uvez6,2026-07-20T06:28:26Z,gplinear,in_context,1,rmse,0.7388131513261303,1.312994570058039,0.7426560668382699,1.3197719041429727,,,,,steps,2,,,,,,,,,,,,,,,,,,
gplinear-in_context-steps_2D-seed2,ejnfmdxc,2026-07-20T06:30:37Z,gplinear,in_context,2,rmse,0.7303166243287386,1.2992668298436196,0.7378349540831511,1.310872857847718,,,,,steps,2,,,,,,,,,,,,,,,,,,
gplinear-in_context-steps_2D-seed3,p1aaudua,2026-07-20T06:32:26Z,gplinear,in_context,3,rmse,0.741242463827762,1.3171605116757337,0.7439700888531661,1.322206326484785,,,,,steps,2,,,,,,,,,,,,,,,,,,
gplinear-in_context-steps_2D-seed4,hi0do2yy,2026-07-20T06:34:28Z,gplinear,in_context,4,rmse,0.7427106384809868,1.32080203751716,0.7408431360354762,1.3157976277343064,,,,,steps,2,,,,,,,,,,,,,,,,,,
gplinear-few_shot-steps_2D-seed0,e4u66dl0,2026-07-20T06:27:34Z,gplinear,few_shot,0,rmse,0.7940601440451751,1.4052090062113003,0.789236273255095,1.397074738696837,,,,,steps,2,,,,,,,,,,,,,,,,,,
gplinear-few_shot-steps_2D-seed1,7blhdnvz,2026-07-20T06:29:54Z,gplinear,few_shot,1,rmse,0.7938055810074672,1.401448669682163,0.7878682902518731,1.394566444574568,,,,,steps,2,,,,,,,,,,,,,,,,,,
gplinear-few_shot-steps_2D-seed2,7ee209gv,2026-07-20T06:31:48Z,gplinear,few_shot,2,rmse,0.7869271417101911,1.3920474749736935,0.8024186756377198,1.4201527709293196,,,,,steps,2,,,,,,,,,,,,,,,,,,
gplinear-few_shot-steps_2D-seed3,5er7iruu,2026-07-20T06:33:46Z,gplinear,few_shot,3,rmse,0.7908674886885504,1.3980890924834728,0.7942779145403285,1.405077012734051,,,,,steps,2,,,,,,,,,,,,,,,,,,
gplinear-few_shot-steps_2D-seed4,dnzrp8bp,2026-07-20T06:35:41Z,gplinear,few_shot,4,rmse,0.7964057518528661,1.408754365189668,0.7888893799097145,1.3998582388792575,,,,,steps,2,,,,,,,,,,,,,,,,,,
lme-in_context-steps_2D-seed0,g8omsuti,2026-07-20T06:26:34Z,lme,in_context,0,rmse,0.8177729213761274,1.439440237058673,0.8238186983900305,1.4502621131767632,,,,,steps,2,,,,,,,,,,,,,,,,,,
lme-in_context-steps_2D-seed1,gjshq3xa,2026-07-20T06:27:08Z,lme,in_context,1,rmse,0.8153951824685848,1.4356009437359207,0.8233447708149649,1.4486968008263623,,,,,steps,2,,,,,,,,,,,,,,,,,,
lme-in_context-steps_2D-seed2,qy4sa59q,2026-07-20T06:27:32Z,lme,in_context,2,rmse,0.8084448176149084,1.4226781823318817,0.8132848731376792,1.4305317321554671,,,,,steps,2,,,,,,,,,,,,,,,,,,
lme-in_context-steps_2D-seed3,eqcbpfp4,2026-07-20T06:27:57Z,lme,in_context,3,rmse,0.8233706188778941,1.4507292737817277,0.8223056246286236,1.4469436086553344,,,,,steps,2,,,,,,,,,,,,,,,,,,
lme-in_context-steps_2D-seed4,z320u322,2026-07-20T06:28:21Z,lme,in_context,4,rmse,0.8175067929100788,1.440333507577702,0.8178814713795141,1.4399933224165038,,,,,steps,2,,,,,,,,,,,,,,,,,,
lme-few_shot-steps_2D-seed0,4xlhg9yj,2026-07-20T06:26:56Z,lme,few_shot,0,rmse,0.8299046763556923,1.4592216989270257,0.8255871594546392,1.4518123714659947,,,,,steps,2,,,,,,,,,,,,,,,,,,
lme-few_shot-steps_2D-seed1,vqn6nd15,2026-07-20T06:27:20Z,lme,few_shot,1,rmse,0.8225669799765892,1.4442238272781465,0.8229751980825053,1.4497351378074563,,,,,steps,2,,,,,,,,,,,,,,,,,,
lme-few_shot-steps_2D-seed2,22x5pcsg,2026-07-20T06:27:44Z,lme,few_shot,2,rmse,0.8229113582363148,1.4467860690639822,0.8431619696128284,1.483121606857652,,,,,steps,2,,,,,,,,,,,,,,,,,,
lme-few_shot-steps_2D-seed3,3qllq6fk,2026-07-20T06:28:10Z,lme,few_shot,3,rmse,0.8312979448792146,1.4604255077045465,0.8285578134957395,1.4554259817223174,,,,,steps,2,,,,,,,,,,,,,,,,,,
lme-few_shot-steps_2D-seed4,sdy50a3z,2026-07-20T06:28:35Z,lme,few_shot,4,rmse,0.8317855581962633,1.4654367789644809,0.8224094621194257,1.4507801768756017,,,,,steps,2,,,,,,,,,,,,,,,,,,
tabicl_taskwise-in_context-steps_2D-seed0,n8octpa4,2026-08-03T20:12:39Z,tabicl_taskwise,in_context,0,rmse,0.711233127232039,1.2654250300950298,0.7099032606389131,1.265159415778634,3.576278686523437e-06,1363.7070894241333,1495.0377295017242,,steps,2,,,,,,,,,,,,,,,,,,
tabicl_taskwise-in_context-steps_2D-seed1,fo6flmv4,2026-08-03T21:09:10Z,tabicl_taskwise,in_context,1,rmse,0.7025840777155848,1.2468005167518676,0.7061452535227889,1.2547649863385235,2.384185791015625e-06,1485.611270904541,1516.267903089523,,steps,2,,,,,,,,,,,,,,,,,,
tabicl_taskwise-in_context-steps_2D-seed2,9gjs8ek6,2026-08-03T22:08:05Z,tabicl_taskwise,in_context,2,rmse,0.6947994713678907,1.2356669954852162,0.7081670684008394,1.2575073615900716,3.576278686523437e-06,1550.0657451152802,1561.2631282806396,,steps,2,,,,,,,,,,,,,,,,,,
tabicl_taskwise-in_context-steps_2D-seed3,b7yz1swt,2026-08-03T23:09:36Z,tabicl_taskwise,in_context,3,rmse,0.7109473832335971,1.2639710380323173,0.7119798163100298,1.2666903465545791,2.384185791015625e-06,1527.361011981964,1560.3197026252749,,steps,2,,,,,,,,,,,,,,,,,,
tabicl_taskwise-in_context-steps_2D-seed4,ytcy6e2z,2026-08-04T00:10:17Z,tabicl_taskwise,in_context,4,rmse,0.706539094150506,1.2556565306790757,0.7034967860301532,1.251997941389961,3.337860107421875e-06,1538.5017309188845,1494.88254237175,,steps,2,,,,,,,,,,,,,,,,,,
tabicl_taskwise-few_shot-steps_2D-seed0,9yfch86o,2026-08-03T21:00:38Z,tabicl_taskwise,few_shot,0,rmse,0.9279628967737628,1.5703892677427305,0.8782895400868765,1.5067590707059393,2.86102294921875e-06,249.6460666656494,245.77855110168457,,steps,2,,,,,,,,,,,,,,,,,,
tabicl_taskwise-few_shot-steps_2D-seed1,vuboj199,2026-08-03T21:59:34Z,tabicl_taskwise,few_shot,1,rmse,0.8922513170910129,1.5056516437559209,0.8974502001650497,1.5244158097770406,2.1457672119140625e-06,241.63354063034052,253.61166405677795,,steps,2,,,,,,,,,,,,,,,,,,
tabicl_taskwise-few_shot-steps_2D-seed2,chz2dx4x,2026-08-03T23:01:02Z,tabicl_taskwise,few_shot,2,rmse,0.9123548150929855,1.556025950307475,0.8954385195015645,1.526817929453988,2.6226043701171875e-06,241.1336853504181,258.2374770641327,,steps,2,,,,,,,,,,,,,,,,,,
tabicl_taskwise-few_shot-steps_2D-seed3,3fcwxe7q,2026-08-04T00:01:25Z,tabicl_taskwise,few_shot,3,rmse,0.9081099408317262,1.549922061078223,0.884637309214155,1.511836424310268,2.6226043701171875e-06,255.25524759292605,261.6780993938446,,steps,2,,,,,,,,,,,,,,,,,,
tabicl_taskwise-few_shot-steps_2D-seed4,sfd1kd5p,2026-08-04T01:01:07Z,tabicl_taskwise,few_shot,4,rmse,0.9223037326057028,1.556111754772546,0.8915787805666339,1.517961587294138,2.384185791015625e-06,267.3485853672028,260.4696831703186,,steps,2,,,,,,,,,,,,,,,,,,
tabicl_pooled-in_context-steps_2D-seed0,5qxtm8rx,2026-08-03T20:12:39Z,tabicl_pooled,in_context,0,rmse,0.6327315623780864,1.1221115497828906,0.6368177716311993,1.128757695432516,3.814697265625e-06,25.62303590774536,25.23350739479065,,steps,2,,,,,,,,,,,,,,,,,,
tabicl_pooled-in_context-steps_2D-seed1,ta8aycry,2026-08-03T21:43:36Z,tabicl_pooled,in_context,1,rmse,0.6307835126619309,1.116409488735578,0.63522913505477,1.1242393620401876,4.0531158447265625e-06,25.30581331253052,24.10395669937133,,steps,2,,,,,,,,,,,,,,,,,,
tabicl_pooled-in_context-steps_2D-seed2,dqc2hal8,2026-08-03T23:15:35Z,tabicl_pooled,in_context,2,rmse,0.6283049840874029,1.1145966358825776,0.6341083100659276,1.1248930329826925,2.384185791015625e-06,25.04299068450928,25.90447688102722,,steps,2,,,,,,,,,,,,,,,,,,
tabicl_pooled-in_context-steps_2D-seed3,iagiyh97,2026-08-04T00:50:34Z,tabicl_pooled,in_context,3,rmse,0.6367099706954741,1.1300106510385244,0.6406824666015469,1.1352352785516575,2.6226043701171875e-06,25.196760416030884,29.18317437171936,,steps,2,,,,,,,,,,,,,,,,,,
tabicl_pooled-in_context-steps_2D-seed4,9ocg15qc,2026-08-04T02:23:48Z,tabicl_pooled,in_context,4,rmse,0.6322790019409176,1.1204593645875482,0.6242371887812813,1.1084651973047834,2.86102294921875e-06,25.660269260406498,24.983232736587524,,steps,2,,,,,,,,,,,,,,,,,,
tabicl_pooled-few_shot-steps_2D-seed0,jrlt0s2p,2026-08-03T20:13:48Z,tabicl_pooled,few_shot,0,rmse,0.6470892390403737,1.1467487488442518,0.6342979429092511,1.1237270357664182,2.1457672119140625e-06,2635.44721198082,2704.642174243927,,steps,2,,,,,,,,,,,,,,,,,,
tabicl_pooled-few_shot-steps_2D-seed1,x35uskxt,2026-08-03T21:44:46Z,tabicl_pooled,few_shot,1,rmse,0.6332883739829108,1.1172436343907135,0.6201341828326594,1.1009865379128665,3.576278686523437e-06,2719.738263845444,2707.084228992462,,steps,2,,,,,,,,,,,,,,,,,,
tabicl_pooled-few_shot-steps_2D-seed2,z7xic971,2026-08-03T23:16:42Z,tabicl_pooled,few_shot,2,rmse,0.6213220319003013,1.100838988770335,0.6463392579369315,1.147501843635964,2.1457672119140625e-06,2801.20645236969,2772.0429582595825,,steps,2,,,,,,,,,,,,,,,,,,
tabicl_pooled-few_shot-steps_2D-seed3,43otlugc,2026-08-04T00:52:25Z,tabicl_pooled,few_shot,3,rmse,0.6327742488413445,1.1221699047558336,0.6245370421091502,1.1081104981813654,2.1457672119140625e-06,2736.452632188797,2726.280869245529,,steps,2,,,,,,,,,,,,,,,,,,
tabicl_pooled-few_shot-steps_2D-seed4,ayjd9omy,2026-08-04T02:24:52Z,tabicl_pooled,few_shot,4,rmse,0.6302920827452982,1.118959511884872,0.6292129754175114,1.119464315636293,2.86102294921875e-06,2697.380211353302,2707.720314502716,,steps,2,,,,,,,,,,,,,,,,,,
