name,run_id,created_at,model_name,task_name,data_split_seed,validation_metric,validation_crps,validation_rmse,test_crps,test_rmse,fitting_time_s,validation_prediction_time_s,test_prediction_time_s,validation_fixed_effect_residual_rmse,epochs_trained,model.params.dropout,model.train_params.learning_rate,best_boosting_round,model.train_params.lambda_l2,model.train_params.min_data_in_leaf,model.train_params.num_leaves,model.train_params.max_bin,model.train_params.max_depth,model.np_params.dropout,model.np_train_params.learning_rate,model.np_train_params.epochs_per_round,model.lgbm_params.learning_rate,model.lgbm_params.lambda_l2,model.lgbm_params.min_data_in_leaf,model.lgbm_params.num_leaves,model.lgbm_params.max_bin,model.lgbm_params.max_depth
npboost-in_context-danceability-seed0,16t3fecv,2026-07-21T08:21:39Z,npboost,in_context,0,rmse,0.0656828059208705,0.089193876830742,0.066880410633736,0.0927302429987364,967.1024391651154,2.5300440788269043,2.6227972507476807,0.6746529533555958,,,,53.0,,,,,,0.2,0.0001381635682257,10.0,0.0261669745608544,1.0,20.0,8.0,255.0,-1.0
npboost-in_context-danceability-seed0,2m5r5qh6,2026-07-21T11:25:49Z,npboost,in_context,0,rmse,0.1121998555289256,0.0880950471772954,0.1130054614029313,0.0913710948518922,2275.436511516571,2.47620177268982,2.396847486495972,0.8405769811372233,,,,252.0,,,,,,0.2,2.9067203620664195e-05,5.0,0.1823458458254781,0.0,10.0,8.0,255.0,-1.0
npboost-in_context-danceability-seed0,5n8jq3xl,2026-07-21T09:53:42Z,npboost,in_context,0,rmse,0.13998759663843,0.0924833768610326,0.1406025172476654,0.0936164501153807,388.0942771434784,2.723900079727173,2.776319026947021,0.683922500763276,,,,6.0,,,,,,0.0,0.0004242243954166,10.0,0.5800570688908553,1.0,20.0,4.0,255.0,-1.0
npboost-in_context-danceability-seed0,6b4iop2j,2026-07-21T16:08:53Z,npboost,in_context,0,rmse,0.1930996948823009,0.0890354200194166,0.1937632863905865,0.0902687962640161,730.1224265098572,2.3496878147125244,2.602131605148315,0.6733421645545792,,,,62.0,,,,,,0.0,3.1392574253118284e-05,5.0,0.1121865737283773,0.0,10.0,4.0,255.0,-1.0
npboost-in_context-danceability-seed0,7818jrtk,2026-07-21T10:23:02Z,npboost,in_context,0,rmse,0.1661862299153742,0.0906659630302772,0.1667802186233001,0.0921781526189034,371.9969429969787,2.781078338623047,2.247074842453003,0.6703788267409789,,,,6.0,,,,,,0.0,0.0002780425090632,10.0,0.0105542692281163,1.0,20.0,8.0,255.0,-1.0
npboost-in_context-danceability-seed0,7lyucajo,2026-07-21T10:06:19Z,npboost,in_context,0,rmse,0.2007732210515666,0.0900398573951024,0.2013690858597338,0.0908572221928336,990.0689668655396,2.702798128128052,2.651319980621338,0.6685625432001705,,,,25.0,,,,,,0.0,1.5865500409725956e-05,20.0,0.019901994840577,0.0,100.0,4.0,255.0,-1.0
npboost-in_context-danceability-seed0,a9arjqpp,2026-07-21T07:56:50Z,npboost,in_context,0,rmse,0.0531751420733254,0.0890856264433992,0.0545834316531839,0.0922634431610498,683.8123750686646,1.773669719696045,2.308305263519287,0.6810292611836143,,,,31.0,,,,,,0.2,0.0003600091192911,10.0,0.083744968684368,0.0,100.0,16.0,255.0,-1.0
npboost-in_context-danceability-seed0,bkvkebo8,2026-07-21T08:08:53Z,npboost,in_context,0,rmse,0.2202089525638714,0.1018845297497863,0.220962460055673,0.1029845382631751,753.3364505767822,3.0496389865875244,2.495755910873413,4.51907522657635,,,,69.0,,,,,,0.2,1.090384328196852e-05,5.0,0.7717846862118062,0.0,20.0,4.0,255.0,-1.0
npboost-in_context-danceability-seed0,cgt7194s,2026-07-21T15:04:54Z,npboost,in_context,0,rmse,0.2034377821716461,0.0993315285994847,0.2044321424257668,0.1017502291256532,524.4747760295868,2.582374095916748,2.5202059745788574,0.6668433662847199,,,,38.0,,,,,,0.0,3.9184339457363744e-05,5.0,0.7978205565731539,1.0,100.0,16.0,255.0,-1.0
npboost-in_context-danceability-seed0,declzz3z,2026-07-21T13:31:30Z,npboost,in_context,0,rmse,0.0517545207478916,0.0907809166812514,0.0537155326757096,0.0950060024499146,672.9980621337891,2.644973039627075,2.6698899269104004,0.6726816508303963,,,,31.0,,,,,,0.2,0.0004276097878757,10.0,0.0133482983182945,0.0,100.0,4.0,255.0,-1.0
npboost-in_context-danceability-seed0,dwhby0t9,2026-07-21T13:10:54Z,npboost,in_context,0,rmse,0.0965294137854717,0.0878951957813132,0.0972396360717535,0.0903449644424378,819.019876241684,2.53294324874878,2.185307264328003,0.6846156808639914,,,,77.0,,,,,,0.2,0.0001181285816262,5.0,0.0610030224551816,0.0,10.0,8.0,255.0,-1.0
npboost-in_context-danceability-seed0,egp2o8jm,2026-07-21T13:24:45Z,npboost,in_context,0,rmse,0.1557572221729387,0.090946488902988,0.1562198453021328,0.0914393333805643,392.2936987876892,1.970353126525879,2.77669906616211,0.6708821237684816,,,,8.0,,,,,,0.0,0.0002507518284371,10.0,0.0302023368339538,1.0,10.0,8.0,255.0,-1.0
npboost-in_context-danceability-seed0,f5pd9qu1,2026-07-21T10:29:26Z,npboost,in_context,0,rmse,0.0731958366942951,0.0900981701914904,0.0740094599082891,0.09245879805156,743.7792451381683,2.7545435428619385,2.5662708282470703,0.6770285203777598,,,,13.0,,,,,,0.2,0.0002563473332261,20.0,0.1427109105814198,1.0,1000.0,8.0,255.0,-1.0
npboost-in_context-danceability-seed0,f8x52p9m,2026-07-21T11:18:09Z,npboost,in_context,0,rmse,0.0543535432866081,0.0911697424760612,0.0557346099492098,0.0939793390356845,443.07002782821655,2.61767578125,2.3732287883758545,0.6706114641977233,,,,30.0,,,,,,0.2,0.0008392140711648,5.0,0.0107859712708854,0.0,10.0,8.0,255.0,-1.0
npboost-in_context-danceability-seed0,jlhsd1gh,2026-07-21T10:58:22Z,npboost,in_context,0,rmse,0.0579184025143752,0.0890804383950391,0.059213593228197,0.0922318564457254,746.5073664188385,2.557501077651977,2.3952057361602783,0.677163795061601,,,,38.0,,,,,,0.2,0.0002371245680478,10.0,0.0322020325894309,1.0,100.0,16.0,255.0,-1.0
npboost-in_context-danceability-seed0,l02otkha,2026-07-21T14:31:08Z,npboost,in_context,0,rmse,0.1982158819391151,0.0886654373598488,0.198877855046661,0.0904208156712237,1035.0159358978271,2.4082350730896,2.490549325942993,0.6631492381889879,,,,25.0,,,,,,0.0,1.702035422361917e-05,20.0,0.0657821692431908,1.0,20.0,16.0,255.0,-1.0
npboost-in_context-danceability-seed0,leb7pu0v,2026-07-21T11:11:15Z,npboost,in_context,0,rmse,0.1886369535794021,0.0902979630493119,0.1891511958601484,0.0903250674939456,401.4427080154419,2.4073596000671387,2.312347650527954,0.6667522191852157,,,,10.0,,,,,,0.0,0.0001083323625032,10.0,0.1351582698334605,0.0,100.0,8.0,255.0,-1.0
npboost-in_context-danceability-seed0,lh7vinge,2026-07-21T09:46:25Z,npboost,in_context,0,rmse,0.1153561849535608,0.0907452148425782,0.1159116122154836,0.0925342265001884,400.6204273700714,2.3013916015625,2.715346336364746,0.6811289990013352,,,,8.0,,,,,,0.0,0.0004548624208721,10.0,0.2953847324956156,0.0,20.0,4.0,255.0,-1.0
npboost-in_context-danceability-seed0,m0ptg7ap,2026-07-21T08:37:59Z,npboost,in_context,0,rmse,0.084764948053461,0.0925098898860397,0.0858210127777848,0.0957454708086418,462.9946911334992,2.1912574768066406,2.447991132736206,0.7491369397826757,,,,13.0,,,,,,0.2,0.0004385170256085,10.0,0.8972612866432508,1.0,20.0,8.0,255.0,-1.0
npboost-in_context-danceability-seed0,mt5iodxg,2026-07-21T14:48:37Z,npboost,in_context,0,rmse,0.0802286094749565,0.0873127828887864,0.0814981114179544,0.0915459205610178,961.7670094966888,2.5388224124908447,2.574002265930176,0.7308577808556201,,,,52.0,,,,,,0.2,0.0001082971516786,10.0,0.2589103504433043,0.0,20.0,16.0,255.0,-1.0
npboost-in_context-danceability-seed0,p2g094k6,2026-07-21T10:51:25Z,npboost,in_context,0,rmse,0.0717079373491056,0.0926673958186653,0.0724861880486994,0.0946070261523321,404.9788453578949,2.5550224781036377,2.3231937885284424,0.6720621186466862,,,,8.0,,,,,,0.2,0.000956484407922,10.0,0.0109977032995056,0.0,100.0,4.0,255.0,-1.0
npboost-in_context-danceability-seed0,ph43pr5x,2026-07-21T12:39:44Z,npboost,in_context,0,rmse,0.1971672409683117,0.0890945763279166,0.1977814367478345,0.090571086631295,1146.1516494750977,2.506154775619507,2.507204055786133,0.65505758595043,,,,34.0,,,,,,0.0,1.2904721633073898e-05,20.0,0.2325748079967941,0.0,100.0,8.0,255.0,-1.0
npboost-in_context-danceability-seed0,r7nqr1yu,2026-07-21T07:41:23Z,npboost,in_context,0,rmse,0.0770766470462865,0.0900399800081881,0.0777136195124824,0.0919161765219701,913.683758020401,2.383774518966675,2.810782194137573,0.6689118900389109,,,,19.0,,,,,,0.2,0.0001605191133358,20.0,0.0750195444362012,1.0,20.0,4.0,255.0,-1.0
npboost-in_context-danceability-seed0,rq0ph8yo,2026-07-21T10:00:23Z,npboost,in_context,0,rmse,0.1741896102498911,0.0918428027711534,0.1746438182537208,0.0920428083100745,344.61816787719727,1.7686471939086914,1.8457143306732176,0.6652012649387836,,,,17.0,,,,,,0.0,0.0001721990923545,5.0,0.1380161223304589,0.0,1000.0,16.0,255.0,-1.0
npboost-in_context-danceability-seed0,rurohu44,2026-07-21T08:45:55Z,npboost,in_context,0,rmse,0.1313203243456668,0.0879541023868087,0.1320852737352293,0.0909005008992991,3593.1338391304016,2.4561126232147217,2.412566900253296,0.9415267353974848,,,,425.0,,,,,,0.2,1.343677338411072e-05,5.0,0.1113002415673063,1.0,10.0,4.0,255.0,-1.0
npboost-in_context-danceability-seed0,v84n9z0e,2026-07-21T12:25:38Z,npboost,in_context,0,rmse,0.2008478775811607,0.0907645736496234,0.2014940328858647,0.091576960058576,833.4339590072632,2.431584119796753,2.826344490051269,0.6720768260555403,,,,43.0,,,,,,0.0,1.8406671834517417e-05,10.0,0.3476654204795515,0.0,20.0,8.0,255.0,-1.0
npboost-in_context-danceability-seed0,xh1fx1dr,2026-07-21T15:13:51Z,npboost,in_context,0,rmse,0.1815227636463869,0.0894009127494512,0.1821187735268741,0.0903360683586481,521.0675225257874,2.780722618103028,2.592329740524292,0.6607877593415558,,,,16.0,,,,,,0.0,7.917412954846521e-05,10.0,0.1011064623519062,0.0,20.0,8.0,255.0,-1.0
npboost-in_context-danceability-seed0,xooftths,2026-07-21T12:03:58Z,npboost,in_context,0,rmse,0.1019735188704925,0.089068834473083,0.1024937402317794,0.0905403643993069,1286.971828699112,2.6331229209899902,2.7370259761810303,0.6958630600445488,,,,77.0,,,,,,0.2,5.4597054376998136e-05,10.0,0.1053508308667582,0.0,20.0,4.0,255.0,-1.0
npboost-in_context-danceability-seed0,xoxet874,2026-07-21T12:59:04Z,npboost,in_context,0,rmse,0.0935016752153685,0.0904166356906844,0.0941501159742433,0.0925258117396138,697.1253876686096,2.2384228706359863,2.212737798690796,0.6877330147658159,,,,32.0,,,,,,0.2,0.0001496922341954,10.0,0.0831211929407696,1.0,1000.0,4.0,255.0,-1.0
npboost-in_context-danceability-seed0,y266u4s4,2026-07-21T13:42:56Z,npboost,in_context,0,rmse,0.1401361863305963,0.0875866510369711,0.1410530855452223,0.0912450657464678,2864.0164642333984,2.294259548187256,2.425325393676758,0.7415526615713209,,,,319.0,,,,,,0.2,1.5820851730418417e-05,5.0,0.0450196136386975,1.0,100.0,16.0,255.0,-1.0
npboost-in_context-danceability-seed0,yq5tnph2,2026-07-21T10:42:03Z,npboost,in_context,0,rmse,0.0795380010727192,0.0901274388372626,0.0804500751700138,0.0931968929280768,549.4186730384827,2.466760873794556,2.461630821228028,0.6697353629120786,,,,40.0,,,,,,0.2,0.0003013710908533,5.0,0.0130634630331783,0.0,10.0,8.0,255.0,-1.0
npboost-in_context-danceability-seed0,zaj7tqai,2026-07-21T15:22:46Z,npboost,in_context,0,rmse,0.0986478258894597,0.091280453722534,0.0990419320666584,0.0922283365969898,2754.697776079178,2.42913818359375,2.018876075744629,0.6927216313163974,,,,109.0,,,,,,0.2,2.017016316297149e-05,20.0,0.0582929613195039,1.0,1000.0,8.0,255.0,-1.0
npboost-in_context-danceability-seed1,0i8hdv39,2026-07-21T13:40:15Z,npboost,in_context,1,rmse,0.1471348278228623,0.0900454090119086,0.1481662452786047,0.0940377785576619,2571.110258102417,2.4722917079925537,2.3626842498779297,0.7289258637355053,,,,289.0,,,,,,0.2,1.5820851730418417e-05,5.0,0.0450196136386975,1.0,100.0,16.0,255.0,-1.0
npboost-in_context-danceability-seed1,1ff71a6i,2026-07-21T15:11:29Z,npboost,in_context,1,rmse,0.1842681171504465,0.0895321048740211,0.1852322365409225,0.0933882599174761,476.53760385513306,2.4543657302856445,2.598798513412476,0.66805573132732,,,,15.0,,,,,,0.0,7.917412954846521e-05,10.0,0.1011064623519062,0.0,20.0,8.0,255.0,-1.0
npboost-in_context-danceability-seed1,513o4c5g,2026-07-21T09:45:17Z,npboost,in_context,1,rmse,0.1802847826873132,0.0914496871536995,0.1813023800432383,0.0958946044481995,316.712336063385,2.6253116130828857,2.464396953582764,0.6761907511381349,,,,15.0,,,,,,0.0,0.0001721990923545,5.0,0.1380161223304589,0.0,1000.0,16.0,255.0,-1.0
npboost-in_context-danceability-seed1,5554di9s,2026-07-21T13:26:12Z,npboost,in_context,1,rmse,0.1558879279452067,0.0920345134510594,0.156838747488342,0.0954258586229535,375.0729031562805,2.33758544921875,2.421216011047364,0.6666818765974111,,,,8.0,,,,,,0.0,0.0002507518284371,10.0,0.0302023368339538,1.0,10.0,8.0,255.0,-1.0
npboost-in_context-danceability-seed1,55jqazp7,2026-07-21T09:30:28Z,npboost,in_context,1,rmse,0.0832266151339929,0.0919825252926709,0.0842361030004174,0.0947927326204225,438.09873151779175,2.277400493621826,2.552971363067627,0.6982314107111093,,,,13.0,,,,,,0.0,0.0004548624208721,10.0,0.2953847324956156,0.0,20.0,4.0,255.0,-1.0
npboost-in_context-danceability-seed1,6p1ftivg,2026-07-21T07:53:51Z,npboost,in_context,1,rmse,0.0634967650505529,0.0913009619573898,0.064572790150395,0.093478523108197,575.2067377567291,2.41075086593628,2.6099865436553955,0.6746497133984051,,,,23.0,,,,,,0.2,0.0003600091192911,10.0,0.083744968684368,0.0,100.0,16.0,255.0,-1.0
npboost-in_context-danceability-seed1,9zvbkqzm,2026-07-21T12:43:27Z,npboost,in_context,1,rmse,0.2002144413026298,0.0899536890052372,0.2011245616108628,0.0936593409509628,1061.768538236618,2.183532238006592,1.843219757080078,0.6681081149290629,,,,31.0,,,,,,0.0,1.2904721633073898e-05,20.0,0.2325748079967941,0.0,100.0,8.0,255.0,-1.0
npboost-in_context-danceability-seed1,bg48nvmt,2026-07-21T10:47:49Z,npboost,in_context,1,rmse,0.0506697471621843,0.0906747642512818,0.0514754669266044,0.0919171340765032,908.1108496189116,2.1671721935272217,2.1955974102020264,0.670005996089644,,,,52.0,,,,,,0.2,0.0002371245680478,10.0,0.0322020325894309,1.0,100.0,16.0,255.0,-1.0
npboost-in_context-danceability-seed1,ceixw2pp,2026-07-21T11:03:10Z,npboost,in_context,1,rmse,0.1760772108300332,0.0903237920584878,0.1769874566637199,0.093735014792277,444.3246955871582,2.0567662715911865,2.156432867050171,0.6708113948976301,,,,13.0,,,,,,0.0,0.0001083323625032,10.0,0.1351582698334605,0.0,100.0,8.0,255.0,-1.0
npboost-in_context-danceability-seed1,dkzivv7b,2026-07-21T16:00:40Z,npboost,in_context,1,rmse,0.1878697603558669,0.0895778672260172,0.1887434673788025,0.0933099151929151,777.5086305141449,2.654052495956421,2.561519145965576,0.6549012572348978,,,,70.0,,,,,,0.0,3.1392574253118284e-05,5.0,0.1121865737283773,0.0,10.0,4.0,255.0,-1.0
npboost-in_context-danceability-seed1,ewk4cbf0,2026-07-21T11:16:42Z,npboost,in_context,1,rmse,0.1025207926292228,0.0900800601006724,0.1036638029447429,0.0941742109974457,2514.419731616974,2.685506582260132,2.3459115028381348,0.807842863904651,,,,285.0,,,,,,0.2,2.9067203620664195e-05,5.0,0.1823458458254781,0.0,10.0,8.0,255.0,-1.0
npboost-in_context-danceability-seed1,h1u078wy,2026-07-21T10:26:50Z,npboost,in_context,1,rmse,0.0540825828652241,0.0917237628710272,0.0551613545657135,0.0934187939100741,784.4274625778198,2.320856094360352,2.1317288875579834,0.664645186713644,,,,72.0,,,,,,0.2,0.0003013710908533,5.0,0.0130634630331783,0.0,10.0,8.0,255.0,-1.0
npboost-in_context-danceability-seed1,h933ahhx,2026-07-21T08:03:42Z,npboost,in_context,1,rmse,0.2231377604548916,0.1044488932101892,0.22399201262815,0.1059470953259384,639.8623056411743,2.440666437149048,2.439882755279541,4.214515857672375,,,,58.0,,,,,,0.2,1.090384328196852e-05,5.0,0.7717846862118062,0.0,20.0,4.0,255.0,-1.0
npboost-in_context-danceability-seed1,ir57li6e,2026-07-21T10:40:07Z,npboost,in_context,1,rmse,0.0563735959919484,0.0933948444154821,0.0582151399999108,0.0969991431950852,449.1363816261291,2.4258553981781006,2.322986125946045,0.6672952761910361,,,,13.0,,,,,,0.2,0.000956484407922,10.0,0.0109977032995056,0.0,100.0,4.0,255.0,-1.0
npboost-in_context-danceability-seed1,j9qzmogb,2026-07-21T14:23:47Z,npboost,in_context,1,rmse,0.1951736736350796,0.0890496479157332,0.1960834019422132,0.0928751300745522,995.7359652519226,3.0217061042785645,2.719532489776612,0.6649638966294539,,,,27.0,,,,,,0.0,1.702035422361917e-05,20.0,0.0657821692431908,1.0,20.0,16.0,255.0,-1.0
npboost-in_context-danceability-seed1,lptnt7wp,2026-07-21T14:41:08Z,npboost,in_context,1,rmse,0.0781338729807869,0.0904274640266372,0.0792813444696055,0.0938673386729025,996.1911351680756,2.539967536926269,2.536494255065918,0.6978705062666851,,,,54.0,,,,,,0.2,0.0001082971516786,10.0,0.2589103504433043,0.0,20.0,16.0,255.0,-1.0
npboost-in_context-danceability-seed1,m8os1jg5,2026-07-21T15:19:39Z,npboost,in_context,1,rmse,0.1091278520829838,0.0921565871834422,0.1101745656264007,0.0954429131919596,2447.3106772899628,2.372232913970948,2.7357006072998047,0.6896013565137585,,,,95.0,,,,,,0.2,2.017016316297149e-05,20.0,0.0582929613195039,1.0,1000.0,8.0,255.0,-1.0
npboost-in_context-danceability-seed1,n4nqdfvw,2026-07-21T12:24:43Z,npboost,in_context,1,rmse,0.1815835235508473,0.0909670973990206,0.1825499035962387,0.0951098292168838,1109.4411907196045,2.568885326385498,2.5112855434417725,0.665693984648827,,,,69.0,,,,,,0.0,1.8406671834517417e-05,10.0,0.3476654204795515,0.0,20.0,8.0,255.0,-1.0
npboost-in_context-danceability-seed1,nsz1trb5,2026-07-21T09:38:10Z,npboost,in_context,1,rmse,0.1050120465794024,0.0930884208250051,0.1061342255868395,0.0969535690726049,413.021234035492,2.572500944137573,2.610077381134033,0.7019705478112827,,,,10.0,,,,,,0.0,0.0004242243954166,10.0,0.5800570688908553,1.0,20.0,4.0,255.0,-1.0
npboost-in_context-danceability-seed1,nxv8albz,2026-07-21T08:24:40Z,npboost,in_context,1,rmse,0.0575053504041234,0.0942486256334263,0.059785177570711,0.0991676884161503,576.9692614078522,2.841841220855713,2.4829890727996826,0.8492424660056292,,,,23.0,,,,,,0.2,0.0004385170256085,10.0,0.8972612866432508,1.0,20.0,8.0,255.0,-1.0
npboost-in_context-danceability-seed1,ofoyu8px,2026-07-21T13:01:20Z,npboost,in_context,1,rmse,0.1150883149648603,0.0916841345750265,0.1161219493277699,0.0948077935029805,579.3146922588348,1.9602880477905271,2.140063762664795,0.6749793060103634,,,,24.0,,,,,,0.2,0.0001496922341954,10.0,0.0831211929407696,1.0,1000.0,4.0,255.0,-1.0
npboost-in_context-danceability-seed1,p7okhdfy,2026-07-21T07:41:23Z,npboost,in_context,1,rmse,0.1162247519485124,0.0912388501428525,0.1171796920907211,0.0940547015540176,732.4631876945496,2.681654214859009,2.6673591136932373,0.6671059598035258,,,,11.0,,,,,,0.2,0.0001605191133358,20.0,0.0750195444362012,1.0,20.0,4.0,255.0,-1.0
npboost-in_context-danceability-seed1,ralt5auk,2026-07-21T10:06:33Z,npboost,in_context,1,rmse,0.1493922789138053,0.0925722843518373,0.1502774362117301,0.0954137230153402,422.1436891555786,2.532771587371826,2.458270311355591,0.6659083147285924,,,,8.0,,,,,,0.0,0.0002780425090632,10.0,0.0105542692281163,1.0,20.0,8.0,255.0,-1.0
npboost-in_context-danceability-seed1,s27ain83,2026-07-21T13:32:40Z,npboost,in_context,1,rmse,0.086779278613174,0.0915544292848825,0.0880158919564718,0.0950549920896843,442.4797670841217,2.0976781845092773,2.348762989044189,0.6661276657434365,,,,13.0,,,,,,0.2,0.0004276097878757,10.0,0.0133482983182945,0.0,100.0,4.0,255.0,-1.0
npboost-in_context-danceability-seed1,siwzar2d,2026-07-21T11:58:49Z,npboost,in_context,1,rmse,0.0816445554093947,0.0902809251474376,0.0828476154930553,0.0940162406538372,1541.594217300415,2.3675801753997803,2.3239762783050537,0.6795035924155851,,,,101.0,,,,,,0.2,5.4597054376998136e-05,10.0,0.1053508308667582,0.0,20.0,4.0,255.0,-1.0
npboost-in_context-danceability-seed1,sqasua90,2026-07-21T08:34:31Z,npboost,in_context,1,rmse,0.136064192268746,0.0909639266962503,0.1369317264046272,0.0936671277099816,3344.011642932892,2.771121025085449,2.380698680877685,0.8940766596647856,,,,399.0,,,,,,0.2,1.343677338411072e-05,5.0,0.1113002415673063,1.0,10.0,4.0,255.0,-1.0
npboost-in_context-danceability-seed1,sylrrrp7,2026-07-21T14:58:15Z,npboost,in_context,1,rmse,0.1786619445430587,0.1007954960086368,0.1796701046187852,0.104826197849911,782.0174994468689,2.491591691970825,2.475898504257202,0.6622780986103204,,,,70.0,,,,,,0.0,3.9184339457363744e-05,5.0,0.7978205565731539,1.0,100.0,16.0,255.0,-1.0
npboost-in_context-danceability-seed1,t0ac735q,2026-07-21T09:50:47Z,npboost,in_context,1,rmse,0.2046324549875509,0.0908160911476626,0.2056005991708614,0.0947883789706739,890.6796369552612,2.1494455337524414,2.0655293464660645,0.6649883187958348,,,,22.0,,,,,,0.0,1.5865500409725956e-05,20.0,0.019901994840577,0.0,100.0,4.0,255.0,-1.0
npboost-in_context-danceability-seed1,ua1q5p2f,2026-07-21T08:14:57Z,npboost,in_context,1,rmse,0.1209120516396739,0.0909648145623018,0.1219564932920516,0.0941782223444685,569.3535914421082,2.3108439445495605,2.6640310287475586,0.6684670625491501,,,,24.0,,,,,,0.2,0.0001381635682257,10.0,0.0261669745608544,1.0,20.0,8.0,255.0,-1.0
npboost-in_context-danceability-seed1,ucy4mrjs,2026-07-21T11:10:47Z,npboost,in_context,1,rmse,0.0722334735631543,0.0929405943830291,0.0739077601895542,0.0974441890304313,326.5733411312103,2.2258548736572266,2.5004868507385254,0.6664774288420511,,,,18.0,,,,,,0.2,0.0008392140711648,5.0,0.0107859712708854,0.0,10.0,8.0,255.0,-1.0
npboost-in_context-danceability-seed1,yn2wlprg,2026-07-21T13:12:40Z,npboost,in_context,1,rmse,0.0955606219626244,0.0892833670124227,0.0968045898475796,0.0936361806559909,799.3397371768951,2.157717227935791,2.302666187286377,0.6720959464318703,,,,78.0,,,,,,0.2,0.0001181285816262,5.0,0.0610030224551816,0.0,10.0,8.0,255.0,-1.0
npboost-in_context-danceability-seed1,zifhf2ye,2026-07-21T10:13:48Z,npboost,in_context,1,rmse,0.0658746322838208,0.0914070304112568,0.0670127719058979,0.09400766967024,768.4006950855255,2.4055252075195312,2.5269761085510254,0.6670573785028134,,,,15.0,,,,,,0.2,0.0002563473332261,20.0,0.1427109105814198,1.0,1000.0,8.0,255.0,-1.0
npboost-in_context-danceability-seed2,0fbo6nq2,2026-07-21T11:25:21Z,npboost,in_context,2,rmse,0.1046207973030247,0.09227905471092,0.1043249697773003,0.0894355235932478,1160.7128338813782,2.36757230758667,2.332403898239136,0.69448953032275,,,,75.0,,,,,,0.2,5.4597054376998136e-05,10.0,0.1053508308667582,0.0,20.0,4.0,255.0,-1.0
npboost-in_context-danceability-seed2,0l8oq09p,2026-07-21T10:47:36Z,npboost,in_context,2,rmse,0.1726628172949446,0.0932407585888795,0.1728145654681536,0.0908443478148181,459.2161560058594,2.772339105606079,2.5839619636535645,0.6725374250627696,,,,14.0,,,,,,0.0,0.0001083323625032,10.0,0.1351582698334605,0.0,100.0,8.0,255.0,-1.0
npboost-in_context-danceability-seed2,2fc04xms,2026-07-21T10:31:10Z,npboost,in_context,2,rmse,0.0635021630107392,0.0944109351318254,0.0633712111407661,0.0933811728628575,411.7481544017792,2.3517038822174072,2.7493245601654053,0.6675488339328042,,,,10.0,,,,,,0.2,0.000956484407922,10.0,0.0109977032995056,0.0,100.0,4.0,255.0,-1.0
npboost-in_context-danceability-seed2,351irzp9,2026-07-21T14:53:36Z,npboost,in_context,2,rmse,0.1843224670125064,0.0930404845939888,0.1843666171336134,0.08943699673471,840.0818738937378,2.5381669998168945,2.269969701766968,0.6696274642551657,,,,77.0,,,,,,0.0,3.1392574253118284e-05,5.0,0.1121865737283773,0.0,10.0,4.0,255.0,-1.0
npboost-in_context-danceability-seed2,393tvulz,2026-07-21T10:18:06Z,npboost,in_context,2,rmse,0.0555240196418443,0.0928913531325455,0.054979498334524,0.0905514199442286,771.2922403812408,2.907505750656128,2.4040026664733887,0.6656961770501341,,,,70.0,,,,,,0.2,0.0003013710908533,5.0,0.0130634630331783,0.0,10.0,8.0,255.0,-1.0
npboost-in_context-danceability-seed2,5lsb24um,2026-07-21T09:40:36Z,npboost,in_context,2,rmse,0.1932848959878644,0.0933838149605034,0.1934956294228362,0.0907987730155395,1057.3715043067932,2.6048176288604736,2.585538148880005,0.6659433602477821,,,,31.0,,,,,,0.0,1.5865500409725956e-05,20.0,0.019901994840577,0.0,100.0,4.0,255.0,-1.0
npboost-in_context-danceability-seed2,5v30zq7x,2026-07-21T08:06:54Z,npboost,in_context,2,rmse,0.2259879791729954,0.1053179388138468,0.2263661878971965,0.1030033397056324,559.6489632129669,2.072896718978882,2.5103795528411865,3.989422988556086,,,,49.0,,,,,,0.2,1.090384328196852e-05,5.0,0.7717846862118062,0.0,20.0,4.0,255.0,-1.0
npboost-in_context-danceability-seed2,9bjc4blt,2026-07-21T14:01:24Z,npboost,in_context,2,rmse,0.1783764178834012,0.1024222158416098,0.1787483039277263,0.1021378288289366,775.7100307941437,2.6522469520568848,2.35457181930542,0.6793444048920226,,,,71.0,,,,,,0.0,3.9184339457363744e-05,5.0,0.7978205565731539,1.0,100.0,16.0,255.0,-1.0
npboost-in_context-danceability-seed2,a9vieof1,2026-07-21T13:49:11Z,npboost,in_context,2,rmse,0.1129168436238703,0.0923726754854574,0.1126581190420939,0.0890150706604565,719.2619671821594,2.250657558441162,2.7732529640197754,0.7065364957422565,,,,34.0,,,,,,0.2,0.0001082971516786,10.0,0.2589103504433043,0.0,20.0,16.0,255.0,-1.0
npboost-in_context-danceability-seed2,aqov24mo,2026-07-21T10:55:28Z,npboost,in_context,2,rmse,0.0549525920066897,0.0947383970218112,0.0548086175025008,0.0938665925267146,457.9589128494262,1.8317453861236568,2.1931681632995605,0.6672080778356552,,,,32.0,,,,,,0.2,0.0008392140711648,5.0,0.0107859712708854,0.0,10.0,8.0,255.0,-1.0
npboost-in_context-danceability-seed2,b63416tm,2026-07-21T12:43:48Z,npboost,in_context,2,rmse,0.1644054973717182,0.0943810405640809,0.1646128051851424,0.0924954355190724,375.59662985801697,2.453345775604248,2.42269229888916,0.6673288687931913,,,,7.0,,,,,,0.0,0.0002507518284371,10.0,0.0302023368339538,1.0,10.0,8.0,255.0,-1.0
npboost-in_context-danceability-seed2,cakj3zrv,2026-07-21T14:14:32Z,npboost,in_context,2,rmse,0.1791003015010767,0.0938878850403826,0.1791749899439218,0.0908253935074975,476.4561839103699,2.519347667694092,2.1685914993286133,0.6695659760411143,,,,17.0,,,,,,0.0,7.917412954846521e-05,10.0,0.1011064623519062,0.0,20.0,8.0,255.0,-1.0
npboost-in_context-danceability-seed2,cbcq02os,2026-07-21T10:06:12Z,npboost,in_context,2,rmse,0.0847394332098548,0.0937986840529487,0.0841749982998747,0.0904389362454683,702.1776900291443,2.4405627250671387,2.136491060256958,0.6714554994383136,,,,11.0,,,,,,0.2,0.0002563473332261,20.0,0.1427109105814198,1.0,1000.0,8.0,255.0,-1.0
npboost-in_context-danceability-seed2,fky4dgmn,2026-07-21T08:16:25Z,npboost,in_context,2,rmse,0.0699951015101154,0.0924386151097855,0.0694036237766672,0.0896062118130436,888.9861397743225,2.16998028755188,2.2806930541992188,0.6708476990312381,,,,50.0,,,,,,0.2,0.0001381635682257,10.0,0.0261669745608544,1.0,20.0,8.0,255.0,-1.0
npboost-in_context-danceability-seed2,gtjckhig,2026-07-21T07:41:22Z,npboost,in_context,2,rmse,0.0721314936726703,0.0935043602488174,0.0714597296129706,0.0903578052980508,927.4046738147736,2.52065110206604,2.826904058456421,0.6720634421906828,,,,21.0,,,,,,0.2,0.0001605191133358,20.0,0.0750195444362012,1.0,20.0,4.0,255.0,-1.0
npboost-in_context-danceability-seed2,hbt42fny,2026-07-21T12:18:03Z,npboost,in_context,2,rmse,0.0966570161935409,0.0934693387278979,0.096392320044135,0.0910653358337098,677.4366347789764,2.5676422119140625,2.4242043495178223,0.6803695102734324,,,,31.0,,,,,,0.2,0.0001496922341954,10.0,0.0831211929407696,1.0,1000.0,4.0,255.0,-1.0
npboost-in_context-danceability-seed2,hkhatgq0,2026-07-21T13:33:46Z,npboost,in_context,2,rmse,0.2014707375423774,0.0930140438662825,0.2017386280087472,0.0908045302745236,911.743861913681,2.7020437717437744,2.590942859649658,0.6645035195895739,,,,23.0,,,,,,0.0,1.702035422361917e-05,20.0,0.0657821692431908,1.0,20.0,16.0,255.0,-1.0
npboost-in_context-danceability-seed2,hx724fcy,2026-07-21T09:58:27Z,npboost,in_context,2,rmse,0.1279708147713809,0.094703717210991,0.1277448043301992,0.091195626074199,419.5674753189087,2.2421681880950928,2.096652030944824,0.666620240345547,,,,11.0,,,,,,0.0,0.0002780425090632,10.0,0.0105542692281163,1.0,20.0,8.0,255.0,-1.0
npboost-in_context-danceability-seed2,i5om2xjl,2026-07-21T09:21:04Z,npboost,in_context,2,rmse,0.12536006843452,0.0945187864930464,0.1250947060295143,0.0912201765741769,365.004191160202,2.197962522506714,2.4042398929595947,0.6579681135704727,,,,7.0,,,,,,0.0,0.0004548624208721,10.0,0.2953847324956156,0.0,20.0,4.0,255.0,-1.0
npboost-in_context-danceability-seed2,ihk0pwqg,2026-07-21T09:27:21Z,npboost,in_context,2,rmse,0.1401393993301093,0.0958541628955564,0.1399712367092373,0.0925479123666541,354.8058919906616,2.290817975997925,2.231300592422486,0.687070794646703,,,,6.0,,,,,,0.0,0.0004242243954166,10.0,0.5800570688908553,1.0,20.0,4.0,255.0,-1.0
npboost-in_context-danceability-seed2,ius6605z,2026-07-21T08:31:27Z,npboost,in_context,2,rmse,0.096871263543388,0.0982362141513445,0.0961982074291827,0.0936713297380478,426.99281573295593,2.4736294746398926,2.4891722202301025,0.684064511684772,,,,11.0,,,,,,0.2,0.0004385170256085,10.0,0.8972612866432508,1.0,20.0,8.0,255.0,-1.0
npboost-in_context-danceability-seed2,jb5z4f4k,2026-07-21T11:03:18Z,npboost,in_context,2,rmse,0.1541272603262089,0.093611075723179,0.1542393623353114,0.0907570880985878,1310.980587720871,2.44228458404541,2.188199996948242,0.7917744109633548,,,,143.0,,,,,,0.2,2.9067203620664195e-05,5.0,0.1823458458254781,0.0,10.0,8.0,255.0,-1.0
npboost-in_context-danceability-seed2,m60ygnle,2026-07-21T14:22:41Z,npboost,in_context,2,rmse,0.1351380322940909,0.0942051968399523,0.1350771801071464,0.0915559026009343,1823.150812625885,2.843769788742065,2.770676851272583,0.6836184235017201,,,,68.0,,,,,,0.2,2.017016316297149e-05,20.0,0.0582929613195039,1.0,1000.0,8.0,255.0,-1.0
npboost-in_context-danceability-seed2,mg3d21uk,2026-07-21T12:29:33Z,npboost,in_context,2,rmse,0.0964543825411224,0.0918877712595606,0.096040053801103,0.0887376307665097,841.3095033168793,2.9532806873321533,2.675509452819824,0.678583450761291,,,,78.0,,,,,,0.2,0.0001181285816262,5.0,0.0610030224551816,0.0,10.0,8.0,255.0,-1.0
npboost-in_context-danceability-seed2,mnji780l,2026-07-21T11:58:33Z,npboost,in_context,2,rmse,0.1965323926613973,0.093046718954703,0.1966722359952485,0.0900581111689729,1156.89914393425,2.837033748626709,2.415257692337036,0.662567096971801,,,,35.0,,,,,,0.0,1.2904721633073898e-05,20.0,0.2325748079967941,0.0,100.0,8.0,255.0,-1.0
npboost-in_context-danceability-seed2,ojnbqzc3,2026-07-21T12:50:16Z,npboost,in_context,2,rmse,0.0550782106072957,0.0935780028803245,0.0549967016046165,0.0927474030828661,620.9259536266327,2.708170175552368,2.539241075515747,0.6659395704100722,,,,27.0,,,,,,0.2,0.0004276097878757,10.0,0.0133482983182945,0.0,100.0,4.0,255.0,-1.0
npboost-in_context-danceability-seed2,otza1rd0,2026-07-21T07:57:05Z,npboost,in_context,2,rmse,0.0644900146238111,0.0930021219344264,0.0641042669591994,0.0912531228687641,575.8004715442657,2.433427572250366,2.459832668304444,0.6668464091206241,,,,23.0,,,,,,0.2,0.0003600091192911,10.0,0.083744968684368,0.0,100.0,16.0,255.0,-1.0
npboost-in_context-danceability-seed2,owd3jc27,2026-07-21T13:00:57Z,npboost,in_context,2,rmse,0.164513161643816,0.0925403093488206,0.1646177134431412,0.0892271885457337,1956.753650188446,2.001398086547852,2.6277644634246826,0.7196671740900967,,,,222.0,,,,,,0.2,1.5820851730418417e-05,5.0,0.0450196136386975,1.0,100.0,16.0,255.0,-1.0
npboost-in_context-danceability-seed2,pwd3l0r9,2026-07-21T09:33:28Z,npboost,in_context,2,rmse,0.1549554641061964,0.0933278091153658,0.1550793876477745,0.0913223982034833,388.6305396556854,2.600877523422241,2.30859375,0.6672824587319294,,,,24.0,,,,,,0.0,0.0001721990923545,5.0,0.1380161223304589,0.0,1000.0,16.0,255.0,-1.0
npboost-in_context-danceability-seed2,qjofg7bs,2026-07-21T11:44:54Z,npboost,in_context,2,rmse,0.2011735298350345,0.0942847887404399,0.2013857798142866,0.0908765397730267,804.0255665779114,2.4379689693450928,2.523951292037964,0.6739727351121543,,,,43.0,,,,,,0.0,1.8406671834517417e-05,10.0,0.3476654204795515,0.0,20.0,8.0,255.0,-1.0
npboost-in_context-danceability-seed2,waia47e3,2026-07-21T10:38:16Z,npboost,in_context,2,rmse,0.0922715990355875,0.0928957782851513,0.0919065464826116,0.0897908754385593,547.9961671829224,2.5241143703460693,2.3484537601470947,0.6737337444908624,,,,21.0,,,,,,0.2,0.0002371245680478,10.0,0.0322020325894309,1.0,100.0,16.0,255.0,-1.0
npboost-in_context-danceability-seed2,zzpbexit,2026-07-21T08:38:47Z,npboost,in_context,2,rmse,0.1572137265915453,0.0932920047144128,0.1571853565092666,0.0893520610665541,2524.417623281479,2.636937379837036,2.330033540725708,0.8577775867008449,,,,295.0,,,,,,0.2,1.343677338411072e-05,5.0,0.1113002415673063,1.0,10.0,4.0,255.0,-1.0
npboost-in_context-danceability-seed3,09kiuz6a,2026-07-22T09:25:37Z,npboost,in_context,3,rmse,0.1485039673234521,0.0921810325395644,0.1489538502839445,0.0910692021728295,1938.9966084957125,1.4980792999267578,1.5359721183776855,0.8972087978670636,,,,335.0,,,,,,0.2,1.343677338411072e-05,5.0,0.1113002415673063,1.0,10.0,4.0,255.0,-1.0
npboost-in_context-danceability-seed3,0cdlf6p7,2026-07-22T10:59:11Z,npboost,in_context,3,rmse,0.1722712314667411,0.0927280276655208,0.1725042423454663,0.0897238671334358,309.4254240989685,1.4551844596862793,1.4607651233673096,0.6676538316981153,,,,14.0,,,,,,0.0,0.0001083323625032,10.0,0.1351582698334605,0.0,100.0,8.0,255.0,-1.0
npboost-in_context-danceability-seed3,1583yda3,2026-07-22T10:51:53Z,npboost,in_context,3,rmse,0.0742181084106836,0.0935752915207071,0.0737560432979798,0.0905407498423782,428.8097312450409,1.5074810981750488,1.3234643936157229,0.6668503377502801,,,,28.0,,,,,,0.2,0.0002371245680478,10.0,0.0322020325894309,1.0,100.0,16.0,255.0,-1.0
npboost-in_context-danceability-seed3,24lcnvyj,2026-07-22T09:01:09Z,npboost,in_context,3,rmse,0.2117132231036312,0.103990154492946,0.2124767671798901,0.1045590984827096,687.2733018398285,1.3557169437408447,1.5202715396881104,5.054053890013777,,,,103.0,,,,,,0.2,1.090384328196852e-05,5.0,0.7717846862118062,0.0,20.0,4.0,255.0,-1.0
npboost-in_context-danceability-seed3,2gm6ld0r,2026-07-22T10:02:52Z,npboost,in_context,3,rmse,0.1047239832816945,0.0953273541160166,0.1045495796921661,0.0920755305860405,281.99521255493164,1.535486936569214,1.7057950496673584,0.6845690271861535,,,,10.0,,,,,,0.0,0.0004242243954166,10.0,0.5800570688908553,1.0,20.0,4.0,255.0,-1.0
npboost-in_context-danceability-seed3,2zrrk443,2026-07-22T09:58:06Z,npboost,in_context,3,rmse,0.1080478555452737,0.0948468390057752,0.1082348254427721,0.0931923693438384,276.6831066608429,1.2986700534820557,1.2492876052856443,0.662801233163439,,,,9.0,,,,,,0.0,0.0004548624208721,10.0,0.2953847324956156,0.0,20.0,4.0,255.0,-1.0
npboost-in_context-danceability-seed3,3w826004,2026-07-22T13:03:18Z,npboost,in_context,3,rmse,0.1899577056769878,0.0920063598121808,0.190363946601923,0.0896682297167088,766.0201368331909,1.5704872608184814,1.6607866287231443,0.6594837284467227,,,,31.0,,,,,,0.0,1.702035422361917e-05,20.0,0.0657821692431908,1.0,20.0,16.0,255.0,-1.0
npboost-in_context-danceability-seed3,7ff9rijc,2026-07-22T11:04:31Z,npboost,in_context,3,rmse,0.0619582246284676,0.0956474320483823,0.0614246048544348,0.0935459340018866,250.76118874549863,1.4249305725097656,1.426565408706665,0.664374240839584,,,,24.0,,,,,,0.2,0.0008392140711648,5.0,0.0107859712708854,0.0,10.0,8.0,255.0,-1.0
npboost-in_context-danceability-seed3,7orp6kel,2026-07-22T08:53:01Z,npboost,in_context,3,rmse,0.0551778764214119,0.0941382002432559,0.0542802524446975,0.0915383034241942,449.6312642097473,1.5175962448120115,1.540431261062622,0.6611051927865519,,,,31.0,,,,,,0.2,0.0003600091192911,10.0,0.083744968684368,0.0,100.0,16.0,255.0,-1.0
npboost-in_context-danceability-seed3,7otgcssx,2026-07-22T11:08:51Z,npboost,in_context,3,rmse,0.1371637915873487,0.0923817789017446,0.1375019333579323,0.0910065109339666,1094.574346780777,1.2639267444610596,1.5523698329925537,0.829583204630064,,,,182.0,,,,,,0.2,2.9067203620664195e-05,5.0,0.1823458458254781,0.0,10.0,8.0,255.0,-1.0
npboost-in_context-danceability-seed3,9ghlid4l,2026-07-22T12:23:51Z,npboost,in_context,3,rmse,0.1178386835033376,0.0955672442954471,0.1179214089660091,0.0933608976393754,317.434974193573,1.516007661819458,1.454859733581543,0.6661702185676879,,,,14.0,,,,,,0.0,0.0002507518284371,10.0,0.0302023368339538,1.0,10.0,8.0,255.0,-1.0
npboost-in_context-danceability-seed3,9vecm76i,2026-07-22T12:29:30Z,npboost,in_context,3,rmse,0.0566189459629452,0.0953813385113223,0.0551996702464412,0.0911404315777705,421.242082118988,1.3616487979888916,1.6339056491851809,0.6646252264850572,,,,26.0,,,,,,0.2,0.0004276097878757,10.0,0.0133482983182945,0.0,100.0,4.0,255.0,-1.0
npboost-in_context-danceability-seed3,a0728qti,2026-07-22T08:42:04Z,npboost,in_context,3,rmse,0.0850365024934716,0.0935116800263175,0.0847235487216155,0.0903781231280075,615.3554766178131,1.3977885246276855,1.8715429306030271,0.6626343207952006,,,,17.0,,,,,,0.2,0.0001605191133358,20.0,0.0750195444362012,1.0,20.0,4.0,255.0,-1.0
npboost-in_context-danceability-seed3,c42nsdbg,2026-07-22T13:27:26Z,npboost,in_context,3,rmse,0.233308378571714,0.1036287254164467,0.2339955872154342,0.1035044914283019,173.3131799697876,1.6095657348632812,1.4198074340820312,0.6382213222429464,,,,6.0,,,,,,0.0,3.9184339457363744e-05,5.0,0.7978205565731539,1.0,100.0,16.0,255.0,-1.0
npboost-in_context-danceability-seed3,cxsimka7,2026-07-22T10:29:34Z,npboost,in_context,3,rmse,0.084699898542669,0.0953632387429222,0.0839950196648601,0.0905626036112462,491.4487307071686,1.680419921875,1.5114858150482178,0.6608635179267605,,,,11.0,,,,,,0.2,0.0002563473332261,20.0,0.1427109105814198,1.0,1000.0,8.0,255.0,-1.0
npboost-in_context-danceability-seed3,e2sqefbh,2026-07-22T11:27:16Z,npboost,in_context,3,rmse,0.1044337329954922,0.0929402511167782,0.1043972257655622,0.0904976256283921,792.9302723407745,1.4616920948028564,1.5262620449066162,0.6745326862169576,,,,75.0,,,,,,0.2,5.4597054376998136e-05,10.0,0.1053508308667582,0.0,20.0,4.0,255.0,-1.0
npboost-in_context-danceability-seed3,hji5um1o,2026-07-22T12:36:41Z,npboost,in_context,3,rmse,0.1534845702686724,0.0927900997143598,0.1537945557757588,0.0900237552490909,1588.0074801445007,1.6182067394256592,1.498579740524292,0.7340840570811074,,,,264.0,,,,,,0.2,1.5820851730418417e-05,5.0,0.0450196136386975,1.0,100.0,16.0,255.0,-1.0
npboost-in_context-danceability-seed3,i9p7wn5d,2026-07-22T13:36:04Z,npboost,in_context,3,rmse,0.1561346886481111,0.0958647168606627,0.1563444817724403,0.0931345402635934,1056.282392501831,1.530987024307251,1.6487228870391846,0.6839280961330904,,,,50.0,,,,,,0.2,2.017016316297149e-05,20.0,0.0582929613195039,1.0,1000.0,8.0,255.0,-1.0
npboost-in_context-danceability-seed3,kgg59pcn,2026-07-22T10:11:37Z,npboost,in_context,3,rmse,0.195553636391337,0.0930164450606635,0.1958873365022454,0.0901993932459464,737.961706161499,1.2442548274993896,1.3966434001922607,0.6628654514841636,,,,29.0,,,,,,0.0,1.5865500409725956e-05,20.0,0.019901994840577,0.0,100.0,4.0,255.0,-1.0
npboost-in_context-danceability-seed3,kh1poymj,2026-07-22T13:53:50Z,npboost,in_context,3,rmse,0.2017028353032092,0.0927929048184332,0.2022337913513183,0.0910426810948074,405.6283583641052,1.4278793334960938,1.6539454460144043,0.663481973649489,,,,49.0,,,,,,0.0,3.1392574253118284e-05,5.0,0.1121865737283773,0.0,10.0,4.0,255.0,-1.0
npboost-in_context-danceability-seed3,mflb7hzs,2026-07-22T13:16:15Z,npboost,in_context,3,rmse,0.0786097926995106,0.0921880646522403,0.0786422527640875,0.091152517680244,661.5461673736572,1.4648337364196775,1.4611239433288574,0.6971147579900276,,,,54.0,,,,,,0.2,0.0001082971516786,10.0,0.2589103504433043,0.0,20.0,16.0,255.0,-1.0
npboost-in_context-danceability-seed3,nhsxuxne,2026-07-22T10:07:44Z,npboost,in_context,3,rmse,0.1743577227403648,0.0946083530290975,0.1746698843322515,0.0920694480257858,223.38494038581848,1.510383129119873,1.5627517700195312,0.6565155329781313,,,,17.0,,,,,,0.0,0.0001721990923545,5.0,0.1380161223304589,0.0,1000.0,16.0,255.0,-1.0
npboost-in_context-danceability-seed3,qqg24liy,2026-07-22T12:13:05Z,npboost,in_context,3,rmse,0.0897906552595063,0.0920744301822762,0.0898118482511002,0.0903998454836269,603.5038039684296,1.4937081336975098,1.5074663162231443,0.6810310770109823,,,,85.0,,,,,,0.2,0.0001181285816262,5.0,0.0610030224551816,0.0,10.0,8.0,255.0,-1.0
npboost-in_context-danceability-seed3,r7qayknj,2026-07-22T09:12:46Z,npboost,in_context,3,rmse,0.1124313358348372,0.0926253155517726,0.1125013888779792,0.0904552137115513,434.3048553466797,1.5176959037780762,1.5521376132965088,0.6661520292824167,,,,27.0,,,,,,0.2,0.0001381635682257,10.0,0.0261669745608544,1.0,20.0,8.0,255.0,-1.0
npboost-in_context-danceability-seed3,s76b8myi,2026-07-22T11:40:51Z,npboost,in_context,3,rmse,0.1903800112005724,0.0938539204408241,0.1908060417983762,0.0912392546124144,666.2247903347015,1.6335630416870115,1.5431067943572998,0.6787734190129602,,,,57.0,,,,,,0.0,1.8406671834517417e-05,10.0,0.3476654204795515,0.0,20.0,8.0,255.0,-1.0
npboost-in_context-danceability-seed3,tttk5a2k,2026-07-22T13:30:29Z,npboost,in_context,3,rmse,0.1876535256083159,0.0934396528605806,0.1880783141157976,0.0911848984328315,325.1983160972595,1.3088281154632568,1.4075772762298584,0.6692980044303776,,,,14.0,,,,,,0.0,7.917412954846521e-05,10.0,0.1011064623519062,0.0,20.0,8.0,255.0,-1.0
npboost-in_context-danceability-seed3,usp6dot4,2026-07-22T09:20:12Z,npboost,in_context,3,rmse,0.0965670893728168,0.098952332460218,0.0966308777118221,0.0970295395201078,295.4158911705017,1.3987975120544434,1.5872652530670166,0.6717735663517764,,,,11.0,,,,,,0.2,0.0004385170256085,10.0,0.8972612866432508,1.0,20.0,8.0,255.0,-1.0
npboost-in_context-danceability-seed3,vqsh2qh0,2026-07-22T10:24:26Z,npboost,in_context,3,rmse,0.1280866445141402,0.0953266623353104,0.1281557868328828,0.0921139783574624,298.94848895072937,1.4175176620483398,1.4891178607940674,0.664639830573184,,,,11.0,,,,,,0.0,0.0002780425090632,10.0,0.0105542692281163,1.0,20.0,8.0,255.0,-1.0
npboost-in_context-danceability-seed3,x0azk85a,2026-07-22T10:38:05Z,npboost,in_context,3,rmse,0.0597683853166966,0.0933057357474526,0.0585458935869517,0.0890763790137553,478.4620928764343,1.313842535018921,1.3160297870635986,0.6647008886737515,,,,61.0,,,,,,0.2,0.0003013710908533,5.0,0.0130634630331783,0.0,10.0,8.0,255.0,-1.0
npboost-in_context-danceability-seed3,x4mef0ot,2026-07-22T12:05:51Z,npboost,in_context,3,rmse,0.106857746590201,0.0943940162369874,0.1068113796284128,0.0918753765163278,424.22644448280334,1.2424850463867188,1.2450919151306152,0.6752157666751114,,,,27.0,,,,,,0.2,0.0001496922341954,10.0,0.0831211929407696,1.0,1000.0,4.0,255.0,-1.0
npboost-in_context-danceability-seed3,xjk0obr4,2026-07-22T10:46:23Z,npboost,in_context,3,rmse,0.0553146127675806,0.0968317063780894,0.054591899934057,0.0948182865929598,320.95632004737854,1.5995957851409912,1.3971781730651855,0.6643069738980971,,,,15.0,,,,,,0.2,0.000956484407922,10.0,0.0109977032995056,0.0,100.0,4.0,255.0,-1.0
npboost-in_context-danceability-seed3,xm0csy6r,2026-07-22T11:52:31Z,npboost,in_context,3,rmse,0.198295488479878,0.092517715373925,0.1987048444040514,0.0898338297912629,789.8950831890106,1.5737764835357666,1.5024008750915527,0.6572715136681401,,,,33.0,,,,,,0.0,1.2904721633073898e-05,20.0,0.2325748079967941,0.0,100.0,8.0,255.0,-1.0
npboost-in_context-danceability-seed4,05n14wyy,2026-07-22T10:37:59Z,npboost,in_context,4,rmse,0.0543475116489323,0.0953722736298044,0.0541910501212563,0.0940709270673141,332.4795503616333,1.350351333618164,1.7865056991577148,0.6684051748074,,,,15.0,,,,,,0.2,0.000956484407922,10.0,0.0109977032995056,0.0,100.0,4.0,255.0,-1.0
npboost-in_context-danceability-seed4,0mcv2ytl,2026-07-22T10:32:18Z,npboost,in_context,4,rmse,0.0873454984046863,0.0929644974903667,0.0874176144400456,0.0916440786233556,332.41518211364746,1.351412057876587,1.445112705230713,0.6668749122131258,,,,36.0,,,,,,0.2,0.0003013710908533,5.0,0.0130634630331783,0.0,10.0,8.0,255.0,-1.0
npboost-in_context-danceability-seed4,0vi997l5,2026-07-22T13:18:20Z,npboost,in_context,4,rmse,0.1701155126394004,0.0925163168729736,0.1704477793134528,0.09011921683972,372.37229180336,1.5427546501159668,1.4558124542236328,0.6674892567908589,,,,20.0,,,,,,0.0,7.917412954846521e-05,10.0,0.1011064623519062,0.0,20.0,8.0,255.0,-1.0
npboost-in_context-danceability-seed4,29u5ril7,2026-07-22T10:06:16Z,npboost,in_context,4,rmse,0.1968972894378168,0.0927012991575664,0.1972263244962931,0.0898457698394162,716.5289633274078,1.5235285758972168,1.513139009475708,0.6649646376747289,,,,28.0,,,,,,0.0,1.5865500409725956e-05,20.0,0.019901994840577,0.0,100.0,4.0,255.0,-1.0
npboost-in_context-danceability-seed4,3ha4rd43,2026-07-22T09:17:56Z,npboost,in_context,4,rmse,0.0640006454976258,0.0983786721595516,0.0633690452283145,0.0952710687714894,372.4295182228088,1.1890652179718018,1.2218847274780271,0.7504222172808799,,,,20.0,,,,,,0.2,0.0004385170256085,10.0,0.8972612866432508,1.0,20.0,8.0,255.0,-1.0
npboost-in_context-danceability-seed4,3ykdpufj,2026-07-22T13:50:35Z,npboost,in_context,4,rmse,0.202355446525612,0.0921923769977314,0.2028059815801991,0.0893991293287018,399.4228537082672,1.6022906303405762,1.6032872200012207,0.677887796756791,,,,48.0,,,,,,0.0,3.1392574253118284e-05,5.0,0.1121865737283773,0.0,10.0,4.0,255.0,-1.0
npboost-in_context-danceability-seed4,4ri4nf6k,2026-07-22T09:10:36Z,npboost,in_context,4,rmse,0.1123800251780444,0.0921992533168689,0.1125631317770554,0.0905312085201933,429.9923131465912,1.2844414710998535,1.4032704830169678,0.6693918514076932,,,,27.0,,,,,,0.2,0.0001381635682257,10.0,0.0261669745608544,1.0,20.0,8.0,255.0,-1.0
npboost-in_context-danceability-seed4,5i0xjq33,2026-07-22T10:23:15Z,npboost,in_context,4,rmse,0.0702486143920651,0.0934752865879933,0.0705570790665281,0.0932458119397519,533.0823094844818,1.4274818897247314,1.5392024517059326,0.6856525668782096,,,,14.0,,,,,,0.2,0.0002563473332261,20.0,0.1427109105814198,1.0,1000.0,8.0,255.0,-1.0
npboost-in_context-danceability-seed4,6kwomaz3,2026-07-22T10:18:45Z,npboost,in_context,4,rmse,0.166391205667984,0.0930661272227709,0.1669577338212838,0.0927968303254689,258.08712911605835,1.4692509174346924,1.60260272026062,0.6669161042036406,,,,6.0,,,,,,0.0,0.0002780425090632,10.0,0.0105542692281163,1.0,20.0,8.0,255.0,-1.0
npboost-in_context-danceability-seed4,8rjqad0b,2026-07-22T11:36:07Z,npboost,in_context,4,rmse,0.1956001370563496,0.0939455452175588,0.1959228542219376,0.0892424218203568,597.7944338321686,1.3554091453552246,1.4569640159606934,0.6878757597204865,,,,50.0,,,,,,0.0,1.8406671834517417e-05,10.0,0.3476654204795515,0.0,20.0,8.0,255.0,-1.0
npboost-in_context-danceability-seed4,buvrsr8b,2026-07-22T12:08:09Z,npboost,in_context,4,rmse,0.1030534459968818,0.0919947957643433,0.1030783848727939,0.0896464809957278,523.3963148593903,1.513646364212036,1.560276985168457,0.6689358759313119,,,,71.0,,,,,,0.2,0.0001181285816262,5.0,0.0610030224551816,0.0,10.0,8.0,255.0,-1.0
npboost-in_context-danceability-seed4,c5hs081b,2026-07-22T08:42:04Z,npboost,in_context,4,rmse,0.0986318076315101,0.0914696308049931,0.0987972911349635,0.0902786491567122,574.7361207008362,1.3369829654693604,1.4558815956115725,0.6731504900436812,,,,14.0,,,,,,0.2,0.0001605191133358,20.0,0.0750195444362012,1.0,20.0,4.0,255.0,-1.0
npboost-in_context-danceability-seed4,ck5c0kkf,2026-07-22T12:22:04Z,npboost,in_context,4,rmse,0.0781015473507797,0.0931637295617268,0.0782777425701632,0.0921526677444155,328.7400188446045,1.3794052600860596,1.3907208442687988,0.6671781664781713,,,,15.0,,,,,,0.2,0.0004276097878757,10.0,0.0133482983182945,0.0,100.0,4.0,255.0,-1.0
npboost-in_context-danceability-seed4,cyfz7wj2,2026-07-22T09:52:54Z,npboost,in_context,4,rmse,0.1351368404671392,0.0934610108469574,0.1354348027234096,0.0915165989627557,248.94639492034912,1.3685367107391355,1.5951592922210691,0.6818748385729106,,,,6.0,,,,,,0.0,0.0004548624208721,10.0,0.2953847324956156,0.0,20.0,4.0,255.0,-1.0
npboost-in_context-danceability-seed4,did4rh5w,2026-07-22T09:57:13Z,npboost,in_context,4,rmse,0.1399252637431267,0.0942437648198925,0.1402201145903996,0.0921390389417635,250.0829923152924,1.4622788429260254,1.54170560836792,0.7026817989683938,,,,6.0,,,,,,0.0,0.0004242243954166,10.0,0.5800570688908553,1.0,20.0,4.0,255.0,-1.0
npboost-in_context-danceability-seed4,djph4p6p,2026-07-22T12:51:40Z,npboost,in_context,4,rmse,0.1901092505361936,0.0921818116338744,0.1903785257717117,0.0890083181370467,761.065244436264,1.7097623348236084,1.5927276611328125,0.6637043936775903,,,,31.0,,,,,,0.0,1.702035422361917e-05,20.0,0.0657821692431908,1.0,20.0,16.0,255.0,-1.0
npboost-in_context-danceability-seed4,er1z2w28,2026-07-22T10:56:05Z,npboost,in_context,4,rmse,0.0571565221157808,0.0937183400290184,0.0572699426407928,0.0933593725100427,284.4614360332489,1.4955449104309082,1.5052223205566406,0.6669219573280794,,,,28.0,,,,,,0.2,0.0008392140711648,5.0,0.0107859712708854,0.0,10.0,8.0,255.0,-1.0
npboost-in_context-danceability-seed4,gdpowstr,2026-07-22T10:44:06Z,npboost,in_context,4,rmse,0.0889677788648802,0.0922993072026661,0.0888435599927588,0.0899655322032571,380.1572589874267,1.6093518733978271,1.619002342224121,0.6696460937580687,,,,22.0,,,,,,0.2,0.0002371245680478,10.0,0.0322020325894309,1.0,100.0,16.0,255.0,-1.0
npboost-in_context-danceability-seed4,gyr0c2jw,2026-07-22T08:51:58Z,npboost,in_context,4,rmse,0.0661536904931799,0.0925733731532743,0.0662688623243247,0.0919471035712795,377.93730425834656,1.5370500087738037,1.7184855937957764,0.6738828278689856,,,,22.0,,,,,,0.2,0.0003600091192911,10.0,0.083744968684368,0.0,100.0,16.0,255.0,-1.0
npboost-in_context-danceability-seed4,i7cax4z6,2026-07-22T10:50:37Z,npboost,in_context,4,rmse,0.1685898125803278,0.0921954261001213,0.1689087178410595,0.0899574987801517,309.8559491634369,1.4429433345794678,1.4212486743927002,0.6647311733460048,,,,15.0,,,,,,0.0,0.0001083323625032,10.0,0.1351582698334605,0.0,100.0,8.0,255.0,-1.0
npboost-in_context-danceability-seed4,ij05hdh9,2026-07-22T11:01:13Z,npboost,in_context,4,rmse,0.1319933859117192,0.0914490268447381,0.1324691381523613,0.0904411719049886,1164.35689163208,1.4110491275787354,1.0980126857757568,0.8160470663958049,,,,195.0,,,,,,0.2,2.9067203620664195e-05,5.0,0.1823458458254781,0.0,10.0,8.0,255.0,-1.0
npboost-in_context-danceability-seed4,l9ywq13d,2026-07-22T10:01:42Z,npboost,in_context,4,rmse,0.1519405785979203,0.0943052064586973,0.1522511449261743,0.0925025469214401,265.1536831855774,1.4613194465637207,1.603307008743286,0.6747095668031012,,,,25.0,,,,,,0.0,0.0001721990923545,5.0,0.1380161223304589,0.0,1000.0,16.0,255.0,-1.0
npboost-in_context-danceability-seed4,m5cqomx7,2026-07-22T09:24:18Z,npboost,in_context,4,rmse,0.1569337406041432,0.0931250999253712,0.1571540815233187,0.0892476918012059,1705.9980084896088,1.526943922042847,1.358370065689087,0.8963421928922838,,,,295.0,,,,,,0.2,1.343677338411072e-05,5.0,0.1113002415673063,1.0,10.0,4.0,255.0,-1.0
npboost-in_context-danceability-seed4,p46g06wo,2026-07-22T12:17:33Z,npboost,in_context,4,rmse,0.1638266770319771,0.0929068566978108,0.1642959921039553,0.0916363677620814,260.78631067276,1.5629208087921145,1.5676727294921875,0.6681578099326965,,,,7.0,,,,,,0.0,0.0002507518284371,10.0,0.0302023368339538,1.0,10.0,8.0,255.0,-1.0
npboost-in_context-danceability-seed4,pfa7he2g,2026-07-22T12:28:13Z,npboost,in_context,4,rmse,0.1613846063214976,0.0924724608717282,0.161704664980308,0.0895356025010172,1397.0178463459015,1.2576842308044434,1.5757651329040527,0.727761172512739,,,,233.0,,,,,,0.2,1.5820851730418417e-05,5.0,0.0450196136386975,1.0,100.0,16.0,255.0,-1.0
npboost-in_context-danceability-seed4,r4dsubb1,2026-07-22T12:00:38Z,npboost,in_context,4,rmse,0.1067180249256191,0.0939072443176596,0.1068485715970338,0.0921277403517537,424.39074063301086,1.5177011489868164,1.5250179767608645,0.6773589986628868,,,,27.0,,,,,,0.2,0.0001496922341954,10.0,0.0831211929407696,1.0,1000.0,4.0,255.0,-1.0
npboost-in_context-danceability-seed4,rpghdjvc,2026-07-22T13:04:31Z,npboost,in_context,4,rmse,0.1127688164027523,0.0928042906995477,0.1127628033478966,0.0899218721355151,487.5654101371765,1.3204803466796875,1.591578483581543,0.6914012479180235,,,,34.0,,,,,,0.2,0.0001082971516786,10.0,0.2589103504433043,0.0,20.0,16.0,255.0,-1.0
npboost-in_context-danceability-seed4,sgoc1lhf,2026-07-22T11:21:00Z,npboost,in_context,4,rmse,0.1077345026583227,0.0932048829225612,0.1076217926353033,0.0897922342207012,771.2263765335083,1.411881446838379,1.550724983215332,0.6827469732584874,,,,72.0,,,,,,0.2,5.4597054376998136e-05,10.0,0.1053508308667582,0.0,20.0,4.0,255.0,-1.0
npboost-in_context-danceability-seed4,t952iyf7,2026-07-22T11:46:15Z,npboost,in_context,4,rmse,0.1930690951275546,0.0923940363547882,0.1933096433842707,0.0882961466009733,853.0508723258972,1.5630476474761963,1.520686388015747,0.6614672227596042,,,,38.0,,,,,,0.0,1.2904721633073898e-05,20.0,0.2325748079967941,0.0,100.0,8.0,255.0,-1.0
npboost-in_context-danceability-seed4,wpf06pj7,2026-07-22T13:24:42Z,npboost,in_context,4,rmse,0.1173900316629872,0.0948381727376823,0.117475732437938,0.0925222191593241,1543.185371875763,1.5066688060760498,1.3721592426300049,0.6857958342238478,,,,86.0,,,,,,0.2,2.017016316297149e-05,20.0,0.0582929613195039,1.0,1000.0,8.0,255.0,-1.0
npboost-in_context-danceability-seed4,xacw0jq4,2026-07-22T08:58:51Z,npboost,in_context,4,rmse,0.2106852617864827,0.1035907520800856,0.2113427536087334,0.1020703392921228,693.40305519104,1.3558599948883057,1.5539863109588623,5.009954844395054,,,,107.0,,,,,,0.2,1.090384328196852e-05,5.0,0.7717846862118062,0.0,20.0,4.0,255.0,-1.0
npboost-in_context-danceability-seed4,z1zvhldv,2026-07-22T13:12:49Z,npboost,in_context,4,rmse,0.2068662572957521,0.1024546225823972,0.2075637267145177,0.1011767974125369,321.3928406238556,1.4230461120605469,1.608638048171997,0.6884584728890042,,,,34.0,,,,,,0.0,3.9184339457363744e-05,5.0,0.7978205565731539,1.0,100.0,16.0,255.0,-1.0
npboost-few_shot-danceability-seed0,2956wzn9,2026-07-21T17:00:37Z,npboost,few_shot,0,rmse,0.1305400650419574,0.1035399838496448,0.133104217563219,0.1162860416595711,364.667265176773,0.8614535331726074,0.98437237739563,0.7363859649794884,,,,13.0,,,,,,0.2,0.0004385170256085,10.0,0.8972612866432508,1.0,20.0,8.0,255.0,-1.0
npboost-few_shot-danceability-seed0,2wq40pzr,2026-07-21T17:35:11Z,npboost,few_shot,0,rmse,0.1395170540832967,0.0988144425180964,0.1424422684270909,0.1155295042756776,363.75630593299866,0.8775417804718018,0.8933765888214111,0.704753982390238,,,,11.0,,,,,,0.0,0.0004548624208721,10.0,0.2953847324956156,0.0,20.0,4.0,255.0,-1.0
npboost-few_shot-danceability-seed0,3qezqrn4,2026-07-21T21:30:33Z,npboost,few_shot,0,rmse,0.1987504591560674,0.0967813310325147,0.2006174174642601,0.1097772882097894,858.4788243770599,0.5674095153808594,0.5745630264282227,0.6724391762703076,,,,48.0,,,,,,0.0,1.702035422361917e-05,20.0,0.0657821692431908,1.0,20.0,16.0,255.0,-1.0
npboost-few_shot-danceability-seed0,3utwbdvk,2026-07-21T19:36:20Z,npboost,few_shot,0,rmse,0.1412569774500114,0.0982023007277564,0.1433408616913261,0.1098271984785574,1126.3384776115415,1.0285120010375977,0.9969241619110109,0.6947899105959721,,,,89.0,,,,,,0.2,5.4597054376998136e-05,10.0,0.1053508308667582,0.0,20.0,4.0,255.0,-1.0
npboost-few_shot-danceability-seed0,41nd1ydm,2026-07-21T19:13:35Z,npboost,few_shot,0,rmse,0.1805978517547906,0.0997571218764112,0.1822148834203845,0.1090139923541626,1334.3989689350128,0.8101358413696289,0.71201491355896,0.9929888042155236,,,,174.0,,,,,,0.2,2.9067203620664195e-05,5.0,0.1823458458254781,0.0,10.0,8.0,255.0,-1.0
npboost-few_shot-danceability-seed0,97wigw5z,2026-07-21T21:02:40Z,npboost,few_shot,0,rmse,0.1019531718863943,0.1011779597219253,0.1040757837657882,0.1099447231567626,352.8773021697998,0.6351797580718994,0.6096429824829102,0.6853430803137374,,,,20.0,,,,,,0.2,0.0004276097878757,10.0,0.0133482983182945,0.0,100.0,4.0,255.0,-1.0
npboost-few_shot-danceability-seed0,altcn18p,2026-07-21T16:32:54Z,npboost,few_shot,0,rmse,0.0882140331906167,0.1002453169882751,0.090144291363518,0.1070509732062151,518.9491982460022,0.8910009860992432,0.8539824485778809,0.681424735577352,,,,29.0,,,,,,0.2,0.0003600091192911,10.0,0.083744968684368,0.0,100.0,16.0,255.0,-1.0
npboost-few_shot-danceability-seed0,audx869x,2026-07-21T18:58:28Z,npboost,few_shot,0,rmse,0.1849271086261867,0.0971772005733819,0.1867946670627825,0.1098879094909151,455.5579133033752,0.882066011428833,0.8706700801849365,0.6801577482174918,,,,21.0,,,,,,0.0,0.0001083323625032,10.0,0.1351582698334605,0.0,100.0,8.0,255.0,-1.0
npboost-few_shot-danceability-seed0,chc6r6fg,2026-07-21T19:55:14Z,npboost,few_shot,0,rmse,0.2089456345089886,0.0981213059261055,0.2106156663347273,0.1082250815058802,869.590086221695,0.9396531581878662,0.9183592796325684,0.6779089590506396,,,,64.0,,,,,,0.0,1.8406671834517417e-05,10.0,0.3476654204795515,0.0,20.0,8.0,255.0,-1.0
npboost-few_shot-danceability-seed0,daghf23u,2026-07-21T17:06:53Z,npboost,few_shot,0,rmse,0.1992380912696751,0.0984031800065412,0.2009486388851773,0.1091060310625634,1651.4227437973022,1.048804521560669,0.8384017944335938,1.034589160699578,,,,240.0,,,,,,0.2,1.343677338411072e-05,5.0,0.1113002415673063,1.0,10.0,4.0,255.0,-1.0
npboost-few_shot-danceability-seed0,gucs113i,2026-07-21T18:40:13Z,npboost,few_shot,0,rmse,0.0608946131648675,0.100998659184464,0.0659379965852322,0.11209922721269,476.0943212509155,0.8474652767181396,0.9596056938171388,0.6859386145970816,,,,23.0,,,,,,0.2,0.000956484407922,10.0,0.0109977032995056,0.0,100.0,4.0,255.0,-1.0
npboost-few_shot-danceability-seed0,gw83jmwz,2026-07-21T20:55:54Z,npboost,few_shot,0,rmse,0.1708402837859086,0.0997259021268992,0.1724988302109023,0.1089325248611937,340.9043023586273,0.6567502021789551,0.6313469409942627,0.6846592458949978,,,,12.0,,,,,,0.0,0.0002507518284371,10.0,0.0302023368339538,1.0,10.0,8.0,255.0,-1.0
npboost-few_shot-danceability-seed0,h83u6z97,2026-07-21T19:06:12Z,npboost,few_shot,0,rmse,0.0650046844077927,0.1001862480531473,0.072293574711731,0.1187641066329737,435.7688171863556,0.9793283939361572,0.931964874267578,0.6850388929126894,,,,43.0,,,,,,0.2,0.0008392140711648,5.0,0.0107859712708854,0.0,10.0,8.0,255.0,-1.0
npboost-few_shot-danceability-seed0,hkvmprnn,2026-07-21T17:41:49Z,npboost,few_shot,0,rmse,0.1440796840443696,0.0981291179638476,0.146869260260629,0.114923077428995,347.704181432724,0.8621988296508789,0.7672092914581299,0.7191896529046895,,,,11.0,,,,,,0.0,0.0004242243954166,10.0,0.5800570688908553,1.0,20.0,4.0,255.0,-1.0
npboost-few_shot-danceability-seed0,hw4wl7fa,2026-07-21T17:47:44Z,npboost,few_shot,0,rmse,0.1772265702631889,0.0986544879644459,0.1789400163155558,0.1091786146565647,337.58694410324097,0.8714931011199951,0.8148460388183594,0.7004105450464015,,,,31.0,,,,,,0.0,0.0001721990923545,5.0,0.1380161223304589,0.0,1000.0,16.0,255.0,-1.0
npboost-few_shot-danceability-seed0,jokn0ct8,2026-07-21T16:41:40Z,npboost,few_shot,0,rmse,0.2362369627586974,0.1072375258652379,0.2379686175186786,0.119183756779478,431.5975985527039,0.8643646240234375,0.8960609436035156,5.038586240667642,,,,42.0,,,,,,0.2,1.090384328196852e-05,5.0,0.7717846862118062,0.0,20.0,4.0,255.0,-1.0
npboost-few_shot-danceability-seed0,kh30hggk,2026-07-21T20:45:15Z,npboost,few_shot,0,rmse,0.1492544723762773,0.09837005604385,0.1515889769132424,0.1125956559145558,615.1736555099487,0.726848840713501,0.8473167419433594,0.6798200552819262,,,,73.0,,,,,,0.2,0.0001181285816262,5.0,0.0610030224551816,0.0,10.0,8.0,255.0,-1.0
npboost-few_shot-danceability-seed0,mp8psp8b,2026-07-21T20:32:29Z,npboost,few_shot,0,rmse,0.1104179322233402,0.1024203680301716,0.1132762131424998,0.1152212666565451,758.8370153903961,0.81294846534729,0.8955163955688477,0.6861727430010433,,,,50.0,,,,,,0.2,0.0001496922341954,10.0,0.0831211929407696,1.0,1000.0,4.0,255.0,-1.0
npboost-few_shot-danceability-seed0,ny2bawfi,2026-07-21T18:30:19Z,npboost,few_shot,0,rmse,0.0940747295079379,0.1004254276706302,0.0972010688427098,0.1130418971942102,584.2462360858917,0.8143627643585205,0.92948579788208,0.6817214059821094,,,,63.0,,,,,,0.2,0.0003013710908533,5.0,0.0130634630331783,0.0,10.0,8.0,255.0,-1.0
npboost-few_shot-danceability-seed0,oct8u797,2026-07-21T21:56:44Z,npboost,few_shot,0,rmse,0.1878219240057915,0.0978582417076523,0.1894999269332824,0.1086803956170755,309.7992990016937,0.3898193836212158,0.3614480495452881,0.6778394634543282,,,,27.0,,,,,,0.0,7.917412954846521e-05,10.0,0.1011064623519062,0.0,20.0,8.0,255.0,-1.0
npboost-few_shot-danceability-seed0,pib1pa6g,2026-07-21T18:48:34Z,npboost,few_shot,0,rmse,0.1070750503516702,0.0998288077726491,0.110092686566019,0.1133993046653652,576.0547187328339,0.9127073287963868,0.8330273628234863,0.6811124630558902,,,,33.0,,,,,,0.2,0.0002371245680478,10.0,0.0322020325894309,1.0,100.0,16.0,255.0,-1.0
npboost-few_shot-danceability-seed0,pmno1fsi,2026-07-21T22:22:56Z,npboost,few_shot,0,rmse,0.1982737727110771,0.0957014460766899,0.2000873233391184,0.1084097619753157,482.7577705383301,0.4568955898284912,0.4542939662933349,0.674026004903036,,,,105.0,,,,,,0.0,3.1392574253118284e-05,5.0,0.1121865737283773,0.0,10.0,4.0,255.0,-1.0
npboost-few_shot-danceability-seed0,q7nm51wz,2026-07-21T21:45:04Z,npboost,few_shot,0,rmse,0.1264365499210202,0.0995010067822707,0.129133876910013,0.1135140607509648,538.1960747241974,0.5054793357849121,0.5477755069732666,0.6879493356698048,,,,55.0,,,,,,0.2,0.0001082971516786,10.0,0.2589103504433043,0.0,20.0,16.0,255.0,-1.0
npboost-few_shot-danceability-seed0,sum3ru9k,2026-07-21T16:48:58Z,npboost,few_shot,0,rmse,0.1255458264716492,0.1006643802643531,0.1279442977211412,0.1130297429428874,669.130678653717,0.9078102111816406,0.9130146503448486,0.6808342605004757,,,,44.0,,,,,,0.2,0.0001381635682257,10.0,0.0261669745608544,1.0,20.0,8.0,255.0,-1.0
npboost-few_shot-danceability-seed0,tktz3kxg,2026-07-21T22:02:01Z,npboost,few_shot,0,rmse,0.1619146126907373,0.1034403709352902,0.1634236659941985,0.1114683972603708,1249.1358091831207,0.4446923732757568,0.488400936126709,0.7022607768517195,,,,89.0,,,,,,0.2,2.017016316297149e-05,20.0,0.0582929613195039,1.0,1000.0,8.0,255.0,-1.0
npboost-few_shot-danceability-seed0,wm545cl5,2026-07-21T16:21:24Z,npboost,few_shot,0,rmse,0.1335539314136225,0.1023674392261102,0.1362112414576685,0.1164551542268646,682.4559535980225,0.9100182056427002,0.886448860168457,0.6840141698286698,,,,17.0,,,,,,0.2,0.0001605191133358,20.0,0.0750195444362012,1.0,20.0,4.0,255.0,-1.0
npboost-few_shot-danceability-seed0,xm307t3d,2026-07-21T18:13:37Z,npboost,few_shot,0,rmse,0.169887133757014,0.0991166970257617,0.1720629447684137,0.1128268887532596,346.9532063007355,1.0700619220733645,0.7820260524749756,0.684802101557771,,,,11.0,,,,,,0.0,0.0002780425090632,10.0,0.0105542692281163,1.0,20.0,8.0,255.0,-1.0
npboost-few_shot-danceability-seed0,yb25n8sc,2026-07-21T18:19:31Z,npboost,few_shot,0,rmse,0.1192408257557556,0.1027791047262904,0.1210822665893752,0.1112569431307362,640.5111110210419,0.8595094680786133,0.916595697402954,0.679052522504064,,,,13.0,,,,,,0.2,0.0002563473332261,20.0,0.1427109105814198,1.0,1000.0,8.0,255.0,-1.0
npboost-few_shot-danceability-seed0,yuroa7sd,2026-07-21T20:10:22Z,npboost,few_shot,0,rmse,0.2034270973423371,0.0958682870483303,0.2051557900930665,0.1078855449246469,1319.1954402923584,0.9435086250305176,0.9801950454711914,0.6676155342676936,,,,55.0,,,,,,0.0,1.2904721633073898e-05,20.0,0.2325748079967941,0.0,100.0,8.0,255.0,-1.0
npboost-few_shot-danceability-seed0,z44g1pdr,2026-07-21T21:08:41Z,npboost,few_shot,0,rmse,0.1930919512255546,0.097956194508743,0.1947479178660708,0.1080806132467566,1305.5305767059326,0.5890581607818604,0.5331730842590332,0.7737278765130716,,,,240.0,,,,,,0.2,1.5820851730418417e-05,5.0,0.0450196136386975,1.0,100.0,16.0,255.0,-1.0
npboost-few_shot-danceability-seed0,zb4qbfzp,2026-07-21T17:53:42Z,npboost,few_shot,0,rmse,0.202851898518511,0.0995345059078088,0.2044630792705687,0.1099751967427448,1147.8458375930786,0.8741896152496338,0.797440767288208,0.6798439549583335,,,,46.0,,,,,,0.0,1.5865500409725956e-05,20.0,0.019901994840577,0.0,100.0,4.0,255.0,-1.0
npboost-few_shot-danceability-seed0,zp5bsc4b,2026-07-21T21:54:08Z,npboost,few_shot,0,rmse,0.2341782441924874,0.1090519668513038,0.2354678529447958,0.1159048426175572,149.95026922225952,0.4350674152374267,0.4813096523284912,0.6302825238739922,,,,11.0,,,,,,0.0,3.9184339457363744e-05,5.0,0.7978205565731539,1.0,100.0,16.0,255.0,-1.0
npboost-few_shot-danceability-seed1,0kt4zzfp,2026-07-21T17:55:21Z,npboost,few_shot,1,rmse,0.1818732729217885,0.1043228724836096,0.1816309226823739,0.0924888123742872,305.8355219364166,0.9194555282592772,0.9131882190704346,0.6772408434111068,,,,9.0,,,,,,0.0,0.0002780425090632,10.0,0.0105542692281163,1.0,20.0,8.0,255.0,-1.0
npboost-few_shot-danceability-seed1,1aeqcoqk,2026-07-21T19:19:33Z,npboost,few_shot,1,rmse,0.2132277470154521,0.0981937803222363,0.2138410299773229,0.0904393157892942,1059.5152606964111,1.011319875717163,0.9296588897705078,0.6666597647233096,,,,39.0,,,,,,0.0,1.2904721633073898e-05,20.0,0.2325748079967941,0.0,100.0,8.0,255.0,-1.0
npboost-few_shot-danceability-seed1,1jyey2de,2026-07-21T17:33:47Z,npboost,few_shot,1,rmse,0.1868691377602662,0.1023086402273034,0.1868200068677001,0.0919492361540271,301.5270574092865,0.5204367637634277,0.7213582992553711,0.6751378540497782,,,,26.0,,,,,,0.0,0.0001721990923545,5.0,0.1380161223304589,0.0,1000.0,16.0,255.0,-1.0
npboost-few_shot-danceability-seed1,1s15sorp,2026-07-21T21:03:08Z,npboost,few_shot,1,rmse,0.1768629016579357,0.1054986176507699,0.1764683883404148,0.0925579747479248,1128.7509286403656,0.7375493049621582,0.6171329021453857,0.7107777903271851,,,,69.0,,,,,,0.2,2.017016316297149e-05,20.0,0.0582929613195039,1.0,1000.0,8.0,255.0,-1.0
npboost-few_shot-danceability-seed1,33exzccj,2026-07-21T16:25:49Z,npboost,few_shot,1,rmse,0.0941455926412738,0.1014973902037673,0.0920289728928995,0.0889683629854652,467.3641881942749,0.9894847869873048,0.765805721282959,0.672903106532472,,,,27.0,,,,,,0.2,0.0003600091192911,10.0,0.083744968684368,0.0,100.0,16.0,255.0,-1.0
npboost-few_shot-danceability-seed1,37ruqtui,2026-07-21T18:53:26Z,npboost,few_shot,1,rmse,0.1656375575158382,0.1016605930824307,0.1652459620564824,0.0895302786436359,804.1430661678314,0.8553500175476074,0.843865156173706,0.7118365435229845,,,,62.0,,,,,,0.2,5.4597054376998136e-05,10.0,0.1053508308667582,0.0,20.0,4.0,255.0,-1.0
npboost-few_shot-danceability-seed1,5fls1684,2026-07-21T18:17:55Z,npboost,few_shot,1,rmse,0.0841789751201288,0.103385960372267,0.0817580160398647,0.0917018275017492,353.8115518093109,0.977907419204712,0.9015681743621826,0.6788324259297673,,,,13.0,,,,,,0.2,0.000956484407922,10.0,0.0109977032995056,0.0,100.0,4.0,255.0,-1.0
npboost-few_shot-danceability-seed1,5xc1y5rw,2026-07-21T16:33:45Z,npboost,few_shot,1,rmse,0.2334542192837607,0.1058807250843376,0.2345918804974525,0.1021789719869498,471.74721336364746,0.8849506378173828,0.7786993980407715,5.548087015982136,,,,54.0,,,,,,0.2,1.090384328196852e-05,5.0,0.7717846862118062,0.0,20.0,4.0,255.0,-1.0
npboost-few_shot-danceability-seed1,6dc2d11r,2026-07-21T18:32:13Z,npboost,few_shot,1,rmse,0.1947786583510818,0.100634550031128,0.1947948593284904,0.0893796673806475,396.07190799713135,1.0302700996398926,0.8754472732543945,0.671207457182853,,,,17.0,,,,,,0.0,0.0001083323625032,10.0,0.1351582698334605,0.0,100.0,8.0,255.0,-1.0
npboost-few_shot-danceability-seed1,7ri8gry2,2026-07-21T18:39:14Z,npboost,few_shot,1,rmse,0.0718144991982307,0.1029053562122747,0.0690990766393846,0.092511312224906,393.1323595046997,1.021925926208496,0.9211654663085938,0.6750199328737725,,,,38.0,,,,,,0.2,0.0008392140711648,5.0,0.0107859712708854,0.0,10.0,8.0,255.0,-1.0
npboost-few_shot-danceability-seed1,8mc24xcy,2026-07-21T18:00:59Z,npboost,few_shot,1,rmse,0.1539976394593947,0.1026033391228892,0.153580873745307,0.0918285102471232,504.8661603927612,0.8776178359985352,0.8958852291107178,0.6842495602886173,,,,8.0,,,,,,0.2,0.0002563473332261,20.0,0.1427109105814198,1.0,1000.0,8.0,255.0,-1.0
npboost-few_shot-danceability-seed1,8uoohesb,2026-07-21T20:52:26Z,npboost,few_shot,1,rmse,0.2386943049004105,0.1086282869357923,0.239583902972888,0.1025427256557719,172.69987297058103,1.0749685764312744,0.945765495300293,0.6418067327238457,,,,5.0,,,,,,0.0,3.9184339457363744e-05,5.0,0.7978205565731539,1.0,100.0,16.0,255.0,-1.0
npboost-few_shot-danceability-seed1,951tjahp,2026-07-21T16:14:36Z,npboost,few_shot,1,rmse,0.1267297074952478,0.102151053311234,0.1255791115955342,0.0897754986610303,665.728935956955,0.9039814472198486,0.8153693675994873,0.6876945627732,,,,19.0,,,,,,0.2,0.0001605191133358,20.0,0.0750195444362012,1.0,20.0,4.0,255.0,-1.0
npboost-few_shot-danceability-seed1,a7v97liv,2026-07-21T18:45:55Z,npboost,few_shot,1,rmse,0.2216140127367546,0.1029345737850711,0.2224554955040663,0.0970678520159858,435.9233071804047,1.0378050804138184,0.921623945236206,0.8599256045638722,,,,46.0,,,,,,0.2,2.9067203620664195e-05,5.0,0.1823458458254781,0.0,10.0,8.0,255.0,-1.0
npboost-few_shot-danceability-seed1,b3y4bih6,2026-07-21T18:24:02Z,npboost,few_shot,1,rmse,0.1263534842762038,0.102296623857051,0.1250278383412365,0.088674371750378,481.5727846622467,0.8781838417053223,0.7970976829528809,0.678000937859831,,,,26.0,,,,,,0.2,0.0002371245680478,10.0,0.0322020325894309,1.0,100.0,16.0,255.0,-1.0
npboost-few_shot-danceability-seed1,dzjpa26m,2026-07-21T18:09:30Z,npboost,few_shot,1,rmse,0.1003837602147796,0.1025052917894039,0.0988550873529014,0.0920462776512672,496.9452283382416,0.9413294792175292,0.9108917713165284,0.6760769805354161,,,,59.0,,,,,,0.2,0.0003013710908533,5.0,0.0130634630331783,0.0,10.0,8.0,255.0,-1.0
npboost-few_shot-danceability-seed1,i3ajvh4e,2026-07-21T20:28:15Z,npboost,few_shot,1,rmse,0.2098476510103574,0.0988430341011408,0.2101900903938687,0.0892371487068277,940.4223260879515,1.020322322845459,0.8968579769134521,0.6713971247239959,,,,34.0,,,,,,0.0,1.702035422361917e-05,20.0,0.0657821692431908,1.0,20.0,16.0,255.0,-1.0
npboost-few_shot-danceability-seed1,irc9fv9x,2026-07-21T19:37:30Z,npboost,few_shot,1,rmse,0.1265271134877483,0.1032171526717958,0.1254350657043733,0.091636236337145,614.574193239212,1.0280547142028809,0.9097785949707032,0.6910806542309412,,,,41.0,,,,,,0.2,0.0001496922341954,10.0,0.0831211929407696,1.0,1000.0,4.0,255.0,-1.0
npboost-few_shot-danceability-seed1,jhw4jtxf,2026-07-21T19:47:51Z,npboost,few_shot,1,rmse,0.1445576782820289,0.1018641287975628,0.1438063440383399,0.0898221903568883,661.2164685726166,1.306490182876587,0.9449701309204102,0.6840227553497786,,,,80.0,,,,,,0.2,0.0001181285816262,5.0,0.0610030224551816,0.0,10.0,8.0,255.0,-1.0
npboost-few_shot-danceability-seed1,k0kh7fwm,2026-07-21T20:04:04Z,npboost,few_shot,1,rmse,0.0844623938608726,0.1006811336049352,0.0824914087734758,0.0905755451325637,469.5496897697449,1.0563337802886963,0.9759769439697266,0.6779377688553281,,,,27.0,,,,,,0.2,0.0004276097878757,10.0,0.0133482983182945,0.0,100.0,4.0,255.0,-1.0
npboost-few_shot-danceability-seed1,lwmtbzbe,2026-07-21T20:56:06Z,npboost,few_shot,1,rmse,0.1905062630946534,0.0998322866642271,0.1906395779883764,0.0900748877361771,415.1172697544098,0.6844849586486816,0.615983247756958,0.6682293517463863,,,,26.0,,,,,,0.0,7.917412954846521e-05,10.0,0.1011064623519062,0.0,20.0,8.0,255.0,-1.0
npboost-few_shot-danceability-seed1,mbqw5lvt,2026-07-21T20:12:38Z,npboost,few_shot,1,rmse,0.213318883027548,0.1002661342867839,0.2139437064623033,0.0924297154304733,929.8946838378906,0.9149127006530762,0.981285810470581,0.7487180593257696,,,,127.0,,,,,,0.2,1.5820851730418417e-05,5.0,0.0450196136386975,1.0,100.0,16.0,255.0,-1.0
npboost-few_shot-danceability-seed1,n69zmten,2026-07-21T17:28:35Z,npboost,few_shot,1,rmse,0.1586503908328045,0.1015575601082295,0.1582378385721934,0.0906428982864145,304.0063602924347,0.9692306518554688,0.9818964004516602,0.6437813895516455,,,,9.0,,,,,,0.0,0.0004242243954166,10.0,0.5800570688908553,1.0,20.0,4.0,255.0,-1.0
npboost-few_shot-danceability-seed1,nfux2997,2026-07-21T17:22:25Z,npboost,few_shot,1,rmse,0.119674731970761,0.1005466883747021,0.1191050874462802,0.0928948324590589,359.3227860927582,1.022721290588379,0.9158520698547364,0.6772060652427287,,,,15.0,,,,,,0.0,0.0004548624208721,10.0,0.2953847324956156,0.0,20.0,4.0,255.0,-1.0
npboost-few_shot-danceability-seed1,q7gmrj6b,2026-07-21T21:22:03Z,npboost,few_shot,1,rmse,0.202544498814683,0.097676692701284,0.2029159053930453,0.0893118791883401,528.231219291687,0.6376979351043701,0.6022384166717529,0.6711011648656307,,,,94.0,,,,,,0.0,3.1392574253118284e-05,5.0,0.1121865737283773,0.0,10.0,4.0,255.0,-1.0
npboost-few_shot-danceability-seed1,rsmae977,2026-07-21T17:38:59Z,npboost,few_shot,1,rmse,0.2089133689375703,0.1004058932486337,0.2092000318459781,0.0910198784489956,938.7604069709778,0.8674521446228027,0.9771909713745116,0.6759403969167795,,,,38.0,,,,,,0.0,1.5865500409725956e-05,20.0,0.019901994840577,0.0,100.0,4.0,255.0,-1.0
npboost-few_shot-danceability-seed1,tn1sx512,2026-07-21T19:59:01Z,npboost,few_shot,1,rmse,0.1968644405617324,0.1031625980874801,0.1968883953630546,0.0915192316284943,296.15798687934875,0.9695308208465576,0.7786369323730469,0.675643989622154,,,,7.0,,,,,,0.0,0.0002507518284371,10.0,0.0302023368339538,1.0,10.0,8.0,255.0,-1.0
npboost-few_shot-danceability-seed1,ud59e6fo,2026-07-21T16:41:49Z,npboost,few_shot,1,rmse,0.1188290916992068,0.1018269625732012,0.117668282629032,0.0903479169842774,680.9920084476471,0.7915756702423096,1.0064821243286133,0.6796774410519337,,,,49.0,,,,,,0.2,0.0001381635682257,10.0,0.0261669745608544,1.0,20.0,8.0,255.0,-1.0
npboost-few_shot-danceability-seed1,x2zkjmev,2026-07-21T16:53:17Z,npboost,few_shot,1,rmse,0.1062136759553902,0.108312366777731,0.1059993368219702,0.1039751217798767,400.74310207366943,0.9989414215087892,0.910259485244751,0.713254184454768,,,,19.0,,,,,,0.2,0.0004385170256085,10.0,0.8972612866432508,1.0,20.0,8.0,255.0,-1.0
npboost-few_shot-danceability-seed1,xp5306ik,2026-07-21T20:44:03Z,npboost,few_shot,1,rmse,0.1797423277383648,0.1012105231920067,0.1799588410938639,0.0927231900312535,463.8859248161316,1.062126636505127,0.9354243278503418,0.6800556622147944,,,,24.0,,,,,,0.2,0.0001082971516786,10.0,0.2589103504433043,0.0,20.0,16.0,255.0,-1.0
npboost-few_shot-danceability-seed1,ybmogqqa,2026-07-21T19:06:58Z,npboost,few_shot,1,rmse,0.2128535686299958,0.1008224972801813,0.2135006436843388,0.0935791231475638,743.5711355209351,0.955467939376831,0.9051082134246826,0.6781598618837265,,,,56.0,,,,,,0.0,1.8406671834517417e-05,10.0,0.3476654204795515,0.0,20.0,8.0,255.0,-1.0
npboost-few_shot-danceability-seed1,zgub1m5i,2026-07-21T17:00:05Z,npboost,few_shot,1,rmse,0.2059338398944543,0.1009381153670157,0.2063641595710761,0.0916237657283427,1329.7528088092804,0.9340035915374756,0.8191790580749512,1.0109961083939814,,,,198.0,,,,,,0.2,1.343677338411072e-05,5.0,0.1113002415673063,1.0,10.0,4.0,255.0,-1.0
npboost-few_shot-danceability-seed2,07oteehd,2026-07-21T16:14:43Z,npboost,few_shot,2,rmse,0.1628370576200232,0.1090744469395429,0.1608168854654778,0.0864951372498164,323.5663685798645,0.891322135925293,0.9131832122802734,0.6682644304464865,,,,8.0,,,,,,0.0,0.0004548624208721,10.0,0.2953847324956156,0.0,20.0,4.0,255.0,-1.0
npboost-few_shot-danceability-seed2,0ulzm6c0,2026-07-21T19:38:12Z,npboost,few_shot,2,rmse,0.2031698072906089,0.1057882240219206,0.2022001713985718,0.085947447170757,1241.1059968471527,0.7640500068664551,0.9134864807128906,0.6747801439268579,,,,44.0,,,,,,0.0,1.702035422361917e-05,20.0,0.0657821692431908,1.0,20.0,16.0,255.0,-1.0
npboost-few_shot-danceability-seed2,2goik0s8,2026-07-21T15:26:45Z,npboost,few_shot,2,rmse,0.237176476115674,0.112621551962694,0.2368520986426274,0.0959159869905382,439.68353962898254,1.0547356605529783,0.8685159683227539,4.945944411634539,,,,40.0,,,,,,0.2,1.090384328196852e-05,5.0,0.7717846862118062,0.0,20.0,4.0,255.0,-1.0
npboost-few_shot-danceability-seed2,3o4gk91t,2026-07-21T18:00:02Z,npboost,few_shot,2,rmse,0.1556946248079823,0.1091308358382093,0.1538515761363695,0.0893045866398778,1004.9206268787384,0.7440979480743408,0.6236426830291748,0.7120539978437357,,,,74.0,,,,,,0.2,5.4597054376998136e-05,10.0,0.1053508308667582,0.0,20.0,4.0,255.0,-1.0
npboost-few_shot-danceability-seed2,5c82o5o0,2026-07-21T16:52:12Z,npboost,few_shot,2,rmse,0.1824368738495143,0.1104667199120557,0.1809464703544791,0.0895425078281395,346.4441571235657,0.8238022327423096,0.9081854820251464,0.6772750339048413,,,,9.0,,,,,,0.0,0.0002780425090632,10.0,0.0105542692281163,1.0,20.0,8.0,255.0,-1.0
npboost-few_shot-danceability-seed2,5r9jaezo,2026-07-21T15:56:09Z,npboost,few_shot,2,rmse,0.2146047604822479,0.1080133940766657,0.2137338264545782,0.0879372359878336,1107.2046794891355,0.8267822265625,0.6272730827331543,0.9289552062464782,,,,148.0,,,,,,0.2,1.343677338411072e-05,5.0,0.1113002415673063,1.0,10.0,4.0,255.0,-1.0
npboost-few_shot-danceability-seed2,6g3f9x5o,2026-07-21T16:58:05Z,npboost,few_shot,2,rmse,0.1026981416001784,0.1112389784052296,0.098994157016801,0.0908686803737203,717.8642930984497,0.8866710662841797,0.8722410202026367,0.6894238858425267,,,,17.0,,,,,,0.2,0.0002563473332261,20.0,0.1427109105814198,1.0,1000.0,8.0,255.0,-1.0
npboost-few_shot-danceability-seed2,7vs9aq4l,2026-07-21T20:07:46Z,npboost,few_shot,2,rmse,0.2408998615973818,0.1152790875443482,0.2403737352686313,0.0976709968893963,189.9233787059784,0.9184668064117432,0.7844841480255127,0.6721254470163001,,,,4.0,,,,,,0.0,3.9184339457363744e-05,5.0,0.7978205565731539,1.0,100.0,16.0,255.0,-1.0
npboost-few_shot-danceability-seed2,8c641x99,2026-07-21T16:20:14Z,npboost,few_shot,2,rmse,0.1668070864888419,0.1102033983641118,0.1648871687049396,0.0873799121492271,328.1049678325653,0.8441929817199707,0.7871403694152832,0.6602753849201463,,,,8.0,,,,,,0.0,0.0004242243954166,10.0,0.5800570688908553,1.0,20.0,4.0,255.0,-1.0
npboost-few_shot-danceability-seed2,a0pnp68b,2026-07-21T16:32:17Z,npboost,few_shot,2,rmse,0.2056485610725605,0.1075520993151537,0.2045323815203299,0.0865290094933893,1187.107267618179,0.8623433113098145,0.9872567653656006,0.6765924804945856,,,,44.0,,,,,,0.0,1.5865500409725956e-05,20.0,0.019901994840577,0.0,100.0,4.0,255.0,-1.0
npboost-few_shot-danceability-seed2,ae92kl6n,2026-07-21T17:10:34Z,npboost,few_shot,2,rmse,0.110040878722098,0.1108866805594568,0.106327287132585,0.0885013132080073,509.1159451007843,0.9030470848083496,0.8564987182617188,0.6807050958589478,,,,52.0,,,,,,0.2,0.0003013710908533,5.0,0.0130634630331783,0.0,10.0,8.0,255.0,-1.0
npboost-few_shot-danceability-seed2,apblkcae,2026-07-21T17:40:43Z,npboost,few_shot,2,rmse,0.1976613456169061,0.1067870511858443,0.1964930455169275,0.0866814218416905,415.6930174827576,0.7478024959564209,0.7266383171081543,0.6814768696511385,,,,16.0,,,,,,0.0,0.0001083323625032,10.0,0.1351582698334605,0.0,100.0,8.0,255.0,-1.0
npboost-few_shot-danceability-seed2,bnd90kud,2026-07-21T19:08:49Z,npboost,few_shot,2,rmse,0.0957812626804925,0.1106980064101918,0.0915534035392721,0.0897334429645331,499.64511704444885,1.0264787673950195,0.9409570693969728,0.6782574243800142,,,,23.0,,,,,,0.2,0.0004276097878757,10.0,0.0133482983182945,0.0,100.0,4.0,255.0,-1.0
npboost-few_shot-danceability-seed2,bur8bc6a,2026-07-21T19:17:16Z,npboost,few_shot,2,rmse,0.2104135515415563,0.1075125279742971,0.2095611994212038,0.0877827815454751,1244.5689749717712,0.8573811054229736,0.7564587593078613,0.7519332190394077,,,,148.0,,,,,,0.2,1.5820851730418417e-05,5.0,0.0450196136386975,1.0,100.0,16.0,255.0,-1.0
npboost-few_shot-danceability-seed2,c370ta6u,2026-07-21T17:53:39Z,npboost,few_shot,2,rmse,0.2272703983087455,0.110161736789663,0.2266977405296687,0.0928735134586503,375.92227125167847,0.967587947845459,0.8658835887908936,0.8375291031873852,,,,33.0,,,,,,0.2,2.9067203620664195e-05,5.0,0.1823458458254781,0.0,10.0,8.0,255.0,-1.0
npboost-few_shot-danceability-seed2,d402e75f,2026-07-21T15:50:10Z,npboost,few_shot,2,rmse,0.1719690379843247,0.1138096100426801,0.1705156009519875,0.095360484435006,350.75306463241577,0.9445600509643556,0.9127438068389891,0.7541348437200223,,,,7.0,,,,,,0.2,0.0004385170256085,10.0,0.8972612866432508,1.0,20.0,8.0,255.0,-1.0
npboost-few_shot-danceability-seed2,ff180m5s,2026-07-21T15:07:59Z,npboost,few_shot,2,rmse,0.1315948243689748,0.1109845273975575,0.129034476456198,0.0909214305241686,707.2289528846741,0.8142249584197998,0.842010498046875,0.6841090832161107,,,,18.0,,,,,,0.2,0.0001605191133358,20.0,0.0750195444362012,1.0,20.0,4.0,255.0,-1.0
npboost-few_shot-danceability-seed2,g95ofqmy,2026-07-21T17:19:11Z,npboost,few_shot,2,rmse,0.0696107915017457,0.1107352574009574,0.0620534793459049,0.0887489201710148,445.72489380836487,0.8593552112579346,0.8473672866821289,0.6775667925809291,,,,19.0,,,,,,0.2,0.000956484407922,10.0,0.0109977032995056,0.0,100.0,4.0,255.0,-1.0
npboost-few_shot-danceability-seed2,jvoo0mbk,2026-07-21T20:11:03Z,npboost,few_shot,2,rmse,0.1912557568170328,0.1073652951438327,0.189914859032589,0.086039713381552,511.1475579738617,0.7487244606018066,0.7776007652282715,0.6770645425614525,,,,26.0,,,,,,0.0,7.917412954846521e-05,10.0,0.1011064623519062,0.0,20.0,8.0,255.0,-1.0
npboost-few_shot-danceability-seed2,k6aoiybo,2026-07-21T18:52:02Z,npboost,few_shot,2,rmse,0.1540410474338362,0.1078278674290614,0.1520605474867594,0.0870353659586644,640.0343539714813,1.036318063735962,0.910059690475464,0.7089107296177344,,,,70.0,,,,,,0.2,0.0001181285816262,5.0,0.0610030224551816,0.0,10.0,8.0,255.0,-1.0
npboost-few_shot-danceability-seed2,nnedug0j,2026-07-21T19:02:55Z,npboost,few_shot,2,rmse,0.1872203742508339,0.1105390343404213,0.1857606312931107,0.0891725160290098,346.6302001476288,0.918492078781128,0.8433213233947754,0.6770730214294101,,,,9.0,,,,,,0.0,0.0002507518284371,10.0,0.0302023368339538,1.0,10.0,8.0,255.0,-1.0
npboost-few_shot-danceability-seed2,nqcodu3z,2026-07-21T18:17:04Z,npboost,few_shot,2,rmse,0.2226269462467295,0.1079352230933802,0.2218333551879507,0.0870176661028749,630.0091869831085,0.8526434898376465,0.7935798168182373,0.6697346633905721,,,,36.0,,,,,,0.0,1.8406671834517417e-05,10.0,0.3476654204795515,0.0,20.0,8.0,255.0,-1.0
npboost-few_shot-danceability-seed2,oswao8vg,2026-07-21T19:59:01Z,npboost,few_shot,2,rmse,0.1822068309361956,0.1080061658252648,0.1810568703079894,0.089329386799441,515.0667803287506,0.9480199813842772,0.8780419826507568,0.6911504426681748,,,,23.0,,,,,,0.2,0.0001082971516786,10.0,0.2589103504433043,0.0,20.0,16.0,255.0,-1.0
npboost-few_shot-danceability-seed2,p7eg0g2f,2026-07-21T17:26:44Z,npboost,few_shot,2,rmse,0.0777504695200287,0.1111768265567174,0.0719030127583991,0.0907103526972587,831.6577067375183,0.9704225063323976,0.9871323108673096,0.677082790809318,,,,55.0,,,,,,0.2,0.0002371245680478,10.0,0.0322020325894309,1.0,100.0,16.0,255.0,-1.0
npboost-few_shot-danceability-seed2,q7z3exne,2026-07-21T18:27:41Z,npboost,few_shot,2,rmse,0.2205233890398413,0.1070285583412615,0.2197092585069224,0.0871445299937251,967.6388449668884,0.943082332611084,0.9159672260284424,0.6653417115782455,,,,29.0,,,,,,0.0,1.2904721633073898e-05,20.0,0.2325748079967941,0.0,100.0,8.0,255.0,-1.0
npboost-few_shot-danceability-seed2,r07e1yhf,2026-07-21T20:50:11Z,npboost,few_shot,2,rmse,0.2070240721238398,0.1054787143734917,0.2062264242993507,0.0868207623478193,680.5761816501617,0.8295435905456543,0.7886130809783936,0.6736075708251416,,,,84.0,,,,,,0.0,3.1392574253118284e-05,5.0,0.1121865737283773,0.0,10.0,4.0,255.0,-1.0
npboost-few_shot-danceability-seed2,s3kj3tv3,2026-07-21T15:19:55Z,npboost,few_shot,2,rmse,0.1417091424486278,0.1090796961007778,0.139094454647158,0.0861146937056706,403.17982506752014,0.9850461483001708,0.9320428371429444,0.6789350276328687,,,,14.0,,,,,,0.2,0.0003600091192911,10.0,0.083744968684368,0.0,100.0,16.0,255.0,-1.0
npboost-few_shot-danceability-seed2,tvsebvyt,2026-07-21T20:19:42Z,npboost,few_shot,2,rmse,0.173510276743796,0.1126583061440828,0.1717640274647878,0.0920198456105286,1820.1223850250244,0.9698755741119384,0.7248246669769287,0.7201040100102413,,,,75.0,,,,,,0.2,2.017016316297149e-05,20.0,0.0582929613195039,1.0,1000.0,8.0,255.0,-1.0
npboost-few_shot-danceability-seed2,ud56yr0x,2026-07-21T16:25:49Z,npboost,few_shot,2,rmse,0.1743878554453892,0.1094266226873615,0.1727347013610947,0.0881681000376047,380.4143509864807,0.898341178894043,0.8860416412353516,0.694070110815378,,,,34.0,,,,,,0.0,0.0001721990923545,5.0,0.1380161223304589,0.0,1000.0,16.0,255.0,-1.0
npboost-few_shot-danceability-seed2,uslmvo9e,2026-07-21T17:47:46Z,npboost,few_shot,2,rmse,0.0840032353865361,0.1109134463788332,0.0782581080661297,0.0875203248220461,345.84812021255493,0.8013217449188232,0.6756017208099365,0.67904021776062,,,,30.0,,,,,,0.2,0.0008392140711648,5.0,0.0107859712708854,0.0,10.0,8.0,255.0,-1.0
npboost-few_shot-danceability-seed2,wxbl8d0d,2026-07-21T18:43:57Z,npboost,few_shot,2,rmse,0.170780729192548,0.1124885465972384,0.1689621870044245,0.0917896969021295,478.2232229709625,1.080160140991211,0.6375095844268799,0.6733722852845936,,,,21.0,,,,,,0.2,0.0001496922341954,10.0,0.0831211929407696,1.0,1000.0,4.0,255.0,-1.0
npboost-few_shot-danceability-seed2,y140395x,2026-07-21T15:34:13Z,npboost,few_shot,2,rmse,0.1017321626696966,0.1104909568228045,0.0980183787002295,0.0902435642876623,948.951735496521,1.024061679840088,0.7594165802001953,0.6794091108409241,,,,63.0,,,,,,0.2,0.0001381635682257,10.0,0.0261669745608544,1.0,20.0,8.0,255.0,-1.0
npboost-few_shot-danceability-seed3,2q79e2ix,2026-07-22T14:37:52Z,npboost,few_shot,3,rmse,0.2131643819284963,0.1057860060748518,0.2133700001898509,0.1009383693170608,823.9966900348663,0.5806412696838379,0.4584732055664062,0.9555029538392468,,,,154.0,,,,,,0.2,1.343677338411072e-05,5.0,0.1113002415673063,1.0,10.0,4.0,255.0,-1.0
npboost-few_shot-danceability-seed3,50w4nzgf,2026-07-22T18:14:13Z,npboost,few_shot,3,rmse,0.172210434542346,0.1055183784548455,0.1732011990963669,0.1087135503826391,1211.7760243415833,0.4167218208312988,0.452164888381958,0.6909124782868945,,,,75.0,,,,,,0.2,2.017016316297149e-05,20.0,0.0582929613195039,1.0,1000.0,8.0,255.0,-1.0
npboost-few_shot-danceability-seed3,5id1u8dz,2026-07-22T16:43:41Z,npboost,few_shot,3,rmse,0.2136689737041479,0.1032867751935585,0.2140815683014677,0.1005699401926627,801.7529237270355,0.5392515659332275,0.5499603748321533,0.662641725825774,,,,39.0,,,,,,0.0,1.2904721633073898e-05,20.0,0.2325748079967941,0.0,100.0,8.0,255.0,-1.0
npboost-few_shot-danceability-seed3,5j30my52,2026-07-22T14:51:43Z,npboost,few_shot,3,rmse,0.1196348944114553,0.1045237654314058,0.1207396882103088,0.1086200412316634,288.2617383003235,0.5326480865478516,0.5116662979125977,0.6366530362915879,,,,15.0,,,,,,0.0,0.0004548624208721,10.0,0.2953847324956156,0.0,20.0,4.0,255.0,-1.0
npboost-few_shot-danceability-seed3,6683dbds,2026-07-22T16:00:24Z,npboost,few_shot,3,rmse,0.0710963395364243,0.104215100382215,0.072904537599567,0.1093217281712502,289.4428470134735,0.5224165916442871,0.4849023818969726,0.6645961868767704,,,,38.0,,,,,,0.2,0.0008392140711648,5.0,0.0107859712708854,0.0,10.0,8.0,255.0,-1.0
npboost-few_shot-danceability-seed3,6z3k1w3o,2026-07-22T16:19:47Z,npboost,few_shot,3,rmse,0.1346864909916133,0.1039620170142446,0.1355648506133951,0.1073621772622367,916.1295156478882,0.4956893920898437,0.6204032897949219,0.6986224909106208,,,,99.0,,,,,,0.2,5.4597054376998136e-05,10.0,0.1053508308667582,0.0,20.0,4.0,255.0,-1.0
npboost-few_shot-danceability-seed3,8irlpi6c,2026-07-22T14:23:44Z,npboost,few_shot,3,rmse,0.1101950257314804,0.1050334021686046,0.111471817667684,0.1103740339359342,587.7730584144592,0.5452284812927246,0.424907922744751,0.6666660352525461,,,,55.0,,,,,,0.2,0.0001381635682257,10.0,0.0261669745608544,1.0,20.0,8.0,255.0,-1.0
npboost-few_shot-danceability-seed3,9c75nfa5,2026-07-22T14:12:14Z,npboost,few_shot,3,rmse,0.1182679495594378,0.1036462006463754,0.1196327211597599,0.1094315557364775,315.6915638446808,0.5272421836853027,0.4742903709411621,0.6574400288280069,,,,19.0,,,,,,0.2,0.0003600091192911,10.0,0.083744968684368,0.0,100.0,16.0,255.0,-1.0
npboost-few_shot-danceability-seed3,b9l5ziuz,2026-07-22T17:15:10Z,npboost,few_shot,3,rmse,0.1866385345369156,0.1041048213825101,0.1880758407919164,0.1112574830951797,249.08361411094663,0.5908098220825195,0.5365846157073975,0.6632229491815886,,,,9.0,,,,,,0.0,0.0002507518284371,10.0,0.0302023368339538,1.0,10.0,8.0,255.0,-1.0
npboost-few_shot-danceability-seed3,c4lcbtdu,2026-07-22T14:01:04Z,npboost,few_shot,3,rmse,0.1059718397760316,0.1032798215989293,0.1076189581298148,0.1102256749120305,656.4916536808014,0.5538027286529541,0.578261137008667,0.6631765532718684,,,,25.0,,,,,,0.2,0.0001605191133358,20.0,0.0750195444362012,1.0,20.0,4.0,255.0,-1.0
npboost-few_shot-danceability-seed3,cj5ua1ig,2026-07-22T17:56:25Z,npboost,few_shot,3,rmse,0.1519966490414678,0.106500274962098,0.152313092175652,0.1059605153217065,486.197407245636,0.5501775741577148,0.4927465915679931,0.6631945674328663,,,,39.0,,,,,,0.2,0.0001082971516786,10.0,0.2589103504433043,0.0,20.0,16.0,255.0,-1.0
npboost-few_shot-danceability-seed3,crei8txg,2026-07-22T17:19:44Z,npboost,few_shot,3,rmse,0.0841035454576393,0.1041996776031418,0.0861076890041059,0.1111765517046754,392.5657832622528,0.5316481590270996,0.5115654468536377,0.6642130293345797,,,,27.0,,,,,,0.2,0.0004276097878757,10.0,0.0133482983182945,0.0,100.0,4.0,255.0,-1.0
npboost-few_shot-danceability-seed3,drhxa7p2,2026-07-22T17:26:24Z,npboost,few_shot,3,rmse,0.2133610169966142,0.1068232411905163,0.2136198515985526,0.102083856441627,707.718652009964,0.5076658725738525,0.4044742584228515,0.7516261625313952,,,,130.0,,,,,,0.2,1.5820851730418417e-05,5.0,0.0450196136386975,1.0,100.0,16.0,255.0,-1.0
npboost-few_shot-danceability-seed3,fabnu7j1,2026-07-22T14:56:37Z,npboost,few_shot,3,rmse,0.1514322662278659,0.1039008981799043,0.1519233028731456,0.1039915981995483,250.88420510292053,0.58400559425354,0.447232723236084,0.5985749145663856,,,,10.0,,,,,,0.0,0.0004242243954166,10.0,0.5800570688908553,1.0,20.0,4.0,255.0,-1.0
npboost-few_shot-danceability-seed3,fh9jilpz,2026-07-22T16:05:22Z,npboost,few_shot,3,rmse,0.18579338895657,0.1061330649336903,0.1858427267448575,0.1025472616781631,858.1547253131866,0.6136956214904785,0.502394437789917,0.9979197626301878,,,,159.0,,,,,,0.2,2.9067203620664195e-05,5.0,0.1823458458254781,0.0,10.0,8.0,255.0,-1.0
npboost-few_shot-danceability-seed3,gwnbf5v6,2026-07-22T15:47:58Z,npboost,few_shot,3,rmse,0.1314397492625837,0.1044006651950588,0.1324162013602979,0.1078322887293677,366.91242146492,0.5912125110626221,0.5320887565612793,0.663027420675265,,,,24.0,,,,,,0.2,0.0002371245680478,10.0,0.0322020325894309,1.0,100.0,16.0,255.0,-1.0
npboost-few_shot-danceability-seed3,hrrpf9bv,2026-07-22T15:54:20Z,npboost,few_shot,3,rmse,0.1794949603417604,0.1026530510766888,0.1802712623660789,0.1043587334631512,351.95853543281555,0.533759593963623,0.4607899188995361,0.652630329327516,,,,24.0,,,,,,0.0,0.0001083323625032,10.0,0.1351582698334605,0.0,100.0,8.0,255.0,-1.0
npboost-few_shot-danceability-seed3,iyn9ewy3,2026-07-22T15:42:03Z,npboost,few_shot,3,rmse,0.0641285152974271,0.1049837140876116,0.0670138763233939,0.1114789006983227,341.4069058895111,0.5765964984893799,0.5392122268676758,0.6649753882710744,,,,21.0,,,,,,0.2,0.000956484407922,10.0,0.0109977032995056,0.0,100.0,4.0,255.0,-1.0
npboost-few_shot-danceability-seed3,k9ie0jv7,2026-07-22T17:38:18Z,npboost,few_shot,3,rmse,0.1922398401392124,0.1016126238685279,0.1931705893467241,0.1043899475944411,1080.2478997707367,0.6074173450469971,0.5213706493377686,0.6618384108472399,,,,58.0,,,,,,0.0,1.702035422361917e-05,20.0,0.0657821692431908,1.0,20.0,16.0,255.0,-1.0
npboost-few_shot-danceability-seed3,kgk7sygo,2026-07-22T15:00:54Z,npboost,few_shot,3,rmse,0.1901170735830789,0.101548964443479,0.1911136961663258,0.1054238861257828,217.26921105384827,0.5673058032989502,0.4267857074737549,0.6703901132030213,,,,24.0,,,,,,0.0,0.0001721990923545,5.0,0.1380161223304589,0.0,1000.0,16.0,255.0,-1.0
npboost-few_shot-danceability-seed3,l2jw9bkl,2026-07-22T14:33:39Z,npboost,few_shot,3,rmse,0.1564231865821491,0.1090717596843919,0.1569096251605028,0.1094362109742792,247.1927757263184,0.5340478420257568,0.5005111694335938,0.592327898099205,,,,9.0,,,,,,0.2,0.0004385170256085,10.0,0.8972612866432508,1.0,20.0,8.0,255.0,-1.0
npboost-few_shot-danceability-seed3,l6bcirtn,2026-07-22T18:06:58Z,npboost,few_shot,3,rmse,0.1792766164573058,0.1015977264066679,0.1801667532181357,0.104601447054874,428.59083914756775,0.591541051864624,0.5287809371948242,0.6593394634436448,,,,33.0,,,,,,0.0,7.917412954846521e-05,10.0,0.1011064623519062,0.0,20.0,8.0,255.0,-1.0
npboost-few_shot-danceability-seed3,nm4es1bn,2026-07-22T15:22:00Z,npboost,few_shot,3,rmse,0.1817473603567485,0.103123435830149,0.1832981787475885,0.1114229454079204,245.9362313747406,0.4766483306884765,0.5266067981719971,0.664790419011374,,,,9.0,,,,,,0.0,0.0002780425090632,10.0,0.0105542692281163,1.0,20.0,8.0,255.0,-1.0
npboost-few_shot-danceability-seed3,p5npq6vh,2026-07-22T18:34:31Z,npboost,few_shot,3,rmse,0.1926563487883826,0.101231578549769,0.1931034745167071,0.0999022856077172,613.2511422634125,0.7049679756164551,0.3841595649719238,0.6780402090306803,,,,124.0,,,,,,0.0,3.1392574253118284e-05,5.0,0.1121865737283773,0.0,10.0,4.0,255.0,-1.0
npboost-few_shot-danceability-seed3,psi4gsn1,2026-07-22T18:04:37Z,npboost,few_shot,3,rmse,0.2426659113945354,0.1152699631347878,0.2432984183816348,0.1121150664050855,133.48140001296997,0.5804657936096191,0.5503654479980469,0.6515954426765548,,,,3.0,,,,,,0.0,3.9184339457363744e-05,5.0,0.7978205565731539,1.0,100.0,16.0,255.0,-1.0
npboost-few_shot-danceability-seed3,qipnioug,2026-07-22T15:37:52Z,npboost,few_shot,3,rmse,0.1496772739913437,0.1042751759356557,0.150820942698528,0.1091248248021785,245.0054874420166,0.5124969482421875,0.5246388912200928,0.6646118254551614,,,,29.0,,,,,,0.2,0.0003013710908533,5.0,0.0130634630331783,0.0,10.0,8.0,255.0,-1.0
npboost-few_shot-danceability-seed3,scsirvrq,2026-07-22T15:26:11Z,npboost,few_shot,3,rmse,0.0694074901157121,0.103759428484863,0.0720713296888558,0.1110844307727521,694.1234166622162,0.5099267959594727,0.5082888603210449,0.6611904889510215,,,,29.0,,,,,,0.2,0.0002563473332261,20.0,0.1427109105814198,1.0,1000.0,8.0,255.0,-1.0
npboost-few_shot-danceability-seed3,smp0jq2j,2026-07-22T16:35:16Z,npboost,few_shot,3,rmse,0.2234900297137969,0.1054153387186576,0.2240485082548144,0.1035342440236915,421.6853859424591,0.5513818264007568,0.5597801208496094,0.6676237876238208,,,,33.0,,,,,,0.0,1.8406671834517417e-05,10.0,0.3476654204795515,0.0,20.0,8.0,255.0,-1.0
npboost-few_shot-danceability-seed3,wr3crjem,2026-07-22T17:04:17Z,npboost,few_shot,3,rmse,0.117664523551378,0.1021290810712445,0.1187904637552625,0.1067782262496738,628.8172354698181,0.6239068508148193,0.5174069404602051,0.6793404139664778,,,,115.0,,,,,,0.2,0.0001181285816262,5.0,0.0610030224551816,0.0,10.0,8.0,255.0,-1.0
npboost-few_shot-danceability-seed3,x5n3nusd,2026-07-22T16:57:20Z,npboost,few_shot,3,rmse,0.1476967564931657,0.1046169284759439,0.1488717647797283,0.1093260019139799,404.938948392868,0.6048533916473389,0.5145065784454346,0.6613287203434932,,,,30.0,,,,,,0.2,0.0001496922341954,10.0,0.0831211929407696,1.0,1000.0,4.0,255.0,-1.0
npboost-few_shot-danceability-seed3,y9v0hvhp,2026-07-22T14:17:37Z,npboost,few_shot,3,rmse,0.2339946927979378,0.1121028423265804,0.234308896855237,0.1084331875651209,356.8642582893372,0.529442548751831,0.5253329277038574,5.627972091978857,,,,54.0,,,,,,0.2,1.090384328196852e-05,5.0,0.7717846862118062,0.0,20.0,4.0,255.0,-1.0
npboost-few_shot-danceability-seed3,z5qtgzgv,2026-07-22T15:04:40Z,npboost,few_shot,3,rmse,0.1957329841011921,0.1018123821963194,0.1966708416182302,0.1044996034219517,1032.743872642517,0.5689325332641602,0.5068352222442627,0.663744304498655,,,,57.0,,,,,,0.0,1.5865500409725956e-05,20.0,0.019901994840577,0.0,100.0,4.0,255.0,-1.0
npboost-few_shot-danceability-seed4,1hkgxx34,2026-07-22T14:27:05Z,npboost,few_shot,4,rmse,0.1090945712773196,0.1055992964190798,0.1102729966015609,0.1106639205113987,297.31571912765503,0.5021357536315918,0.4555959701538086,0.6660420202829349,,,,18.0,,,,,,0.2,0.0004385170256085,10.0,0.8972612866432508,1.0,20.0,8.0,255.0,-1.0
npboost-few_shot-danceability-seed4,1zebw775,2026-07-22T17:47:43Z,npboost,few_shot,4,rmse,0.1690893052931291,0.107385216348514,0.170353522029744,0.1117657118045047,1300.5972163677216,0.5850143432617188,0.4462182521820069,0.6996768809806571,,,,80.0,,,,,,0.2,2.017016316297149e-05,20.0,0.0582929613195039,1.0,1000.0,8.0,255.0,-1.0
npboost-few_shot-danceability-seed4,49u8y0yn,2026-07-22T18:09:30Z,npboost,few_shot,4,rmse,0.2101520359157079,0.1020636521559711,0.2112784090438467,0.1044929652123949,434.4267551898956,0.5882422924041748,0.4937570095062256,0.6425317519752207,,,,74.0,,,,,,0.0,3.1392574253118284e-05,5.0,0.1121865737283773,0.0,10.0,4.0,255.0,-1.0
npboost-few_shot-danceability-seed4,5fhow5cm,2026-07-22T14:57:40Z,npboost,few_shot,4,rmse,0.1809444723718137,0.1039547407553676,0.18219671358589,0.1082165800310605,211.5306067466736,0.4498541355133056,0.4541788101196289,0.6265001500662127,,,,6.0,,,,,,0.0,0.0004242243954166,10.0,0.5800570688908553,1.0,20.0,4.0,255.0,-1.0
npboost-few_shot-danceability-seed4,88wx39d7,2026-07-22T16:40:37Z,npboost,few_shot,4,rmse,0.1358473010091896,0.1044701757633345,0.1369712656084211,0.1083709826351943,411.7487714290619,0.5107970237731934,0.4337003231048584,0.6628186241239553,,,,36.0,,,,,,0.2,0.0001496922341954,10.0,0.0831211929407696,1.0,1000.0,4.0,255.0,-1.0
npboost-few_shot-danceability-seed4,akd84ep3,2026-07-22T16:17:28Z,npboost,few_shot,4,rmse,0.2120148209204156,0.1030852726041819,0.2130046115273434,0.1049889159032684,576.9295346736908,0.5657248497009277,0.5101439952850342,0.6665095945808029,,,,59.0,,,,,,0.0,1.8406671834517417e-05,10.0,0.3476654204795515,0.0,20.0,8.0,255.0,-1.0
npboost-few_shot-danceability-seed4,b1gx580x,2026-07-22T16:08:23Z,npboost,few_shot,4,rmse,0.1777104053152612,0.1041766051709805,0.1790222913355418,0.1087477155327063,538.5797154903412,0.5668566226959229,0.539154052734375,0.6931929582079566,,,,50.0,,,,,,0.2,5.4597054376998136e-05,10.0,0.1053508308667582,0.0,20.0,4.0,255.0,-1.0
npboost-few_shot-danceability-seed4,c6wgbsd7,2026-07-22T14:53:21Z,npboost,few_shot,4,rmse,0.1353345132735838,0.1038283342808217,0.1368337210403649,0.1101852907492014,250.3177006244659,0.632326602935791,0.4927542209625244,0.6463332828427669,,,,12.0,,,,,,0.0,0.0004548624208721,10.0,0.2953847324956156,0.0,20.0,4.0,255.0,-1.0
npboost-few_shot-danceability-seed4,clh6wubd,2026-07-22T17:42:04Z,npboost,few_shot,4,rmse,0.197369247674942,0.1019838092040137,0.1989439878552722,0.1087730342916079,333.0550584793091,0.5863058567047119,0.5319316387176514,0.6541834794322013,,,,22.0,,,,,,0.0,7.917412954846521e-05,10.0,0.1011064623519062,0.0,20.0,8.0,255.0,-1.0
npboost-few_shot-danceability-seed4,cp20sz2z,2026-07-22T14:32:08Z,npboost,few_shot,4,rmse,0.1966403688651969,0.103245571921015,0.1977068985590397,0.1063409707570231,1266.7548711299896,0.5070841312408447,0.416212797164917,1.0564612960480382,,,,265.0,,,,,,0.2,1.343677338411072e-05,5.0,0.1113002415673063,1.0,10.0,4.0,255.0,-1.0
npboost-few_shot-danceability-seed4,etqtq4jh,2026-07-22T15:46:33Z,npboost,few_shot,4,rmse,0.1886085839156644,0.1034677559657827,0.1894530295516799,0.1040219959859526,313.99531412124634,0.5659770965576172,0.5221657752990723,0.6600749373678835,,,,20.0,,,,,,0.0,0.0001083323625032,10.0,0.1351582698334605,0.0,100.0,8.0,255.0,-1.0
npboost-few_shot-danceability-seed4,fgdncj3e,2026-07-22T15:55:35Z,npboost,few_shot,4,rmse,0.1878614562103547,0.1035329464416772,0.1888426104473602,0.1074356209908939,762.0197894573212,0.5697779655456543,0.5103743076324463,0.970498771752256,,,,152.0,,,,,,0.2,2.9067203620664195e-05,5.0,0.1823458458254781,0.0,10.0,8.0,255.0,-1.0
npboost-few_shot-danceability-seed4,fv823z36,2026-07-22T16:47:36Z,npboost,few_shot,4,rmse,0.1722487739051681,0.10139049611443,0.1737452746448727,0.1078805877491601,331.59745478630066,0.5532865524291992,0.4985013008117676,0.6729185156037144,,,,51.0,,,,,,0.2,0.0001181285816262,5.0,0.0610030224551816,0.0,10.0,8.0,255.0,-1.0
npboost-few_shot-danceability-seed4,go8x0ou5,2026-07-22T15:36:38Z,npboost,few_shot,4,rmse,0.0825886517224541,0.1031232600675653,0.0842634009748722,0.1084518473229099,258.9229781627655,0.5767538547515869,0.4845457077026367,0.6587190623885119,,,,13.0,,,,,,0.2,0.000956484407922,10.0,0.0109977032995056,0.0,100.0,4.0,255.0,-1.0
npboost-few_shot-danceability-seed4,hj06gi7f,2026-07-22T14:12:11Z,npboost,few_shot,4,rmse,0.229200321148677,0.1123380454938049,0.2301423622451665,0.1129177359233679,454.6318004131317,0.5837790966033936,0.396507978439331,6.291629291794244,,,,80.0,,,,,,0.2,1.090384328196852e-05,5.0,0.7717846862118062,0.0,20.0,4.0,255.0,-1.0
npboost-few_shot-danceability-seed4,hx60ranl,2026-07-22T15:30:55Z,npboost,few_shot,4,rmse,0.1106322378997343,0.102012997887795,0.1121800698093482,0.1081038164661225,337.0708734989166,0.4946284294128418,0.4984221458435058,0.6595409330392957,,,,51.0,,,,,,0.2,0.0003013710908533,5.0,0.0130634630331783,0.0,10.0,8.0,255.0,-1.0
npboost-few_shot-danceability-seed4,jn7ekgsr,2026-07-22T14:19:55Z,npboost,few_shot,4,rmse,0.1412494705024972,0.1033199511285114,0.1423344646499155,0.1066923580174772,423.00080251693726,0.520174503326416,0.4055993556976318,0.6595927868953101,,,,36.0,,,,,,0.2,0.0001381635682257,10.0,0.0261669745608544,1.0,20.0,8.0,255.0,-1.0
npboost-few_shot-danceability-seed4,mbdflchr,2026-07-22T17:32:11Z,npboost,few_shot,4,rmse,0.1554754552352859,0.10307967477576,0.1563357419134501,0.1059279420613252,440.251829624176,0.494448184967041,0.5483665466308594,0.6756787314652247,,,,37.0,,,,,,0.2,0.0001082971516786,10.0,0.2589103504433043,0.0,20.0,16.0,255.0,-1.0
npboost-few_shot-danceability-seed4,mvctmagw,2026-07-22T15:01:18Z,npboost,few_shot,4,rmse,0.1852739857262875,0.103463164132362,0.1867229600797981,0.1094982643562271,221.62431049346924,0.491748571395874,0.4742765426635742,0.6344366390476155,,,,27.0,,,,,,0.0,0.0001721990923545,5.0,0.1380161223304589,0.0,1000.0,16.0,255.0,-1.0
npboost-few_shot-danceability-seed4,nc16foq5,2026-07-22T15:05:07Z,npboost,few_shot,4,rmse,0.2072383693183761,0.1048236782868205,0.2084012065932748,0.1075081149350117,798.2426691055298,0.5177290439605713,0.4986889362335205,0.6582637712627994,,,,41.0,,,,,,0.0,1.5865500409725956e-05,20.0,0.019901994840577,0.0,100.0,4.0,255.0,-1.0
npboost-few_shot-danceability-seed4,nsdrjwnx,2026-07-22T15:51:57Z,npboost,few_shot,4,rmse,0.0964301398181053,0.1018892404688181,0.0987493815919521,0.1108393122587937,210.8516635894775,0.5597860813140869,0.455500841140747,0.6592845538295086,,,,23.0,,,,,,0.2,0.0008392140711648,5.0,0.0107859712708854,0.0,10.0,8.0,255.0,-1.0
npboost-few_shot-danceability-seed4,p1b4q6n9,2026-07-22T13:57:46Z,npboost,few_shot,4,rmse,0.1269830416843115,0.104670584772197,0.1281304139015126,0.1086258292105083,540.1887924671173,0.6581346988677979,0.4580533504486084,0.661130306077801,,,,19.0,,,,,,0.2,0.0001605191133358,20.0,0.0750195444362012,1.0,20.0,4.0,255.0,-1.0
npboost-few_shot-danceability-seed4,pty6taul,2026-07-22T15:18:31Z,npboost,few_shot,4,rmse,0.1414180828864316,0.106559035160161,0.1423177163008414,0.1091658627448907,294.1279306411743,0.5525634288787842,0.4531373977661133,0.6595178545740676,,,,18.0,,,,,,0.0,0.0002780425090632,10.0,0.0105542692281163,1.0,20.0,8.0,255.0,-1.0
npboost-few_shot-danceability-seed4,qvfzuj0r,2026-07-22T17:03:03Z,npboost,few_shot,4,rmse,0.2019813590380082,0.1028207900777214,0.2030488168718048,0.105992669326613,947.1945734024048,0.5881896018981934,0.5462863445281982,0.7628517484979863,,,,193.0,,,,,,0.2,1.5820851730418417e-05,5.0,0.0450196136386975,1.0,100.0,16.0,255.0,-1.0
npboost-few_shot-danceability-seed4,s2qlnego,2026-07-22T16:53:20Z,npboost,few_shot,4,rmse,0.1773529867809939,0.1044276329784404,0.1786521645902677,0.1085561734452963,246.7766351699829,0.515815258026123,0.5193572044372559,0.6580172668729319,,,,11.0,,,,,,0.0,0.0002507518284371,10.0,0.0302023368339538,1.0,10.0,8.0,255.0,-1.0
npboost-few_shot-danceability-seed4,sw37trrl,2026-07-22T16:57:45Z,npboost,few_shot,4,rmse,0.1072327395878642,0.1023053727428319,0.1087030042926571,0.1077466751146661,308.4807243347168,0.5770070552825928,0.4958627223968506,0.6595385322689605,,,,19.0,,,,,,0.2,0.0004276097878757,10.0,0.0133482983182945,0.0,100.0,4.0,255.0,-1.0
npboost-few_shot-danceability-seed4,tf990goi,2026-07-22T17:39:37Z,npboost,few_shot,4,rmse,0.2378647406417203,0.1089153751515944,0.2393433004238526,0.1138947722038474,139.66429686546326,0.5543770790100098,0.5408492088317871,0.6573927931287198,,,,6.0,,,,,,0.0,3.9184339457363744e-05,5.0,0.7978205565731539,1.0,100.0,16.0,255.0,-1.0
npboost-few_shot-danceability-seed4,vf7oaj4k,2026-07-22T15:41:11Z,npboost,few_shot,4,rmse,0.1480875668755497,0.1026173660087426,0.1493831346154314,0.1077152451662781,306.8731725215912,0.518165111541748,0.4164805412292481,0.6604892916668463,,,,19.0,,,,,,0.2,0.0002371245680478,10.0,0.0322020325894309,1.0,100.0,16.0,255.0,-1.0
npboost-few_shot-danceability-seed4,yjosv8ip,2026-07-22T16:27:12Z,npboost,few_shot,4,rmse,0.2124326965176915,0.1010753484770594,0.2136435840370495,0.1051923717571603,799.1606545448303,0.3946073055267334,0.3591375350952148,0.6572795525371197,,,,41.0,,,,,,0.0,1.2904721633073898e-05,20.0,0.2325748079967941,0.0,100.0,8.0,255.0,-1.0
npboost-few_shot-danceability-seed4,yqo50idb,2026-07-22T15:23:31Z,npboost,few_shot,4,rmse,0.1327829211950302,0.1028272824819678,0.1343962285759289,0.1094651885529366,437.0077629089356,0.60758376121521,0.4897811412811279,0.6480552712565124,,,,11.0,,,,,,0.2,0.0002563473332261,20.0,0.1427109105814198,1.0,1000.0,8.0,255.0,-1.0
npboost-few_shot-danceability-seed4,z2tbhhgr,2026-07-22T14:06:54Z,npboost,few_shot,4,rmse,0.1191227554556835,0.1019502176219102,0.1205612924566099,0.1077643819345354,311.2077856063843,0.5204923152923584,0.4004566669464111,0.6539005086788827,,,,19.0,,,,,,0.2,0.0003600091192911,10.0,0.083744968684368,0.0,100.0,16.0,255.0,-1.0
npboost-few_shot-danceability-seed4,z4gw65cj,2026-07-22T17:18:58Z,npboost,few_shot,4,rmse,0.2048705227403755,0.1022029298053098,0.2061736521021201,0.1064798499171766,782.4374387264252,0.541954517364502,0.4760007858276367,0.6571573149065296,,,,41.0,,,,,,0.0,1.702035422361917e-05,20.0,0.0657821692431908,1.0,20.0,16.0,255.0,-1.0
anpboost-in_context-danceability-seed0,0pnd2hn3,2026-07-21T08:07:53Z,anpboost,in_context,0,rmse,0.2127431059974036,0.1014824514598682,0.2136026762479919,0.1046767212646606,1099.937416791916,2.5789856910705566,2.1034085750579834,4.173992318177713,,,,99.0,,,,,,0.2,1.090384328196852e-05,5.0,0.7717846862118062,0.0,20.0,4.0,255.0,-1.0
anpboost-in_context-danceability-seed0,1irtbdcg,2026-07-21T09:42:43Z,anpboost,in_context,0,rmse,0.1744566611318168,0.0938007427848265,0.174890555021687,0.0938917810638226,387.5068135261536,2.195603609085083,2.405433416366577,0.6754018746730178,,,,17.0,,,,,,0.0,0.0001721990923545,5.0,0.1380161223304589,0.0,1000.0,16.0,255.0,-1.0
anpboost-in_context-danceability-seed0,693np6hy,2026-07-21T11:08:12Z,anpboost,in_context,0,rmse,0.0546280653597719,0.0935966330935687,0.0555724344702985,0.0954981383197447,511.6378145217895,2.6816976070404053,2.4498531818389893,0.6682894834396097,,,,32.0,,,,,,0.2,0.0008392140711648,5.0,0.0107859712708854,0.0,10.0,8.0,255.0,-1.0
anpboost-in_context-danceability-seed0,6z8okmu2,2026-07-21T09:49:23Z,anpboost,in_context,0,rmse,0.2035829370672053,0.0909351366517619,0.2041732766278549,0.0913454360445473,1040.2110912799835,2.442553997039795,2.534875631332397,0.6688788072824274,,,,23.0,,,,,,0.0,1.5865500409725956e-05,20.0,0.019901994840577,0.0,100.0,4.0,255.0,-1.0
anpboost-in_context-danceability-seed0,7jejmxpg,2026-07-21T14:17:46Z,anpboost,in_context,0,rmse,0.1960862495350026,0.0982016929230929,0.1972174911743692,0.1040219297862142,636.3266758918762,2.429831027984619,2.5958290100097656,0.6498158758763979,,,,47.0,,,,,,0.0,3.9184339457363744e-05,5.0,0.7978205565731539,1.0,100.0,16.0,255.0,-1.0
anpboost-in_context-danceability-seed0,7kcapona,2026-07-21T11:42:20Z,anpboost,in_context,0,rmse,0.1336675669584471,0.0906964545758107,0.1343505026838065,0.0933577487269623,1052.1992983818054,2.575407028198242,2.4975500106811523,0.6904728816019939,,,,51.0,,,,,,0.2,5.4597054376998136e-05,10.0,0.1053508308667582,0.0,20.0,4.0,255.0,-1.0
anpboost-in_context-danceability-seed0,bd6zmazf,2026-07-21T09:35:20Z,anpboost,in_context,0,rmse,0.1300990368757444,0.0944402424828433,0.130628676635223,0.0960337930948879,430.14455699920654,2.6616714000701904,2.443462610244751,0.6402273547354094,,,,7.0,,,,,,0.0,0.0004242243954166,10.0,0.5800570688908553,1.0,20.0,4.0,255.0,-1.0
anpboost-in_context-danceability-seed0,bl7ynob0,2026-07-21T07:55:35Z,anpboost,in_context,0,rmse,0.0605689471019291,0.0919111690076396,0.0621069480238583,0.0956068145839564,684.8912494182587,2.3663454055786133,2.119196653366089,0.6790664952958823,,,,25.0,,,,,,0.2,0.0003600091192911,10.0,0.083744968684368,0.0,100.0,16.0,255.0,-1.0
anpboost-in_context-danceability-seed0,cuf3p7y2,2026-07-21T13:11:06Z,anpboost,in_context,0,rmse,0.1648506878875715,0.0884505485194095,0.1656858441022542,0.0918097287098813,2150.357726097107,2.313686847686768,2.6362452507019043,0.720078147757193,,,,219.0,,,,,,0.2,1.5820851730418417e-05,5.0,0.0450196136386975,1.0,100.0,16.0,255.0,-1.0
anpboost-in_context-danceability-seed0,h2xitare,2026-07-21T12:54:50Z,anpboost,in_context,0,rmse,0.1724306590319078,0.0933146827462618,0.1730735290003966,0.0945759367888201,430.497495174408,2.299989461898804,2.7535645961761475,0.6684363225979385,,,,6.0,,,,,,0.0,0.0002507518284371,10.0,0.0302023368339538,1.0,10.0,8.0,255.0,-1.0
anpboost-in_context-danceability-seed0,hmlf1m6t,2026-07-21T15:09:05Z,anpboost,in_context,0,rmse,0.1920262804526027,0.0904678120150635,0.1926416127427756,0.0913560854323461,815.9891095161438,2.461531162261963,2.5850279331207275,0.6692796877561697,,,,64.0,,,,,,0.0,3.1392574253118284e-05,5.0,0.1121865737283773,0.0,10.0,4.0,255.0,-1.0
anpboost-in_context-danceability-seed0,i6au7arc,2026-07-21T12:14:28Z,anpboost,in_context,0,rmse,0.2005219869087078,0.0901762713587061,0.2010600811532271,0.0903499969006543,1247.7161498069763,2.395216464996338,2.494536876678467,0.6531385365501294,,,,31.0,,,,,,0.0,1.2904721633073898e-05,20.0,0.2325748079967941,0.0,100.0,8.0,255.0,-1.0
anpboost-in_context-danceability-seed0,j0awrvrz,2026-07-21T08:44:48Z,anpboost,in_context,0,rmse,0.162230730721622,0.0892983257922656,0.1628589725866706,0.0911255946966489,2587.99462389946,2.443985939025879,2.675546169281006,0.8969316968622995,,,,270.0,,,,,,0.2,1.343677338411072e-05,5.0,0.1113002415673063,1.0,10.0,4.0,255.0,-1.0
anpboost-in_context-danceability-seed0,ja2z0z7v,2026-07-21T12:44:53Z,anpboost,in_context,0,rmse,0.1487873643054951,0.0910760893940971,0.1494950414435263,0.0934431835467778,584.3993492126465,2.7417359352111816,2.554971933364868,0.6721928750884899,,,,38.0,,,,,,0.2,0.0001181285816262,5.0,0.0610030224551816,0.0,10.0,8.0,255.0,-1.0
anpboost-in_context-danceability-seed0,jk1youno,2026-07-21T07:41:22Z,anpboost,in_context,0,rmse,0.1166976906371662,0.0931512753033912,0.1168753201909658,0.0928628386839054,837.9653472900391,2.937199115753174,2.495591878890991,0.6727578155994206,,,,11.0,,,,,,0.2,0.0001605191133358,20.0,0.0750195444362012,1.0,20.0,4.0,255.0,-1.0
anpboost-in_context-danceability-seed0,jmn2h79m,2026-07-21T08:26:25Z,anpboost,in_context,0,rmse,0.1540667736789599,0.0928183224702157,0.1547321767961254,0.0944093964651961,548.122805595398,2.2432007789611816,2.575395107269287,0.6729454538266882,,,,15.0,,,,,,0.2,0.0001381635682257,10.0,0.0261669745608544,1.0,20.0,8.0,255.0,-1.0
anpboost-in_context-danceability-seed0,ke5s6niz,2026-07-21T14:28:55Z,anpboost,in_context,0,rmse,0.19105131919997,0.0916131321964016,0.1915651387631128,0.0914668080598553,529.3234174251556,2.781304121017456,2.660476922988892,0.6665910350214775,,,,13.0,,,,,,0.0,7.917412954846521e-05,10.0,0.1011064623519062,0.0,20.0,8.0,255.0,-1.0
anpboost-in_context-danceability-seed0,kgoo5ovu,2026-07-21T12:00:05Z,anpboost,in_context,0,rmse,0.2071157823510497,0.089702194707605,0.2077887410633536,0.0912094756618806,850.9904987812042,2.30625057220459,2.118879795074463,0.667571152369677,,,,35.0,,,,,,0.0,1.8406671834517417e-05,10.0,0.3476654204795515,0.0,20.0,8.0,255.0,-1.0
anpboost-in_context-danceability-seed0,kpobdqa1,2026-07-21T14:37:58Z,anpboost,in_context,0,rmse,0.1484899167168825,0.0921758550130659,0.1490259415865343,0.093481291164384,1853.070760011673,2.892472267150879,2.3853321075439453,0.6904082861365899,,,,56.0,,,,,,0.2,2.017016316297149e-05,20.0,0.0582929613195039,1.0,1000.0,8.0,255.0,-1.0
anpboost-in_context-danceability-seed0,l7knjtyf,2026-07-21T10:14:45Z,anpboost,in_context,0,rmse,0.1160938538324214,0.0940431058742098,0.1165567934346877,0.0945031022114973,723.6468014717102,2.3683762550354004,2.3497703075408936,0.6677885373286844,,,,7.0,,,,,,0.2,0.0002563473332261,20.0,0.1427109105814198,1.0,1000.0,8.0,255.0,-1.0
anpboost-in_context-danceability-seed0,m8ll334v,2026-07-21T10:35:07Z,anpboost,in_context,0,rmse,0.0517359408531784,0.0933619921467124,0.0524939289986588,0.0951194095276791,641.0825309753418,2.71163272857666,2.5310988426208496,0.6715275943696014,,,,22.0,,,,,,0.2,0.000956484407922,10.0,0.0109977032995056,0.0,100.0,4.0,255.0,-1.0
anpboost-in_context-danceability-seed0,mmpw5r07,2026-07-21T09:28:10Z,anpboost,in_context,0,rmse,0.1353975594941291,0.0938647168867658,0.1360330950662003,0.0954977953093388,417.4943382740021,2.4577884674072266,2.4051475524902344,0.6548248278812198,,,,6.0,,,,,,0.0,0.0004548624208721,10.0,0.2953847324956156,0.0,20.0,4.0,255.0,-1.0
anpboost-in_context-danceability-seed0,ojejqbe2,2026-07-21T10:46:01Z,anpboost,in_context,0,rmse,0.0679777185144334,0.0924116991912875,0.0687519775311905,0.0944258305025724,761.424143075943,2.7129909992218018,2.3636202812194824,0.674015651409264,,,,31.0,,,,,,0.2,0.0002371245680478,10.0,0.0322020325894309,1.0,100.0,16.0,255.0,-1.0
anpboost-in_context-danceability-seed0,tilfqpqj,2026-07-21T14:06:44Z,anpboost,in_context,0,rmse,0.1445494037863268,0.0901584176350028,0.1452961722632991,0.0932379211117781,634.4597227573395,2.571495056152344,2.564748287200928,0.7000061803295385,,,,22.0,,,,,,0.2,0.0001082971516786,10.0,0.2589103504433043,0.0,20.0,16.0,255.0,-1.0
anpboost-in_context-danceability-seed0,um2td57i,2026-07-21T10:59:02Z,anpboost,in_context,0,rmse,0.1804718186718355,0.0912194463464273,0.1809342113607633,0.0911168384631178,509.9433879852295,2.5550875663757324,2.44196891784668,0.6713160872579833,,,,12.0,,,,,,0.0,0.0001083323625032,10.0,0.1351582698334605,0.0,100.0,8.0,255.0,-1.0
anpboost-in_context-danceability-seed0,ushggdlj,2026-07-21T08:35:45Z,anpboost,in_context,0,rmse,0.0814102112881245,0.0957709206636584,0.0819969860389122,0.0971469616628934,530.3927054405212,2.498615980148315,2.6429789066314697,0.7631504118696507,,,,14.0,,,,,,0.2,0.0004385170256085,10.0,0.8972612866432508,1.0,20.0,8.0,255.0,-1.0
anpboost-in_context-danceability-seed0,ut5pseve,2026-07-21T12:35:29Z,anpboost,in_context,0,rmse,0.1489000654193986,0.0930285054128482,0.1495436619462344,0.0943896036116013,551.0003771781921,2.3907501697540283,2.588672637939453,0.6804452449005204,,,,15.0,,,,,,0.2,0.0001496922341954,10.0,0.0831211929407696,1.0,1000.0,4.0,255.0,-1.0
anpboost-in_context-danceability-seed0,w2cyd9ym,2026-07-21T13:02:13Z,anpboost,in_context,0,rmse,0.0978811324407319,0.0935547638822515,0.0984028841753745,0.094984722263387,493.219562292099,2.166994571685791,2.6356077194213867,0.6714930072057936,,,,11.0,,,,,,0.2,0.0004276097878757,10.0,0.0133482983182945,0.0,100.0,4.0,255.0,-1.0
anpboost-in_context-danceability-seed0,wdb6sszs,2026-07-21T11:16:58Z,anpboost,in_context,0,rmse,0.152719916542083,0.0887789329133075,0.1536204616117929,0.0930711006584929,1508.6497905254364,2.61553692817688,2.5548057556152344,0.8120250800103034,,,,145.0,,,,,,0.2,2.9067203620664195e-05,5.0,0.1823458458254781,0.0,10.0,8.0,255.0,-1.0
anpboost-in_context-danceability-seed0,x1brguha,2026-07-21T10:27:01Z,anpboost,in_context,0,rmse,0.1073957408398672,0.0927133815787285,0.1081365238536488,0.0955065052472245,472.9155039787293,2.48710298538208,2.5894668102264404,0.6703791775057787,,,,27.0,,,,,,0.2,0.0003013710908533,5.0,0.0130634630331783,0.0,10.0,8.0,255.0,-1.0
anpboost-in_context-danceability-seed0,ylb51igt,2026-07-21T13:47:10Z,anpboost,in_context,0,rmse,0.1983736311332247,0.0897382822488661,0.1989224510224784,0.0901000389739722,1139.3675022125244,2.274789810180664,2.4525375366210938,0.6636388593160594,,,,25.0,,,,,,0.0,1.702035422361917e-05,20.0,0.0657821692431908,1.0,20.0,16.0,255.0,-1.0
anpboost-in_context-danceability-seed0,z6e8kg6x,2026-07-21T10:06:55Z,anpboost,in_context,0,rmse,0.1666629701370775,0.0936150119846716,0.1672247787194749,0.0944219993270333,457.268887758255,2.6239027976989746,2.2432873249053955,0.6699809225487005,,,,6.0,,,,,,0.0,0.0002780425090632,10.0,0.0105542692281163,1.0,20.0,8.0,255.0,-1.0
anpboost-in_context-danceability-seed1,0mt1k2m2,2026-07-21T14:24:57Z,anpboost,in_context,1,rmse,0.1907637161844214,0.0907721221131601,0.1916580740061141,0.0940992636317507,492.1632323265076,2.517317533493042,2.5154671669006348,0.6645681705126075,,,,13.0,,,,,,0.0,7.917412954846521e-05,10.0,0.1011064623519062,0.0,20.0,8.0,255.0,-1.0
anpboost-in_context-danceability-seed1,198gamgy,2026-07-21T14:00:06Z,anpboost,in_context,1,rmse,0.0833629242747573,0.0902315366281031,0.0844815553930041,0.0937790088553651,976.4323661327362,2.345654249191284,2.529531478881836,0.7017519587651115,,,,50.0,,,,,,0.2,0.0001082971516786,10.0,0.2589103504433043,0.0,20.0,16.0,255.0,-1.0
anpboost-in_context-danceability-seed1,1vpqe97k,2026-07-21T10:55:41Z,anpboost,in_context,1,rmse,0.1843687696823911,0.0908489680513128,0.1852324965009461,0.0944335681474398,460.3125395774842,2.286348581314087,2.2857701778411865,0.6642104096950578,,,,11.0,,,,,,0.0,0.0001083323625032,10.0,0.1351582698334605,0.0,100.0,8.0,255.0,-1.0
anpboost-in_context-danceability-seed1,4rxvs4mg,2026-07-21T10:44:25Z,anpboost,in_context,1,rmse,0.0802987315305038,0.0936015911995205,0.0811735346406382,0.0952169804235556,663.0547242164612,2.629600763320923,2.389578342437744,0.6712243128130342,,,,25.0,,,,,,0.2,0.0002371245680478,10.0,0.0322020325894309,1.0,100.0,16.0,255.0,-1.0
anpboost-in_context-danceability-seed1,4shfjd1o,2026-07-21T08:22:12Z,anpboost,in_context,1,rmse,0.1243818765636003,0.0938311948151392,0.1251397206008068,0.0952737825006529,637.8218476772308,2.4696462154388428,2.598231315612793,0.6693144480208334,,,,23.0,,,,,,0.2,0.0001381635682257,10.0,0.0261669745608544,1.0,20.0,8.0,255.0,-1.0
anpboost-in_context-danceability-seed1,6torh5se,2026-07-21T11:32:17Z,anpboost,in_context,1,rmse,0.1252440100466147,0.0914409127909655,0.1260761519217717,0.0941905040941658,1075.2982840538025,2.671128749847412,2.2418856620788574,0.6851494269840275,,,,57.0,,,,,,0.2,5.4597054376998136e-05,10.0,0.1053508308667582,0.0,20.0,4.0,255.0,-1.0
anpboost-in_context-danceability-seed1,6xu8lv2y,2026-07-21T15:03:02Z,anpboost,in_context,1,rmse,0.2042518675294058,0.090562515510638,0.2051684658286695,0.0944120994125697,608.928240776062,2.844135046005249,2.454075336456299,0.6632386798259782,,,,45.0,,,,,,0.0,3.1392574253118284e-05,5.0,0.1121865737283773,0.0,10.0,4.0,255.0,-1.0
anpboost-in_context-danceability-seed1,9opcq1p1,2026-07-21T13:42:14Z,anpboost,in_context,1,rmse,0.2010290069548164,0.0904916592210723,0.2019153013617648,0.0938722483197255,1059.846399307251,2.688002824783325,2.027837991714477,0.6654359677799843,,,,23.0,,,,,,0.0,1.702035422361917e-05,20.0,0.0657821692431908,1.0,20.0,16.0,255.0,-1.0
anpboost-in_context-danceability-seed1,bpxfgkn2,2026-07-21T07:41:22Z,anpboost,in_context,1,rmse,0.1041568749056006,0.0933224166052533,0.1051513418696542,0.0961988163344728,861.0712523460388,2.508922576904297,2.520918369293213,0.6710040508677777,,,,13.0,,,,,,0.2,0.0001605191133358,20.0,0.0750195444362012,1.0,20.0,4.0,255.0,-1.0
anpboost-in_context-danceability-seed1,c61a0j10,2026-07-21T14:16:35Z,anpboost,in_context,1,rmse,0.2085714876086633,0.1015831642686512,0.2094587311688841,0.1036801807896061,489.0623602867127,2.407052755355835,2.5502398014068604,0.6564327892246269,,,,32.0,,,,,,0.0,3.9184339457363744e-05,5.0,0.7978205565731539,1.0,100.0,16.0,255.0,-1.0
anpboost-in_context-danceability-seed1,cwcqtnve,2026-07-21T10:06:40Z,anpboost,in_context,1,rmse,0.0737071585136622,0.0938283463354595,0.0746439415120041,0.0956177056898448,865.4072086811066,2.439572811126709,2.358896970748902,0.6696504702654728,,,,13.0,,,,,,0.2,0.0002563473332261,20.0,0.1427109105814198,1.0,1000.0,8.0,255.0,-1.0
anpboost-in_context-danceability-seed1,fe38r6o7,2026-07-21T08:07:11Z,anpboost,in_context,1,rmse,0.2170425700662658,0.1026645085696918,0.2181494104350271,0.1071193928266328,889.8446414470673,2.7023696899414062,2.410250902175904,3.954359359618928,,,,81.0,,,,,,0.2,1.090384328196852e-05,5.0,0.7717846862118062,0.0,20.0,4.0,255.0,-1.0
anpboost-in_context-danceability-seed1,i0r7hb6g,2026-07-21T11:50:26Z,anpboost,in_context,1,rmse,0.1991122839375042,0.0899750489221243,0.1998981716775122,0.0932116329734654,965.3058981895448,2.463559627532959,2.3632726669311523,0.6667822656311909,,,,45.0,,,,,,0.0,1.8406671834517417e-05,10.0,0.3476654204795515,0.0,20.0,8.0,255.0,-1.0
anpboost-in_context-danceability-seed1,i9y8lu62,2026-07-21T11:13:12Z,anpboost,in_context,1,rmse,0.1720778138958004,0.0915550586775802,0.1729903399312689,0.0947854203111848,1131.866840839386,2.5157933235168457,2.307136297225952,0.7447533002985129,,,,105.0,,,,,,0.2,2.9067203620664195e-05,5.0,0.1823458458254781,0.0,10.0,8.0,255.0,-1.0
anpboost-in_context-danceability-seed1,jrmqmdg9,2026-07-21T09:57:57Z,anpboost,in_context,1,rmse,0.1423760690439099,0.0950957836187981,0.1431656079257724,0.0973466196436955,442.1338200569153,2.550301313400269,2.4925107955932617,0.6656104919768568,,,,9.0,,,,,,0.0,0.0002780425090632,10.0,0.0105542692281163,1.0,20.0,8.0,255.0,-1.0
anpboost-in_context-danceability-seed1,l7b8gxkv,2026-07-21T12:25:34Z,anpboost,in_context,1,rmse,0.0836913560398184,0.0943902893184954,0.0842411935628624,0.0948329609077863,818.3388998508453,2.6183412075042725,2.398029565811157,0.6826825153478626,,,,37.0,,,,,,0.2,0.0001496922341954,10.0,0.0831211929407696,1.0,1000.0,4.0,255.0,-1.0
anpboost-in_context-danceability-seed1,n9labj9l,2026-07-21T08:33:03Z,anpboost,in_context,1,rmse,0.089387140457549,0.0952013920975431,0.0906478585441619,0.099141071005474,482.5694046020508,2.617053985595703,2.533026218414306,0.7261692542313459,,,,12.0,,,,,,0.2,0.0004385170256085,10.0,0.8972612866432508,1.0,20.0,8.0,255.0,-1.0
anpboost-in_context-danceability-seed1,nkps7rqc,2026-07-21T13:01:27Z,anpboost,in_context,1,rmse,0.0571234579932004,0.0949541765366347,0.0587890322356003,0.0982045120288076,648.8160860538483,2.351248264312744,2.007544994354248,0.666687540636301,,,,25.0,,,,,,0.2,0.0004276097878757,10.0,0.0133482983182945,0.0,100.0,4.0,255.0,-1.0
anpboost-in_context-danceability-seed1,p9zff7tq,2026-07-21T09:26:14Z,anpboost,in_context,1,rmse,0.1206945970081046,0.0942388369581146,0.1216130230058456,0.0971783437621821,423.3166143894195,2.251857042312622,2.107528686523437,0.6988753090729912,,,,8.0,,,,,,0.0,0.0004242243954166,10.0,0.5800570688908553,1.0,20.0,4.0,255.0,-1.0
anpboost-in_context-danceability-seed1,ppkzv6vi,2026-07-21T12:06:44Z,anpboost,in_context,1,rmse,0.2058077850490725,0.0900745366540308,0.206720971555864,0.0938584333991582,1116.6747858524325,2.466860771179199,2.565317869186402,0.664636054890234,,,,26.0,,,,,,0.0,1.2904721633073898e-05,20.0,0.2325748079967941,0.0,100.0,8.0,255.0,-1.0
anpboost-in_context-danceability-seed1,qcllb9wo,2026-07-21T09:39:46Z,anpboost,in_context,1,rmse,0.2007490382537586,0.0917741661205591,0.201603692666951,0.0942654341363064,1078.361697435379,2.325036764144897,2.417286157608032,0.6653574985304392,,,,25.0,,,,,,0.0,1.5865500409725956e-05,20.0,0.019901994840577,0.0,100.0,4.0,255.0,-1.0
anpboost-in_context-danceability-seed1,qnm3hvex,2026-07-21T08:41:19Z,anpboost,in_context,1,rmse,0.1710012711696763,0.0913020044620294,0.1717616135490319,0.0937611976697477,2205.198433637619,2.091348171234131,2.3338489532470703,0.8205566530277458,,,,232.0,,,,,,0.2,1.343677338411072e-05,5.0,0.1113002415673063,1.0,10.0,4.0,255.0,-1.0
anpboost-in_context-danceability-seed1,qrouf3sq,2026-07-21T12:39:25Z,anpboost,in_context,1,rmse,0.1039156439712575,0.092265304932118,0.1048231720591947,0.0948110709534922,841.0525374412537,2.411827087402344,2.5108699798583984,0.6728489899148747,,,,70.0,,,,,,0.2,0.0001181285816262,5.0,0.0610030224551816,0.0,10.0,8.0,255.0,-1.0
anpboost-in_context-danceability-seed1,s7b7ze05,2026-07-21T09:33:29Z,anpboost,in_context,1,rmse,0.1743348896071289,0.0928514083747336,0.1752241111240504,0.0961275118387393,363.7539167404175,2.66296124458313,2.526905536651612,0.6813047017266246,,,,17.0,,,,,,0.0,0.0001721990923545,5.0,0.1380161223304589,0.0,1000.0,16.0,255.0,-1.0
anpboost-in_context-danceability-seed1,svjrnmjl,2026-07-21T07:55:59Z,anpboost,in_context,1,rmse,0.0602707949950584,0.0922770237715101,0.0616272545964506,0.0952573394638815,660.2543048858643,2.303950071334839,2.265879392623902,0.6813826225305434,,,,25.0,,,,,,0.2,0.0003600091192911,10.0,0.083744968684368,0.0,100.0,16.0,255.0,-1.0
anpboost-in_context-danceability-seed1,t92aatoj,2026-07-21T14:33:22Z,anpboost,in_context,1,rmse,0.1508297029315461,0.0934188053527025,0.1517304174739158,0.0962470773740884,1766.233933210373,2.547369241714477,3.136424779891968,0.684800405586086,,,,54.0,,,,,,0.2,2.017016316297149e-05,20.0,0.0582929613195039,1.0,1000.0,8.0,255.0,-1.0
anpboost-in_context-danceability-seed1,u7p6j2uw,2026-07-21T13:12:27Z,anpboost,in_context,1,rmse,0.1760282366221268,0.0909357926765018,0.176895884116535,0.0937310370848342,1775.004736185074,2.6770224571228027,1.947692632675171,0.6986304799356963,,,,179.0,,,,,,0.2,1.5820851730418417e-05,5.0,0.0450196136386975,1.0,100.0,16.0,255.0,-1.0
anpboost-in_context-danceability-seed1,vxuj70a8,2026-07-21T10:32:12Z,anpboost,in_context,1,rmse,0.0521181984713671,0.0946682840257073,0.0534948341951513,0.0971318035079631,719.9321358203888,2.34740686416626,2.6256115436553955,0.6670093044704346,,,,29.0,,,,,,0.2,0.000956484407922,10.0,0.0109977032995056,0.0,100.0,4.0,255.0,-1.0
anpboost-in_context-danceability-seed1,wvo2ttcn,2026-07-21T10:21:18Z,anpboost,in_context,1,rmse,0.0698012609888705,0.0936784010872496,0.069902469775428,0.0926910257931272,639.4683663845062,2.496889114379883,2.372607946395874,0.6637249176494472,,,,48.0,,,,,,0.2,0.0003013710908533,5.0,0.0130634630331783,0.0,10.0,8.0,255.0,-1.0
anpboost-in_context-danceability-seed1,y0thc1bi,2026-07-21T09:18:16Z,anpboost,in_context,1,rmse,0.0938960396904421,0.0934818921872096,0.0946833611332499,0.0954590112992034,465.0182960033417,2.420007944107056,2.3784303665161133,0.7213663504502662,,,,11.0,,,,,,0.0,0.0004548624208721,10.0,0.2953847324956156,0.0,20.0,4.0,255.0,-1.0
anpboost-in_context-danceability-seed1,y20yu6oj,2026-07-21T12:53:39Z,anpboost,in_context,1,rmse,0.1489611968472891,0.0939187526868623,0.1497443440368703,0.0966455488083954,454.8134877681732,2.374708890914917,2.2241199016571045,0.6661547294838417,,,,9.0,,,,,,0.0,0.0002507518284371,10.0,0.0302023368339538,1.0,10.0,8.0,255.0,-1.0
anpboost-in_context-danceability-seed1,yo1syowa,2026-07-21T11:03:34Z,anpboost,in_context,1,rmse,0.0516827285987866,0.093029220726829,0.0530566015325972,0.0953889227868929,566.7068290710449,2.198902368545532,2.0356340408325195,0.6639748980375589,,,,40.0,,,,,,0.2,0.0008392140711648,5.0,0.0107859712708854,0.0,10.0,8.0,255.0,-1.0
anpboost-in_context-danceability-seed2,0ebuq61v,2026-07-21T08:09:44Z,anpboost,in_context,2,rmse,0.2215157060468921,0.1043648556055881,0.2218774825051983,0.1011136563617817,769.5236086845398,2.39954686164856,2.56632399559021,3.632868893781221,,,,65.0,,,,,,0.2,1.090384328196852e-05,5.0,0.7717846862118062,0.0,20.0,4.0,255.0,-1.0
anpboost-in_context-danceability-seed2,0q6jgopz,2026-07-21T13:58:51Z,anpboost,in_context,2,rmse,0.0717148756887815,0.0941057645687285,0.071591187873102,0.093151830490843,1125.8782551288605,2.2890419960021973,2.2274038791656494,0.6843068980103788,,,,61.0,,,,,,0.2,0.0001082971516786,10.0,0.2589103504433043,0.0,20.0,16.0,255.0,-1.0
anpboost-in_context-danceability-seed2,3nz1ab9l,2026-07-21T08:34:55Z,anpboost,in_context,2,rmse,0.0965498361385407,0.098723459635606,0.0959664246787322,0.0949693408703755,474.315988779068,2.445040941238404,2.399388551712036,0.6869849717010728,,,,11.0,,,,,,0.2,0.0004385170256085,10.0,0.8972612866432508,1.0,20.0,8.0,255.0,-1.0
anpboost-in_context-danceability-seed2,4bvams1h,2026-07-21T14:36:13Z,anpboost,in_context,2,rmse,0.1513222170753713,0.0946239648139774,0.1513148696477095,0.0923313072280562,1778.0721006393433,2.3787310123443604,2.53690767288208,0.6896741588925828,,,,54.0,,,,,,0.2,2.017016316297149e-05,20.0,0.0582929613195039,1.0,1000.0,8.0,255.0,-1.0
anpboost-in_context-danceability-seed2,5aschbe4,2026-07-21T11:36:41Z,anpboost,in_context,2,rmse,0.131566700560383,0.0953604048918405,0.1312838647861555,0.0918711330004037,1033.5871703624723,2.478628635406494,2.5698447227478027,0.6946579290947044,,,,53.0,,,,,,0.2,5.4597054376998136e-05,10.0,0.1053508308667582,0.0,20.0,4.0,255.0,-1.0
anpboost-in_context-danceability-seed2,6w8y6k6z,2026-07-21T09:32:37Z,anpboost,in_context,2,rmse,0.2013031694387765,0.0941595195421295,0.2015027194068342,0.0917990897599342,1080.2523019313812,2.443403482437134,2.526956796646118,0.6659785440713154,,,,25.0,,,,,,0.0,1.5865500409725956e-05,20.0,0.019901994840577,0.0,100.0,4.0,255.0,-1.0
anpboost-in_context-danceability-seed2,8shlpbbi,2026-07-21T12:54:09Z,anpboost,in_context,2,rmse,0.16435093249413,0.0942047513735857,0.1645192276879654,0.0925424336570508,435.17991042137146,2.245866298675537,2.429670810699463,0.6665869990615768,,,,7.0,,,,,,0.0,0.0002507518284371,10.0,0.0302023368339538,1.0,10.0,8.0,255.0,-1.0
anpboost-in_context-danceability-seed2,cr9yjdo5,2026-07-21T10:23:48Z,anpboost,in_context,2,rmse,0.0549212640314479,0.0953562031169734,0.0547110485551879,0.0943805361981791,521.7307770252228,2.561980962753296,2.6518092155456543,0.6670481138717637,,,,15.0,,,,,,0.2,0.000956484407922,10.0,0.0109977032995056,0.0,100.0,4.0,255.0,-1.0
anpboost-in_context-danceability-seed2,dg3m0x7k,2026-07-21T10:32:42Z,anpboost,in_context,2,rmse,0.0524023017169241,0.0959501589698098,0.051977069582011,0.0941531316079414,1065.619074344635,2.4988741874694824,2.8299500942230225,0.6733258107026499,,,,54.0,,,,,,0.2,0.0002371245680478,10.0,0.0322020325894309,1.0,100.0,16.0,255.0,-1.0
anpboost-in_context-danceability-seed2,drw4mfdv,2026-07-21T10:50:41Z,anpboost,in_context,2,rmse,0.18906281038296,0.0940854366314306,0.1892407060134896,0.0918983567408235,453.9402914047241,2.0345394611358643,2.123720407485962,0.6718975857647141,,,,10.0,,,,,,0.0,0.0001083323625032,10.0,0.1351582698334605,0.0,100.0,8.0,255.0,-1.0
anpboost-in_context-danceability-seed2,ew6uitmm,2026-07-21T12:29:33Z,anpboost,in_context,2,rmse,0.1071419952571292,0.0956324642157354,0.107098880853988,0.094012858094402,686.0899982452393,2.386594295501709,2.3990254402160645,0.6783407865188377,,,,27.0,,,,,,0.2,0.0001496922341954,10.0,0.0831211929407696,1.0,1000.0,4.0,255.0,-1.0
anpboost-in_context-danceability-seed2,ihlvlg6d,2026-07-21T09:25:14Z,anpboost,in_context,2,rmse,0.1523750265816105,0.094901802809004,0.1526808193523792,0.0946810650979747,429.6506035327912,2.34154748916626,2.3084793090820312,0.666738026909433,,,,25.0,,,,,,0.0,0.0001721990923545,5.0,0.1380161223304589,0.0,1000.0,16.0,255.0,-1.0
anpboost-in_context-danceability-seed2,inegs95t,2026-07-21T12:09:31Z,anpboost,in_context,2,rmse,0.203015809210731,0.093145180890238,0.2032034913056135,0.0902278555121488,1188.5215690135956,2.605039119720459,2.5203747749328613,0.6600940810143715,,,,29.0,,,,,,0.0,1.2904721633073898e-05,20.0,0.2325748079967941,0.0,100.0,8.0,255.0,-1.0
anpboost-in_context-danceability-seed2,j7ukpl0b,2026-07-21T12:41:11Z,anpboost,in_context,2,rmse,0.117937393914503,0.094701956534566,0.1177795423985325,0.0925200280829034,765.6808054447174,2.4533653259277344,2.491260528564453,0.6815770173827188,,,,59.0,,,,,,0.2,0.0001181285816262,5.0,0.0610030224551816,0.0,10.0,8.0,255.0,-1.0
anpboost-in_context-danceability-seed2,jpfjyob7,2026-07-21T14:18:10Z,anpboost,in_context,2,rmse,0.2046955188957593,0.1022402218865598,0.2051157037838171,0.1008000735786159,526.0284974575043,2.603459358215332,2.3391566276550293,0.7275393546751794,,,,37.0,,,,,,0.0,3.9184339457363744e-05,5.0,0.7978205565731539,1.0,100.0,16.0,255.0,-1.0
anpboost-in_context-danceability-seed2,jq428zqn,2026-07-21T08:22:49Z,anpboost,in_context,2,rmse,0.1129706359348414,0.0950048476814484,0.1130056778811504,0.093683926773004,712.4421677589417,3.010026216506958,2.252655267715454,0.6696677693955206,,,,27.0,,,,,,0.2,0.0001381635682257,10.0,0.0261669745608544,1.0,20.0,8.0,255.0,-1.0
anpboost-in_context-danceability-seed2,m5ek49gc,2026-07-21T11:54:07Z,anpboost,in_context,2,rmse,0.203538503583024,0.0934365839451897,0.2038504702381361,0.091504112315542,910.722326040268,2.8104076385498047,2.6401875019073486,0.6793284909358717,,,,40.0,,,,,,0.0,1.8406671834517417e-05,10.0,0.3476654204795515,0.0,20.0,8.0,255.0,-1.0
anpboost-in_context-danceability-seed2,mc5oou1w,2026-07-21T09:50:51Z,anpboost,in_context,2,rmse,0.1671113034432917,0.0949164369129806,0.1674149189325131,0.094263975486431,409.79075384140015,2.5488274097442627,2.452184200286865,0.666194380671341,,,,6.0,,,,,,0.0,0.0002780425090632,10.0,0.0105542692281163,1.0,20.0,8.0,255.0,-1.0
anpboost-in_context-danceability-seed2,ppwi3zjk,2026-07-21T13:12:00Z,anpboost,in_context,2,rmse,0.1764983303774287,0.092969710118192,0.1765982743022299,0.0897602116668893,1784.2547364234924,2.6280617713928223,2.61492657661438,0.7054791187757387,,,,179.0,,,,,,0.2,1.5820851730418417e-05,5.0,0.0450196136386975,1.0,100.0,16.0,255.0,-1.0
anpboost-in_context-danceability-seed2,qt0l0e4d,2026-07-21T13:41:57Z,anpboost,in_context,2,rmse,0.2059761325008564,0.0933332796984906,0.2062511675462866,0.0916025544735914,1000.8008236885072,2.564419269561768,2.595533847808838,0.6645651322530682,,,,20.0,,,,,,0.0,1.702035422361917e-05,20.0,0.0657821692431908,1.0,20.0,16.0,255.0,-1.0
anpboost-in_context-danceability-seed2,qx19pxb1,2026-07-21T15:06:07Z,anpboost,in_context,2,rmse,0.2060927271643498,0.093071045184495,0.2063229401817683,0.0905716633914102,599.4020175933838,2.474504232406616,2.5146803855896,0.6723287027849701,,,,43.0,,,,,,0.0,3.1392574253118284e-05,5.0,0.1121865737283773,0.0,10.0,4.0,255.0,-1.0
anpboost-in_context-danceability-seed2,rjvya24x,2026-07-21T07:54:54Z,anpboost,in_context,2,rmse,0.0521203502555566,0.0949861659972431,0.052339299141995,0.0946251824633153,837.7159922122955,2.2820262908935547,2.566107273101806,0.6709806134542533,,,,39.0,,,,,,0.2,0.0003600091192911,10.0,0.083744968684368,0.0,100.0,16.0,255.0,-1.0
anpboost-in_context-danceability-seed2,rvhbkeqe,2026-07-21T09:11:11Z,anpboost,in_context,2,rmse,0.1258336822214036,0.0962493352878225,0.1257279437145439,0.0935820508105855,404.8514304161072,2.365816831588745,2.3655481338500977,0.6761336298523191,,,,7.0,,,,,,0.0,0.0004548624208721,10.0,0.2953847324956156,0.0,20.0,4.0,255.0,-1.0
anpboost-in_context-danceability-seed2,sg5j2uso,2026-07-21T09:18:08Z,anpboost,in_context,2,rmse,0.1303797141174597,0.0955249496643952,0.1302615870860323,0.0926927594111744,414.6434600353241,2.0243916511535645,2.281917095184326,0.664973306082295,,,,7.0,,,,,,0.0,0.0004242243954166,10.0,0.5800570688908553,1.0,20.0,4.0,255.0,-1.0
anpboost-in_context-danceability-seed2,t6ykt6d1,2026-07-21T13:01:36Z,anpboost,in_context,2,rmse,0.0633265756723007,0.0961076131816428,0.0625250457520599,0.0932254571589453,612.3200764656067,2.1544384956359863,2.04799747467041,0.6671512374550848,,,,21.0,,,,,,0.2,0.0004276097878757,10.0,0.0133482983182945,0.0,100.0,4.0,255.0,-1.0
anpboost-in_context-danceability-seed2,ux3pvcah,2026-07-21T14:27:12Z,anpboost,in_context,2,rmse,0.1850052656438586,0.093526808978942,0.185140391933273,0.0914848987533665,527.3591721057892,2.751164197921753,2.6764440536499023,0.6691041190458751,,,,15.0,,,,,,0.0,7.917412954846521e-05,10.0,0.1011064623519062,0.0,20.0,8.0,255.0,-1.0
anpboost-in_context-danceability-seed2,vh04s9g1,2026-07-21T10:58:33Z,anpboost,in_context,2,rmse,0.0652251968620479,0.0959676964049403,0.0655035725267519,0.0961730299424384,428.2458872795105,2.6664743423461914,2.353163957595825,0.6653947547340634,,,,22.0,,,,,,0.2,0.0008392140711648,5.0,0.0107859712708854,0.0,10.0,8.0,255.0,-1.0
anpboost-in_context-danceability-seed2,wfwnq0ad,2026-07-21T08:43:02Z,anpboost,in_context,2,rmse,0.1868387343028505,0.0929748280155245,0.1869938172778136,0.0899021197341567,1676.0322196483612,2.5584611892700195,2.241278171539306,0.8257375850269333,,,,170.0,,,,,,0.2,1.343677338411072e-05,5.0,0.1113002415673063,1.0,10.0,4.0,255.0,-1.0
anpboost-in_context-danceability-seed2,wgybby2u,2026-07-21T07:41:22Z,anpboost,in_context,2,rmse,0.1241034256700557,0.0942628266383777,0.1241091350836256,0.0924984258784058,795.9940557479858,2.53721022605896,2.6379637718200684,0.673991598435844,,,,10.0,,,,,,0.2,0.0001605191133358,20.0,0.0750195444362012,1.0,20.0,4.0,255.0,-1.0
anpboost-in_context-danceability-seed2,yvxopxtu,2026-07-21T11:05:53Z,anpboost,in_context,2,rmse,0.1354481429277155,0.0918796542311418,0.1354414251883869,0.0896347000270429,1833.273327112198,2.475494146347046,2.410365581512451,0.8282170499302163,,,,187.0,,,,,,0.2,2.9067203620664195e-05,5.0,0.1823458458254781,0.0,10.0,8.0,255.0,-1.0
anpboost-in_context-danceability-seed2,zipmpi0x,2026-07-21T09:57:53Z,anpboost,in_context,2,rmse,0.0746417272310315,0.0956559824396958,0.0747234751509343,0.095097442564407,850.1545011997223,2.5483322143554688,2.7786567211151123,0.6748201958533497,,,,13.0,,,,,,0.2,0.0002563473332261,20.0,0.1427109105814198,1.0,1000.0,8.0,255.0,-1.0
anpboost-in_context-danceability-seed2,zw1sqqav,2026-07-21T10:12:24Z,anpboost,in_context,2,rmse,0.0702944537214373,0.0941148984091724,0.0700778487136891,0.0929587080261771,670.6040937900543,2.5294671058654785,2.5624923706054688,0.6668220566598382,,,,48.0,,,,,,0.2,0.0003013710908533,5.0,0.0130634630331783,0.0,10.0,8.0,255.0,-1.0
anpboost-in_context-danceability-seed3,0pb9kmew,2026-07-22T12:54:51Z,anpboost,in_context,3,rmse,0.0564426599237683,0.0955749204066236,0.0570039832585361,0.096454160659568,502.595591545105,1.3542284965515137,1.4342694282531738,0.6647275786091198,,,,26.0,,,,,,0.2,0.0004276097878757,10.0,0.0133482983182945,0.0,100.0,4.0,255.0,-1.0
anpboost-in_context-danceability-seed3,1yblllwi,2026-07-22T12:38:45Z,anpboost,in_context,3,rmse,0.1032290401501291,0.0935273638803372,0.1034205809559691,0.0923373599228386,608.7445969581604,1.6043751239776611,1.6238281726837158,0.6762092581540013,,,,71.0,,,,,,0.2,0.0001181285816262,5.0,0.0610030224551816,0.0,10.0,8.0,255.0,-1.0
anpboost-in_context-danceability-seed3,269kwyno,2026-07-22T12:26:27Z,anpboost,in_context,3,rmse,0.0676604164291611,0.0966591067698411,0.0670527551204747,0.09369175408939,725.764219045639,1.3337218761444092,1.6740422248840332,0.6878209528653876,,,,49.0,,,,,,0.2,0.0001496922341954,10.0,0.0831211929407696,1.0,1000.0,4.0,255.0,-1.0
anpboost-in_context-danceability-seed3,2tg2u23z,2026-07-22T11:02:38Z,anpboost,in_context,3,rmse,0.0830244243444175,0.0931632893103388,0.0833653646411672,0.093522693028364,474.9321389198303,1.4866585731506348,1.4098680019378662,0.6700362531852349,,,,24.0,,,,,,0.2,0.0002371245680478,10.0,0.0322020325894309,1.0,100.0,16.0,255.0,-1.0
anpboost-in_context-danceability-seed3,2xi38dkd,2026-07-22T13:03:23Z,anpboost,in_context,3,rmse,0.1888487957339013,0.0927131473274902,0.1893111392232339,0.0908533973626352,1043.6597352027893,1.648789882659912,1.6142666339874268,0.6956014012473889,,,,137.0,,,,,,0.2,1.5820851730418417e-05,5.0,0.0450196136386975,1.0,100.0,16.0,255.0,-1.0
anpboost-in_context-danceability-seed3,37uckxaj,2026-07-22T11:25:58Z,anpboost,in_context,3,rmse,0.1445727382235465,0.0923823192775076,0.1448537770158009,0.0905392840693687,1169.572571516037,1.6616830825805664,1.561042070388794,0.7901544448869594,,,,164.0,,,,,,0.2,2.9067203620664195e-05,5.0,0.1823458458254781,0.0,10.0,8.0,255.0,-1.0
anpboost-in_context-danceability-seed3,76iq7pl6,2026-07-22T13:59:39Z,anpboost,in_context,3,rmse,0.135307557876723,0.0974408456862894,0.1351373076638361,0.0932583374889842,1621.643006324768,1.6842617988586426,1.5770022869110107,0.6918188042557186,,,,68.0,,,,,,0.2,2.017016316297149e-05,20.0,0.0582929613195039,1.0,1000.0,8.0,255.0,-1.0
anpboost-in_context-danceability-seed3,9usy46hg,2026-07-22T10:28:48Z,anpboost,in_context,3,rmse,0.1218926285607018,0.0962274472558605,0.1220608732252232,0.0945836996526452,355.0119128227234,1.1729521751403809,1.0994863510131836,0.6649535846358121,,,,12.0,,,,,,0.0,0.0002780425090632,10.0,0.0105542692281163,1.0,20.0,8.0,255.0,-1.0
anpboost-in_context-danceability-seed3,aw8n0k75,2026-07-22T09:24:38Z,anpboost,in_context,3,rmse,0.0811982003923108,0.0980265045599604,0.0806762056515593,0.094988666758199,384.3183264732361,1.2747485637664795,1.4831900596618652,0.6816472894728233,,,,14.0,,,,,,0.2,0.0004385170256085,10.0,0.8972612866432508,1.0,20.0,8.0,255.0,-1.0
anpboost-in_context-danceability-seed3,bt8es7h3,2026-07-22T12:03:24Z,anpboost,in_context,3,rmse,0.2088269676765914,0.0931407547092879,0.2093797152892079,0.0914404986711689,558.4247369766235,1.5829670429229736,1.6115875244140625,0.6774021922161912,,,,33.0,,,,,,0.0,1.8406671834517417e-05,10.0,0.3476654204795515,0.0,20.0,8.0,255.0,-1.0
anpboost-in_context-danceability-seed3,dflqk54x,2026-07-22T11:45:38Z,anpboost,in_context,3,rmse,0.1007268157539857,0.0948044335395078,0.1006806725173839,0.0928027545193034,1036.1972227096558,1.6330130100250244,1.6719989776611328,0.6977987406028872,,,,79.0,,,,,,0.2,5.4597054376998136e-05,10.0,0.1053508308667582,0.0,20.0,4.0,255.0,-1.0
anpboost-in_context-danceability-seed3,di9iu1ew,2026-07-22T09:12:18Z,anpboost,in_context,3,rmse,0.0793154977648469,0.0953666937768189,0.0791813958243025,0.0935299680996265,686.6003894805908,1.616990089416504,1.5481760501861572,0.6702684540940879,,,,43.0,,,,,,0.2,0.0001381635682257,10.0,0.0261669745608544,1.0,20.0,8.0,255.0,-1.0
anpboost-in_context-danceability-seed3,dzrtj7hx,2026-07-22T10:09:07Z,anpboost,in_context,3,rmse,0.1627855459139856,0.09591975908473,0.1629056716457267,0.092791536160058,286.6384334564209,1.657315969467163,1.66929030418396,0.6600182729417047,,,,21.0,,,,,,0.0,0.0001721990923545,5.0,0.1380161223304589,0.0,1000.0,16.0,255.0,-1.0
anpboost-in_context-danceability-seed3,h7m7iar8,2026-07-22T13:20:57Z,anpboost,in_context,3,rmse,0.1956434529118875,0.0934464416548074,0.1959429517247061,0.0899959885881874,890.1408715248108,1.319950819015503,1.5561590194702148,0.6597970438301713,,,,27.0,,,,,,0.0,1.702035422361917e-05,20.0,0.0657821692431908,1.0,20.0,16.0,255.0,-1.0
anpboost-in_context-danceability-seed3,ikdgb5v3,2026-07-22T08:42:04Z,anpboost,in_context,3,rmse,0.0748127593185671,0.0954427701515239,0.0746616022718464,0.0939379640874768,807.2551860809326,1.5426430702209473,1.472201585769653,0.6713889327289265,,,,20.0,,,,,,0.2,0.0001605191133358,20.0,0.0750195444362012,1.0,20.0,4.0,255.0,-1.0
anpboost-in_context-danceability-seed3,js6xjzkf,2026-07-22T09:57:28Z,anpboost,in_context,3,rmse,0.0836434583722448,0.0962368364613464,0.0837027008681076,0.0953175071429821,370.9273190498352,1.8302462100982664,1.4871537685394287,0.6899854208077344,,,,13.0,,,,,,0.0,0.0004548624208721,10.0,0.2953847324956156,0.0,20.0,4.0,255.0,-1.0
anpboost-in_context-danceability-seed3,kc6bw2r5,2026-07-22T11:17:00Z,anpboost,in_context,3,rmse,0.0532679480011743,0.096930806964603,0.0519103413511107,0.0943956685562546,460.7541289329529,1.4186792373657229,1.446399211883545,0.6629520432092332,,,,50.0,,,,,,0.2,0.0008392140711648,5.0,0.0107859712708854,0.0,10.0,8.0,255.0,-1.0
anpboost-in_context-danceability-seed3,lhbjddhg,2026-07-22T10:54:56Z,anpboost,in_context,3,rmse,0.0540152637904008,0.0975960032996556,0.0530558728134572,0.0954078975527281,452.0965881347656,1.5283401012420654,1.6579902172088623,0.6652601138998828,,,,21.0,,,,,,0.2,0.000956484407922,10.0,0.0109977032995056,0.0,100.0,4.0,255.0,-1.0
anpboost-in_context-danceability-seed3,n05pr6x4,2026-07-22T13:35:57Z,anpboost,in_context,3,rmse,0.1175767451242169,0.0944062405615312,0.1177722608584368,0.0926708643759944,578.9228093624115,1.6795151233673096,1.5505495071411133,0.6970763371593879,,,,32.0,,,,,,0.2,0.0001082971516786,10.0,0.2589103504433043,0.0,20.0,16.0,255.0,-1.0
anpboost-in_context-danceability-seed3,n2jau730,2026-07-22T09:31:23Z,anpboost,in_context,3,rmse,0.1731064132120246,0.0929117695401869,0.1734931826657977,0.0910651986481688,1555.8861043453217,1.4472649097442627,1.626936912536621,0.8517312162116247,,,,224.0,,,,,,0.2,1.343677338411072e-05,5.0,0.1113002415673063,1.0,10.0,4.0,255.0,-1.0
anpboost-in_context-danceability-seed3,no789v56,2026-07-22T10:46:16Z,anpboost,in_context,3,rmse,0.0661954933614353,0.0945658522657956,0.0665705050427489,0.0949894791390995,478.9277896881103,1.548220157623291,1.5798108577728271,0.6630620021467012,,,,52.0,,,,,,0.2,0.0003013710908533,5.0,0.0130634630331783,0.0,10.0,8.0,255.0,-1.0
anpboost-in_context-danceability-seed3,ozd6ihx1,2026-07-22T10:34:52Z,anpboost,in_context,3,rmse,0.0704856795833819,0.0962273275293108,0.0703547435370624,0.0950328219580499,654.3407552242279,1.456022024154663,1.8422329425811768,0.6728799109280876,,,,14.0,,,,,,0.2,0.0002563473332261,20.0,0.1427109105814198,1.0,1000.0,8.0,255.0,-1.0
anpboost-in_context-danceability-seed3,p1x0e57a,2026-07-22T10:03:49Z,anpboost,in_context,3,rmse,0.1299598895167081,0.0947738968293077,0.13024987193106,0.0934010729493084,309.03584241867065,1.4963459968566897,1.648097276687622,0.6628028498958708,,,,7.0,,,,,,0.0,0.0004242243954166,10.0,0.5800570688908553,1.0,20.0,4.0,255.0,-1.0
anpboost-in_context-danceability-seed3,pdoyw4ph,2026-07-22T12:49:04Z,anpboost,in_context,3,rmse,0.1418632702393965,0.0959177777408401,0.1420220288895257,0.0942802132622749,336.3193736076355,1.5543081760406494,1.8186423778533936,0.6659965472130916,,,,10.0,,,,,,0.0,0.0002507518284371,10.0,0.0302023368339538,1.0,10.0,8.0,255.0,-1.0
anpboost-in_context-danceability-seed3,qajslegh,2026-07-22T13:52:51Z,anpboost,in_context,3,rmse,0.1819101991563021,0.0943005314272944,0.1822055929942431,0.091527724107191,397.6652400493622,1.508941650390625,1.683314085006714,0.6651119072961739,,,,16.0,,,,,,0.0,7.917412954846521e-05,10.0,0.1011064623519062,0.0,20.0,8.0,255.0,-1.0
anpboost-in_context-danceability-seed3,rfnwvlwd,2026-07-22T13:45:46Z,anpboost,in_context,3,rmse,0.2036402370433732,0.1018359799098065,0.2041548697295564,0.1009347040684017,403.90723061561584,1.4212300777435305,1.637189865112305,0.6287906623491613,,,,38.0,,,,,,0.0,3.9184339457363744e-05,5.0,0.7978205565731539,1.0,100.0,16.0,255.0,-1.0
anpboost-in_context-danceability-seed3,rvrb2kqv,2026-07-22T09:03:55Z,anpboost,in_context,3,rmse,0.2243184144445058,0.1039084277280187,0.2249388710719809,0.1031921493803376,491.5793581008911,1.609330654144287,1.895219326019287,3.305683368726779,,,,54.0,,,,,,0.2,1.090384328196852e-05,5.0,0.7717846862118062,0.0,20.0,4.0,255.0,-1.0
anpboost-in_context-danceability-seed3,u8ahxbt5,2026-07-22T08:56:16Z,anpboost,in_context,3,rmse,0.0716313076165556,0.0957626486167158,0.0715633415338119,0.0949555818465193,437.9324684143066,1.525402545928955,1.5287530422210691,0.6741013037596633,,,,20.0,,,,,,0.2,0.0003600091192911,10.0,0.083744968684368,0.0,100.0,16.0,255.0,-1.0
anpboost-in_context-danceability-seed3,y0s7w680,2026-07-22T10:14:10Z,anpboost,in_context,3,rmse,0.198355934437732,0.0946415970559415,0.1986044914577503,0.0908102771156133,868.683648109436,1.3478014469146729,1.4360432624816897,0.6624151234011195,,,,27.0,,,,,,0.0,1.5865500409725956e-05,20.0,0.019901994840577,0.0,100.0,4.0,255.0,-1.0
anpboost-in_context-danceability-seed3,z0hz7c16,2026-07-22T11:10:43Z,anpboost,in_context,3,rmse,0.1724883548653598,0.0934969920763909,0.1728485236936485,0.091862531172025,362.8041496276856,1.5946555137634275,1.464608907699585,0.6618259878637993,,,,14.0,,,,,,0.0,0.0001083323625032,10.0,0.1351582698334605,0.0,100.0,8.0,255.0,-1.0
anpboost-in_context-danceability-seed3,zesmhlwv,2026-07-22T12:13:00Z,anpboost,in_context,3,rmse,0.2105722703949672,0.0927200755106061,0.2110755085878643,0.0904310749545804,778.9766302108765,1.644097089767456,1.4953296184539795,0.6550374793866993,,,,22.0,,,,,,0.0,1.2904721633073898e-05,20.0,0.2325748079967941,0.0,100.0,8.0,255.0,-1.0
anpboost-in_context-danceability-seed3,zt6vut5k,2026-07-22T14:26:51Z,anpboost,in_context,3,rmse,0.1985417570538582,0.0935221814624798,0.198828680450133,0.0900107426981305,510.7803509235382,1.5610685348510742,1.689305305480957,0.669166013084783,,,,54.0,,,,,,0.0,3.1392574253118284e-05,5.0,0.1121865737283773,0.0,10.0,4.0,255.0,-1.0
anpboost-in_context-danceability-seed4,2g9wrre1,2026-07-22T13:39:20Z,anpboost,in_context,4,rmse,0.18458507929311,0.0921366300276303,0.1851975533527432,0.0911891807182468,411.13645792007446,1.3657660484313965,1.5456862449645996,0.6693396831866016,,,,15.0,,,,,,0.0,7.917412954846521e-05,10.0,0.1011064623519062,0.0,20.0,8.0,255.0,-1.0
anpboost-in_context-danceability-seed4,3bkw5f6p,2026-07-22T11:28:59Z,anpboost,in_context,4,rmse,0.1676759303646651,0.0928600168852303,0.1680483395203623,0.0900026829567723,874.8040192127228,1.6612951755523682,1.6533899307250977,0.7886982857870032,,,,114.0,,,,,,0.2,2.9067203620664195e-05,5.0,0.1823458458254781,0.0,10.0,8.0,255.0,-1.0
anpboost-in_context-danceability-seed4,3fsddnsb,2026-07-22T14:13:54Z,anpboost,in_context,4,rmse,0.203085266539855,0.0921362423477259,0.2036505463531545,0.0903499793379275,463.3138883113861,1.5982754230499268,1.5773091316223145,0.6719406250708997,,,,47.0,,,,,,0.0,3.1392574253118284e-05,5.0,0.1121865737283773,0.0,10.0,4.0,255.0,-1.0
anpboost-in_context-danceability-seed4,4lidqygr,2026-07-22T11:14:42Z,anpboost,in_context,4,rmse,0.1845066262833977,0.0915930809365191,0.1850733573517849,0.0907676536672998,350.7324793338776,1.4275970458984375,1.5097062587738037,0.6625126444443206,,,,11.0,,,,,,0.0,0.0001083323625032,10.0,0.1351582698334605,0.0,100.0,8.0,255.0,-1.0
anpboost-in_context-danceability-seed4,5p76kvvf,2026-07-22T12:49:21Z,anpboost,in_context,4,rmse,0.1794923916916174,0.09326829693724,0.1798759436248336,0.0904978155011499,1265.2950158119202,1.601860761642456,1.5488996505737305,0.7001422863741146,,,,168.0,,,,,,0.2,1.5820851730418417e-05,5.0,0.0450196136386975,1.0,100.0,16.0,255.0,-1.0
anpboost-in_context-danceability-seed4,6470rxeh,2026-07-22T11:21:27Z,anpboost,in_context,4,rmse,0.0523104073279274,0.0940850526630486,0.0529789918637847,0.094332010200382,417.3152425289154,1.3278584480285645,1.2563486099243164,0.6649850742805186,,,,40.0,,,,,,0.2,0.0008392140711648,5.0,0.0107859712708854,0.0,10.0,8.0,255.0,-1.0
anpboost-in_context-danceability-seed4,9dil9570,2026-07-22T10:34:55Z,anpboost,in_context,4,rmse,0.0741564873470917,0.0949567776527159,0.0746072688318136,0.0955145768732095,681.0485796928406,1.3285822868347168,1.3941879272460938,0.6699511027245098,,,,13.0,,,,,,0.2,0.0002563473332261,20.0,0.1427109105814198,1.0,1000.0,8.0,255.0,-1.0
anpboost-in_context-danceability-seed4,a110xqo8,2026-07-22T13:34:18Z,anpboost,in_context,4,rmse,0.219344855817549,0.1020698182018476,0.2200676438799133,0.1011601467893439,290.9318647384644,1.4736487865447998,1.5881218910217283,0.6947721453534351,,,,20.0,,,,,,0.0,3.9184339457363744e-05,5.0,0.7978205565731539,1.0,100.0,16.0,255.0,-1.0
anpboost-in_context-danceability-seed4,blmf1340,2026-07-22T10:55:54Z,anpboost,in_context,4,rmse,0.0527115391408406,0.0949645854106504,0.0538326451316999,0.096245182732575,504.8946540355682,1.4342303276062012,1.5536155700683594,0.6666800835550647,,,,25.0,,,,,,0.2,0.000956484407922,10.0,0.0109977032995056,0.0,100.0,4.0,255.0,-1.0
anpboost-in_context-danceability-seed4,cqj03p6t,2026-07-22T09:05:22Z,anpboost,in_context,4,rmse,0.2279675553380878,0.1043009889949322,0.2286415114724563,0.1027094297959896,414.6876881122589,1.2895300388336182,1.4832758903503418,2.898718088601775,,,,41.0,,,,,,0.2,1.090384328196852e-05,5.0,0.7717846862118062,0.0,20.0,4.0,255.0,-1.0
anpboost-in_context-danceability-seed4,gr3tgo97,2026-07-22T08:56:29Z,anpboost,in_context,4,rmse,0.0573381349087027,0.0934067384573219,0.0570693951841844,0.0919071521610179,522.2347388267517,1.457090139389038,1.588536262512207,0.6650728175792773,,,,28.0,,,,,,0.2,0.0003600091192911,10.0,0.083744968684368,0.0,100.0,16.0,255.0,-1.0
anpboost-in_context-danceability-seed4,h9c0dsnx,2026-07-22T10:12:58Z,anpboost,in_context,4,rmse,0.1955949414461203,0.0921525652209528,0.1962125034087607,0.0918157767734702,931.7934386730194,1.6807947158813477,1.642820119857788,0.665710458802209,,,,29.0,,,,,,0.0,1.5865500409725956e-05,20.0,0.019901994840577,0.0,100.0,4.0,255.0,-1.0
anpboost-in_context-danceability-seed4,hil6x8xy,2026-07-22T09:31:05Z,anpboost,in_context,4,rmse,0.1752916407598441,0.0933206755944838,0.1756535321058538,0.089978941564466,1520.9656126499176,1.6195719242095947,1.506967544555664,0.8454485222226806,,,,215.0,,,,,,0.2,1.343677338411072e-05,5.0,0.1113002415673063,1.0,10.0,4.0,255.0,-1.0
anpboost-in_context-danceability-seed4,hpsuslzb,2026-07-22T10:02:50Z,anpboost,in_context,4,rmse,0.140272112645321,0.0948970775633181,0.1406756211975999,0.0941865159932882,306.65403938293457,1.4895732402801514,1.5440099239349363,0.7035313645282392,,,,6.0,,,,,,0.0,0.0004242243954166,10.0,0.5800570688908553,1.0,20.0,4.0,255.0,-1.0
anpboost-in_context-danceability-seed4,k35va0rd,2026-07-22T10:46:49Z,anpboost,in_context,4,rmse,0.061136748095298,0.0929080332161559,0.0616896657124618,0.0937934383277082,534.4578216075897,1.404698371887207,1.4458043575286863,0.6658123195648713,,,,58.0,,,,,,0.2,0.0003013710908533,5.0,0.0130634630331783,0.0,10.0,8.0,255.0,-1.0
anpboost-in_context-danceability-seed4,mryhhgj3,2026-07-22T12:37:25Z,anpboost,in_context,4,rmse,0.1637381639017848,0.0922890505663283,0.1642948352486078,0.0924924742383264,315.6358723640442,1.602485418319702,1.705456256866455,0.6693724929500444,,,,7.0,,,,,,0.0,0.0002507518284371,10.0,0.0302023368339538,1.0,10.0,8.0,255.0,-1.0
anpboost-in_context-danceability-seed4,n84ujt91,2026-07-22T09:12:28Z,anpboost,in_context,4,rmse,0.0998543727617322,0.0943911393703042,0.1002146080759604,0.0935657980659858,584.5499613285065,1.4656836986541748,1.5037715435028076,0.6712661231769236,,,,32.0,,,,,,0.2,0.0001381635682257,10.0,0.0261669745608544,1.0,20.0,8.0,255.0,-1.0
anpboost-in_context-danceability-seed4,nnxamoks,2026-07-22T13:10:37Z,anpboost,in_context,4,rmse,0.1984383698222495,0.0920639904193382,0.1989503557031804,0.0905951778998121,855.2588422298431,1.5428855419158936,1.5827429294586182,0.6628034270131317,,,,25.0,,,,,,0.0,1.702035422361917e-05,20.0,0.0657821692431908,1.0,20.0,16.0,255.0,-1.0
anpboost-in_context-danceability-seed4,nr9nvzmo,2026-07-22T12:19:10Z,anpboost,in_context,4,rmse,0.0991555548086554,0.0959307348574936,0.0992624964450766,0.0943634411057657,555.5647912025452,1.8691303730010984,1.4464762210845947,0.6845603211876264,,,,30.0,,,,,,0.2,0.0001496922341954,10.0,0.0831211929407696,1.0,1000.0,4.0,255.0,-1.0
anpboost-in_context-danceability-seed4,oo72lg15,2026-07-22T11:43:44Z,anpboost,in_context,4,rmse,0.1368819413342026,0.0942900547902206,0.1371086187623295,0.0921434490146465,742.0146777629852,1.5838053226470947,1.607459306716919,0.6961884246369315,,,,49.0,,,,,,0.2,5.4597054376998136e-05,10.0,0.1053508308667582,0.0,20.0,4.0,255.0,-1.0
anpboost-in_context-danceability-seed4,qb78mfnv,2026-07-22T09:56:36Z,anpboost,in_context,4,rmse,0.0935683330210373,0.0941957985332698,0.0939824243397667,0.0944710658486976,353.0986032485962,1.8129937648773191,1.578000545501709,0.7001352605177817,,,,11.0,,,,,,0.0,0.0004548624208721,10.0,0.2953847324956156,0.0,20.0,4.0,255.0,-1.0
anpboost-in_context-danceability-seed4,sdqbz4fj,2026-07-22T11:04:41Z,anpboost,in_context,4,rmse,0.0718481859147582,0.0934749835070541,0.072755509924104,0.0954671899617428,538.3104791641235,1.3815321922302246,1.6848511695861816,0.6689547564979509,,,,29.0,,,,,,0.2,0.0002371245680478,10.0,0.0322020325894309,1.0,100.0,16.0,255.0,-1.0
anpboost-in_context-danceability-seed4,sk0hebdn,2026-07-22T10:08:07Z,anpboost,in_context,4,rmse,0.1657274335838866,0.0944105208635294,0.1661757562523505,0.092905023080578,281.48951053619385,1.5613481998443604,1.6997110843658447,0.6815390468147869,,,,20.0,,,,,,0.0,0.0001721990923545,5.0,0.1380161223304589,0.0,1000.0,16.0,255.0,-1.0
anpboost-in_context-danceability-seed4,t5svkfs8,2026-07-22T11:56:24Z,anpboost,in_context,4,rmse,0.2180138376260428,0.0930621455354763,0.2186683669678006,0.0904566304652227,469.6473574638366,1.4953248500823977,1.5150477886199951,0.6818680734324346,,,,22.0,,,,,,0.0,1.8406671834517417e-05,10.0,0.3476654204795515,0.0,20.0,8.0,255.0,-1.0
anpboost-in_context-danceability-seed4,t8odr3sq,2026-07-22T08:42:04Z,anpboost,in_context,4,rmse,0.0742400592755021,0.0932918927813786,0.0747091846630949,0.0936545101914886,811.8552799224854,1.4695053100585938,1.304764986038208,0.673955370077552,,,,20.0,,,,,,0.2,0.0001605191133358,20.0,0.0750195444362012,1.0,20.0,4.0,255.0,-1.0
anpboost-in_context-danceability-seed4,tjjvprk8,2026-07-22T10:28:48Z,anpboost,in_context,4,rmse,0.1495060836943048,0.0940351887088707,0.1499761052458763,0.0938649300033643,334.5100917816162,1.2258799076080322,1.4520375728607178,0.6675392940036105,,,,8.0,,,,,,0.0,0.0002780425090632,10.0,0.0105542692281163,1.0,20.0,8.0,255.0,-1.0
anpboost-in_context-danceability-seed4,ucfcw938,2026-07-22T12:28:36Z,anpboost,in_context,4,rmse,0.1240367275074215,0.0935562500173613,0.1242952776300927,0.0922064536009168,514.6987051963806,1.547607660293579,1.4565401077270508,0.6745339633050857,,,,54.0,,,,,,0.2,0.0001181285816262,5.0,0.0610030224551816,0.0,10.0,8.0,255.0,-1.0
anpboost-in_context-danceability-seed4,voloubkm,2026-07-22T09:22:22Z,anpboost,in_context,4,rmse,0.0567171621841222,0.0992254769208069,0.0555681288076125,0.0959198397770011,509.5308711528778,1.347952127456665,1.6303596496582031,0.7109757752609018,,,,27.0,,,,,,0.2,0.0004385170256085,10.0,0.8972612866432508,1.0,20.0,8.0,255.0,-1.0
anpboost-in_context-danceability-seed4,wpgw3aq6,2026-07-22T12:42:50Z,anpboost,in_context,4,rmse,0.0870112767780684,0.0949237279240873,0.0873221856418828,0.0948009481260318,381.1707663536072,1.4489893913269043,1.3543620109558103,0.6675880036364611,,,,13.0,,,,,,0.2,0.0004276097878757,10.0,0.0133482983182945,0.0,100.0,4.0,255.0,-1.0
anpboost-in_context-danceability-seed4,wsbyigmr,2026-07-22T13:25:03Z,anpboost,in_context,4,rmse,0.1277098734154092,0.0942541959440759,0.1279101742756679,0.0920808454889306,544.6982524394989,1.6689491271972656,1.845038652420044,0.7076273970412889,,,,28.0,,,,,,0.2,0.0001082971516786,10.0,0.2589103504433043,0.0,20.0,16.0,255.0,-1.0
anpboost-in_context-danceability-seed4,wxgei4xh,2026-07-22T12:04:55Z,anpboost,in_context,4,rmse,0.2094355823604075,0.0923741307480099,0.2099697617798362,0.0897432649833906,812.2851066589355,1.4695000648498535,1.5754859447479248,0.6525350818776425,,,,23.0,,,,,,0.0,1.2904721633073898e-05,20.0,0.2325748079967941,0.0,100.0,8.0,255.0,-1.0
anpboost-in_context-danceability-seed4,zpp7o28x,2026-07-22T13:46:21Z,anpboost,in_context,4,rmse,0.135109603172298,0.0955714305893733,0.1352288498269467,0.0929245252783018,1640.972674369812,1.665677547454834,1.441894769668579,0.6960508372628648,,,,68.0,,,,,,0.2,2.017016316297149e-05,20.0,0.0582929613195039,1.0,1000.0,8.0,255.0,-1.0
anpboost-few_shot-danceability-seed0,0ofcjnz1,2026-07-21T16:45:26Z,anpboost,few_shot,0,rmse,0.1686719016188703,0.1020222105499876,0.1703364812470099,0.1114600343412618,366.8064177036285,0.8923368453979492,0.94566011428833,0.6894725054310257,,,,7.0,,,,,,0.0,0.0004548624208721,10.0,0.2953847324956156,0.0,20.0,4.0,255.0,-1.0
anpboost-few_shot-danceability-seed0,0pq10qjg,2026-07-21T19:06:38Z,anpboost,few_shot,0,rmse,0.2144968004055552,0.0970212532512422,0.2162019121328861,0.1088378332265705,815.1720771789551,0.8833844661712646,0.8712625503540039,0.6832697879899877,,,,51.0,,,,,,0.0,1.8406671834517417e-05,10.0,0.3476654204795515,0.0,20.0,8.0,255.0,-1.0
anpboost-few_shot-danceability-seed0,14tr79a1,2026-07-21T19:39:38Z,anpboost,few_shot,0,rmse,0.0922357855185404,0.1058348915376644,0.0962843761968342,0.1207295217834374,998.6993932724,0.985213041305542,0.9214749336242676,0.7009648178567046,,,,65.0,,,,,,0.2,0.0001496922341954,10.0,0.0831211929407696,1.0,1000.0,4.0,255.0,-1.0
anpboost-few_shot-danceability-seed0,4djtxqag,2026-07-21T21:14:56Z,anpboost,few_shot,0,rmse,0.2362478106095779,0.108248008664146,0.2379187404290263,0.1188078094783148,210.0175583362579,0.6385736465454102,0.5993368625640869,0.6347383930317361,,,,8.0,,,,,,0.0,3.9184339457363744e-05,5.0,0.7978205565731539,1.0,100.0,16.0,255.0,-1.0
anpboost-few_shot-danceability-seed0,5yt6raih,2026-07-21T20:23:33Z,anpboost,few_shot,0,rmse,0.203068693543725,0.0988659293611679,0.2047316122170697,0.1093882669120735,1489.9370691776276,0.867436408996582,0.9055893421173096,0.7129514564865791,,,,182.0,,,,,,0.2,1.5820851730418417e-05,5.0,0.0450196136386975,1.0,100.0,16.0,255.0,-1.0
anpboost-few_shot-danceability-seed0,6nqcgzda,2026-07-21T15:23:04Z,anpboost,few_shot,0,rmse,0.1262900965443248,0.1057671546639406,0.1293168146955263,0.120416552502762,824.6515362262726,0.8438370227813721,0.8685338497161865,0.6825558680221513,,,,19.0,,,,,,0.2,0.0001605191133358,20.0,0.0750195444362012,1.0,20.0,4.0,255.0,-1.0
anpboost-few_shot-danceability-seed0,6rcluj77,2026-07-21T17:31:03Z,anpboost,few_shot,0,rmse,0.1250498930742845,0.1026717907536954,0.1285215640318615,0.1199030307312253,717.9940688610077,0.7990214824676514,0.9363439083099364,0.6838672996071425,,,,12.0,,,,,,0.2,0.0002563473332261,20.0,0.1427109105814198,1.0,1000.0,8.0,255.0,-1.0
anpboost-few_shot-danceability-seed0,ao9734ke,2026-07-21T15:59:06Z,anpboost,few_shot,0,rmse,0.092338258737841,0.1055474784756188,0.095628164232789,0.1172723457059748,1003.3243074417114,1.06711745262146,0.8893859386444092,0.6867169377652053,,,,70.0,,,,,,0.2,0.0001381635682257,10.0,0.0261669745608544,1.0,20.0,8.0,255.0,-1.0
anpboost-few_shot-danceability-seed0,bc0omwra,2026-07-21T16:21:44Z,anpboost,few_shot,0,rmse,0.2078634860270564,0.0995698747176499,0.2096635171648178,0.1112108410965,1414.5954043865204,0.9253103733062744,0.882493257522583,0.8217159928581327,,,,183.0,,,,,,0.2,1.343677338411072e-05,5.0,0.1113002415673063,1.0,10.0,4.0,255.0,-1.0
anpboost-few_shot-danceability-seed0,bfi58k91,2026-07-21T19:56:25Z,anpboost,few_shot,0,rmse,0.1630104406817313,0.1018866278580321,0.1650218740045398,0.1133685384939839,594.297700881958,0.8737077713012695,0.8947603702545166,0.6831253848492759,,,,59.0,,,,,,0.2,0.0001181285816262,5.0,0.0610030224551816,0.0,10.0,8.0,255.0,-1.0
anpboost-few_shot-danceability-seed0,bwj2hkz0,2026-07-21T18:19:58Z,anpboost,few_shot,0,rmse,0.0567567824928445,0.1017738716783485,0.0679035991454375,0.1216448634476511,657.3569786548615,1.0056464672088623,0.9349219799041748,0.6833771527716502,,,,68.0,,,,,,0.2,0.0008392140711648,5.0,0.0107859712708854,0.0,10.0,8.0,255.0,-1.0
anpboost-few_shot-danceability-seed0,c12wvoy6,2026-07-21T21:26:06Z,anpboost,few_shot,0,rmse,0.1858511517526275,0.1066022908337452,0.1875599496482164,0.1163207406810259,1212.2933089733124,0.515235185623169,0.5243141651153564,0.7030494141453055,,,,57.0,,,,,,0.2,2.017016316297149e-05,20.0,0.0582929613195039,1.0,1000.0,8.0,255.0,-1.0
anpboost-few_shot-danceability-seed0,cs4p68ft,2026-07-21T17:43:08Z,anpboost,few_shot,0,rmse,0.1047707318676237,0.1034782046820711,0.1087422956838276,0.1200704282231644,528.728734254837,0.8301122188568115,0.7852110862731934,0.6859508659274547,,,,54.0,,,,,,0.2,0.0003013710908533,5.0,0.0130634630331783,0.0,10.0,8.0,255.0,-1.0
anpboost-few_shot-danceability-seed0,fmm3dsc9,2026-07-21T19:20:21Z,anpboost,few_shot,0,rmse,0.2153758415390189,0.0969082758646582,0.217164360330099,0.1096840914796903,1137.439207792282,1.0167484283447266,0.9757647514343262,0.6772925119190223,,,,35.0,,,,,,0.0,1.2904721633073898e-05,20.0,0.2325748079967941,0.0,100.0,8.0,255.0,-1.0
anpboost-few_shot-danceability-seed0,g22uar20,2026-07-21T18:31:04Z,anpboost,few_shot,0,rmse,0.1826903580841388,0.1007175498351303,0.1842264340785403,0.1093546556284118,1357.7156567573547,0.8425273895263672,0.7838633060455322,0.9085056362112752,,,,167.0,,,,,,0.2,2.9067203620664195e-05,5.0,0.1823458458254781,0.0,10.0,8.0,255.0,-1.0
anpboost-few_shot-danceability-seed0,gwhbciej,2026-07-21T17:05:11Z,anpboost,few_shot,0,rmse,0.2086745288593734,0.1011309895857625,0.2105593893348737,0.1127832179184682,1154.1166362762451,0.795013427734375,0.7918627262115479,0.6806323728323471,,,,38.0,,,,,,0.0,1.5865500409725956e-05,20.0,0.019901994840577,0.0,100.0,4.0,255.0,-1.0
anpboost-few_shot-danceability-seed0,jrj6m22f,2026-07-21T20:14:26Z,anpboost,few_shot,0,rmse,0.0909246818859853,0.1059219877486922,0.0946069976063437,0.1187956369365112,537.3084785938263,1.0000300407409668,0.8493759632110596,0.6820791237771233,,,,24.0,,,,,,0.2,0.0004276097878757,10.0,0.0133482983182945,0.0,100.0,4.0,255.0,-1.0
anpboost-few_shot-danceability-seed0,k6tg6e6t,2026-07-21T18:54:19Z,anpboost,few_shot,0,rmse,0.1852462338390008,0.1015342487789583,0.1869423460748374,0.1118360533831392,732.2723956108093,0.9388461112976074,0.852618932723999,0.6815541589771903,,,,42.0,,,,,,0.2,5.4597054376998136e-05,10.0,0.1053508308667582,0.0,20.0,4.0,255.0,-1.0
anpboost-few_shot-danceability-seed0,kdzs6a4r,2026-07-21T16:52:04Z,anpboost,few_shot,0,rmse,0.1445925992231384,0.1002109278822619,0.1468127014758419,0.1126619784817855,386.91748428344727,0.874687910079956,0.8589537143707275,0.6882819557522085,,,,11.0,,,,,,0.0,0.0004242243954166,10.0,0.5800570688908553,1.0,20.0,4.0,255.0,-1.0
anpboost-few_shot-danceability-seed0,ksfguns3,2026-07-21T17:24:31Z,anpboost,few_shot,0,rmse,0.1703071740089777,0.101249888657139,0.1726808520990123,0.1154119859033302,383.9696958065033,0.915285587310791,0.8404383659362793,0.6850268592929044,,,,11.0,,,,,,0.0,0.0002780425090632,10.0,0.0105542692281163,1.0,20.0,8.0,255.0,-1.0
anpboost-few_shot-danceability-seed0,l2gojy7w,2026-07-21T16:58:41Z,anpboost,few_shot,0,rmse,0.1762159720525072,0.1031907948447397,0.1780904555571301,0.1133552716809404,381.9785890579224,0.7665812969207764,0.807145357131958,0.6982722268348608,,,,32.0,,,,,,0.0,0.0001721990923545,5.0,0.1380161223304589,0.0,1000.0,16.0,255.0,-1.0
anpboost-few_shot-danceability-seed0,lyj37gdt,2026-07-21T16:15:56Z,anpboost,few_shot,0,rmse,0.170330260161669,0.1063534769570648,0.1721460136947076,0.1159440049126899,340.5980257987976,0.9850785732269288,0.8451316356658936,0.6785278330916227,,,,7.0,,,,,,0.2,0.0004385170256085,10.0,0.8972612866432508,1.0,20.0,8.0,255.0,-1.0
anpboost-few_shot-danceability-seed0,nr56erj5,2026-07-21T21:18:33Z,anpboost,few_shot,0,rmse,0.1881034963477105,0.1001181092780128,0.1901288581838893,0.1123751189839384,444.9261598587036,0.6363956928253174,0.6650536060333252,0.6808970287534388,,,,27.0,,,,,,0.0,7.917412954846521e-05,10.0,0.1011064623519062,0.0,20.0,8.0,255.0,-1.0
anpboost-few_shot-danceability-seed0,p44rp3wn,2026-07-21T17:52:04Z,anpboost,few_shot,0,rmse,0.0608074362670811,0.1051694780626614,0.0690417468981484,0.1215382041224289,526.6526050567627,0.7785084247589111,0.7761693000793457,0.6838347879210058,,,,25.0,,,,,,0.2,0.000956484407922,10.0,0.0109977032995056,0.0,100.0,4.0,255.0,-1.0
anpboost-few_shot-danceability-seed0,qqgltfxc,2026-07-21T15:47:50Z,anpboost,few_shot,0,rmse,0.2307733188445572,0.1088784542650558,0.2322515627985147,0.1162948841742186,667.6867814064026,0.9353132247924804,0.9507553577423096,5.887216463957188,,,,68.0,,,,,,0.2,1.090384328196852e-05,5.0,0.7717846862118062,0.0,20.0,4.0,255.0,-1.0
anpboost-few_shot-danceability-seed0,qvrwx1em,2026-07-21T18:11:52Z,anpboost,few_shot,0,rmse,0.187485474746729,0.1002596878649359,0.1892813568454455,0.1109832639917344,475.8628494739533,0.8003125190734863,0.7288234233856201,0.6815948307042625,,,,20.0,,,,,,0.0,0.0001083323625032,10.0,0.1351582698334605,0.0,100.0,8.0,255.0,-1.0
anpboost-few_shot-danceability-seed0,rykcj0h7,2026-07-21T20:48:30Z,anpboost,few_shot,0,rmse,0.2064808418466838,0.0986389523407709,0.208211341786982,0.1093971335746034,1087.3420605659485,0.6320974826812744,0.6966874599456787,0.6716340579326264,,,,38.0,,,,,,0.0,1.702035422361917e-05,20.0,0.0657821692431908,1.0,20.0,16.0,255.0,-1.0
anpboost-few_shot-danceability-seed0,tzpmcmr7,2026-07-21T15:36:58Z,anpboost,few_shot,0,rmse,0.0808620048386043,0.1027520868642404,0.0844211737379106,0.1140242921990613,642.8279478549957,0.8839101791381836,0.8536155223846436,0.6709282635550012,,,,33.0,,,,,,0.2,0.0003600091192911,10.0,0.083744968684368,0.0,100.0,16.0,255.0,-1.0
anpboost-few_shot-danceability-seed0,uydmraza,2026-07-21T20:06:26Z,anpboost,few_shot,0,rmse,0.167063894901929,0.1024998912235137,0.1687118205314889,0.1108140563822177,402.70098304748535,0.9605424404144288,0.882256269454956,0.6860211114535771,,,,13.0,,,,,,0.0,0.0002507518284371,10.0,0.0302023368339538,1.0,10.0,8.0,255.0,-1.0
anpboost-few_shot-danceability-seed0,vri3zgio,2026-07-21T21:06:44Z,anpboost,few_shot,0,rmse,0.1748850473960889,0.1023622559480917,0.1762946041341548,0.1100614009175295,452.3321495056152,0.6666226387023926,0.6879067420959473,0.6444678631946525,,,,26.0,,,,,,0.2,0.0001082971516786,10.0,0.2589103504433043,0.0,20.0,16.0,255.0,-1.0
anpboost-few_shot-danceability-seed0,vse1k9wl,2026-07-21T21:46:31Z,anpboost,few_shot,0,rmse,0.206803353342302,0.097276312287506,0.2085297676277623,0.1089957444749631,529.9743773937225,0.5675625801086426,0.5641720294952393,0.6712783479304761,,,,81.0,,,,,,0.0,3.1392574253118284e-05,5.0,0.1121865737283773,0.0,10.0,4.0,255.0,-1.0
anpboost-few_shot-danceability-seed0,yg3j3v0w,2026-07-21T18:00:58Z,anpboost,few_shot,0,rmse,0.1080432491434729,0.1041364242228954,0.1122036304026721,0.1223754211193962,645.4507477283478,0.8647537231445312,0.8673484325408936,0.6817297714987921,,,,33.0,,,,,,0.2,0.0002371245680478,10.0,0.0322020325894309,1.0,100.0,16.0,255.0,-1.0
anpboost-few_shot-danceability-seed1,01kv0lbs,2026-07-21T20:05:39Z,anpboost,few_shot,1,rmse,0.2377894950747953,0.106984218473075,0.2389225051928301,0.1039207361433087,200.73102045059204,0.9533960819244384,0.93449068069458,0.6350027271892154,,,,6.0,,,,,,0.0,3.9184339457363744e-05,5.0,0.7978205565731539,1.0,100.0,16.0,255.0,-1.0
anpboost-few_shot-danceability-seed1,0z0bguo3,2026-07-21T17:05:24Z,anpboost,few_shot,1,rmse,0.1809010151295346,0.1081892745774585,0.1808182216187768,0.0995442654604572,528.8823783397675,0.7854049205780029,0.7869031429290771,0.6864367692694138,,,,5.0,,,,,,0.2,0.0002563473332261,20.0,0.1427109105814198,1.0,1000.0,8.0,255.0,-1.0
anpboost-few_shot-danceability-seed1,3hovyw7s,2026-07-21T20:44:57Z,anpboost,few_shot,1,rmse,0.2025982723161868,0.0964349935378505,0.2030628652650447,0.0910999374277657,773.5398817062378,0.9984807968139648,0.8930556774139404,0.6771737238366994,,,,94.0,,,,,,0.0,3.1392574253118284e-05,5.0,0.1121865737283773,0.0,10.0,4.0,255.0,-1.0
anpboost-few_shot-danceability-seed1,3kae9mvl,2026-07-21T17:35:36Z,anpboost,few_shot,1,rmse,0.1994573103314707,0.0991652539830157,0.1997592118471617,0.091637849978522,447.1946091651917,0.8433263301849365,0.8041729927062988,0.6639489462888514,,,,15.0,,,,,,0.0,0.0001083323625032,10.0,0.1351582698334605,0.0,100.0,8.0,255.0,-1.0
anpboost-few_shot-danceability-seed1,3lxnkbrr,2026-07-21T18:01:10Z,anpboost,few_shot,1,rmse,0.182696889068366,0.101919397749056,0.1828080395191016,0.094065875879375,719.6088461875916,0.8267438411712646,0.7322554588317871,0.6938908742366052,,,,45.0,,,,,,0.2,5.4597054376998136e-05,10.0,0.1053508308667582,0.0,20.0,4.0,255.0,-1.0
anpboost-few_shot-danceability-seed1,5kkmd448,2026-07-21T18:46:06Z,anpboost,few_shot,1,rmse,0.1398881327781232,0.1041759367605337,0.1399667699663399,0.0991216946759417,611.7800295352936,1.0397398471832275,0.8715701103210449,0.6925927770934285,,,,34.0,,,,,,0.2,0.0001496922341954,10.0,0.0831211929407696,1.0,1000.0,4.0,255.0,-1.0
anpboost-few_shot-danceability-seed1,5uj9j7zm,2026-07-21T19:56:54Z,anpboost,few_shot,1,rmse,0.1798040980031054,0.1009564040218923,0.1801257503108338,0.094545415621338,516.8770048618317,1.0933959484100342,0.936143159866333,0.646818221642495,,,,24.0,,,,,,0.2,0.0001082971516786,10.0,0.2589103504433043,0.0,20.0,16.0,255.0,-1.0
anpboost-few_shot-danceability-seed1,7fbr2fql,2026-07-21T18:27:14Z,anpboost,few_shot,1,rmse,0.2138172535580883,0.0973602441268066,0.2143310190652136,0.0902074843048378,1123.2672622203827,1.0061311721801758,0.8081443309783936,0.673311566404229,,,,38.0,,,,,,0.0,1.2904721633073898e-05,20.0,0.2325748079967941,0.0,100.0,8.0,255.0,-1.0
anpboost-few_shot-danceability-seed1,84kbwcav,2026-07-21T15:13:34Z,anpboost,few_shot,1,rmse,0.1634257724776806,0.1030463715365953,0.1634552857060921,0.0963304654726775,612.3114156723022,0.8910560607910156,0.8166399002075195,0.6841774303811635,,,,11.0,,,,,,0.2,0.0001605191133358,20.0,0.0750195444362012,1.0,20.0,4.0,255.0,-1.0
anpboost-few_shot-danceability-seed1,bgoazk54,2026-07-21T15:43:55Z,anpboost,few_shot,1,rmse,0.1075088155872627,0.1034442342018507,0.106713876763151,0.0960174662900692,865.5318987369537,0.967259168624878,0.8632075786590576,0.6822332046874988,,,,57.0,,,,,,0.2,0.0001381635682257,10.0,0.0261669745608544,1.0,20.0,8.0,255.0,-1.0
anpboost-few_shot-danceability-seed1,c5ma4qce,2026-07-21T20:17:18Z,anpboost,few_shot,1,rmse,0.1792246812976288,0.1062558750547378,0.178692877778981,0.0934826041622621,1651.855296611786,1.041872501373291,1.045792818069458,0.7098308280451255,,,,66.0,,,,,,0.2,2.017016316297149e-05,20.0,0.0582929613195039,1.0,1000.0,8.0,255.0,-1.0
anpboost-few_shot-danceability-seed1,dorsb964,2026-07-21T16:35:26Z,anpboost,few_shot,1,rmse,0.1867210425291544,0.100680951691347,0.186920954331634,0.0933786322978678,326.3322696685791,0.9842712879180908,0.8380153179168701,0.6820249035264232,,,,26.0,,,,,,0.0,0.0001721990923545,5.0,0.1380161223304589,0.0,1000.0,16.0,255.0,-1.0
anpboost-few_shot-danceability-seed1,f7eu8ixu,2026-07-21T18:57:03Z,anpboost,few_shot,1,rmse,0.1745272751448219,0.1017872767146497,0.174598823108137,0.0936962604734635,507.1115186214447,0.9858131408691406,0.998838186264038,0.6725159626082055,,,,49.0,,,,,,0.2,0.0001181285816262,5.0,0.0610030224551816,0.0,10.0,8.0,255.0,-1.0
anpboost-few_shot-danceability-seed1,fqnbi9rd,2026-07-21T15:33:35Z,anpboost,few_shot,1,rmse,0.2317277373970714,0.1080920172529772,0.2328591658003418,0.1034507772088029,612.3694341182709,1.0403170585632324,0.8510808944702148,5.80289297622886,,,,64.0,,,,,,0.2,1.090384328196852e-05,5.0,0.7717846862118062,0.0,20.0,4.0,255.0,-1.0
anpboost-few_shot-danceability-seed1,h4c929jp,2026-07-21T20:09:12Z,anpboost,few_shot,1,rmse,0.1954545202886084,0.0986337003965705,0.1957953410697653,0.0921184087053037,477.51286578178406,0.9607982635498048,0.8423502445220947,0.6731668045682765,,,,23.0,,,,,,0.0,7.917412954846521e-05,10.0,0.1011064623519062,0.0,20.0,8.0,255.0,-1.0
anpboost-few_shot-danceability-seed1,ha52m0o1,2026-07-21T16:40:59Z,anpboost,few_shot,1,rmse,0.2088820205124435,0.0993916880333216,0.2092257561947363,0.0921158063040997,1086.1832053661346,1.107616662979126,0.8983213901519775,0.6765622898141074,,,,38.0,,,,,,0.0,1.5865500409725956e-05,20.0,0.019901994840577,0.0,100.0,4.0,255.0,-1.0
anpboost-few_shot-danceability-seed1,iinpg0sb,2026-07-21T16:04:00Z,anpboost,few_shot,1,rmse,0.2117317054986026,0.1008065580341498,0.2122266863220298,0.0919433945923533,1190.229787826538,0.8432629108428955,0.8385665416717529,0.7949811821360938,,,,160.0,,,,,,0.2,1.343677338411072e-05,5.0,0.1113002415673063,1.0,10.0,4.0,255.0,-1.0
anpboost-few_shot-danceability-seed1,in7nr163,2026-07-21T15:23:54Z,anpboost,few_shot,1,rmse,0.085019999997625,0.1007813440196218,0.0839123856664676,0.09423520453495,572.9513740539551,0.9171268939971924,0.9233741760253906,0.6761833944629657,,,,31.0,,,,,,0.2,0.0003600091192911,10.0,0.083744968684368,0.0,100.0,16.0,255.0,-1.0
anpboost-few_shot-danceability-seed1,kxcdw4mm,2026-07-21T17:22:04Z,anpboost,few_shot,1,rmse,0.0994828850378786,0.1071867448026036,0.0989365102157523,0.1027166559796325,357.352019071579,0.9387786388397216,0.9105188846588136,0.6775460799155827,,,,10.0,,,,,,0.2,0.000956484407922,10.0,0.0109977032995056,0.0,100.0,4.0,255.0,-1.0
anpboost-few_shot-danceability-seed1,nhojgcoh,2026-07-21T17:52:18Z,anpboost,few_shot,1,rmse,0.2180361955546219,0.1026150013915272,0.2187817388518982,0.0953274399893442,524.983124256134,0.9583244323730468,0.9004213809967041,0.7908453481862012,,,,56.0,,,,,,0.2,2.9067203620664195e-05,5.0,0.1823458458254781,0.0,10.0,8.0,255.0,-1.0
anpboost-few_shot-danceability-seed1,p2645f5o,2026-07-21T16:59:13Z,anpboost,few_shot,1,rmse,0.1766695009595225,0.1030032997359014,0.1765234535213826,0.0933922785870578,343.335467338562,0.7793264389038086,0.8112127780914307,0.67751617866012,,,,10.0,,,,,,0.0,0.0002780425090632,10.0,0.0105542692281163,1.0,20.0,8.0,255.0,-1.0
anpboost-few_shot-danceability-seed1,qtieq7zk,2026-07-21T17:28:10Z,anpboost,few_shot,1,rmse,0.1515812534302589,0.1035292607946471,0.1515735395367536,0.097484738300704,438.2250995635986,1.022136926651001,0.8622879981994629,0.6781629564915939,,,,18.0,,,,,,0.2,0.0002371245680478,10.0,0.0322020325894309,1.0,100.0,16.0,255.0,-1.0
anpboost-few_shot-danceability-seed1,rci3clfv,2026-07-21T19:05:42Z,anpboost,few_shot,1,rmse,0.1680916220297609,0.1018863536349502,0.1682406870322344,0.0951219482364618,383.7497832775116,0.9802854061126708,0.9782953262329102,0.6761104269170356,,,,13.0,,,,,,0.0,0.0002507518284371,10.0,0.0302023368339538,1.0,10.0,8.0,255.0,-1.0
anpboost-few_shot-danceability-seed1,s4a7d5nz,2026-07-21T17:14:19Z,anpboost,few_shot,1,rmse,0.1199226449899636,0.1055779870235882,0.1193774269584731,0.098459359443528,457.6195514202118,0.991307497024536,0.8701303005218506,0.678016444538481,,,,45.0,,,,,,0.2,0.0003013710908533,5.0,0.0130634630331783,0.0,10.0,8.0,255.0,-1.0
anpboost-few_shot-danceability-seed1,un3kaazf,2026-07-21T17:43:26Z,anpboost,few_shot,1,rmse,0.0638928022829938,0.1048000442474779,0.0609366520901539,0.096235465566032,472.625257730484,0.8108663558959961,0.9518566131591796,0.6751609395690363,,,,48.0,,,,,,0.2,0.0008392140711648,5.0,0.0107859712708854,0.0,10.0,8.0,255.0,-1.0
anpboost-few_shot-danceability-seed1,wixivl1h,2026-07-21T19:12:14Z,anpboost,few_shot,1,rmse,0.0976428445675029,0.1043605929419124,0.0966494384940278,0.0973652072929542,484.54871797561646,0.8468666076660156,0.9145865440368652,0.6797673411689166,,,,22.0,,,,,,0.2,0.0004276097878757,10.0,0.0133482983182945,0.0,100.0,4.0,255.0,-1.0
anpboost-few_shot-danceability-seed1,xb43t0dz,2026-07-21T15:58:28Z,anpboost,few_shot,1,rmse,0.1712339646157587,0.1084813662146154,0.1712069751345236,0.09933838452707,325.0013279914856,0.9764373302459716,0.9314913749694824,0.6257303542080461,,,,7.0,,,,,,0.2,0.0004385170256085,10.0,0.8972612866432508,1.0,20.0,8.0,255.0,-1.0
anpboost-few_shot-danceability-seed1,yy9nm8n2,2026-07-21T18:13:17Z,anpboost,few_shot,1,rmse,0.2124577036163686,0.1003237744782318,0.2130373566126888,0.0939229528915159,829.0823800563812,1.0473201274871826,0.9122483730316162,0.6816763659561461,,,,57.0,,,,,,0.0,1.8406671834517417e-05,10.0,0.3476654204795515,0.0,20.0,8.0,255.0,-1.0
anpboost-few_shot-danceability-seed1,z41df6vi,2026-07-21T19:20:25Z,anpboost,few_shot,1,rmse,0.2149751718869932,0.10029537863753,0.2155779434785125,0.0926049352486965,1038.117786169052,0.9426429271697998,0.8556451797485352,0.6949342432173133,,,,118.0,,,,,,0.2,1.5820851730418417e-05,5.0,0.0450196136386975,1.0,100.0,16.0,255.0,-1.0
anpboost-few_shot-danceability-seed1,zcvzk16t,2026-07-21T16:29:27Z,anpboost,few_shot,1,rmse,0.14626182507912,0.1000720107666121,0.1462294586333813,0.0943760486055919,352.1947228908539,0.9791412353515624,0.76017165184021,0.6425288264680649,,,,11.0,,,,,,0.0,0.0004242243954166,10.0,0.5800570688908553,1.0,20.0,4.0,255.0,-1.0
anpboost-few_shot-danceability-seed1,zfper0a9,2026-07-21T19:38:15Z,anpboost,few_shot,1,rmse,0.2067301809555825,0.0978564115858697,0.2070383904527126,0.0903227799209413,1111.7122948169708,1.0324304103851318,0.9519524574279784,0.6738294329252759,,,,38.0,,,,,,0.0,1.702035422361917e-05,20.0,0.0657821692431908,1.0,20.0,16.0,255.0,-1.0
anpboost-few_shot-danceability-seed1,zscltt06,2026-07-21T16:23:58Z,anpboost,few_shot,1,rmse,0.1695788235052086,0.1012427121944249,0.169440214350779,0.092580098982865,321.67074704170227,0.9247918128967284,0.9058716297149658,0.6632364243982907,,,,7.0,,,,,,0.0,0.0004548624208721,10.0,0.2953847324956156,0.0,20.0,4.0,255.0,-1.0
anpboost-few_shot-danceability-seed2,0hx82nhk,2026-07-21T15:42:09Z,anpboost,few_shot,2,rmse,0.1858996585407088,0.1149220520406456,0.1842141298082884,0.0930925613699129,493.4679262638092,0.8541982173919678,0.9530248641967772,0.6802712527051409,,,,17.0,,,,,,0.2,0.0001381635682257,10.0,0.0261669745608544,1.0,20.0,8.0,255.0,-1.0
anpboost-few_shot-danceability-seed2,1eg64n6a,2026-07-21T18:08:53Z,anpboost,few_shot,2,rmse,0.2250884260751504,0.109966372975116,0.2244701280744717,0.092064866559998,465.46140575408936,0.8355004787445068,0.8840079307556152,0.787777427967689,,,,39.0,,,,,,0.2,2.9067203620664195e-05,5.0,0.1823458458254781,0.0,10.0,8.0,255.0,-1.0
anpboost-few_shot-danceability-seed2,277e0qcv,2026-07-21T20:17:50Z,anpboost,few_shot,2,rmse,0.2381589387370422,0.114968649844263,0.2375524362486988,0.0962407842337648,230.3808710575104,0.8492527008056641,0.7907114028930664,0.662549463599803,,,,7.0,,,,,,0.0,3.9184339457363744e-05,5.0,0.7978205565731539,1.0,100.0,16.0,255.0,-1.0
anpboost-few_shot-danceability-seed2,5a7y87r4,2026-07-21T15:36:33Z,anpboost,few_shot,2,rmse,0.2421537990063692,0.1153584880128269,0.2418962130437626,0.1005267301924562,328.6239175796509,0.8974800109863281,0.9147629737854004,2.681069983852778,,,,18.0,,,,,,0.2,1.090384328196852e-05,5.0,0.7717846862118062,0.0,20.0,4.0,255.0,-1.0
anpboost-few_shot-danceability-seed2,7r1xpz0i,2026-07-21T16:18:02Z,anpboost,few_shot,2,rmse,0.148415168407744,0.1093752978899211,0.1462046282991164,0.0877887599129842,394.1097645759583,0.9509413242340088,0.8260161876678467,0.7013199110806843,,,,10.0,,,,,,0.0,0.0004548624208721,10.0,0.2953847324956156,0.0,20.0,4.0,255.0,-1.0
anpboost-few_shot-danceability-seed2,bd1f1qmu,2026-07-21T20:22:02Z,anpboost,few_shot,2,rmse,0.1993498232512347,0.1060264722495226,0.1982362305971357,0.0862465570950573,545.0742383003235,0.8985452651977539,0.9133617877960204,0.6759572294974139,,,,21.0,,,,,,0.0,7.917412954846521e-05,10.0,0.1011064623519062,0.0,20.0,8.0,255.0,-1.0
anpboost-few_shot-danceability-seed2,c6y8ocly,2026-07-21T17:55:48Z,anpboost,few_shot,2,rmse,0.0634908004672126,0.1138904174050181,0.0511212441906568,0.0913818458206801,722.7515277862549,0.967771291732788,0.837244987487793,0.6770351598439127,,,,74.0,,,,,,0.2,0.0008392140711648,5.0,0.0107859712708854,0.0,10.0,8.0,255.0,-1.0
anpboost-few_shot-danceability-seed2,cf6773py,2026-07-21T19:33:57Z,anpboost,few_shot,2,rmse,0.2219415892541936,0.1076396549843727,0.2213398052644646,0.0896436241117161,830.657696723938,0.8207676410675049,0.7129983901977539,0.7031001930860153,,,,87.0,,,,,,0.2,1.5820851730418417e-05,5.0,0.0450196136386975,1.0,100.0,16.0,255.0,-1.0
anpboost-few_shot-danceability-seed2,eoj6h2pa,2026-07-21T16:57:55Z,anpboost,few_shot,2,rmse,0.1670608421342563,0.1109035025340736,0.1651736223425303,0.0883151031720528,404.6210458278656,0.8841776847839355,0.8730423450469971,0.6774906348783162,,,,12.0,,,,,,0.0,0.0002780425090632,10.0,0.0105542692281163,1.0,20.0,8.0,255.0,-1.0
anpboost-few_shot-danceability-seed2,fmoo9sxu,2026-07-21T18:39:39Z,anpboost,few_shot,2,rmse,0.2179313391710804,0.106068220994241,0.2171572025714733,0.0859685452499556,1139.8030891418457,0.8055188655853271,0.7518904209136963,0.672407282722231,,,,33.0,,,,,,0.0,1.2904721633073898e-05,20.0,0.2325748079967941,0.0,100.0,8.0,255.0,-1.0
anpboost-few_shot-danceability-seed2,gf9d2max,2026-07-21T18:31:13Z,anpboost,few_shot,2,rmse,0.2320253146433197,0.1093774465686945,0.2314101074198637,0.0894256800373021,498.7495357990265,0.976569890975952,0.8899140357971191,0.6513177605336653,,,,17.0,,,,,,0.0,1.8406671834517417e-05,10.0,0.3476654204795515,0.0,20.0,8.0,255.0,-1.0
anpboost-few_shot-danceability-seed2,h6lyq3yc,2026-07-21T15:16:31Z,anpboost,few_shot,2,rmse,0.1754535191881973,0.1135268234368284,0.1739231400414384,0.094654007215533,663.9986062049866,0.9994180202484132,0.8446688652038574,0.6832241556823623,,,,9.0,,,,,,0.2,0.0001605191133358,20.0,0.0750195444362012,1.0,20.0,4.0,255.0,-1.0
anpboost-few_shot-danceability-seed2,jwaujhh7,2026-07-21T20:54:50Z,anpboost,few_shot,2,rmse,0.207141004832445,0.1057296750550891,0.2062678236533971,0.0862343154050216,693.5052375793457,0.7265241146087646,0.7438697814941406,0.6725051212214955,,,,84.0,,,,,,0.0,3.1392574253118284e-05,5.0,0.1121865737283773,0.0,10.0,4.0,255.0,-1.0
anpboost-few_shot-danceability-seed2,klmo9d4x,2026-07-21T19:20:42Z,anpboost,few_shot,2,rmse,0.0735594851253307,0.114333067757341,0.0664410527225956,0.0930792621049778,781.8861207962036,1.1504511833190918,0.9255335330963136,0.6795937095522581,,,,36.0,,,,,,0.2,0.0004276097878757,10.0,0.0133482983182945,0.0,100.0,4.0,255.0,-1.0
anpboost-few_shot-danceability-seed2,l7ixw4mq,2026-07-21T17:38:00Z,anpboost,few_shot,2,rmse,0.1563555993865021,0.1146118234065948,0.1537839425678621,0.0896520565256871,506.13786792755127,0.8913073539733887,0.870018482208252,0.6780456314650064,,,,17.0,,,,,,0.2,0.0002371245680478,10.0,0.0322020325894309,1.0,100.0,16.0,255.0,-1.0
anpboost-few_shot-danceability-seed2,nsuuj402,2026-07-21T18:58:49Z,anpboost,few_shot,2,rmse,0.1820293833724165,0.1145652138963357,0.180323190345496,0.0934060598614905,482.5034563541413,0.9047486782073976,0.7770447731018066,0.6860642683989858,,,,17.0,,,,,,0.2,0.0001496922341954,10.0,0.0831211929407696,1.0,1000.0,4.0,255.0,-1.0
anpboost-few_shot-danceability-seed2,opdlg6hu,2026-07-21T20:09:19Z,anpboost,few_shot,2,rmse,0.195380366376016,0.1086045652282661,0.1941225784315166,0.0865298456039093,478.0092387199402,0.9225366115570068,0.9553232192993164,0.6736206470147599,,,,17.0,,,,,,0.2,0.0001082971516786,10.0,0.2589103504433043,0.0,20.0,16.0,255.0,-1.0
anpboost-few_shot-danceability-seed2,p1e2agla,2026-07-21T19:06:58Z,anpboost,few_shot,2,rmse,0.2009848947018648,0.1102503710545213,0.2000872611161485,0.0921075534150116,379.0525162220001,0.9914896488189696,0.839841365814209,0.6840444166959779,,,,27.0,,,,,,0.2,0.0001181285816262,5.0,0.0610030224551816,0.0,10.0,8.0,255.0,-1.0
anpboost-few_shot-danceability-seed2,p73lryre,2026-07-21T15:50:30Z,anpboost,few_shot,2,rmse,0.1643552731623691,0.1124174283584685,0.1629017411300712,0.0942390408379267,407.7792298793793,0.8245046138763428,0.8019495010375977,0.75897717550942,,,,8.0,,,,,,0.2,0.0004385170256085,10.0,0.8972612866432508,1.0,20.0,8.0,255.0,-1.0
anpboost-few_shot-danceability-seed2,rda5f1no,2026-07-21T19:13:25Z,anpboost,few_shot,2,rmse,0.1728140841543147,0.1104975159963758,0.1709147884472811,0.0870071883097079,421.355078458786,1.0399084091186523,0.8889181613922119,0.6781390498479147,,,,12.0,,,,,,0.0,0.0002507518284371,10.0,0.0302023368339538,1.0,10.0,8.0,255.0,-1.0
anpboost-few_shot-danceability-seed2,rdh201ap,2026-07-21T15:57:26Z,anpboost,few_shot,2,rmse,0.2143310198741676,0.1082872398267349,0.213414056020378,0.0874371008857698,1228.8055305480957,0.8117315769195557,0.8010852336883545,0.7734271705562239,,,,150.0,,,,,,0.2,1.343677338411072e-05,5.0,0.1113002415673063,1.0,10.0,4.0,255.0,-1.0
anpboost-few_shot-danceability-seed2,rzo5loq5,2026-07-21T15:27:44Z,anpboost,few_shot,2,rmse,0.1171291608726028,0.1136192150969227,0.1130237099575451,0.0877568453648868,521.8615429401398,0.8942410945892334,0.8633675575256348,0.678173760225495,,,,20.0,,,,,,0.2,0.0003600091192911,10.0,0.083744968684368,0.0,100.0,16.0,255.0,-1.0
anpboost-few_shot-danceability-seed2,s15pvyke,2026-07-21T16:37:00Z,anpboost,few_shot,2,rmse,0.2092244365573984,0.1073267887539963,0.2081880104353222,0.0870666340206402,1247.8438365459442,1.0790355205535889,0.906613826751709,0.676806106935374,,,,39.0,,,,,,0.0,1.5865500409725956e-05,20.0,0.019901994840577,0.0,100.0,4.0,255.0,-1.0
anpboost-few_shot-danceability-seed2,sde31760,2026-07-21T17:04:59Z,anpboost,few_shot,2,rmse,0.0868577749328275,0.1141351952129835,0.0817089223275075,0.0941610047464672,934.2020852565764,0.75028395652771,0.7484817504882812,0.6789037126135046,,,,22.0,,,,,,0.2,0.0002563473332261,20.0,0.1427109105814198,1.0,1000.0,8.0,255.0,-1.0
anpboost-few_shot-danceability-seed2,smfghr7i,2026-07-21T16:24:43Z,anpboost,few_shot,2,rmse,0.1670749314063418,0.1116200670935186,0.1651419717523879,0.0882537750600155,362.5920906066895,0.8576216697692871,0.8754048347473145,0.6996397889547071,,,,8.0,,,,,,0.0,0.0004242243954166,10.0,0.5800570688908553,1.0,20.0,4.0,255.0,-1.0
anpboost-few_shot-danceability-seed2,ti0qv07x,2026-07-21T20:31:23Z,anpboost,few_shot,2,rmse,0.1986434472345672,0.1121968404901381,0.1976172993178946,0.094042908711963,1374.9909043312073,0.8450086116790771,0.7533321380615234,0.710559927745658,,,,43.0,,,,,,0.2,2.017016316297149e-05,20.0,0.0582929613195039,1.0,1000.0,8.0,255.0,-1.0
anpboost-few_shot-danceability-seed2,wcos07ff,2026-07-21T16:30:53Z,anpboost,few_shot,2,rmse,0.1860053923277728,0.1095211623638616,0.1846339044755288,0.0898051460851277,360.18792390823364,0.8275892734527588,0.7887499332427979,0.7004696620218118,,,,27.0,,,,,,0.0,0.0001721990923545,5.0,0.1380161223304589,0.0,1000.0,16.0,255.0,-1.0
anpboost-few_shot-danceability-seed2,wseqgndr,2026-07-21T17:27:23Z,anpboost,few_shot,2,rmse,0.0641361732925989,0.1139857529661005,0.0529140371744159,0.0928556947890631,628.3615119457245,0.9277002811431884,1.3069570064544678,0.6780609755513559,,,,30.0,,,,,,0.2,0.000956484407922,10.0,0.0109977032995056,0.0,100.0,4.0,255.0,-1.0
anpboost-few_shot-danceability-seed2,x0639eaw,2026-07-21T17:46:35Z,anpboost,few_shot,2,rmse,0.1866543818364101,0.1068532046425388,0.1852405027262146,0.0857932099223278,498.2733724117279,0.8083856105804443,0.9301059246063232,0.6746397714295875,,,,21.0,,,,,,0.0,0.0001083323625032,10.0,0.1351582698334605,0.0,100.0,8.0,255.0,-1.0
anpboost-few_shot-danceability-seed2,z0y1veaz,2026-07-21T18:16:55Z,anpboost,few_shot,2,rmse,0.1803625149009502,0.1093994752861861,0.1791033279707226,0.0902042566237637,850.77357006073,0.8453845977783203,0.8470001220703125,0.706660380748683,,,,48.0,,,,,,0.2,5.4597054376998136e-05,10.0,0.1053508308667582,0.0,20.0,4.0,255.0,-1.0
anpboost-few_shot-danceability-seed2,z45vsfxf,2026-07-21T17:20:41Z,anpboost,few_shot,2,rmse,0.1520294208442215,0.1158606718331027,0.1502312581023767,0.0991366208751711,394.6921646595001,0.9136390686035156,0.981769561767578,0.6790947954408827,,,,29.0,,,,,,0.2,0.0003013710908533,5.0,0.0130634630331783,0.0,10.0,8.0,255.0,-1.0
anpboost-few_shot-danceability-seed2,z7yflho2,2026-07-21T19:47:54Z,anpboost,few_shot,2,rmse,0.2069276180942501,0.105438629782026,0.2060336951421727,0.0860691310283424,1277.6941063404083,0.8306584358215332,0.7250697612762451,0.6740061165241651,,,,39.0,,,,,,0.0,1.702035422361917e-05,20.0,0.0657821692431908,1.0,20.0,16.0,255.0,-1.0
anpboost-few_shot-danceability-seed3,33h91fq6,2026-07-22T19:14:46Z,anpboost,few_shot,3,rmse,0.1936123154039847,0.102318063262513,0.1946256077863316,0.1057860447229204,372.57517743110657,0.4104290008544922,0.3561744689941406,0.6614167458854935,,,,24.0,,,,,,0.0,7.917412954846521e-05,10.0,0.1011064623519062,0.0,20.0,8.0,255.0,-1.0
anpboost-few_shot-danceability-seed3,7o6lpcs4,2026-07-22T17:02:17Z,anpboost,few_shot,3,rmse,0.1323256574957112,0.1127488774309135,0.1329815345226974,0.1147390276496706,212.9242730140686,0.6043329238891602,0.5331697463989258,0.6662318638083956,,,,14.0,,,,,,0.2,0.0008392140711648,5.0,0.0107859712708854,0.0,10.0,8.0,255.0,-1.0
anpboost-few_shot-danceability-seed3,8hx05l2w,2026-07-22T14:35:40Z,anpboost,few_shot,3,rmse,0.1307877066371205,0.1077859981417078,0.1317294177312052,0.1118919720218976,699.3750972747803,0.5198304653167725,0.5697267055511475,0.6606588368146538,,,,18.0,,,,,,0.2,0.0001605191133358,20.0,0.0750195444362012,1.0,20.0,4.0,255.0,-1.0
anpboost-few_shot-danceability-seed3,8mmn7s2j,2026-07-22T19:47:34Z,anpboost,few_shot,3,rmse,0.2059758063201066,0.1011332219389134,0.20671758592235,0.1019189974493655,478.2545585632324,0.3148472309112549,0.280076265335083,0.6600153628078569,,,,85.0,,,,,,0.0,3.1392574253118284e-05,5.0,0.1121865737283773,0.0,10.0,4.0,255.0,-1.0
anpboost-few_shot-danceability-seed3,99tqmojy,2026-07-22T15:40:27Z,anpboost,few_shot,3,rmse,0.1194901608597352,0.1033245812613388,0.12024062500068,0.1062318383693417,353.0140428543091,0.4524009227752685,0.4770650863647461,0.6495310616007095,,,,15.0,,,,,,0.0,0.0004548624208721,10.0,0.2953847324956156,0.0,20.0,4.0,255.0,-1.0
anpboost-few_shot-danceability-seed3,9li8sct8,2026-07-22T16:40:35Z,anpboost,few_shot,3,rmse,0.0646244525160856,0.1103866578312251,0.0663431126378649,0.1138669677327899,424.1555800437927,0.5268893241882324,0.5673363208770752,0.6643334886649285,,,,23.0,,,,,,0.2,0.000956484407922,10.0,0.0109977032995056,0.0,100.0,4.0,255.0,-1.0
anpboost-few_shot-danceability-seed3,ae46b2te,2026-07-22T15:58:19Z,anpboost,few_shot,3,rmse,0.2053050895687923,0.1009852477741795,0.2064231383396767,0.1058370156858873,1062.5300698280334,0.5564792156219482,0.5189211368560791,0.6644850421005487,,,,43.0,,,,,,0.0,1.5865500409725956e-05,20.0,0.019901994840577,0.0,100.0,4.0,255.0,-1.0
anpboost-few_shot-danceability-seed3,b1c4wto0,2026-07-22T17:06:04Z,anpboost,few_shot,3,rmse,0.2176334756884133,0.1092371526281163,0.2177080326114321,0.103164066427386,449.7837114334106,0.5455129146575928,0.5380134582519531,0.8066936846599501,,,,59.0,,,,,,0.2,2.9067203620664195e-05,5.0,0.1823458458254781,0.0,10.0,8.0,255.0,-1.0
anpboost-few_shot-danceability-seed3,bbw2zp90,2026-07-22T18:20:52Z,anpboost,few_shot,3,rmse,0.0663938464324927,0.108916565095223,0.0687199143589924,0.1144433208119142,565.0774540901184,0.3928172588348388,0.3649535179138184,0.6655576081757031,,,,42.0,,,,,,0.2,0.0004276097878757,10.0,0.0133482983182945,0.0,100.0,4.0,255.0,-1.0
anpboost-few_shot-danceability-seed3,eqtx6xlx,2026-07-22T19:21:04Z,anpboost,few_shot,3,rmse,0.1665872516961449,0.1066425286434695,0.1677359406323356,0.1110719088239259,1584.2896089553833,0.3116257190704345,0.2958617210388183,0.7099452839196092,,,,83.0,,,,,,0.2,2.017016316297149e-05,20.0,0.0582929613195039,1.0,1000.0,8.0,255.0,-1.0
anpboost-few_shot-danceability-seed3,g5svfrvn,2026-07-22T15:14:33Z,anpboost,few_shot,3,rmse,0.1641020857183675,0.1110842817927266,0.1640062421400916,0.1076878773215629,304.5222074985504,0.5237770080566406,0.5601961612701416,0.5867749690524883,,,,8.0,,,,,,0.2,0.0004385170256085,10.0,0.8972612866432508,1.0,20.0,8.0,255.0,-1.0
anpboost-few_shot-danceability-seed3,gs71v8ru,2026-07-22T16:33:24Z,anpboost,few_shot,3,rmse,0.1107768565182408,0.1059173913189332,0.1123263039053442,0.1121841569554913,424.783748626709,0.5065948963165283,0.4386589527130127,0.6639619448460851,,,,51.0,,,,,,0.2,0.0003013710908533,5.0,0.0130634630331783,0.0,10.0,8.0,255.0,-1.0
anpboost-few_shot-danceability-seed3,heiioy2u,2026-07-22T15:19:44Z,anpboost,few_shot,3,rmse,0.2060125618939123,0.1044363434102963,0.2063579244834641,0.1022922188355464,1236.9627084732056,0.5173220634460449,0.3991289138793946,0.8707476803049631,,,,200.0,,,,,,0.2,1.343677338411072e-05,5.0,0.1113002415673063,1.0,10.0,4.0,255.0,-1.0
anpboost-few_shot-danceability-seed3,ibc456qg,2026-07-22T17:13:43Z,anpboost,few_shot,3,rmse,0.1598881002123726,0.1040461989263893,0.1610505940017428,0.1091840719548186,853.3090851306915,0.5366263389587402,0.5357072353363037,0.7097534421004301,,,,68.0,,,,,,0.2,5.4597054376998136e-05,10.0,0.1053508308667582,0.0,20.0,4.0,255.0,-1.0
anpboost-few_shot-danceability-seed3,il9jcpxl,2026-07-22T17:29:05Z,anpboost,few_shot,3,rmse,0.2168639245175492,0.1055777300286474,0.2171738797968084,0.1021563481043761,635.0985081195831,0.575800895690918,0.4967339038848877,0.6806137117244306,,,,48.0,,,,,,0.0,1.8406671834517417e-05,10.0,0.3476654204795515,0.0,20.0,8.0,255.0,-1.0
anpboost-few_shot-danceability-seed3,jcv8unkg,2026-07-22T17:59:29Z,anpboost,few_shot,3,rmse,0.1394198666936374,0.1060056719570799,0.140559321418803,0.1102481411285801,542.5216240882874,0.5963337421417236,0.5615417957305908,0.6627111698539525,,,,34.0,,,,,,0.2,0.0001496922341954,10.0,0.0831211929407696,1.0,1000.0,4.0,255.0,-1.0
anpboost-few_shot-danceability-seed3,jhwu3ip1,2026-07-22T15:46:26Z,anpboost,few_shot,3,rmse,0.1146945483643368,0.1020080374545215,0.1156900889520764,0.1068358357948574,371.59568905830383,0.5782365798950195,0.5376229286193848,0.5775556841077982,,,,17.0,,,,,,0.0,0.0004242243954166,10.0,0.5800570688908553,1.0,20.0,4.0,255.0,-1.0
anpboost-few_shot-danceability-seed3,jkt83uc6,2026-07-22T18:08:38Z,anpboost,few_shot,3,rmse,0.1707756674645272,0.1040664485739414,0.1715628248697508,0.1063918214919146,423.2402718067169,0.5500385761260986,0.5401933193206787,0.6623444626728814,,,,52.0,,,,,,0.2,0.0001181285816262,5.0,0.0610030224551816,0.0,10.0,8.0,255.0,-1.0
anpboost-few_shot-danceability-seed3,lizxzff6,2026-07-22T18:30:23Z,anpboost,few_shot,3,rmse,0.2064507232168967,0.1057855476148094,0.2067124142366297,0.102370462624836,979.302217245102,0.3908572196960449,0.3945779800415039,0.7130228741909089,,,,168.0,,,,,,0.2,1.5820851730418417e-05,5.0,0.0450196136386975,1.0,100.0,16.0,255.0,-1.0
anpboost-few_shot-danceability-seed3,nt36d6of,2026-07-22T19:03:12Z,anpboost,few_shot,3,rmse,0.1570369143688136,0.1061232980891394,0.1573498650668139,0.1056351571299447,487.6703162193298,0.419804573059082,0.3881654739379883,0.6667348074583017,,,,36.0,,,,,,0.2,0.0001082971516786,10.0,0.2589103504433043,0.0,20.0,16.0,255.0,-1.0
anpboost-few_shot-danceability-seed3,ovqnzczt,2026-07-22T18:15:48Z,anpboost,few_shot,3,rmse,0.1818527389358688,0.1044597062825071,0.1827005436926177,0.1072301448160946,296.9881491661072,0.5119829177856445,0.4158954620361328,0.6635576519682027,,,,10.0,,,,,,0.0,0.0002507518284371,10.0,0.0302023368339538,1.0,10.0,8.0,255.0,-1.0
anpboost-few_shot-danceability-seed3,pvq9p7dp,2026-07-22T14:47:27Z,anpboost,few_shot,3,rmse,0.0760650545873297,0.1056548928440441,0.0767904832401377,0.1082401535970628,557.6297752857208,0.5285904407501221,0.440349817276001,0.6628027144016363,,,,37.0,,,,,,0.2,0.0003600091192911,10.0,0.083744968684368,0.0,100.0,16.0,255.0,-1.0
anpboost-few_shot-danceability-seed3,qa9ygk3e,2026-07-22T15:04:06Z,anpboost,few_shot,3,rmse,0.1302527380139337,0.107051210176339,0.1308893536926378,0.1085210633771397,620.747617483139,0.5280399322509766,0.5119175910949707,0.6650879690399253,,,,42.0,,,,,,0.2,0.0001381635682257,10.0,0.0261669745608544,1.0,20.0,8.0,255.0,-1.0
anpboost-few_shot-danceability-seed3,r71ciqry,2026-07-22T19:11:32Z,anpboost,few_shot,3,rmse,0.2389125288749227,0.1169293419140328,0.2387831937820516,0.1090012080907246,145.48007822036743,0.2962400913238525,0.3182597160339355,0.6520773670873791,,,,6.0,,,,,,0.0,3.9184339457363744e-05,5.0,0.7978205565731539,1.0,100.0,16.0,255.0,-1.0
anpboost-few_shot-danceability-seed3,ruylmris,2026-07-22T16:55:56Z,anpboost,few_shot,3,rmse,0.194729128475279,0.1024025080725356,0.1957667658035768,0.1060756109141472,374.3140070438385,0.5558187961578369,0.544623613357544,0.6535575729822655,,,,17.0,,,,,,0.0,0.0001083323625032,10.0,0.1351582698334605,0.0,100.0,8.0,255.0,-1.0
anpboost-few_shot-danceability-seed3,s56goo12,2026-07-22T16:21:28Z,anpboost,few_shot,3,rmse,0.0973430849506492,0.1070175603360271,0.0986668327275444,0.1120754824251525,709.3128170967102,0.5056474208831787,0.5636312961578369,0.6626575528966563,,,,18.0,,,,,,0.2,0.0002563473332261,20.0,0.1427109105814198,1.0,1000.0,8.0,255.0,-1.0
anpboost-few_shot-danceability-seed3,sa9sna3l,2026-07-22T16:16:08Z,anpboost,few_shot,3,rmse,0.176692879555551,0.1044217955406406,0.1776456029657374,0.1084759446132385,313.28351283073425,0.5229272842407227,0.4816298484802246,0.6646778364011121,,,,10.0,,,,,,0.0,0.0002780425090632,10.0,0.0105542692281163,1.0,20.0,8.0,255.0,-1.0
anpboost-few_shot-danceability-seed3,ty8mdszr,2026-07-22T18:46:47Z,anpboost,few_shot,3,rmse,0.2031085672707909,0.1012788088303013,0.2040815453265865,0.1044312254147311,971.5976321697236,0.4159488677978515,0.3634965419769287,0.6612821636531911,,,,43.0,,,,,,0.0,1.702035422361917e-05,20.0,0.0657821692431908,1.0,20.0,16.0,255.0,-1.0
anpboost-few_shot-danceability-seed3,v6tbtgp4,2026-07-22T17:39:47Z,anpboost,few_shot,3,rmse,0.2083162763616541,0.102800238400572,0.2088018883145854,0.1014745856961805,1176.1040215492249,0.5465192794799805,0.4793827533721924,0.6687666242741578,,,,48.0,,,,,,0.0,1.2904721633073898e-05,20.0,0.2325748079967941,0.0,100.0,8.0,255.0,-1.0
anpboost-few_shot-danceability-seed3,wsi08a1n,2026-07-22T15:52:52Z,anpboost,few_shot,3,rmse,0.1706405660982596,0.1025754705832526,0.1715644379138096,0.1062944301939107,321.1498293876648,0.5186619758605957,0.5679938793182373,0.6764521900549925,,,,36.0,,,,,,0.0,0.0001721990923545,5.0,0.1380161223304589,0.0,1000.0,16.0,255.0,-1.0
anpboost-few_shot-danceability-seed3,zf5t990s,2026-07-22T16:47:46Z,anpboost,few_shot,3,rmse,0.1204184735401459,0.1051799395632509,0.1214385621262956,0.1094409810484813,475.7446699142456,0.4721856117248535,0.4835667610168457,0.6643854611098523,,,,28.0,,,,,,0.2,0.0002371245680478,10.0,0.0322020325894309,1.0,100.0,16.0,255.0,-1.0
anpboost-few_shot-danceability-seed3,zhvy03gt,2026-07-22T14:56:52Z,anpboost,few_shot,3,rmse,0.2348396624650461,0.1142508290868903,0.2351058341177602,0.1106548127890117,423.7233064174652,0.4854326248168946,0.4948923587799072,5.461215275892213,,,,53.0,,,,,,0.2,1.090384328196852e-05,5.0,0.7717846862118062,0.0,20.0,4.0,255.0,-1.0
anpboost-few_shot-danceability-seed4,1dle1uzz,2026-07-22T18:02:01Z,anpboost,few_shot,4,rmse,0.1777436769152262,0.1064428899100514,0.1786630570231301,0.1082977537299835,306.1288642883301,0.5966665744781494,0.4726710319519043,0.6602402459277196,,,,11.0,,,,,,0.0,0.0002507518284371,10.0,0.0302023368339538,1.0,10.0,8.0,255.0,-1.0
anpboost-few_shot-danceability-seed4,1o5lbhbm,2026-07-22T14:21:58Z,anpboost,few_shot,4,rmse,0.0657877032027905,0.1080628430216834,0.0687647408808157,0.1148706407285266,1136.0389683246613,0.5517005920410156,0.4986095428466797,0.6611289262308899,,,,51.0,,,,,,0.2,0.0001605191133358,20.0,0.0750195444362012,1.0,20.0,4.0,255.0,-1.0
anpboost-few_shot-danceability-seed4,4x413lbh,2026-07-22T18:43:12Z,anpboost,few_shot,4,rmse,0.1821759014603603,0.1032566489825781,0.1831864340008063,0.1070466492197071,359.0882954597473,0.4229555130004883,0.3553004264831543,0.6624100965360296,,,,23.0,,,,,,0.2,0.0001082971516786,10.0,0.2589103504433043,0.0,20.0,16.0,255.0,-1.0
anpboost-few_shot-danceability-seed4,66m7pxpz,2026-07-22T16:19:22Z,anpboost,few_shot,4,rmse,0.1075218520968793,0.1083303040095619,0.1083303656590197,0.1107927273665728,412.5385584831238,0.5562682151794434,0.4498376846313476,0.6603163785373087,,,,54.0,,,,,,0.2,0.0003013710908533,5.0,0.0130634630331783,0.0,10.0,8.0,255.0,-1.0
anpboost-few_shot-danceability-seed4,68p9riob,2026-07-22T16:41:43Z,anpboost,few_shot,4,rmse,0.1846780863152929,0.103277036928273,0.1857300039263879,0.1072441450756137,388.2166655063629,0.5468378067016602,0.4949467182159424,0.645828652220489,,,,22.0,,,,,,0.0,0.0001083323625032,10.0,0.1351582698334605,0.0,100.0,8.0,255.0,-1.0
anpboost-few_shot-danceability-seed4,7cw46x6c,2026-07-22T16:55:53Z,anpboost,few_shot,4,rmse,0.2141331251127174,0.1066623356514275,0.2152027774403113,0.1093530400667105,495.8169362545013,0.4793636798858642,0.4792966842651367,0.8202447820935167,,,,69.0,,,,,,0.2,2.9067203620664195e-05,5.0,0.1823458458254781,0.0,10.0,8.0,255.0,-1.0
anpboost-few_shot-danceability-seed4,7lziwup5,2026-07-22T15:11:18Z,anpboost,few_shot,4,rmse,0.2095112080674573,0.1046752770942391,0.2105811922301469,0.1070965648120604,1060.8588390350342,0.5929169654846191,0.5163676738739014,0.8394298696455856,,,,178.0,,,,,,0.2,1.343677338411072e-05,5.0,0.1113002415673063,1.0,10.0,4.0,255.0,-1.0
anpboost-few_shot-danceability-seed4,7nyt0gsq,2026-07-22T16:34:52Z,anpboost,few_shot,4,rmse,0.1455423388495502,0.1073005835292795,0.1468412630430614,0.1122220351195695,386.0578734874725,0.6511313915252686,0.5014684200286865,0.6576949298687714,,,,20.0,,,,,,0.2,0.0002371245680478,10.0,0.0322020325894309,1.0,100.0,16.0,255.0,-1.0
anpboost-few_shot-danceability-seed4,8bbpyjhb,2026-07-22T18:07:14Z,anpboost,few_shot,4,rmse,0.1123281097914799,0.1092821079516063,0.1135835813404241,0.113705226977371,369.4880647659302,0.5691525936126709,0.5608453750610352,0.659460042833215,,,,18.0,,,,,,0.2,0.0004276097878757,10.0,0.0133482983182945,0.0,100.0,4.0,255.0,-1.0
anpboost-few_shot-danceability-seed4,8y0amc2u,2026-07-22T14:54:56Z,anpboost,few_shot,4,rmse,0.1094831741717924,0.1061924501003985,0.1109329404418401,0.1119810598824585,678.1033329963684,0.5077784061431885,0.536496639251709,0.6621768794047874,,,,56.0,,,,,,0.2,0.0001381635682257,10.0,0.0261669745608544,1.0,20.0,8.0,255.0,-1.0
anpboost-few_shot-danceability-seed4,8z4y55ss,2026-07-22T18:30:20Z,anpboost,few_shot,4,rmse,0.21428278555353,0.102588328349831,0.2157724029033036,0.1087368227110019,765.2044394016266,0.4998395442962646,0.4148354530334472,0.65447360186935,,,,29.0,,,,,,0.0,1.702035422361917e-05,20.0,0.0657821692431908,1.0,20.0,16.0,255.0,-1.0
anpboost-few_shot-danceability-seed4,aowvew79,2026-07-22T15:29:05Z,anpboost,few_shot,4,rmse,0.1777834294431181,0.1057700955631097,0.1787995841161389,0.1086285304080909,260.81692838668823,0.5453383922576904,0.5046992301940918,0.6512399150082344,,,,6.0,,,,,,0.0,0.0004548624208721,10.0,0.2953847324956156,0.0,20.0,4.0,255.0,-1.0
anpboost-few_shot-danceability-seed4,cp6rtg42,2026-07-22T18:49:16Z,anpboost,few_shot,4,rmse,0.2349243444132517,0.1110181030884311,0.2358362474514328,0.1124956099149756,157.21401143074036,0.4217033386230469,0.3924806118011474,0.646024031843665,,,,11.0,,,,,,0.0,3.9184339457363744e-05,5.0,0.7978205565731539,1.0,100.0,16.0,255.0,-1.0
anpboost-few_shot-danceability-seed4,cpu7jsk3,2026-07-22T15:33:32Z,anpboost,few_shot,4,rmse,0.1810221790549266,0.1044845659521593,0.1819740218363948,0.1069974134266921,257.05122780799866,0.4663350582122803,0.48244309425354,0.636001781742171,,,,6.0,,,,,,0.0,0.0004242243954166,10.0,0.5800570688908553,1.0,20.0,4.0,255.0,-1.0
anpboost-few_shot-danceability-seed4,cubrvkxv,2026-07-22T16:26:23Z,anpboost,few_shot,4,rmse,0.0621386970651437,0.1099960050949106,0.0633074658416508,0.1124999653671717,477.7721900939941,0.5993351936340332,0.4967525005340576,0.6605816176484112,,,,29.0,,,,,,0.2,0.000956484407922,10.0,0.0109977032995056,0.0,100.0,4.0,255.0,-1.0
anpboost-few_shot-danceability-seed4,e095dcvx,2026-07-22T17:53:01Z,anpboost,few_shot,4,rmse,0.15024859233793,0.1050539238418149,0.1510949454335867,0.10760808283218,533.6235756874084,0.6325294971466064,0.4870944023132324,0.6689055903073261,,,,74.0,,,,,,0.2,0.0001181285816262,5.0,0.0610030224551816,0.0,10.0,8.0,255.0,-1.0
anpboost-few_shot-danceability-seed4,eylhe6vw,2026-07-22T17:04:15Z,anpboost,few_shot,4,rmse,0.1998589839561876,0.1064140715809984,0.200943984249267,0.1087680500376402,466.1235928535461,0.547534704208374,0.5123023986816406,0.6606762914073036,,,,30.0,,,,,,0.2,5.4597054376998136e-05,10.0,0.1053508308667582,0.0,20.0,4.0,255.0,-1.0
anpboost-few_shot-danceability-seed4,fk04axkh,2026-07-22T17:38:43Z,anpboost,few_shot,4,rmse,0.0867626177797834,0.1081528269848898,0.0877467020777345,0.1113326502879606,851.3997366428375,0.6519339084625244,0.4872405529022217,0.6781953352579478,,,,72.0,,,,,,0.2,0.0001496922341954,10.0,0.0831211929407696,1.0,1000.0,4.0,255.0,-1.0
anpboost-few_shot-danceability-seed4,gip54e5m,2026-07-22T18:52:00Z,anpboost,few_shot,4,rmse,0.1976643879729581,0.1037152572689174,0.1989099344426641,0.1083095532301656,347.4941864013672,0.386091947555542,0.3779115676879883,0.6563915040823205,,,,22.0,,,,,,0.0,7.917412954846521e-05,10.0,0.1011064623519062,0.0,20.0,8.0,255.0,-1.0
anpboost-few_shot-danceability-seed4,hilyx1e0,2026-07-22T15:37:55Z,anpboost,few_shot,4,rmse,0.1796055402023246,0.1062764157891369,0.1807337588835207,0.1104479628805144,281.56662487983704,0.5474541187286377,0.5215163230895996,0.6362336536429504,,,,31.0,,,,,,0.0,0.0001721990923545,5.0,0.1380161223304589,0.0,1000.0,16.0,255.0,-1.0
anpboost-few_shot-danceability-seed4,jjid8arj,2026-07-22T17:22:20Z,anpboost,few_shot,4,rmse,0.212643231074494,0.1024991961698339,0.2137453810859272,0.1060634744896396,975.8090164661407,0.6127884387969971,0.5379858016967773,0.6688437414415007,,,,41.0,,,,,,0.0,1.2904721633073898e-05,20.0,0.2325748079967941,0.0,100.0,8.0,255.0,-1.0
anpboost-few_shot-danceability-seed4,k3jbdfvm,2026-07-22T17:12:46Z,anpboost,few_shot,4,rmse,0.2195765961365527,0.1046945829730808,0.2207507063919856,0.1073928361980811,567.7386696338654,0.5741336345672607,0.4763674736022949,0.6456235045475113,,,,42.0,,,,,,0.0,1.8406671834517417e-05,10.0,0.3476654204795515,0.0,20.0,8.0,255.0,-1.0
anpboost-few_shot-danceability-seed4,m75jc473,2026-07-22T16:01:48Z,anpboost,few_shot,4,rmse,0.1725750633751053,0.1085085249443434,0.1731682036062536,0.1080702748153145,299.81360721588135,0.512408971786499,0.4316132068634033,0.6599933690476292,,,,11.0,,,,,,0.0,0.0002780425090632,10.0,0.0105542692281163,1.0,20.0,8.0,255.0,-1.0
anpboost-few_shot-danceability-seed4,oy8d6xh7,2026-07-22T18:58:35Z,anpboost,few_shot,4,rmse,0.161844597882535,0.1103419440188692,0.1624872258803519,0.1097321059079634,1625.7745833396912,0.3953673839569092,0.377612829208374,0.7051065425010334,,,,91.0,,,,,,0.2,2.017016316297149e-05,20.0,0.0582929613195039,1.0,1000.0,8.0,255.0,-1.0
anpboost-few_shot-danceability-seed4,rmaxidlt,2026-07-22T19:25:54Z,anpboost,few_shot,4,rmse,0.2128709644438272,0.1033202814977276,0.2141364162710382,0.1074461788400122,402.2853374481201,0.3828175067901611,0.3830413818359375,0.6470274215690597,,,,67.0,,,,,,0.0,3.1392574253118284e-05,5.0,0.1121865737283773,0.0,10.0,4.0,255.0,-1.0
anpboost-few_shot-danceability-seed4,smg3lb8o,2026-07-22T15:42:47Z,anpboost,few_shot,4,rmse,0.2003625886267926,0.1046075277804984,0.2017202094209912,0.1105606204635108,1132.1818842887878,0.5570142269134521,0.4625387191772461,0.6585637277852457,,,,51.0,,,,,,0.0,1.5865500409725956e-05,20.0,0.019901994840577,0.0,100.0,4.0,255.0,-1.0
anpboost-few_shot-danceability-seed4,uyesmpkz,2026-07-22T18:13:29Z,anpboost,few_shot,4,rmse,0.2046918804387012,0.1037646601891976,0.2056358616871789,0.1059624553431821,1004.0381579399108,0.4847791194915771,0.473900556564331,0.7259759476518463,,,,178.0,,,,,,0.2,1.5820851730418417e-05,5.0,0.0450196136386975,1.0,100.0,16.0,255.0,-1.0
anpboost-few_shot-danceability-seed4,w9wzdksu,2026-07-22T15:06:21Z,anpboost,few_shot,4,rmse,0.1569479271230927,0.1067937069368342,0.1577637407919226,0.1098121701772789,290.2606155872345,0.5421156883239746,0.4939665794372558,0.6587250750704143,,,,9.0,,,,,,0.2,0.0004385170256085,10.0,0.8972612866432508,1.0,20.0,8.0,255.0,-1.0
anpboost-few_shot-danceability-seed4,wa3d55he,2026-07-22T16:06:54Z,anpboost,few_shot,4,rmse,0.0830056221190705,0.1095395682822702,0.0838179304197342,0.1115541800864673,742.0783882141113,0.5095934867858887,0.4905164241790771,0.6778620877516143,,,,23.0,,,,,,0.2,0.0002563473332261,20.0,0.1427109105814198,1.0,1000.0,8.0,255.0,-1.0
anpboost-few_shot-danceability-seed4,wl4lek2v,2026-07-22T14:41:02Z,anpboost,few_shot,4,rmse,0.1236792476959975,0.1071969040216477,0.1244303321717046,0.1092798716232283,363.4173624515533,0.5203642845153809,0.4813103675842285,0.6564930240490642,,,,18.0,,,,,,0.2,0.0003600091192911,10.0,0.083744968684368,0.0,100.0,16.0,255.0,-1.0
anpboost-few_shot-danceability-seed4,xm4nno5d,2026-07-22T16:48:21Z,anpboost,few_shot,4,rmse,0.0621824969189712,0.107325208527853,0.0653324198985726,0.1129370055819999,427.7684783935547,0.5974891185760498,0.5318849086761475,0.6568571517836862,,,,56.0,,,,,,0.2,0.0008392140711648,5.0,0.0107859712708854,0.0,10.0,8.0,255.0,-1.0
anpboost-few_shot-danceability-seed4,ydlne6gc,2026-07-22T14:47:12Z,anpboost,few_shot,4,rmse,0.2325040313852838,0.1138127772308729,0.2334439439021297,0.1151757442043052,458.0684328079224,0.5912117958068848,0.4937629699707031,5.790129534098322,,,,64.0,,,,,,0.2,1.090384328196852e-05,5.0,0.7717846862118062,0.0,20.0,4.0,255.0,-1.0
np-in_context-danceability-seed0,139ywyqp,2026-07-21T07:41:22Z,np,in_context,0,rmse,0.1424946677265922,0.0905004781822555,0.1431742936489107,0.0929747776040985,690.8243727684021,2.2937891483306885,2.38708233833313,,292.0,0.1097627007854649,0.0002693883019285,,,,,,,,,,,,,,,
np-in_context-danceability-seed0,4m4d7mby,2026-07-21T08:27:14Z,np,in_context,0,rmse,0.1317077870483313,0.0896789229104022,0.1322770475078014,0.0910817829241877,1422.4786024093628,1.823758840560913,2.1519572734832764,,688.0,0.1927325521002058,5.846326121643416e-05,,,,,,,,,,,,,,,
np-in_context-danceability-seed0,5ve3r7ls,2026-07-21T08:17:23Z,np,in_context,0,rmse,0.107726722074765,0.0907074243709856,0.1083500360019766,0.0926287934378169,579.1704647541046,2.470494031906128,2.377302646636963,,268.0,0.0875174422525385,0.0006074996073425,,,,,,,,,,,,,,,
np-in_context-danceability-seed0,754w9grk,2026-07-21T13:13:31Z,np,in_context,0,rmse,0.1320453493274661,0.0908790060999406,0.1326497020631014,0.0927418517059994,673.6199371814728,1.8898272514343264,2.362403631210327,,331.0,0.1333533430891335,0.00021941976179,,,,,,,,,,,,,,,
np-in_context-danceability-seed0,7f8wv2y8,2026-07-21T10:38:56Z,np,in_context,0,rmse,0.0925708410797076,0.0913965210307305,0.0934407415831481,0.0943827387945112,585.9619035720825,2.2922139167785645,2.3560056686401367,,267.0,0.0286706574818092,0.0007750644796341,,,,,,,,,,,,,,,
np-in_context-danceability-seed0,9p9pqdjc,2026-07-21T09:05:52Z,np,in_context,0,rmse,0.0779012832240026,0.0909461385482664,0.0787727415927348,0.0935412895785827,606.6622924804688,2.271059513092041,2.521820068359375,,292.0,0.1136089122187864,0.0007098936257405,,,,,,,,,,,,,,,
np-in_context-danceability-seed0,ba6g7m2j,2026-07-21T16:22:31Z,np,in_context,0,rmse,0.1813759323743489,0.0904955024324865,0.1819551516297271,0.0911817476357091,1336.456493139267,2.391428232192993,2.46602749824524,,614.0,0.0932621545712612,3.082131641442947e-05,,,,,,,,,,,,,,,
np-in_context-danceability-seed0,e2ufbaku,2026-07-21T13:25:02Z,np,in_context,0,rmse,0.1899562920529418,0.0902060888997385,0.1905134311948352,0.0909581531753069,1602.2079989910126,2.0580732822418213,2.06702733039856,,784.0,0.0420765122147681,1.810725406663106e-05,,,,,,,,,,,,,,,
np-in_context-danceability-seed0,ed1wciw5,2026-07-21T10:48:54Z,np,in_context,0,rmse,0.1790938385358683,0.0905067788621792,0.1797886768400635,0.0923140550340846,840.6853392124176,2.098060846328736,1.8877525329589844,,398.0,0.1043696643500143,6.75031252159592e-05,,,,,,,,,,,,,,,
np-in_context-danceability-seed0,erpmefwj,2026-07-21T15:28:25Z,np,in_context,0,rmse,0.1910200366346249,0.0903510834557296,0.1916053410821032,0.0913618105649198,1534.888454914093,1.6139352321624756,1.89803433418274,,690.0,0.0417753512189669,2.1019338091154404e-05,,,,,,,,,,,,,,,
np-in_context-danceability-seed0,gx1sde6a,2026-07-21T16:45:00Z,np,in_context,0,rmse,0.1934302994078653,0.0900719543300745,0.1940313128871885,0.0911292161743652,1714.0395090579989,2.5123186111450195,2.1748464107513428,,784.0,0.0317939167291039,1.6624564693643617e-05,,,,,,,,,,,,,,,
np-in_context-danceability-seed0,h25c9695,2026-07-21T14:10:15Z,np,in_context,0,rmse,0.171989165799151,0.0902437825186353,0.1726941844304048,0.0921797633100783,821.1532714366913,1.9763128757476809,2.326099157333374,,403.0,0.1140393540835759,7.537078298264379e-05,,,,,,,,,,,,,,,
np-in_context-danceability-seed0,hg0b8rju,2026-07-21T08:51:08Z,np,in_context,0,rmse,0.1388083211682857,0.0903760489038101,0.1391888581636027,0.0904565214980276,871.6079082489014,2.328040599822998,2.1879823207855225,,427.0,0.1583450076165329,0.000114232541556,,,,,,,,,,,,,,,
np-in_context-danceability-seed0,k70yac9e,2026-07-21T17:13:45Z,np,in_context,0,rmse,0.1658951988847842,0.0906811131011231,0.1663776861510992,0.0906793392026104,2360.237099647522,2.01604437828064,2.429907321929932,,1105.0,0.1312659178930547,1.889582693802601e-05,,,,,,,,,,,,,,,
np-in_context-danceability-seed0,kmnwlpvb,2026-07-21T11:03:06Z,np,in_context,0,rmse,0.1233398915002017,0.0904931519519554,0.1240049351278923,0.0929341271160621,597.5279099941254,1.858316659927368,1.8274734020233152,,292.0,0.0529111224209254,0.0003535634629148,,,,,,,,,,,,,,,
np-in_context-danceability-seed0,ly3acves,2026-07-21T10:18:08Z,np,in_context,0,rmse,0.1430321104753901,0.0903831054046283,0.1436238800156269,0.09211972326356,586.6088292598724,2.245621681213379,2.498808622360229,,268.0,0.0922958724505863,0.0003639639356786,,,,,,,,,,,,,,,
np-in_context-danceability-seed0,mqi044xe,2026-07-21T08:07:08Z,np,in_context,0,rmse,0.1602563242372426,0.0905302387346254,0.1609514203739113,0.0924521866177997,594.1798372268677,2.519679069519043,2.276749849319458,,296.0,0.0847309598677809,0.0001957889720121,,,,,,,,,,,,,,,
np-in_context-danceability-seed0,myf39yey,2026-07-21T11:35:10Z,np,in_context,0,rmse,0.149065973236118,0.0907469387892368,0.1496063155032241,0.0918275015979311,706.2590479850769,2.4565093517303467,2.220467329025269,,331.0,0.1224191445444842,0.0001713436419711,,,,,,,,,,,,,,,
np-in_context-danceability-seed0,ne7jgfno,2026-07-21T10:03:15Z,np,in_context,0,rmse,0.0659793828428622,0.0898580180238207,0.0668680724057816,0.0923297437512869,848.3764872550964,2.3714599609375,2.7580316066741943,,398.0,0.1957236684465528,0.0003965675081771,,,,,,,,,,,,,,,
np-in_context-danceability-seed0,nxrlm5xm,2026-07-21T07:53:07Z,np,in_context,0,rmse,0.1495567072853986,0.09055929413819,0.1500281101488495,0.0913614050978764,829.5471353530884,1.919299840927124,2.0825088024139404,,381.0,0.1205526752143287,0.0001229607110732,,,,,,,,,,,,,,,
np-in_context-danceability-seed0,oxfh3ml2,2026-07-21T13:51:57Z,np,in_context,0,rmse,0.166549885399303,0.0905348457840743,0.1670754096791256,0.0919660632743867,1084.7707149982452,2.4567434787750244,2.3262171745300293,,516.0,0.0630856701848367,5.338528208876637e-05,,,,,,,,,,,,,,,
np-in_context-danceability-seed0,pbivrdgp,2026-07-21T09:43:33Z,np,in_context,0,rmse,0.1376651490924748,0.090496371966927,0.1382220427017935,0.0920640750610047,568.6378779411316,2.109368324279785,2.010355234146118,,258.0,0.0040436794880651,0.0004626362841475,,,,,,,,,,,,,,,
np-in_context-danceability-seed0,pfos0j5q,2026-07-21T12:00:44Z,np,in_context,0,rmse,0.1738402520353675,0.0905167386095868,0.1744843035919734,0.0924584991225517,874.7479183673859,2.381692886352539,2.3740062713623047,,398.0,0.0719015801147572,7.4827960376208e-05,,,,,,,,,,,,,,,
np-in_context-danceability-seed0,pjj5ltci,2026-07-21T12:15:32Z,np,in_context,0,rmse,0.1576311601584541,0.0902065615794178,0.1581923293455712,0.0912113808934247,3467.692648410797,1.6749725341796875,2.291112184524536,,1684.0,0.1395262391854529,1.3196262418422204e-05,,,,,,,,,,,,,,,
np-in_context-danceability-seed0,pn392i4h,2026-07-21T11:24:41Z,np,in_context,0,rmse,0.1708761645772905,0.0899004805029438,0.171414586065604,0.0910603818559258,615.84219622612,2.17655348777771,2.235327243804932,,291.0,0.003757960087271,0.0001718980674331,,,,,,,,,,,,,,,
np-in_context-danceability-seed0,q8il087g,2026-07-21T15:54:13Z,np,in_context,0,rmse,0.1587614071681655,0.0903393900020826,0.1592320248326707,0.0907220279868553,1685.537477016449,1.9067060947418213,1.7909879684448242,,799.0,0.1306216650930796,3.210577849550394e-05,,,,,,,,,,,,,,,
np-in_context-danceability-seed0,r2jo2gov,2026-07-21T14:24:30Z,np,in_context,0,rmse,0.1389012953720475,0.0897705451937089,0.1394807271164885,0.0910790941155943,3821.753318071366,2.693247079849243,2.4112491607666016,,1814.0,0.1976747676118452,1.5998881492631487e-05,,,,,,,,,,,,,,,
np-in_context-danceability-seed0,uyfswrnh,2026-07-21T09:53:17Z,np,in_context,0,rmse,0.1249425373992239,0.0912312288793342,0.1257187047619029,0.0937310463724144,572.5303761959076,2.2759692668914795,1.938409805297852,,258.0,0.1556313501899701,0.0005495716186411,,,,,,,,,,,,,,,
np-in_context-danceability-seed0,wx7tuyfk,2026-07-21T11:13:14Z,np,in_context,0,rmse,0.1630105447051117,0.0904848039492841,0.1635876385379755,0.0913571298260465,675.3941652774811,2.0217418670654297,1.927417993545532,,331.0,0.0912300664433097,0.0001370464839284,,,,,,,,,,,,,,,
np-in_context-danceability-seed0,y15f5wrd,2026-07-21T09:16:11Z,np,in_context,0,rmse,0.1966060730444274,0.0903916966516266,0.1971294990279989,0.0910694950316827,1630.7951118946075,2.162003755569458,2.12712836265564,,799.0,0.0142072116395773,1.4936835544198446e-05,,,,,,,,,,,,,,,
np-in_context-danceability-seed0,yoly7gf2,2026-07-21T10:28:06Z,np,in_context,0,rmse,0.161847577571071,0.0897429442015657,0.1624481894753196,0.0912437805955186,638.6319229602814,2.586414098739624,2.387937068939209,,296.0,0.0236548851737866,0.0001904767808428,,,,,,,,,,,,,,,
np-in_context-danceability-seed0,zgogd4vh,2026-07-21T11:47:08Z,np,in_context,0,rmse,0.1077735648764223,0.0904584133645179,0.1084214728834638,0.0924268199202469,804.461941242218,2.22969651222229,2.2282538414001465,,373.0,0.1887496157029248,0.0002310152225018,,,,,,,,,,,,,,,
np-in_context-danceability-seed1,1r3fryu1,2026-07-21T17:01:52Z,np,in_context,1,rmse,0.1860565425162201,0.0913377052295514,0.1870007631968867,0.0948355378640045,1868.707683801651,2.287639617919922,2.41731595993042,,893.0,0.0317939167291039,1.6624564693643617e-05,,,,,,,,,,,,,,,
np-in_context-danceability-seed1,350y8tsw,2026-07-21T09:14:40Z,np,in_context,1,rmse,0.0779045084569285,0.0923829353437779,0.0789284445490839,0.0954501806383341,576.6514844894409,1.9646284580230715,2.190448045730591,,291.0,0.1136089122187864,0.0007098936257405,,,,,,,,,,,,,,,
np-in_context-danceability-seed1,3anmg5im,2026-07-21T11:09:44Z,np,in_context,1,rmse,0.1232547181582091,0.0919542694825458,0.1240558164184876,0.0947147101144299,550.0611898899078,2.003384828567505,2.275942802429199,,292.0,0.0529111224209254,0.0003535634629148,,,,,,,,,,,,,,,
np-in_context-danceability-seed1,4by0mcjf,2026-07-21T12:22:10Z,np,in_context,1,rmse,0.1618329246018894,0.0902264405652503,0.1629487852510366,0.0954788204176245,3180.2626988887787,2.480185508728028,2.017444610595703,,1581.0,0.1395262391854529,1.3196262418422204e-05,,,,,,,,,,,,,,,
np-in_context-danceability-seed1,4waq8wgh,2026-07-21T11:40:37Z,np,in_context,1,rmse,0.1407296132323333,0.0903496900701416,0.141904501361815,0.0956985548197863,698.9456036090851,2.29801082611084,2.038119077682495,,347.0,0.1224191445444842,0.0001713436419711,,,,,,,,,,,,,,,
np-in_context-danceability-seed1,62pkj3b4,2026-07-21T10:48:42Z,np,in_context,1,rmse,0.130560026179461,0.0902962756973935,0.1316384011915922,0.0949887339909335,1250.4128856658936,2.246570348739624,1.9979610443115232,,628.0,0.1043696643500143,6.75031252159592e-05,,,,,,,,,,,,,,,
np-in_context-danceability-seed1,6gvvbd8l,2026-07-21T07:41:22Z,np,in_context,1,rmse,0.0810103553403906,0.0906283067542326,0.0826265121131254,0.0961035246169226,897.5402231216431,2.260592222213745,2.2963478565216064,,415.0,0.1097627007854649,0.0002693883019285,,,,,,,,,,,,,,,
np-in_context-danceability-seed1,9oz2m2gv,2026-07-21T14:33:18Z,np,in_context,1,rmse,0.1458429317532872,0.0904122188733551,0.146970981070268,0.09567465022654,3466.136775970459,2.5249271392822266,2.498787403106689,,1658.0,0.1976747676118452,1.5998881492631487e-05,,,,,,,,,,,,,,,
np-in_context-danceability-seed1,9q79ur27,2026-07-21T13:57:18Z,np,in_context,1,rmse,0.1656897546722446,0.0904962921118032,0.1666848458727843,0.094581639234975,1031.6700553894043,2.1860480308532715,2.22643780708313,,519.0,0.0630856701848367,5.338528208876637e-05,,,,,,,,,,,,,,,
np-in_context-danceability-seed1,atte4px5,2026-07-21T11:30:32Z,np,in_context,1,rmse,0.1642602186793398,0.0915533232014401,0.1652285394493056,0.09618788747045,593.0112354755402,2.4501218795776367,2.188029289245605,,302.0,0.003757960087271,0.0001718980674331,,,,,,,,,,,,,,,
np-in_context-danceability-seed1,azcx22r2,2026-07-21T08:22:24Z,np,in_context,1,rmse,0.085493689732251,0.0929577193458214,0.08644457782239,0.0959871436497727,595.384913444519,2.4072375297546387,2.074684381484986,,294.0,0.0875174422525385,0.0006074996073425,,,,,,,,,,,,,,,
np-in_context-danceability-seed1,bnr6gpck,2026-07-21T10:40:04Z,np,in_context,1,rmse,0.1132740708482511,0.0929818726359571,0.114156661323509,0.0958219328019492,506.36085176467896,2.148406982421875,2.0490543842315674,,250.0,0.0286706574818092,0.0007750644796341,,,,,,,,,,,,,,,
np-in_context-danceability-seed1,buimg3db,2026-07-21T09:24:29Z,np,in_context,1,rmse,0.1974565662356375,0.0910187340526199,0.198281714188873,0.0941351230784739,1550.182050704956,2.697056770324707,2.5287585258483887,,782.0,0.0142072116395773,1.4936835544198446e-05,,,,,,,,,,,,,,,
np-in_context-danceability-seed1,c9gtm3s6,2026-07-21T10:30:02Z,np,in_context,1,rmse,0.1640578951838291,0.0907289410746825,0.1649977394940131,0.0946783207042299,590.4230890274048,2.447129726409912,2.0828423500061035,,292.0,0.0236548851737866,0.0001904767808428,,,,,,,,,,,,,,,
np-in_context-danceability-seed1,e3ecqk06,2026-07-21T11:19:06Z,np,in_context,1,rmse,0.1554984142177941,0.0896990569896964,0.1566115708837812,0.094950322757238,673.59845495224,2.2096407413482666,2.3938136100769043,,347.0,0.0912300664433097,0.0001370464839284,,,,,,,,,,,,,,,
np-in_context-danceability-seed1,fgezbjoz,2026-07-21T10:20:10Z,np,in_context,1,rmse,0.1208935765932873,0.0916067836014987,0.1217651073319647,0.0950276744601117,580.7704486846924,2.167632818222046,2.280790567398072,,292.0,0.0922958724505863,0.0003639639356786,,,,,,,,,,,,,,,
np-in_context-danceability-seed1,g2jc97ay,2026-07-21T09:59:15Z,np,in_context,1,rmse,0.1048024942006602,0.0922911769195956,0.1062094066904964,0.0978503200117436,545.5244109630585,2.184041738510132,2.4809489250183105,,277.0,0.1556313501899701,0.0005495716186411,,,,,,,,,,,,,,,
np-in_context-danceability-seed1,g6bodupn,2026-07-21T12:08:09Z,np,in_context,1,rmse,0.1738150905645299,0.090298714564354,0.1748923771353454,0.0953433981340222,828.9436819553375,2.2462289333343506,1.971163511276245,,397.0,0.0719015801147572,7.4827960376208e-05,,,,,,,,,,,,,,,
np-in_context-danceability-seed1,gwcgzmzz,2026-07-21T08:59:44Z,np,in_context,1,rmse,0.1283824633966925,0.0897808034037863,0.1295417366384196,0.0951585120204545,885.5751175880432,1.8953347206115725,1.9639060497283936,,460.0,0.1583450076165329,0.000114232541556,,,,,,,,,,,,,,,
np-in_context-danceability-seed1,ho16didy,2026-07-21T16:34:26Z,np,in_context,1,rmse,0.163782209374023,0.0900566031057682,0.1649267942095627,0.0951417857274837,1624.9662404060364,2.353698968887329,2.377684593200684,,772.0,0.0932621545712612,3.082131641442947e-05,,,,,,,,,,,,,,,
np-in_context-danceability-seed1,jecakfkf,2026-07-21T13:27:00Z,np,in_context,1,rmse,0.182078807232969,0.0908463478715378,0.1830800849501806,0.0950386855542999,1789.6092927455902,2.574387311935425,2.5544121265411377,,893.0,0.0420765122147681,1.810725406663106e-05,,,,,,,,,,,,,,,
np-in_context-danceability-seed1,jvjowqj2,2026-07-21T07:56:35Z,np,in_context,1,rmse,0.147245978883572,0.0899229966182867,0.1484089692876914,0.0953014675788959,761.826625585556,2.017622947692871,1.900444269180298,,386.0,0.1205526752143287,0.0001229607110732,,,,,,,,,,,,,,,
np-in_context-danceability-seed1,kp0f5up0,2026-07-21T09:50:32Z,np,in_context,1,rmse,0.1481352098414968,0.0922622732060089,0.148990722987084,0.0951583081155494,510.9538812637329,2.45941424369812,2.355123281478882,,250.0,0.0040436794880651,0.0004626362841475,,,,,,,,,,,,,,,
np-in_context-danceability-seed1,lsksza6b,2026-07-21T10:08:33Z,np,in_context,1,rmse,0.0954028926478107,0.091437658483145,0.0966997742985322,0.0959989269876388,674.3507437705994,2.461667537689209,2.389923095703125,,321.0,0.1957236684465528,0.0003965675081771,,,,,,,,,,,,,,,
np-in_context-danceability-seed1,nn9f1niw,2026-07-21T08:32:31Z,np,in_context,1,rmse,0.1125424006632833,0.090196067473601,0.1137774198067234,0.0953017900748693,1621.5076625347135,2.081188678741455,2.0111780166625977,,826.0,0.1927325521002058,5.846326121643416e-05,,,,,,,,,,,,,,,
np-in_context-danceability-seed1,nz820nmz,2026-07-21T14:15:25Z,np,in_context,1,rmse,0.1387284985482194,0.0901662455662269,0.1398165932063343,0.0945487774087272,1061.4571623802185,2.1741225719451904,2.194751501083374,,542.0,0.1140393540835759,7.537078298264379e-05,,,,,,,,,,,,,,,
np-in_context-danceability-seed1,pf5ejcv6,2026-07-21T08:10:01Z,np,in_context,1,rmse,0.1179538558996129,0.0900367136534847,0.1192629726918396,0.0959284784548418,731.0391583442688,2.353318214416504,2.278615713119507,,376.0,0.0847309598677809,0.0001957889720121,,,,,,,,,,,,,,,
np-in_context-danceability-seed1,ptca9t90,2026-07-21T17:33:13Z,np,in_context,1,rmse,0.1659008392859489,0.0905440299035587,0.1669348920448758,0.0951869404722654,2316.3767178058624,2.050454378128052,3.133587121963501,,1101.0,0.1312659178930547,1.889582693802601e-05,,,,,,,,,,,,,,,
np-in_context-danceability-seed1,rcf75csk,2026-07-21T11:52:28Z,np,in_context,1,rmse,0.0803068000646656,0.0909269518980632,0.0817722915206883,0.0955121244541351,929.3733818531036,2.575544595718384,2.477644681930542,,453.0,0.1887496157029248,0.0002310152225018,,,,,,,,,,,,,,,
np-in_context-danceability-seed1,vms6kqk2,2026-07-21T15:31:18Z,np,in_context,1,rmse,0.1746120669625022,0.0908656975583173,0.175600585894949,0.0950640386809202,1883.8048782348635,2.205363273620605,2.228261232376098,,893.0,0.0417753512189669,2.1019338091154404e-05,,,,,,,,,,,,,,,
np-in_context-danceability-seed1,vogt3pnl,2026-07-21T16:02:53Z,np,in_context,1,rmse,0.146645656592076,0.090294142129944,0.1477657372367761,0.0953375993880744,1880.0869853496552,2.489645004272461,2.355271339416504,,918.0,0.1306216650930796,3.210577849550394e-05,,,,,,,,,,,,,,,
np-in_context-danceability-seed1,y8vi3t9i,2026-07-21T13:15:46Z,np,in_context,1,rmse,0.1230246385115853,0.0904811414173366,0.124184127633158,0.0954644888525144,662.4775042533875,2.1116316318511963,2.345892429351806,,347.0,0.1333533430891335,0.00021941976179,,,,,,,,,,,,,,,
np-in_context-danceability-seed2,0wyz7vau,2026-07-21T15:54:05Z,np,in_context,2,rmse,0.1591167008484533,0.0932928560035656,0.1591533423134952,0.0903940467178499,1628.3368003368378,2.143699407577514,2.322543144226074,,799.0,0.1306216650930796,3.210577849550394e-05,,,,,,,,,,,,,,,
np-in_context-danceability-seed2,12boz21f,2026-07-21T11:46:46Z,np,in_context,2,rmse,0.09950824476658,0.0925255700363968,0.0995268666804069,0.0912920421271498,797.8479070663452,2.0097203254699707,2.118273496627808,,394.0,0.1887496157029248,0.0002310152225018,,,,,,,,,,,,,,,
np-in_context-danceability-seed2,2g8j8pwo,2026-07-21T10:46:21Z,np,in_context,2,rmse,0.1575726670256155,0.0929019919280619,0.1577471988665213,0.0908412052576601,981.1658279895782,2.153817653656006,2.530780553817749,,491.0,0.1043696643500143,6.75031252159592e-05,,,,,,,,,,,,,,,
np-in_context-danceability-seed2,36fus2za,2026-07-21T11:34:29Z,np,in_context,2,rmse,0.133275932263078,0.0925464083898624,0.1333733813694849,0.0906560206013013,725.6125645637512,2.1891393661499023,1.985302209854126,,365.0,0.1224191445444842,0.0001713436419711,,,,,,,,,,,,,,,
np-in_context-danceability-seed2,3hhferyr,2026-07-21T09:19:18Z,np,in_context,2,rmse,0.2004226605053128,0.0930383586423303,0.200762442749968,0.092287451039993,1467.9541482925415,2.23191499710083,2.4201583862304688,,742.0,0.0142072116395773,1.4936835544198446e-05,,,,,,,,,,,,,,,
np-in_context-danceability-seed2,4y0ho9nf,2026-07-21T11:25:25Z,np,in_context,2,rmse,0.1846609006563645,0.0932561800744574,0.1849546062833293,0.0918417115377698,532.2751824855804,2.455286026000977,2.290498733520508,,270.0,0.003757960087271,0.0001718980674331,,,,,,,,,,,,,,,
np-in_context-danceability-seed2,5pychaak,2026-07-21T08:08:46Z,np,in_context,2,rmse,0.1574171143939757,0.0927797471653205,0.1575316672742666,0.0905302579878375,570.8878495693207,2.2067720890045166,2.077898502349853,,301.0,0.0847309598677809,0.0001957889720121,,,,,,,,,,,,,,,
np-in_context-danceability-seed2,7boe9kau,2026-07-21T11:12:10Z,np,in_context,2,rmse,0.1302417324564009,0.0931292922207552,0.1302273637810966,0.0906495186620224,783.7239999771118,2.119371175765991,2.08749008178711,,414.0,0.0912300664433097,0.0001370464839284,,,,,,,,,,,,,,,
np-in_context-danceability-seed2,8a23jiat,2026-07-21T11:03:11Z,np,in_context,2,rmse,0.1436197703202477,0.093584471566528,0.1437740464883348,0.091888470722171,527.617635011673,2.181506395339966,2.119420289993286,,270.0,0.0529111224209254,0.0003535634629148,,,,,,,,,,,,,,,
np-in_context-danceability-seed2,8mvsg77c,2026-07-21T07:54:48Z,np,in_context,2,rmse,0.1450156456787228,0.0927526488890919,0.145137962055685,0.0907567637931669,794.308878660202,1.8858988285064693,2.216529607772827,,394.0,0.1205526752143287,0.0001229607110732,,,,,,,,,,,,,,,
np-in_context-danceability-seed2,8u1ev9kq,2026-07-21T08:18:29Z,np,in_context,2,rmse,0.0815237366282202,0.0939780788956643,0.081612166650988,0.0933444699138881,604.70765209198,2.2284724712371826,2.2108829021453857,,302.0,0.0875174422525385,0.0006074996073425,,,,,,,,,,,,,,,
np-in_context-danceability-seed2,8vrrrd3v,2026-07-21T13:25:52Z,np,in_context,2,rmse,0.1877550479093212,0.0933910790740132,0.1879151128087041,0.0907856892295672,1636.034173965454,2.21265172958374,2.46624755859375,,819.0,0.0420765122147681,1.810725406663106e-05,,,,,,,,,,,,,,,
np-in_context-danceability-seed2,98u8r7gy,2026-07-21T09:52:57Z,np,in_context,2,rmse,0.0669643900212268,0.0937451394676059,0.0669112078184796,0.0929774510969968,703.5185923576355,2.186445951461792,2.557794570922852,,347.0,0.1556313501899701,0.0005495716186411,,,,,,,,,,,,,,,
np-in_context-danceability-seed2,bje22ulr,2026-07-21T10:27:33Z,np,in_context,2,rmse,0.1672536376063809,0.0925261993351851,0.16737203084751,0.0902185489184995,574.3053333759308,2.371326446533203,2.159993886947632,,288.0,0.0236548851737866,0.0001904767808428,,,,,,,,,,,,,,,
np-in_context-danceability-seed2,dleaoc09,2026-07-21T13:53:21Z,np,in_context,2,rmse,0.1738805784171211,0.0927916445277423,0.1741784440693214,0.0917615879663391,959.8100616931916,1.9785487651824951,2.45996642112732,,478.0,0.0630856701848367,5.338528208876637e-05,,,,,,,,,,,,,,,
np-in_context-danceability-seed2,f0pfjzxf,2026-07-21T16:21:25Z,np,in_context,2,rmse,0.1793669700888502,0.093330231979734,0.1795562985085669,0.0909029825570451,1314.8320634365082,2.4837875366210938,2.446725606918335,,634.0,0.0932621545712612,3.082131641442947e-05,,,,,,,,,,,,,,,
np-in_context-danceability-seed2,hghj2wzk,2026-07-21T10:37:19Z,np,in_context,2,rmse,0.1008966090754962,0.0942493103956459,0.1008557363787777,0.092560818021305,530.1132481098175,1.9976565837860107,2.24131178855896,,260.0,0.0286706574818092,0.0007750644796341,,,,,,,,,,,,,,,
np-in_context-danceability-seed2,hrena39a,2026-07-21T09:07:46Z,np,in_context,2,rmse,0.0584216891755222,0.0938756089231539,0.0586000907308085,0.0935003342748193,679.8307778835297,2.2022290229797363,2.525242567062378,,349.0,0.1136089122187864,0.0007098936257405,,,,,,,,,,,,,,,
np-in_context-danceability-seed2,jmn220tt,2026-07-21T10:17:47Z,np,in_context,2,rmse,0.1274470524354414,0.0922886778399047,0.1276345385962601,0.0914185236053821,573.5762710571289,2.1552929878234863,2.3137004375457764,,285.0,0.0922958724505863,0.0003639639356786,,,,,,,,,,,,,,,
np-in_context-danceability-seed2,mvjdy2av,2026-07-21T14:25:32Z,np,in_context,2,rmse,0.1386193211891102,0.0935829684302109,0.1385569745977032,0.0905326299376864,3802.359709739685,2.523219347000122,2.2694218158721924,,1831.0,0.1976747676118452,1.5998881492631487e-05,,,,,,,,,,,,,,,
np-in_context-danceability-seed2,pm4vswwe,2026-07-21T07:41:22Z,np,in_context,2,rmse,0.1017003892456029,0.0932983816098412,0.101456494685065,0.0904756255730541,791.0081984996796,2.0568623542785645,2.170720100402832,,363.0,0.1097627007854649,0.0002693883019285,,,,,,,,,,,,,,,
np-in_context-danceability-seed2,r3oycv7a,2026-07-21T13:15:40Z,np,in_context,2,rmse,0.1421333644487175,0.0928820072742556,0.1421735932291119,0.0907433560686116,601.180202960968,2.2640814781188965,1.905832290649414,,314.0,0.1333533430891335,0.00021941976179,,,,,,,,,,,,,,,
np-in_context-danceability-seed2,rxyouhou,2026-07-21T16:43:33Z,np,in_context,2,rmse,0.1885096420473183,0.0925759520525782,0.1887408578056765,0.0908985343095202,1828.188889980316,2.429864406585694,2.6153452396392822,,862.0,0.0317939167291039,1.6624564693643617e-05,,,,,,,,,,,,,,,
np-in_context-danceability-seed2,rz8zhjvi,2026-07-21T08:52:20Z,np,in_context,2,rmse,0.1257051077888986,0.0927653734988504,0.1257565845940542,0.0907925687832632,914.2864089012146,2.176861524581909,2.3321266174316406,,472.0,0.1583450076165329,0.000114232541556,,,,,,,,,,,,,,,
np-in_context-danceability-seed2,sanfe9v5,2026-07-21T10:04:52Z,np,in_context,2,rmse,0.0744568623448641,0.0923444602298978,0.074533017334563,0.0920166182775935,761.1300773620605,2.195574998855591,2.439440488815308,,371.0,0.1957236684465528,0.0003965675081771,,,,,,,,,,,,,,,
np-in_context-danceability-seed2,vh2vbzb9,2026-07-21T15:29:06Z,np,in_context,2,rmse,0.1908175620830597,0.0930784282485774,0.1910057833789117,0.0904797512403409,1485.5904290676117,2.3227479457855225,2.190361976623535,,696.0,0.0417753512189669,2.1019338091154404e-05,,,,,,,,,,,,,,,
np-in_context-danceability-seed2,w3gloazu,2026-07-21T12:17:01Z,np,in_context,2,rmse,0.1557200230238362,0.0935939579264137,0.1556959883567014,0.0903207327890805,3508.0380284786224,1.6781318187713623,2.0893237590789795,,1740.0,0.1395262391854529,1.3196262418422204e-05,,,,,,,,,,,,,,,
np-in_context-danceability-seed2,wk1qy904,2026-07-21T09:43:58Z,np,in_context,2,rmse,0.1358920967386078,0.0942231400981716,0.1359429414619365,0.0920283949805578,526.7928009033203,2.017045497894287,2.2300455570220947,,260.0,0.0040436794880651,0.0004626362841475,,,,,,,,,,,,,,,
np-in_context-danceability-seed2,wno4loab,2026-07-21T12:00:15Z,np,in_context,2,rmse,0.1531410296403424,0.092445433412396,0.1532712418874814,0.0905824667795691,994.91033744812,2.0268263816833496,2.225776672363281,,481.0,0.0719015801147572,7.4827960376208e-05,,,,,,,,,,,,,,,
np-in_context-danceability-seed2,wpg908xb,2026-07-21T08:28:44Z,np,in_context,2,rmse,0.1294883986923592,0.0929804369816343,0.1294629116398757,0.0906606955433799,1404.5422208309174,1.3125290870666504,2.303900957107544,,706.0,0.1927325521002058,5.846326121643416e-05,,,,,,,,,,,,,,,
np-in_context-danceability-seed2,y1un4acz,2026-07-21T17:14:21Z,np,in_context,2,rmse,0.1749174963211255,0.0939356342105005,0.1749977025650628,0.0905788267138313,2049.315147638321,2.266303300857544,2.544862508773804,,974.0,0.1312659178930547,1.889582693802601e-05,,,,,,,,,,,,,,,
np-in_context-danceability-seed2,zngwjqzk,2026-07-21T14:09:32Z,np,in_context,2,rmse,0.1504396362405746,0.0928901858664605,0.150563962819918,0.0907245699291893,948.4634988307952,2.1919260025024414,2.495390653610229,,491.0,0.1140393540835759,7.537078298264379e-05,,,,,,,,,,,,,,,
np-in_context-danceability-seed3,0383me6w,2026-07-22T12:17:31Z,np,in_context,3,rmse,0.1797410271650443,0.0937400097000542,0.1801307259893124,0.0923931659544013,1230.1042947769165,1.261028289794922,1.339623212814331,,933.0,0.0420765122147681,1.810725406663106e-05,,,,,,,,,,,,,,,
np-in_context-danceability-seed3,0f7ge01d,2026-07-22T12:58:12Z,np,in_context,3,rmse,0.1575854748770037,0.0943654575543936,0.1579313383246026,0.0925790409965966,1909.0247592926023,1.3285610675811768,1.3984370231628418,,1429.0,0.1976747676118452,1.5998881492631487e-05,,,,,,,,,,,,,,,
np-in_context-danceability-seed3,0nn71cl4,2026-07-22T09:40:25Z,np,in_context,3,rmse,0.1017721225878943,0.0946480722633698,0.1019300958396201,0.0927311809771616,345.0300483703613,1.3818068504333496,1.3855040073394775,,264.0,0.1136089122187864,0.0007098936257405,,,,,,,,,,,,,,,
np-in_context-danceability-seed3,1zpocfkn,2026-07-22T11:19:30Z,np,in_context,3,rmse,0.094361618917479,0.0934659242144607,0.094603877724447,0.0927499977621383,513.0782120227814,1.2699534893035889,1.2940566539764404,,408.0,0.1887496157029248,0.0002310152225018,,,,,,,,,,,,,,,
np-in_context-danceability-seed3,2dotl599,2026-07-22T11:38:23Z,np,in_context,3,rmse,0.1691058005159019,0.094082564867861,0.1695216908111827,0.0927249130244705,1893.7208552360537,1.1205546855926514,1.223930597305298,,1429.0,0.1395262391854529,1.3196262418422204e-05,,,,,,,,,,,,,,,
np-in_context-danceability-seed3,5499d0dp,2026-07-22T14:24:55Z,np,in_context,3,rmse,0.1890651597301187,0.0941662280449523,0.1894203567398505,0.0916489860568136,1165.9828975200653,1.4290177822113037,1.4525210857391355,,852.0,0.0317939167291039,1.6624564693643617e-05,,,,,,,,,,,,,,,
np-in_context-danceability-seed3,78xjyatg,2026-07-22T10:58:59Z,np,in_context,3,rmse,0.1725370902557713,0.0938656855974028,0.1730205645723443,0.0930218940097674,395.8907790184021,1.481597661972046,1.3345284461975098,,311.0,0.0912300664433097,0.0001370464839284,,,,,,,,,,,,,,,
np-in_context-danceability-seed3,7kzytdu1,2026-07-22T11:12:38Z,np,in_context,3,rmse,0.1587358810884355,0.0941290780556177,0.1591168971149468,0.0924380147624405,402.426983833313,1.6615288257598877,1.2997851371765137,,313.0,0.1224191445444842,0.0001713436419711,,,,,,,,,,,,,,,
np-in_context-danceability-seed3,7qmmf0zb,2026-07-22T11:06:34Z,np,in_context,3,rmse,0.1783868591012864,0.0937627716945534,0.1787008877513266,0.0915680377970331,354.89253401756287,1.3885691165924072,1.508796453475952,,279.0,0.003757960087271,0.0001718980674331,,,,,,,,,,,,,,,
np-in_context-danceability-seed3,8t60jhug,2026-07-22T10:23:56Z,np,in_context,3,rmse,0.1291473877210558,0.0949181426082408,0.1293920881576665,0.0925805789994969,375.1060035228729,1.5790748596191406,1.4309306144714355,,283.0,0.0922958724505863,0.0003639639356786,,,,,,,,,,,,,,,
np-in_context-danceability-seed3,9e70js36,2026-07-22T09:13:18Z,np,in_context,3,rmse,0.115058706781416,0.0933135303045374,0.1152012745760967,0.0912764074797066,1072.4218883514404,1.179208278656006,1.1477940082550049,,810.0,0.1927325521002058,5.846326121643416e-05,,,,,,,,,,,,,,,
np-in_context-danceability-seed3,al1rxp21,2026-07-22T10:53:00Z,np,in_context,3,rmse,0.1464551353481184,0.095352025177441,0.146815458157843,0.0935820263817609,350.4745306968689,1.4676308631896973,1.442882776260376,,267.0,0.0529111224209254,0.0003535634629148,,,,,,,,,,,,,,,
np-in_context-danceability-seed3,ctwr3dt2,2026-07-22T13:46:24Z,np,in_context,3,rmse,0.1456807130418938,0.0934581208797832,0.1459788364600816,0.0918760239576059,1276.6343038082125,1.4470083713531494,1.3712964057922363,,933.0,0.1306216650930796,3.210577849550394e-05,,,,,,,,,,,,,,,
np-in_context-danceability-seed3,d1lbdpyt,2026-07-22T09:46:18Z,np,in_context,3,rmse,0.1960836373024391,0.0939809880919924,0.1963798937289594,0.0912057354327392,1051.9234194755554,1.490131139755249,1.442347764968872,,809.0,0.0142072116395773,1.4936835544198446e-05,,,,,,,,,,,,,,,
np-in_context-danceability-seed3,eliyqajo,2026-07-22T10:30:20Z,np,in_context,3,rmse,0.1613399833523888,0.0936251940213805,0.1615935443701587,0.0912034020039695,388.1347553730011,1.3847644329071045,1.359379768371582,,297.0,0.0236548851737866,0.0001904767808428,,,,,,,,,,,,,,,
np-in_context-danceability-seed3,ev4287i0,2026-07-22T09:00:01Z,np,in_context,3,rmse,0.1513243538004954,0.0934655564143623,0.1516790829486708,0.092155023632566,405.2127888202667,1.5032916069030762,1.3295910358428955,,311.0,0.0847309598677809,0.0001957889720121,,,,,,,,,,,,,,,
np-in_context-danceability-seed3,gxx8jyy0,2026-07-22T14:07:49Z,np,in_context,3,rmse,0.1673674950437444,0.0934784705886115,0.1676453224986342,0.0910525874224996,1013.4860796928406,1.430253028869629,1.4820549488067627,,742.0,0.0932621545712612,3.082131641442947e-05,,,,,,,,,,,,,,,
np-in_context-danceability-seed3,jok6syaq,2026-07-22T12:48:11Z,np,in_context,3,rmse,0.1594622790713717,0.0933347430582203,0.1598379283528453,0.0917535012105002,591.4790863990784,1.5140352249145508,1.3528294563293457,,452.0,0.1140393540835759,7.537078298264379e-05,,,,,,,,,,,,,,,
np-in_context-danceability-seed3,lgqnnqh4,2026-07-22T13:30:11Z,np,in_context,3,rmse,0.1898410933282344,0.0940388474965392,0.1901689590320066,0.0911243461542603,964.3253774642944,1.220466375350952,1.1754255294799805,,706.0,0.0417753512189669,2.1019338091154404e-05,,,,,,,,,,,,,,,
np-in_context-danceability-seed3,lhv7ai2n,2026-07-22T11:28:44Z,np,in_context,3,rmse,0.1599810263064076,0.0937466884162454,0.1603556975797109,0.09253560671572,570.2108602523804,1.3133196830749512,1.5931272506713867,,452.0,0.0719015801147572,7.4827960376208e-05,,,,,,,,,,,,,,,
np-in_context-danceability-seed3,lj4ca4q3,2026-07-22T12:10:34Z,np,in_context,3,rmse,0.1437636436328366,0.0935202509050246,0.144184543510688,0.0926799189096256,408.8236839771271,1.156996250152588,1.269545078277588,,311.0,0.1333533430891335,0.00021941976179,,,,,,,,,,,,,,,
np-in_context-danceability-seed3,llk0x0ly,2026-07-22T08:42:04Z,np,in_context,3,rmse,0.128246201660403,0.0937955489104728,0.1284477265932941,0.0914622869600837,453.0564126968384,1.581027269363403,1.5709636211395264,,313.0,0.1097627007854649,0.0002693883019285,,,,,,,,,,,,,,,
np-in_context-danceability-seed3,lno3vrdt,2026-07-22T10:04:00Z,np,in_context,3,rmse,0.1408742525959174,0.0944418136651846,0.1410602529954458,0.0920152560434132,337.99201345443726,1.370594501495361,1.4563186168670654,,256.0,0.0040436794880651,0.0004626362841475,,,,,,,,,,,,,,,
np-in_context-danceability-seed3,n8auk72f,2026-07-22T10:09:48Z,np,in_context,3,rmse,0.0999723150952196,0.0938665434104736,0.1002264227603842,0.0929050424863181,379.481018781662,1.482518434524536,1.480353832244873,,283.0,0.1556313501899701,0.0005495716186411,,,,,,,,,,,,,,,
np-in_context-danceability-seed3,npnsgh0q,2026-07-22T09:07:05Z,np,in_context,3,rmse,0.0943937935246745,0.0950695993366692,0.0944687329519413,0.0933157431484029,364.0043790340424,1.2873234748840332,1.4098458290100098,,283.0,0.0875174422525385,0.0006074996073425,,,,,,,,,,,,,,,
np-in_context-danceability-seed3,o0pz6cve,2026-07-22T14:44:33Z,np,in_context,3,rmse,0.1718749687516084,0.0940132154297462,0.1722758288364868,0.0922048256268989,1376.9512722492218,1.4984965324401855,1.5245962142944336,,1016.0,0.1312659178930547,1.889582693802601e-05,,,,,,,,,,,,,,,
np-in_context-danceability-seed3,ozicku9x,2026-07-22T10:37:01Z,np,in_context,3,rmse,0.0892539830162614,0.0956288941776486,0.0895056155428697,0.0946520110790062,366.7088830471039,1.4108524322509766,1.4386992454528809,,272.0,0.0286706574818092,0.0007750644796341,,,,,,,,,,,,,,,
np-in_context-danceability-seed3,pbzezmks,2026-07-22T10:43:18Z,np,in_context,3,rmse,0.1661198651132408,0.0937781104713879,0.1664813966373458,0.0919510405030035,573.5601937770844,1.2301642894744873,1.1884493827819824,,452.0,0.1043696643500143,6.75031252159592e-05,,,,,,,,,,,,,,,
np-in_context-danceability-seed3,rvbkdnsb,2026-07-22T08:49:57Z,np,in_context,3,rmse,0.1257511594743617,0.0928487142664389,0.126000947548036,0.0913526934554817,585.5006680488586,1.0353760719299316,1.039866924285889,,452.0,0.1205526752143287,0.0001229607110732,,,,,,,,,,,,,,,
np-in_context-danceability-seed3,vkl7tlb3,2026-07-22T09:31:33Z,np,in_context,3,rmse,0.1456121349893198,0.0925751297027268,0.1459749948360104,0.0913637455801925,522.7158815860748,1.357696294784546,1.2843339443206787,,406.0,0.1583450076165329,0.000114232541556,,,,,,,,,,,,,,,
np-in_context-danceability-seed3,xeql90wp,2026-07-22T12:38:10Z,np,in_context,3,rmse,0.1787946443616246,0.0935594853240759,0.1791583309609731,0.0916617387069512,592.1908700466156,1.2978127002716064,1.173346757888794,,452.0,0.0630856701848367,5.338528208876637e-05,,,,,,,,,,,,,,,
np-in_context-danceability-seed3,zizvgnzh,2026-07-22T10:16:17Z,np,in_context,3,rmse,0.1016134868037813,0.0934343318241864,0.1017909754738751,0.0923820500651596,422.1388831138611,1.378370761871338,1.3824360370635986,,311.0,0.1957236684465528,0.0003965675081771,,,,,,,,,,,,,,,
np-in_context-danceability-seed4,0doyjfm1,2026-07-22T14:13:55Z,np,in_context,4,rmse,0.1897958492474787,0.0937853066648506,0.1900781875074209,0.0899401155514914,965.1384553909302,1.403177261352539,1.5594031810760498,,706.0,0.0417753512189669,2.1019338091154404e-05,,,,,,,,,,,,,,,
np-in_context-danceability-seed4,29rw1ljd,2026-07-22T14:30:09Z,np,in_context,4,rmse,0.1610705141108992,0.0938029097412666,0.1613173544639591,0.0908782484190049,1068.6482009887695,1.5552785396575928,1.5229017734527588,,779.0,0.1306216650930796,3.210577849550394e-05,,,,,,,,,,,,,,,
np-in_context-danceability-seed4,3so9ajzd,2026-07-22T11:57:09Z,np,in_context,4,rmse,0.1456508927683024,0.0946725277078133,0.1457333324744059,0.0912243805450595,2619.8864114284515,1.50191068649292,1.3246393203735352,,1988.0,0.1395262391854529,1.3196262418422204e-05,,,,,,,,,,,,,,,
np-in_context-danceability-seed4,3vcbpeot,2026-07-22T09:53:45Z,np,in_context,4,rmse,0.1929963883646227,0.0934416991689006,0.1933501188275007,0.0903664034370476,1126.3021368980408,1.5483531951904297,1.450601577758789,,859.0,0.0142072116395773,1.4936835544198446e-05,,,,,,,,,,,,,,,
np-in_context-danceability-seed4,3vwed0a6,2026-07-22T09:47:20Z,np,in_context,4,rmse,0.0799738560983473,0.0941987142955124,0.0804962770804571,0.0946762060952439,376.7278747558594,1.2457668781280518,1.4643354415893557,,291.0,0.1136089122187864,0.0007098936257405,,,,,,,,,,,,,,,
np-in_context-danceability-seed4,5i93mm8u,2026-07-22T12:40:57Z,np,in_context,4,rmse,0.0583207193726743,0.0925786001494253,0.0584676528336013,0.0923759500878485,792.1144087314606,1.2492146492004397,1.3520221710205078,,606.0,0.1333533430891335,0.00021941976179,,,,,,,,,,,,,,,
np-in_context-danceability-seed4,5snkc39x,2026-07-22T10:39:17Z,np,in_context,4,rmse,0.1448802842950262,0.0931457308629365,0.1451926825768576,0.0916653218152404,430.3160963058472,1.2676093578338623,1.1377263069152832,,326.0,0.0236548851737866,0.0001904767808428,,,,,,,,,,,,,,,
np-in_context-danceability-seed4,74hzn52b,2026-07-22T13:13:16Z,np,in_context,4,rmse,0.168475212229076,0.0935543159310105,0.1686658364597539,0.0899655494625017,681.9812452793121,1.3049533367156982,1.313381910324097,,506.0,0.0630856701848367,5.338528208876637e-05,,,,,,,,,,,,,,,
np-in_context-danceability-seed4,88t4lnic,2026-07-22T12:54:18Z,np,in_context,4,rmse,0.1857941955145151,0.0941742153640454,0.1860296115885882,0.0905609696667876,1127.7616620063782,1.4531474113464355,1.3580446243286133,,845.0,0.0420765122147681,1.810725406663106e-05,,,,,,,,,,,,,,,
np-in_context-danceability-seed4,a68w3bd4,2026-07-22T10:32:47Z,np,in_context,4,rmse,0.1263009222672096,0.0934582623959777,0.1268021932076423,0.0930914837367621,378.7147872447967,1.220022201538086,1.8067626953125,,286.0,0.0922958724505863,0.0003639639356786,,,,,,,,,,,,,,,
np-in_context-danceability-seed4,b56aac1j,2026-07-22T09:14:38Z,np,in_context,4,rmse,0.1099623347950992,0.0928407101875667,0.1099306799084928,0.0902431437400586,1113.746747493744,1.2554826736450195,1.3773670196533203,,852.0,0.1927325521002058,5.846326121643416e-05,,,,,,,,,,,,,,,
np-in_context-danceability-seed4,cl5ldbb1,2026-07-22T11:26:35Z,np,in_context,4,rmse,0.1124900336778835,0.093551621295044,0.1124422320824924,0.0905908373715398,531.7317011356354,1.1951062679290771,1.1536505222320557,,418.0,0.1224191445444842,0.0001713436419711,,,,,,,,,,,,,,,
np-in_context-danceability-seed4,cp0usk64,2026-07-22T10:19:06Z,np,in_context,4,rmse,0.0980408421057399,0.0943962358517574,0.0984146692070692,0.0937882835729919,381.5636603832245,1.5018386840820312,1.3823723793029783,,286.0,0.1556313501899701,0.0005495716186411,,,,,,,,,,,,,,,
np-in_context-danceability-seed4,ct7ay3xc,2026-07-22T14:48:08Z,np,in_context,4,rmse,0.1635315133683587,0.0937245272717005,0.1637158766181124,0.0901110017596413,1061.2177426815033,1.578312635421753,1.5466768741607666,,779.0,0.0932621545712612,3.082131641442947e-05,,,,,,,,,,,,,,,
np-in_context-danceability-seed4,e39cb0hk,2026-07-22T09:08:44Z,np,in_context,4,rmse,0.1136941730278002,0.0950197678943057,0.1136666253765934,0.0916107053283643,344.8621551990509,1.3022174835205078,1.4805893898010254,,263.0,0.0875174422525385,0.0006074996073425,,,,,,,,,,,,,,,
np-in_context-danceability-seed4,edc3ivmm,2026-07-22T08:42:04Z,np,in_context,4,rmse,0.1469828604455108,0.0930740716105998,0.147455967875479,0.0922311517627056,407.828830242157,1.376579999923706,1.521883249282837,,286.0,0.1097627007854649,0.0002693883019285,,,,,,,,,,,,,,,
np-in_context-danceability-seed4,etadfktl,2026-07-22T11:20:29Z,np,in_context,4,rmse,0.1734793243365652,0.0927988211741372,0.1737965469711397,0.0905508032566102,356.9154088497162,1.2164833545684814,1.302332878112793,,287.0,0.003757960087271,0.0001718980674331,,,,,,,,,,,,,,,
np-in_context-danceability-seed4,femeji1j,2026-07-22T11:05:11Z,np,in_context,4,rmse,0.1169543737016838,0.0943409072604788,0.1170538919835002,0.0914868601941495,385.0531768798828,1.5519165992736816,1.3146634101867676,,301.0,0.0529111224209254,0.0003535634629148,,,,,,,,,,,,,,,
np-in_context-danceability-seed4,gm9p187g,2026-07-22T11:36:36Z,np,in_context,4,rmse,0.085178988111531,0.0927705630604236,0.0852779937867538,0.0916326977826302,573.8502128124237,1.201810598373413,1.0847318172454834,,437.0,0.1887496157029248,0.0002310152225018,,,,,,,,,,,,,,,
np-in_context-danceability-seed4,gwfkyxlk,2026-07-22T08:59:48Z,np,in_context,4,rmse,0.1047226091502966,0.0927779534865411,0.1048319331109025,0.0913199852866964,527.3442027568817,1.4086542129516602,1.3520500659942627,,411.0,0.0847309598677809,0.0001957889720121,,,,,,,,,,,,,,,
np-in_context-danceability-seed4,i924qcxe,2026-07-22T10:25:56Z,np,in_context,4,rmse,0.1209034870539174,0.093510430856476,0.1212274417222975,0.0920289515287039,387.6439833641052,1.546945333480835,1.578142166137695,,285.0,0.1957236684465528,0.0003965675081771,,,,,,,,,,,,,,,
np-in_context-danceability-seed4,iakqr2rv,2026-07-22T10:46:51Z,np,in_context,4,rmse,0.1082367158374903,0.0951402361362862,0.1084078413377709,0.0932688333173949,335.71533584594727,1.4270176887512207,1.466281175613403,,254.0,0.0286706574818092,0.0007750644796341,,,,,,,,,,,,,,,
np-in_context-danceability-seed4,j4unku6r,2026-07-22T11:46:18Z,np,in_context,4,rmse,0.1553002349238653,0.0927626946554666,0.1556170115042716,0.0907642518519572,634.1890432834625,1.2944986820220947,1.3472559452056885,,471.0,0.0719015801147572,7.4827960376208e-05,,,,,,,,,,,,,,,
np-in_context-danceability-seed4,jg75axe9,2026-07-22T15:05:58Z,np,in_context,4,rmse,0.1811898294535018,0.0936658759202104,0.1814635370406636,0.0905314327310538,1353.5405976772308,1.3891561031341553,1.370528221130371,,974.0,0.0317939167291039,1.6624564693643617e-05,,,,,,,,,,,,,,,
np-in_context-danceability-seed4,jsny3qit,2026-07-22T15:28:41Z,np,in_context,4,rmse,0.1536426101393096,0.0943106772768558,0.1537854237989946,0.0908573654193992,1799.0280921459198,1.5260579586029053,1.5274605751037598,,1308.0,0.1312659178930547,1.889582693802601e-05,,,,,,,,,,,,,,,
np-in_context-danceability-seed4,k9p9ls0q,2026-07-22T11:12:19Z,np,in_context,4,rmse,0.1501859421179538,0.0931934369086562,0.1505054335852142,0.0913623510741802,466.3298959732056,1.270944118499756,1.4251935482025146,,361.0,0.0912300664433097,0.0001370464839284,,,,,,,,,,,,,,,
np-in_context-danceability-seed4,lyumust2,2026-07-22T08:49:02Z,np,in_context,4,rmse,0.1203966037029004,0.0930367130823788,0.1205119227671583,0.0910689098457594,619.2198450565338,1.274580955505371,1.338728904724121,,471.0,0.1205526752143287,0.0001229607110732,,,,,,,,,,,,,,,
np-in_context-danceability-seed4,pfr32fqu,2026-07-22T10:12:41Z,np,in_context,4,rmse,0.1360459133558811,0.0937310800727647,0.1363260926179093,0.0914846333802096,353.2259473800659,1.217742919921875,1.1736886501312256,,260.0,0.0040436794880651,0.0004626362841475,,,,,,,,,,,,,,,
np-in_context-danceability-seed4,q9vu41uk,2026-07-22T09:34:02Z,np,in_context,4,rmse,0.0954110689556804,0.0929630495756614,0.0952435711277176,0.0902209039868933,788.9451329708099,1.3431410789489746,1.5088224411010742,,606.0,0.1583450076165329,0.000114232541556,,,,,,,,,,,,,,,
np-in_context-danceability-seed4,s1e6z5m2,2026-07-22T10:53:04Z,np,in_context,4,rmse,0.1467120521107134,0.093165881409679,0.1470049262645187,0.0914196175358752,705.8138928413391,1.269747257232666,1.5484123229980469,,543.0,0.1043696643500143,6.75031252159592e-05,,,,,,,,,,,,,,,
np-in_context-danceability-seed4,xtpcdihj,2026-07-22T13:35:49Z,np,in_context,4,rmse,0.1464249970057924,0.0945875889031495,0.1464501899909654,0.0905367190723647,2278.089187383652,1.2733368873596191,1.2010879516601562,,1658.0,0.1976747676118452,1.5998881492631487e-05,,,,,,,,,,,,,,,
np-in_context-danceability-seed4,yyu7kmit,2026-07-22T13:24:46Z,np,in_context,4,rmse,0.1526852775005674,0.0935810798703105,0.1527930940254666,0.0897599231293131,652.9882261753082,1.5541675090789795,1.545323133468628,,481.0,0.1140393540835759,7.537078298264379e-05,,,,,,,,,,,,,,,
np-few_shot-danceability-seed0,08khr3h4,2026-07-21T22:25:16Z,np,few_shot,0,rmse,0.1764623529564887,0.1000925721610149,0.1784545708396498,0.1115798354673455,437.9114608764648,0.3246955871582031,0.2979540824890136,,562.0,0.1140393540835759,7.537078298264379e-05,,,,,,,,,,,,,,,
np-few_shot-danceability-seed0,0j88s50v,2026-07-21T17:53:27Z,np,few_shot,0,rmse,0.1641463856129234,0.098332349420049,0.1660198654584954,0.1087023276633682,446.5032992362976,0.5859425067901611,0.7017476558685303,,325.0,0.1097627007854649,0.0002693883019285,,,,,,,,,,,,,,,
np-few_shot-danceability-seed0,0sdxoei4,2026-07-21T20:15:46Z,np,few_shot,0,rmse,0.1335740328612957,0.098014958590997,0.1366510842245436,0.1149564350528507,382.7646720409394,0.8167545795440674,0.8862276077270508,,270.0,0.0286706574818092,0.0007750644796341,,,,,,,,,,,,,,,
np-few_shot-danceability-seed0,3aop2984,2026-07-21T22:32:39Z,np,few_shot,0,rmse,0.1782398387230629,0.0999466566091316,0.1802456413629851,0.1116776425943055,1313.0250899791718,0.3230886459350586,0.3493170738220215,,1861.0,0.1976747676118452,1.5998881492631487e-05,,,,,,,,,,,,,,,
np-few_shot-danceability-seed0,5ot8iydn,2026-07-21T20:43:44Z,np,few_shot,0,rmse,0.173427621069779,0.0982921950707386,0.1753157917876925,0.1087979767152099,577.6807017326355,0.6275415420532227,0.7372145652770996,,409.0,0.0912300664433097,0.0001370464839284,,,,,,,,,,,,,,,
np-few_shot-danceability-seed0,6126qplu,2026-07-21T20:36:05Z,np,few_shot,0,rmse,0.1599802484714576,0.0991536715999757,0.1619709769659882,0.1104111624421995,452.0271852016449,0.8049724102020264,0.7283656597137451,,303.0,0.0529111224209254,0.0003535634629148,,,,,,,,,,,,,,,
np-few_shot-danceability-seed0,6cjn80ks,2026-07-21T23:41:19Z,np,few_shot,0,rmse,0.1806617854664415,0.0992873740487895,0.1825217772802231,0.1097363363133299,905.8158459663392,0.1989524364471435,0.2020249366760254,,1539.0,0.1312659178930547,1.889582693802601e-05,,,,,,,,,,,,,,,
np-few_shot-danceability-seed0,6g9xjwha,2026-07-21T19:42:21Z,np,few_shot,0,rmse,0.1045150103421234,0.0989216702294365,0.1084322038926515,0.1155180054476004,508.0123436450958,0.8773670196533203,0.9207158088684082,,349.0,0.1556313501899701,0.0005495716186411,,,,,,,,,,,,,,,
np-few_shot-danceability-seed0,8h1zm258,2026-07-21T19:08:26Z,np,few_shot,0,rmse,0.2031826591802849,0.101648618751937,0.2046175783646135,0.1089712971716321,1629.0889286994934,0.8362812995910645,0.7789685726165771,,1173.0,0.0142072116395773,1.4936835544198446e-05,,,,,,,,,,,,,,,
np-few_shot-danceability-seed0,8ngvxtav,2026-07-21T21:15:52Z,np,few_shot,0,rmse,0.1852984117255903,0.100366028513219,0.1872803193480138,0.111566850661871,520.9790272712708,0.5647211074829102,0.552588939666748,,503.0,0.0719015801147572,7.4827960376208e-05,,,,,,,,,,,,,,,
np-few_shot-danceability-seed0,8pyc2jnw,2026-07-21T18:20:28Z,np,few_shot,0,rmse,0.130264425841669,0.0982179266202752,0.1334093519055082,0.1148003399636859,424.0075228214264,0.7612552642822266,0.7739322185516357,,293.0,0.0875174422525385,0.0006074996073425,,,,,,,,,,,,,,,
np-few_shot-danceability-seed0,8to3rbjq,2026-07-21T20:07:56Z,np,few_shot,0,rmse,0.1856296221933785,0.0984702064475444,0.1876787092768577,0.1111144797488681,436.2210817337036,0.8368072509765625,0.8678779602050781,,317.0,0.0236548851737866,0.0001904767808428,,,,,,,,,,,,,,,
np-few_shot-danceability-seed0,8x101n67,2026-07-21T20:22:16Z,np,few_shot,0,rmse,0.1818002738532584,0.0996759143688671,0.1835641236486412,0.1099328521487852,819.5502715110779,0.8899483680725098,0.9039788246154784,,563.0,0.1043696643500143,6.75031252159592e-05,,,,,,,,,,,,,,,
np-few_shot-danceability-seed0,abgldk7w,2026-07-21T19:36:05Z,np,few_shot,0,rmse,0.1730743697183556,0.099077843113732,0.1748176079752374,0.1093679139111186,368.6160933971405,0.891538143157959,0.8553910255432129,,262.0,0.0040436794880651,0.0004626362841475,,,,,,,,,,,,,,,
np-few_shot-danceability-seed0,cb5jgozq,2026-07-21T18:49:06Z,np,few_shot,0,rmse,0.1592583477399866,0.0997253436918929,0.1613818178662583,0.1112478069724349,730.6179084777832,0.7453234195709229,0.8363387584686279,,522.0,0.1583450076165329,0.000114232541556,,,,,,,,,,,,,,,
np-few_shot-danceability-seed0,cywvjq32,2026-07-21T19:50:56Z,np,few_shot,0,rmse,0.1239437772049211,0.0990865130046912,0.1263100819522176,0.1105999173520348,515.5792236328125,0.858853816986084,0.800635814666748,,356.0,0.1957236684465528,0.0003965675081771,,,,,,,,,,,,,,,
np-few_shot-danceability-seed0,d2llw7x1,2026-07-21T18:11:30Z,np,few_shot,0,rmse,0.1746699444426992,0.0990585242164372,0.176502882133305,0.1094517500794048,473.06766843795776,0.6995940208435059,0.8112130165100098,,343.0,0.0847309598677809,0.0001957889720121,,,,,,,,,,,,,,,
np-few_shot-danceability-seed0,dyehkxy9,2026-07-21T22:15:46Z,np,few_shot,0,rmse,0.1785667220686621,0.1003999199160572,0.1803674243011104,0.1100813077610464,563.1613717079163,0.3073205947875976,0.3253791332244873,,693.0,0.0630856701848367,5.338528208876637e-05,,,,,,,,,,,,,,,
np-few_shot-danceability-seed0,eama87eh,2026-07-21T21:53:52Z,np,few_shot,0,rmse,0.1448093166553565,0.0979191138616888,0.1470239027527521,0.1098538704341185,340.33131217956543,0.3913176059722901,0.3648195266723633,,409.0,0.1333533430891335,0.00021941976179,,,,,,,,,,,,,,,
np-few_shot-danceability-seed0,erbyyii7,2026-07-21T21:59:38Z,np,few_shot,0,rmse,0.1963250370632377,0.1000337992097422,0.1981661597277333,0.1103450739556349,963.2649796009064,0.3399562835693359,0.3227951526641845,,1171.0,0.0420765122147681,1.810725406663106e-05,,,,,,,,,,,,,,,
np-few_shot-danceability-seed0,ftmq5li0,2026-07-21T21:24:39Z,np,few_shot,0,rmse,0.1873689401791496,0.0994028759896711,0.1892678159422323,0.1106838222129546,1743.665197610855,0.3777940273284912,0.4746620655059814,,1861.0,0.1395262391854529,1.3196262418422204e-05,,,,,,,,,,,,,,,
np-few_shot-danceability-seed0,hma30ail,2026-07-21T19:59:38Z,np,few_shot,0,rmse,0.1413434924737081,0.0987995965689581,0.1437582483962358,0.1110341762442994,476.52559304237366,0.5254402160644531,0.6421022415161133,,333.0,0.0922958724505863,0.0003639639356786,,,,,,,,,,,,,,,
np-few_shot-danceability-seed0,jv41yu5n,2026-07-21T23:06:49Z,np,few_shot,0,rmse,0.1807915509038804,0.0996175370299265,0.1826035218944257,0.1096432596529257,714.3115298748016,0.3253645896911621,0.3269083499908447,,984.0,0.1306216650930796,3.210577849550394e-05,,,,,,,,,,,,,,,
np-few_shot-danceability-seed0,kjmy2uya,2026-07-21T18:27:38Z,np,few_shot,0,rmse,0.1521659235775373,0.09921100497691,0.1543594942809885,0.1106804330147904,1281.4476628303528,0.863600492477417,0.8562052249908447,,909.0,0.1927325521002058,5.846326121643416e-05,,,,,,,,,,,,,,,
np-few_shot-danceability-seed0,lvoxv2aw,2026-07-21T23:29:34Z,np,few_shot,0,rmse,0.2012538542366339,0.1012760206284011,0.2030076442848026,0.1105806362491166,699.3983316421509,0.2582631111145019,0.232642650604248,,1124.0,0.0317939167291039,1.6624564693643617e-05,,,,,,,,,,,,,,,
np-few_shot-danceability-seed0,lzoftjnw,2026-07-21T18:01:28Z,np,few_shot,0,rmse,0.1756329345858699,0.1000555169664712,0.177736074190132,0.1126675244756597,595.7167885303497,0.8601028919219971,0.9561009407043456,,424.0,0.1205526752143287,0.0001229607110732,,,,,,,,,,,,,,,
np-few_shot-danceability-seed0,p1aeheh2,2026-07-21T21:01:04Z,np,few_shot,0,rmse,0.1606648162760897,0.0976836477035262,0.1626986005948066,0.1090984530064603,452.8428754806519,0.5105929374694824,0.5138378143310547,,409.0,0.1224191445444842,0.0001713436419711,,,,,,,,,,,,,,,
np-few_shot-danceability-seed0,pmgzkydl,2026-07-21T21:08:43Z,np,few_shot,0,rmse,0.1411065370768162,0.0974242803532858,0.1434855060222752,0.1101497771449701,423.97982358932495,0.5061759948730469,0.5680539608001709,,409.0,0.1887496157029248,0.0002310152225018,,,,,,,,,,,,,,,
np-few_shot-danceability-seed0,pungw7cm,2026-07-21T20:54:03Z,np,few_shot,0,rmse,0.1902005728850745,0.0987275395374934,0.1919823806904551,0.1092101493539247,413.9726140499115,0.7593803405761719,0.7375781536102295,,317.0,0.003757960087271,0.0001718980674331,,,,,,,,,,,,,,,
np-few_shot-danceability-seed0,qpi3m8pa,2026-07-21T19:01:23Z,np,few_shot,0,rmse,0.1193564482653121,0.0986375571782042,0.1232654562667193,0.1178410682453095,415.8109300136566,0.8383305072784424,0.7939662933349609,,293.0,0.1136089122187864,0.0007098936257405,,,,,,,,,,,,,,,
np-few_shot-danceability-seed0,w0gtr7j7,2026-07-21T22:55:00Z,np,few_shot,0,rmse,0.1991428978874866,0.1001018714910883,0.2010436381846546,0.1111926624392245,701.6545085906982,0.3186521530151367,0.3368575572967529,,974.0,0.0417753512189669,2.1019338091154404e-05,,,,,,,,,,,,,,,
np-few_shot-danceability-seed0,z2ypwd54,2026-07-21T23:18:51Z,np,few_shot,0,rmse,0.1879533830708041,0.0999590066308408,0.1898316009061993,0.1108606587490809,636.3108086585999,0.2661037445068359,0.2780234813690185,,900.0,0.0932621545712612,3.082131641442947e-05,,,,,,,,,,,,,,,
np-few_shot-danceability-seed1,1cku93hm,2026-07-21T18:46:13Z,np,few_shot,1,rmse,0.1657417186039431,0.1019358224466612,0.165672377467912,0.0925754759164766,1108.6877710819244,0.765322208404541,0.7805032730102539,,775.0,0.1927325521002058,5.846326121643416e-05,,,,,,,,,,,,,,,
np-few_shot-danceability-seed1,1nxrg1vu,2026-07-21T20:03:29Z,np,few_shot,1,rmse,0.1222436910473419,0.1009550747786547,0.1215606503127816,0.0917727235134376,515.649471282959,0.7998137474060059,0.8261549472808838,,363.0,0.1957236684465528,0.0003965675081771,,,,,,,,,,,,,,,
np-few_shot-danceability-seed1,2884konv,2026-07-21T19:56:24Z,np,few_shot,1,rmse,0.1429261105533703,0.099749492127421,0.1428098252764206,0.0921912331299097,418.9598624706268,0.8985188007354736,0.7770125865936279,,288.0,0.1556313501899701,0.0005495716186411,,,,,,,,,,,,,,,
np-few_shot-danceability-seed1,47rd8963,2026-07-21T20:47:19Z,np,few_shot,1,rmse,0.1774100025340277,0.1010082782389008,0.1774316579778953,0.0913957207822718,396.25242614746094,0.6974146366119385,0.7068774700164795,,277.0,0.0529111224209254,0.0003535634629148,,,,,,,,,,,,,,,
np-few_shot-danceability-seed1,4a3hp300,2026-07-21T20:54:04Z,np,few_shot,1,rmse,0.1810975796517695,0.1011226751737059,0.1814411925059065,0.093539661280802,496.85346364974976,0.5544962882995605,0.6069304943084717,,383.0,0.0912300664433097,0.0001370464839284,,,,,,,,,,,,,,,
np-few_shot-danceability-seed1,4tc0dpiv,2026-07-21T20:12:11Z,np,few_shot,1,rmse,0.1745989569430221,0.1012336285985111,0.1747265640217287,0.0925789536666931,393.1138648986816,0.8544137477874756,0.7972025871276855,,279.0,0.0922958724505863,0.0003639639356786,,,,,,,,,,,,,,,
np-few_shot-danceability-seed1,clgf382d,2026-07-21T18:12:12Z,np,few_shot,1,rmse,0.1487878957147264,0.1011158651646868,0.148611276882514,0.0922854712533298,505.3709642887116,0.932546615600586,0.7599608898162842,,363.0,0.1097627007854649,0.0002693883019285,,,,,,,,,,,,,,,
np-few_shot-danceability-seed1,d7f2xzyv,2026-07-21T23:02:51Z,np,few_shot,1,rmse,0.1882083388154145,0.1019834326090369,0.1883107902564898,0.0920836179427782,678.614319562912,0.3276944160461426,0.306828498840332,,874.0,0.1306216650930796,3.210577849550394e-05,,,,,,,,,,,,,,,
np-few_shot-danceability-seed1,dadc1r8a,2026-07-21T22:25:10Z,np,few_shot,1,rmse,0.1855583150099223,0.101106442614927,0.1857851593470638,0.0921376446367425,402.73499178886414,0.3399479389190674,0.3120064735412597,,503.0,0.1140393540835759,7.537078298264379e-05,,,,,,,,,,,,,,,
np-few_shot-danceability-seed1,efk38vpl,2026-07-21T22:51:17Z,np,few_shot,1,rmse,0.2028901341360366,0.102113669350576,0.2032888430632576,0.0930870816990171,687.8091306686401,0.3875775337219238,0.2921309471130371,,899.0,0.0417753512189669,2.1019338091154404e-05,,,,,,,,,,,,,,,
np-few_shot-danceability-seed1,ewszuth1,2026-07-21T22:03:28Z,np,few_shot,1,rmse,0.2050844660065053,0.1029294242034888,0.2055082074750691,0.0940684365614654,825.6120734214783,0.4778077602386474,0.3748397827148437,,960.0,0.0420765122147681,1.810725406663106e-05,,,,,,,,,,,,,,,
np-few_shot-danceability-seed1,fraaklnw,2026-07-21T19:17:43Z,np,few_shot,1,rmse,0.1321501794956073,0.1006033268558655,0.1317000495014899,0.0915107750272175,400.9394338130951,0.5645687580108643,0.5149922370910645,,280.0,0.1136089122187864,0.0007098936257405,,,,,,,,,,,,,,,
np-few_shot-danceability-seed1,g78f2266,2026-07-21T21:23:16Z,np,few_shot,1,rmse,0.1916697828686191,0.1004862077587128,0.1920492028714523,0.0926124979580411,482.2812337875366,0.5458180904388428,0.4748358726501465,,464.0,0.0719015801147572,7.4827960376208e-05,,,,,,,,,,,,,,,
np-few_shot-danceability-seed1,gnszt6c5,2026-07-21T21:58:40Z,np,few_shot,1,rmse,0.1702296882288001,0.1014712761763261,0.1703420878537438,0.0934484937804904,281.94297456741333,0.4395844936370849,0.4205143451690674,,341.0,0.1333533430891335,0.00021941976179,,,,,,,,,,,,,,,
np-few_shot-danceability-seed1,hjpgcbde,2026-07-21T19:04:49Z,np,few_shot,1,rmse,0.1579329663213589,0.1005989350124246,0.157826381927172,0.0916392126003005,766.1254224777222,0.877739429473877,0.8636372089385986,,533.0,0.1583450076165329,0.000114232541556,,,,,,,,,,,,,,,
np-few_shot-danceability-seed1,lddhzxik,2026-07-21T18:20:46Z,np,few_shot,1,rmse,0.1773639831097673,0.1009865851003047,0.1775534386431641,0.0926285136507872,614.0401659011841,0.6872293949127197,0.7957930564880371,,420.0,0.1205526752143287,0.0001229607110732,,,,,,,,,,,,,,,
np-few_shot-danceability-seed1,lgfaaxuw,2026-07-21T19:49:36Z,np,few_shot,1,rmse,0.1679970570575402,0.1007493187476883,0.1680050925136369,0.0919759242790154,401.1427764892578,0.9212076663970948,0.8417012691497803,,271.0,0.0040436794880651,0.0004626362841475,,,,,,,,,,,,,,,
np-few_shot-danceability-seed1,mp93dylz,2026-07-21T20:33:49Z,np,few_shot,1,rmse,0.1862492360957401,0.1013321893137819,0.186426522617219,0.0922110587331936,799.4032971858978,0.916365385055542,0.7723300457000732,,533.0,0.1043696643500143,6.75031252159592e-05,,,,,,,,,,,,,,,
np-few_shot-danceability-seed1,n3q0jx7s,2026-07-21T21:03:43Z,np,few_shot,1,rmse,0.1851645350920087,0.1007010143629897,0.185547314874713,0.0937741903189334,370.7357907295227,0.6340372562408447,0.5293185710906982,,334.0,0.003757960087271,0.0001718980674331,,,,,,,,,,,,,,,
np-few_shot-danceability-seed1,njmwv9ye,2026-07-21T20:26:49Z,np,few_shot,1,rmse,0.1311559521270633,0.1018719764323497,0.1305870986049648,0.0931773853800293,412.8871929645538,0.8967339992523193,0.789992094039917,,276.0,0.0286706574818092,0.0007750644796341,,,,,,,,,,,,,,,
np-few_shot-danceability-seed1,nnc7ha31,2026-07-21T22:17:20Z,np,few_shot,1,rmse,0.1931818973229553,0.100463723383188,0.1935039366361561,0.0921927348665441,463.99645233154297,0.4480166435241699,0.401165246963501,,557.0,0.0630856701848367,5.338528208876637e-05,,,,,,,,,,,,,,,
np-few_shot-danceability-seed1,olthsc5p,2026-07-21T23:14:17Z,np,few_shot,1,rmse,0.1946868143192988,0.1008672733351153,0.1949099175841399,0.0912807139861102,613.022735118866,0.3804097175598144,0.3536326885223388,,798.0,0.0932621545712612,3.082131641442947e-05,,,,,,,,,,,,,,,
np-few_shot-danceability-seed1,ozb2fgdd,2026-07-21T21:10:02Z,np,few_shot,1,rmse,0.1829223540042625,0.1018714640151037,0.1831690636096169,0.0933730005939718,348.67617297172546,0.5820901393890381,0.4694926738739013,,341.0,0.1224191445444842,0.0001713436419711,,,,,,,,,,,,,,,
np-few_shot-danceability-seed1,p35rym5h,2026-07-21T18:39:24Z,np,few_shot,1,rmse,0.1466352280939599,0.1007425294758717,0.1463497690147199,0.0917456244275027,402.7075524330139,0.874182939529419,0.8518083095550537,,276.0,0.0875174422525385,0.0006074996073425,,,,,,,,,,,,,,,
np-few_shot-danceability-seed1,q3v9cjey,2026-07-21T18:31:08Z,np,few_shot,1,rmse,0.1813634230468987,0.1008414675669935,0.1814982236134174,0.0916341129383284,480.4306161403656,0.8409676551818848,0.6973509788513184,,327.0,0.0847309598677809,0.0001957889720121,,,,,,,,,,,,,,,
np-few_shot-danceability-seed1,rz8099ht,2026-07-21T21:15:56Z,np,few_shot,1,rmse,0.1398188988058483,0.1008485189323017,0.1396708246371147,0.0932881535954849,433.3396098613739,0.5987803936004639,0.5982489585876465,,417.0,0.1887496157029248,0.0002310152225018,,,,,,,,,,,,,,,
np-few_shot-danceability-seed1,s6c8x8dh,2026-07-21T23:24:35Z,np,few_shot,1,rmse,0.2037736332370149,0.1025374387171419,0.2042192788093823,0.0939927298125624,733.836537361145,0.2862951755523681,0.2462730407714844,,1063.0,0.0317939167291039,1.6624564693643617e-05,,,,,,,,,,,,,,,
np-few_shot-danceability-seed1,tcpkwnoy,2026-07-21T19:24:33Z,np,few_shot,1,rmse,0.2079882595789571,0.1023922055530795,0.2082866455140377,0.0918361566882402,1496.0185804367063,0.9029672145843506,0.7835066318511963,,1034.0,0.0142072116395773,1.4936835544198446e-05,,,,,,,,,,,,,,,
np-few_shot-danceability-seed1,u2jufylk,2026-07-21T21:31:24Z,np,few_shot,1,rmse,0.1905236837928861,0.1024069221633513,0.1906431473501141,0.0923982196862736,1629.3291642665863,0.3985176086425781,0.370760440826416,,1762.0,0.1395262391854529,1.3196262418422204e-05,,,,,,,,,,,,,,,
np-few_shot-danceability-seed1,v29zjdjy,2026-07-21T22:32:00Z,np,few_shot,1,rmse,0.1866529067666614,0.102430742372728,0.1869432924016432,0.0943802964744991,1147.8405141830444,0.3807961940765381,0.3032081127166748,,1607.0,0.1976747676118452,1.5998881492631487e-05,,,,,,,,,,,,,,,
np-few_shot-danceability-seed1,xadbqc7b,2026-07-21T20:19:09Z,np,few_shot,1,rmse,0.1872079585776718,0.1005321061867962,0.1875200340775933,0.0921817479270857,453.5440888404846,0.8919074535369873,0.7137157917022705,,315.0,0.0236548851737866,0.0001904767808428,,,,,,,,,,,,,,,
np-few_shot-danceability-seed1,yp6cf4ra,2026-07-21T23:36:55Z,np,few_shot,1,rmse,0.1892904522817886,0.1020061840572797,0.1893715603396985,0.0918366984743453,830.8728663921356,0.2724347114562988,0.257354736328125,,1321.0,0.1312659178930547,1.889582693802601e-05,,,,,,,,,,,,,,,
np-few_shot-danceability-seed2,1kz1n3ap,2026-07-21T19:39:18Z,np,few_shot,2,rmse,0.164121075858057,0.1103931660171577,0.1625322662883148,0.0922399913915145,410.4987514019013,0.8775663375854492,0.7925989627838135,,277.0,0.0040436794880651,0.0004626362841475,,,,,,,,,,,,,,,
np-few_shot-danceability-seed2,4jpndlts,2026-07-21T22:57:21Z,np,few_shot,2,rmse,0.2055925797572178,0.1112493500263729,0.2045533449662381,0.0932336992642707,727.5588817596436,0.3601236343383789,0.2890999317169189,,867.0,0.0417753512189669,2.1019338091154404e-05,,,,,,,,,,,,,,,
np-few_shot-danceability-seed2,4rh8g56a,2026-07-21T22:24:39Z,np,few_shot,2,rmse,0.1818194640421234,0.1117199621376757,0.1806826254185976,0.0948225863319117,439.8737771511078,0.2899012565612793,0.2460498809814453,,537.0,0.1140393540835759,7.537078298264379e-05,,,,,,,,,,,,,,,
np-few_shot-danceability-seed2,4sc0samg,2026-07-21T23:09:34Z,np,few_shot,2,rmse,0.189930234546155,0.1126457527266121,0.188616290871833,0.0939062423797313,689.1760261058807,0.2937941551208496,0.3357040882110595,,867.0,0.1306216650930796,3.210577849550394e-05,,,,,,,,,,,,,,,
np-few_shot-danceability-seed2,6rtqyu2w,2026-07-21T20:04:43Z,np,few_shot,2,rmse,0.1692670687110023,0.1103457487920514,0.1677824512307379,0.0920126729340066,409.8050584793091,0.7336382865905762,0.7884714603424072,,288.0,0.0922958724505863,0.0003639639356786,,,,,,,,,,,,,,,
np-few_shot-danceability-seed2,8by481ea,2026-07-21T19:04:55Z,np,few_shot,2,rmse,0.1055582104531009,0.1106930878998737,0.1022089537501544,0.0911650670657031,461.967848777771,0.7785866260528564,0.7404804229736328,,320.0,0.1136089122187864,0.0007098936257405,,,,,,,,,,,,,,,
np-few_shot-danceability-seed2,93akx9nz,2026-07-21T22:01:59Z,np,few_shot,2,rmse,0.2073099220748496,0.1117384734067694,0.2063140787433027,0.0937305445788054,819.7234582901001,0.4445986747741699,0.3745551109313965,,933.0,0.0420765122147681,1.810725406663106e-05,,,,,,,,,,,,,,,
np-few_shot-danceability-seed2,ajve4jcb,2026-07-21T23:21:10Z,np,few_shot,2,rmse,0.1915631568537349,0.111421032364935,0.1903351738079989,0.0931034670527541,659.7213408946991,0.2980058193206787,0.2414898872375488,,867.0,0.0932621545712612,3.082131641442947e-05,,,,,,,,,,,,,,,
np-few_shot-danceability-seed2,aq45kmsx,2026-07-21T22:15:45Z,np,few_shot,2,rmse,0.1873799001221108,0.1119645852556715,0.1860774120672725,0.0922497096897522,528.5472433567047,0.3844397068023681,0.3862028121948242,,623.0,0.0630856701848367,5.338528208876637e-05,,,,,,,,,,,,,,,
np-few_shot-danceability-seed2,bzlmw727,2026-07-21T20:57:59Z,np,few_shot,2,rmse,0.1872674239420257,0.1083160356675822,0.1858833297065775,0.0872463673802078,398.8594207763672,0.6351191997528076,0.7196650505065918,,331.0,0.003757960087271,0.0001718980674331,,,,,,,,,,,,,,,
np-few_shot-danceability-seed2,cp04gnsy,2026-07-21T18:08:38Z,np,few_shot,2,rmse,0.1771379221857121,0.1103055909207798,0.1755179367920216,0.0900432505942482,483.7028150558472,0.8089203834533691,0.6675529479980469,,342.0,0.0847309598677809,0.0001957889720121,,,,,,,,,,,,,,,
np-few_shot-danceability-seed2,e6pigqgb,2026-07-21T23:42:53Z,np,few_shot,2,rmse,0.1831942049802932,0.112473019721822,0.1818661218368315,0.0938127231673751,905.4207780361176,0.1470522880554199,0.1324272155761718,,1519.0,0.1312659178930547,1.889582693802601e-05,,,,,,,,,,,,,,,
np-few_shot-danceability-seed2,fp26h0wg,2026-07-21T19:46:15Z,np,few_shot,2,rmse,0.107264414086806,0.1096618233708765,0.1038594034308918,0.0895934078767242,521.6422653198242,0.9058027267456056,0.8578841686248779,,350.0,0.1556313501899701,0.0005495716186411,,,,,,,,,,,,,,,
np-few_shot-danceability-seed2,hm20qfeu,2026-07-21T18:25:19Z,np,few_shot,2,rmse,0.159131013186632,0.111598782293463,0.1575479415263358,0.0943632348411452,1261.026347875595,0.7256383895874023,0.7930576801300049,,853.0,0.1927325521002058,5.846326121643416e-05,,,,,,,,,,,,,,,
np-few_shot-danceability-seed2,i9z01ta5,2026-07-21T20:11:39Z,np,few_shot,2,rmse,0.1867185643288941,0.1098030101889879,0.1855020604778886,0.0912430015573693,451.9182248115539,0.715411901473999,0.7256903648376465,,320.0,0.0236548851737866,0.0001904767808428,,,,,,,,,,,,,,,
np-few_shot-danceability-seed2,ib1ea482,2026-07-21T21:56:26Z,np,few_shot,2,rmse,0.1528934309967851,0.1102743783143708,0.1509677567674741,0.0910977080383166,327.54238176345825,0.3986623287200928,0.3832335472106933,,392.0,0.1333533430891335,0.00021941976179,,,,,,,,,,,,,,,
np-few_shot-danceability-seed2,iu0x0ro9,2026-07-21T21:04:57Z,np,few_shot,2,rmse,0.155470154137738,0.1118040190511682,0.1533594276029322,0.0902914912142818,476.56603145599365,0.5578517913818359,0.5597000122070312,,436.0,0.1224191445444842,0.0001713436419711,,,,,,,,,,,,,,,
np-few_shot-danceability-seed2,jkz5iwzf,2026-07-21T20:26:06Z,np,few_shot,2,rmse,0.1843586965999772,0.1118927907819706,0.1832312724711815,0.0950699280081614,838.755553483963,0.900806188583374,0.8779056072235107,,557.0,0.1043696643500143,6.75031252159592e-05,,,,,,,,,,,,,,,
np-few_shot-danceability-seed2,lsrmpk5b,2026-07-21T23:32:14Z,np,few_shot,2,rmse,0.207735410200811,0.1107616232226285,0.2067642716825113,0.0927792473358251,633.1531608104706,0.2774879932403564,0.243415355682373,,985.0,0.0317939167291039,1.6624564693643617e-05,,,,,,,,,,,,,,,
np-few_shot-danceability-seed2,ohfmp012,2026-07-21T18:17:12Z,np,few_shot,2,rmse,0.1096252368614736,0.1106111483157786,0.1062623449913856,0.0902848298718949,480.36433458328247,0.9108037948608398,0.763890266418457,,331.0,0.0875174422525385,0.0006074996073425,,,,,,,,,,,,,,,
np-few_shot-danceability-seed2,peq5jemh,2026-07-21T22:32:06Z,np,few_shot,2,rmse,0.1746583563036623,0.1130207686608478,0.1733007858423859,0.0956623049937188,1509.2830338478088,0.3392105102539062,0.3306972980499267,,2046.0,0.1976747676118452,1.5998881492631487e-05,,,,,,,,,,,,,,,
np-few_shot-danceability-seed2,ptuzb4kp,2026-07-21T20:47:28Z,np,few_shot,2,rmse,0.1669280828627865,0.1108872474455568,0.1650955762930201,0.0899745574154525,624.8491442203522,0.7475409507751465,0.6325175762176514,,444.0,0.0912300664433097,0.0001370464839284,,,,,,,,,,,,,,,
np-few_shot-danceability-seed2,r16px9zx,2026-07-21T21:21:07Z,np,few_shot,2,rmse,0.1901086203819882,0.1109963775457658,0.1889374281274832,0.0932295891491811,512.2243692874908,0.5404725074768066,0.5004270076751709,,483.0,0.0719015801147572,7.4827960376208e-05,,,,,,,,,,,,,,,
np-few_shot-danceability-seed2,rherp4mg,2026-07-21T20:19:19Z,np,few_shot,2,rmse,0.1452406022400982,0.1112387858574995,0.1425024685834539,0.0866233203276874,386.6804480552673,0.8196268081665039,0.7947554588317871,,262.0,0.0286706574818092,0.0007750644796341,,,,,,,,,,,,,,,
np-few_shot-danceability-seed2,ri0v6ftq,2026-07-21T18:46:49Z,np,few_shot,2,rmse,0.1253814838628853,0.1112139411217013,0.123208201308661,0.0945933715780376,1078.42235994339,0.7368626594543457,0.6835660934448242,,744.0,0.1583450076165329,0.000114232541556,,,,,,,,,,,,,,,
np-few_shot-danceability-seed2,t9ys9k6d,2026-07-21T21:13:35Z,np,few_shot,2,rmse,0.1471403921599937,0.110184779305082,0.1449640394304674,0.0898010489214557,446.0296726226807,0.407585859298706,0.4883403778076172,,399.0,0.1887496157029248,0.0002310152225018,,,,,,,,,,,,,,,
np-few_shot-danceability-seed2,txmqfdft,2026-07-21T17:58:33Z,np,few_shot,2,rmse,0.179232587856529,0.1106262670671267,0.1778201859948505,0.091999806114478,598.4962048530579,0.7698700428009033,0.777848482131958,,417.0,0.1205526752143287,0.0001229607110732,,,,,,,,,,,,,,,
np-few_shot-danceability-seed2,ubz451pr,2026-07-21T19:12:44Z,np,few_shot,2,rmse,0.2077206392203812,0.1102179791084341,0.2067097710389873,0.0920655847450422,1586.4592723846436,0.9015872478485109,0.7684447765350342,,1075.0,0.0142072116395773,1.4936835544198446e-05,,,,,,,,,,,,,,,
np-few_shot-danceability-seed2,xn9cej5t,2026-07-21T19:55:04Z,np,few_shot,2,rmse,0.1119565955305521,0.108639048630098,0.1092260061961276,0.0915744900643628,572.0579833984375,0.715106725692749,0.6785778999328613,,391.0,0.1957236684465528,0.0003965675081771,,,,,,,,,,,,,,,
np-few_shot-danceability-seed2,xpex77jn,2026-07-21T17:49:13Z,np,few_shot,2,rmse,0.1392361259038469,0.1091055753522169,0.1371769754245536,0.0909972435622793,537.429013967514,0.8007798194885254,0.706732988357544,,391.0,0.1097627007854649,0.0002693883019285,,,,,,,,,,,,,,,
np-few_shot-danceability-seed2,y8vsyh7d,2026-07-21T20:40:11Z,np,few_shot,2,rmse,0.1710621924526923,0.1098749574413068,0.1695160182791979,0.0901172853408808,429.8598237037658,0.8970339298248291,0.7367269992828369,,288.0,0.0529111224209254,0.0003535634629148,,,,,,,,,,,,,,,
np-few_shot-danceability-seed2,zb718nkj,2026-07-21T21:29:48Z,np,few_shot,2,rmse,0.1944421103570313,0.1129430916851898,0.1933505204105209,0.0954620217022339,1592.0320327281952,0.3674585819244385,0.4320652484893799,,1666.0,0.1395262391854529,1.3196262418422204e-05,,,,,,,,,,,,,,,
np-few_shot-danceability-seed3,17yhcyss,2026-07-22T16:24:56Z,np,few_shot,3,rmse,0.103020750746435,0.1035859811436534,0.1031622286361381,0.103404076046005,407.2270743846894,0.5390048027038574,0.4865570068359375,,413.0,0.1957236684465528,0.0003965675081771,,,,,,,,,,,,,,,
np-few_shot-danceability-seed3,1wylw5fh,2026-07-22T18:33:52Z,np,few_shot,3,rmse,0.1899295863775855,0.1033712351331967,0.1906201718325283,0.1054906904648339,508.447461605072,0.3798553943634033,0.3617129325866699,,591.0,0.0630856701848367,5.338528208876637e-05,,,,,,,,,,,,,,,
np-few_shot-danceability-seed3,2gzwalub,2026-07-22T16:31:50Z,np,few_shot,3,rmse,0.140385248597413,0.1033870456820168,0.1406991658151256,0.1038575338658779,330.7091829776764,0.4896752834320069,0.4338762760162353,,339.0,0.0922958724505863,0.0003639639356786,,,,,,,,,,,,,,,
np-few_shot-danceability-seed3,3177uazn,2026-07-22T16:58:58Z,np,few_shot,3,rmse,0.172697534179388,0.1014854039141868,0.1733610972151187,0.1034862285752252,276.8995485305786,0.4900853633880615,0.4692990779876709,,284.0,0.0529111224209254,0.0003535634629148,,,,,,,,,,,,,,,
np-few_shot-danceability-seed3,42adzvu5,2026-07-22T20:00:19Z,np,few_shot,3,rmse,0.1835831690059164,0.1031203068378743,0.1841083937150272,0.1033619010134327,861.3608202934265,0.2029139995574951,0.1949584484100341,,1472.0,0.1312659178930547,1.889582693802601e-05,,,,,,,,,,,,,,,
np-few_shot-danceability-seed3,7tnjo1jl,2026-07-22T15:20:56Z,np,few_shot,3,rmse,0.1806146325645866,0.102803117355069,0.1810595370868948,0.1029379779102926,318.3869264125824,0.4689180850982666,0.4674296379089355,,331.0,0.0847309598677809,0.0001957889720121,,,,,,,,,,,,,,,
np-few_shot-danceability-seed3,7wwzhixd,2026-07-22T19:39:38Z,np,few_shot,3,rmse,0.1900212738540146,0.1031431886197914,0.1905343307318322,0.1032745794541005,573.0937554836273,0.2564923763275146,0.230726957321167,,874.0,0.0932621545712612,3.082131641442947e-05,,,,,,,,,,,,,,,
np-few_shot-danceability-seed3,aaork2db,2026-07-22T15:43:31Z,np,few_shot,3,rmse,0.1711785798918695,0.104380359433935,0.1713891524469576,0.1017313685456366,457.0000431537628,0.5096490383148193,0.4325997829437256,,468.0,0.1583450076165329,0.000114232541556,,,,,,,,,,,,,,,
np-few_shot-danceability-seed3,afpz77ku,2026-07-22T15:13:44Z,np,few_shot,3,rmse,0.1726289074312386,0.1032867126751799,0.1730787205823602,0.1032413258101901,426.3081452846527,0.4830396175384521,0.5247023105621338,,442.0,0.1205526752143287,0.0001229607110732,,,,,,,,,,,,,,,
np-few_shot-danceability-seed3,aomxd6gk,2026-07-22T15:26:21Z,np,few_shot,3,rmse,0.1294955181738645,0.1026703450656424,0.1297628922045974,0.1032325334981824,290.15447092056274,0.5135457515716553,0.4077305793762207,,297.0,0.0875174422525385,0.0006074996073425,,,,,,,,,,,,,,,
np-few_shot-danceability-seed3,bmomk5uo,2026-07-22T18:42:26Z,np,few_shot,3,rmse,0.1823099402468096,0.1035374109363072,0.1826519031150668,0.1023251760905884,414.4328534603119,0.3266198635101318,0.3036425113677978,,527.0,0.1140393540835759,7.537078298264379e-05,,,,,,,,,,,,,,,
np-few_shot-danceability-seed3,cedz8v6g,2026-07-22T17:30:06Z,np,few_shot,3,rmse,0.1868440610834717,0.1030975045005264,0.1873891464104202,0.1037768600919478,483.5224034786224,0.5240375995635986,0.4555187225341797,,499.0,0.0719015801147572,7.4827960376208e-05,,,,,,,,,,,,,,,
np-few_shot-danceability-seed3,ceinjpvv,2026-07-22T17:22:40Z,np,few_shot,3,rmse,0.1394584270624014,0.1039450556365747,0.1394047847618606,0.1012037490057997,410.6076724529266,0.542471170425415,0.4495387077331543,,420.0,0.1887496157029248,0.0002310152225018,,,,,,,,,,,,,,,
np-few_shot-danceability-seed3,cyufcsv4,2026-07-22T17:10:32Z,np,few_shot,3,rmse,0.186301239618514,0.1017047490812272,0.1869840694196296,0.1036597575690705,305.691059589386,0.4622819423675537,0.4206092357635498,,332.0,0.003757960087271,0.0001718980674331,,,,,,,,,,,,,,,
np-few_shot-danceability-seed3,d5hathhh,2026-07-22T19:14:13Z,np,few_shot,3,rmse,0.1969918727500472,0.1039728230018604,0.1976527166876563,0.104819453696652,781.3814213275909,0.3027703762054443,0.3375124931335449,,1034.0,0.0417753512189669,2.1019338091154404e-05,,,,,,,,,,,,,,,
np-few_shot-danceability-seed3,dncdxh3e,2026-07-22T19:27:20Z,np,few_shot,3,rmse,0.1782735651665991,0.1036301643214935,0.1786958459439337,0.1029498015671394,732.5710153579712,0.2560269832611084,0.2384545803070068,,1033.0,0.1306216650930796,3.210577849550394e-05,,,,,,,,,,,,,,,
np-few_shot-danceability-seed3,esp8hai3,2026-07-22T16:37:26Z,np,few_shot,3,rmse,0.1749904180059627,0.1022145793222581,0.1757096997769333,0.1045601572923694,333.4518485069275,0.4360637664794922,0.3388895988464355,,350.0,0.0236548851737866,0.0001904767808428,,,,,,,,,,,,,,,
np-few_shot-danceability-seed3,ga396yuv,2026-07-22T19:49:38Z,np,few_shot,3,rmse,0.2049924827632574,0.1037545555774092,0.2056533257591533,0.104359994452267,633.0496878623962,0.2087078094482422,0.1946203708648681,,1034.0,0.0317939167291039,1.6624564693643617e-05,,,,,,,,,,,,,,,
np-few_shot-danceability-seed3,hqrd3wia,2026-07-22T17:03:46Z,np,few_shot,3,rmse,0.1730530757919024,0.10250034936177,0.1734106111441491,0.102225329056574,396.3166136741638,0.4543640613555908,0.4794912338256836,,415.0,0.0912300664433097,0.0001370464839284,,,,,,,,,,,,,,,
np-few_shot-danceability-seed3,i9bu0hla,2026-07-22T18:18:41Z,np,few_shot,3,rmse,0.202229695192873,0.1035915193790344,0.2029290770889391,0.1046431178346676,904.2379009723664,0.4275634288787842,0.3718752861022949,,1034.0,0.0420765122147681,1.810725406663106e-05,,,,,,,,,,,,,,,
np-few_shot-danceability-seed3,kdchxdow,2026-07-22T17:38:16Z,np,few_shot,3,rmse,0.1835458899966588,0.1036524046964894,0.1839595180994261,0.1031628834787395,2027.2188363075256,0.4031591415405273,0.4907147884368897,,2032.0,0.1395262391854529,1.3196262418422204e-05,,,,,,,,,,,,,,,
np-few_shot-danceability-seed3,lufxu5ds,2026-07-22T18:12:09Z,np,few_shot,3,rmse,0.1455991691098295,0.1029606479641971,0.1459129999878147,0.1031591989152712,386.6992452144623,0.4101991653442383,0.354072093963623,,411.0,0.1333533430891335,0.00021941976179,,,,,,,,,,,,,,,
np-few_shot-danceability-seed3,lyxtzy5y,2026-07-22T16:14:48Z,np,few_shot,3,rmse,0.1727068188426258,0.1027721206574055,0.173092820852623,0.1022570560016392,260.5130035877228,0.4800446033477783,0.5178792476654053,,264.0,0.0040436794880651,0.0004626362841475,,,,,,,,,,,,,,,
np-few_shot-danceability-seed3,mcsyyzx0,2026-07-22T15:07:50Z,np,few_shot,3,rmse,0.154944540754405,0.1031134244285966,0.1552590401627375,0.1028296606263901,347.63883805274963,0.5558004379272461,0.5054209232330322,,350.0,0.1097627007854649,0.0002693883019285,,,,,,,,,,,,,,,
np-few_shot-danceability-seed3,mw9uhd1z,2026-07-22T15:31:16Z,np,few_shot,3,rmse,0.1676374275231473,0.1044755105523815,0.1678441429308179,0.1027002846320908,725.0406045913696,0.4504239559173584,0.5104334354400635,,757.0,0.1927325521002058,5.846326121643416e-05,,,,,,,,,,,,,,,
np-few_shot-danceability-seed3,oaxri2tx,2026-07-22T17:15:51Z,np,few_shot,3,rmse,0.1613983123605629,0.1029854124162705,0.161852780935386,0.1035520712338809,404.44789242744446,0.498483657836914,0.4356980323791504,,411.0,0.1224191445444842,0.0001713436419711,,,,,,,,,,,,,,,
np-few_shot-danceability-seed3,qgnchmhu,2026-07-22T15:56:07Z,np,few_shot,3,rmse,0.2040601046156471,0.1028414266547901,0.2047007360135382,0.1039186687927697,1114.9013531208038,0.5579140186309814,0.5009055137634277,,1156.0,0.0142072116395773,1.4936835544198446e-05,,,,,,,,,,,,,,,
np-few_shot-danceability-seed3,so0qlqip,2026-07-22T16:19:14Z,np,few_shot,3,rmse,0.1269517502567644,0.1040237183421936,0.1268630499508291,0.1025596022299201,303.7995364665985,0.5114150047302246,0.4348671436309814,,312.0,0.1556313501899701,0.0005495716186411,,,,,,,,,,,,,,,
np-few_shot-danceability-seed3,tejxyux5,2026-07-22T15:51:14Z,np,few_shot,3,rmse,0.1251465162639528,0.1032700692832373,0.1257101730866865,0.105769827639556,271.62619972229004,0.4673514366149902,0.3944745063781738,,288.0,0.1136089122187864,0.0007098936257405,,,,,,,,,,,,,,,
np-few_shot-danceability-seed3,v1ue7wd0,2026-07-22T16:49:08Z,np,few_shot,3,rmse,0.1772811394097105,0.1041542101544994,0.1777723443274404,0.1045089859315902,581.7254180908203,0.5655820369720459,0.4739756584167481,,605.0,0.1043696643500143,6.75031252159592e-05,,,,,,,,,,,,,,,
np-few_shot-danceability-seed3,v3fldlnh,2026-07-22T18:49:25Z,np,few_shot,3,rmse,0.1761588541267431,0.1043929989441787,0.1764361962490115,0.1027130745814823,1449.5540323257446,0.3247311115264892,0.3483843803405761,,1952.0,0.1976747676118452,1.5998881492631487e-05,,,,,,,,,,,,,,,
np-few_shot-danceability-seed3,wjqkh1wg,2026-07-22T16:44:12Z,np,few_shot,3,rmse,0.1414317482120388,0.1036275943866699,0.1415666754020514,0.1021172115169239,254.2739441394806,0.5251851081848145,0.4878358840942383,,264.0,0.0286706574818092,0.0007750644796341,,,,,,,,,,,,,,,
np-few_shot-danceability-seed4,07cf6bwg,2026-07-22T15:58:59Z,np,few_shot,4,rmse,0.1681250071669199,0.1014480744334721,0.1693993628884494,0.106122564346851,306.9131305217743,0.6108932495117188,0.4406595230102539,,319.0,0.1097627007854649,0.0002693883019285,,,,,,,,,,,,,,,
np-few_shot-danceability-seed4,0t1m7rwd,2026-07-22T17:03:13Z,np,few_shot,4,rmse,0.1627268888146044,0.1029331054596341,0.1638728162815654,0.1066748583373875,256.7164828777313,0.4862802028656006,0.4538342952728271,,276.0,0.0040436794880651,0.0004626362841475,,,,,,,,,,,,,,,
np-few_shot-danceability-seed4,2p5p5d2h,2026-07-22T16:32:27Z,np,few_shot,4,rmse,0.1653169975223311,0.1033784971248805,0.1665173751808406,0.1076214480364303,478.52562403678894,0.511197566986084,0.4150826930999756,,495.0,0.1583450076165329,0.000114232541556,,,,,,,,,,,,,,,
np-few_shot-danceability-seed4,37h1cf85,2026-07-22T17:45:25Z,np,few_shot,4,rmse,0.1864581106297941,0.1026034146976619,0.1875065129322961,0.1051700337983156,362.9658448696137,0.4636404514312744,0.4908697605133056,,363.0,0.0912300664433097,0.0001370464839284,,,,,,,,,,,,,,,
np-few_shot-danceability-seed4,4djsxg1z,2026-07-22T20:16:40Z,np,few_shot,4,rmse,0.19308056529746,0.1040212567765143,0.1941089567438438,0.1059982683806292,598.3684599399567,0.1626894474029541,0.1365439891815185,,1229.0,0.1312659178930547,1.889582693802601e-05,,,,,,,,,,,,,,,
np-few_shot-danceability-seed4,4zdm2shh,2026-07-22T18:09:56Z,np,few_shot,4,rmse,0.1906292442097721,0.1031646683222549,0.1917805954801318,0.1064715242949651,451.58979749679565,0.4223747253417969,0.4513580799102783,,472.0,0.0719015801147572,7.4827960376208e-05,,,,,,,,,,,,,,,
np-few_shot-danceability-seed4,756x0z1x,2026-07-22T19:34:00Z,np,few_shot,4,rmse,0.2025605285742197,0.1037620698528492,0.2036111409427555,0.1056059256161838,600.9991209506989,0.2571971416473388,0.2281184196472168,,913.0,0.0417753512189669,2.1019338091154404e-05,,,,,,,,,,,,,,,
np-few_shot-danceability-seed4,7900mpsz,2026-07-22T16:45:06Z,np,few_shot,4,rmse,0.2051862424396607,0.1039044736969847,0.2065084999754229,0.1089327311752402,1080.2545065879822,0.4126031398773193,0.4469618797302246,,1127.0,0.0142072116395773,1.4936835544198446e-05,,,,,,,,,,,,,,,
np-few_shot-danceability-seed4,7qqtaitm,2026-07-22T19:44:06Z,np,few_shot,4,rmse,0.1807307231138987,0.1037370444016265,0.18176282655394,0.1058889073604145,640.8294219970703,0.2675254344940185,0.5286040306091309,,996.0,0.1306216650930796,3.210577849550394e-05,,,,,,,,,,,,,,,
np-few_shot-danceability-seed4,7v0drmvw,2026-07-22T17:22:00Z,np,few_shot,4,rmse,0.1839979330459273,0.1026671182209744,0.1854070887108593,0.10852259920733,322.68530201911926,0.5543816089630127,0.4651694297790527,,324.0,0.0236548851737866,0.0001904767808428,,,,,,,,,,,,,,,
np-few_shot-danceability-seed4,8ukysxaz,2026-07-22T20:04:34Z,np,few_shot,4,rmse,0.2022309976528926,0.1039798208410092,0.2033947850810561,0.1069890836503857,636.059807062149,0.1505546569824218,0.1288459300994873,,1112.0,0.0317939167291039,1.6624564693643617e-05,,,,,,,,,,,,,,,
np-few_shot-danceability-seed4,9jrcd1ne,2026-07-22T19:55:05Z,np,few_shot,4,rmse,0.1877474750739982,0.1032836450270451,0.1888239312920153,0.1057062260968576,507.30955052375793,0.2046966552734375,0.1801028251647949,,913.0,0.0932621545712612,3.082131641442947e-05,,,,,,,,,,,,,,,
np-few_shot-danceability-seed4,9tmf5r7n,2026-07-22T18:17:33Z,np,few_shot,4,rmse,0.1954126372394791,0.1040732906759715,0.1966653327197721,0.1080213201530325,1380.965193271637,0.4389638900756836,0.3384008407592773,,1591.0,0.1395262391854529,1.3196262418422204e-05,,,,,,,,,,,,,,,
np-few_shot-danceability-seed4,anlaelap,2026-07-22T17:57:03Z,np,few_shot,4,rmse,0.1514858519097408,0.1027597897073093,0.1525324107834199,0.1057120747171633,440.3545150756836,0.5262551307678223,0.4457006454467773,,445.0,0.1224191445444842,0.0001713436419711,,,,,,,,,,,,,,,
np-few_shot-danceability-seed4,be4lfejo,2026-07-22T16:20:51Z,np,few_shot,4,rmse,0.1724289280463414,0.1034505481758264,0.1735117226156569,0.1067864533895859,689.7412872314453,0.5392498970031738,0.4821186065673828,,711.0,0.1927325521002058,5.846326121643416e-05,,,,,,,,,,,,,,,
np-few_shot-danceability-seed4,bp685ucz,2026-07-22T17:12:13Z,np,few_shot,4,rmse,0.1442617317998265,0.1030084464921714,0.1452479576842071,0.1059559412447163,294.6949324607849,0.517545223236084,0.5351841449737549,,319.0,0.1957236684465528,0.0003965675081771,,,,,,,,,,,,,,,
np-few_shot-danceability-seed4,f3424bce,2026-07-22T17:31:36Z,np,few_shot,4,rmse,0.184178105678903,0.1037707229064637,0.1850017748008449,0.1043171447960075,536.500403881073,0.4819324016571045,0.4395158290863037,,550.0,0.1043696643500143,6.75031252159592e-05,,,,,,,,,,,,,,,
np-few_shot-danceability-seed4,gezhus1m,2026-07-22T18:59:05Z,np,few_shot,4,rmse,0.197709795401757,0.1033191721999955,0.1990699400024155,0.1080830637330498,384.2320284843445,0.3881607055664062,0.3082702159881592,,519.0,0.0630856701848367,5.338528208876637e-05,,,,,,,,,,,,,,,
np-few_shot-danceability-seed4,gposu4on,2026-07-22T17:27:29Z,np,few_shot,4,rmse,0.1499308665473777,0.1026440019964811,0.1508784348728092,0.1062331749743733,234.1377320289612,0.3731188774108886,0.3307092189788818,,256.0,0.0286706574818092,0.0007750644796341,,,,,,,,,,,,,,,
np-few_shot-danceability-seed4,he2grmu9,2026-07-22T16:16:19Z,np,few_shot,4,rmse,0.147195881928306,0.1021083931346367,0.148133676672912,0.1048114181483863,265.734334230423,0.4549951553344726,0.4286916255950928,,274.0,0.0875174422525385,0.0006074996073425,,,,,,,,,,,,,,,
np-few_shot-danceability-seed4,hjn8r41a,2026-07-22T19:05:42Z,np,few_shot,4,rmse,0.161430124417845,0.1034433217517664,0.1626921235958937,0.1079730452068763,499.1048691272736,0.2027897834777832,0.1756904125213623,,679.0,0.1140393540835759,7.537078298264379e-05,,,,,,,,,,,,,,,
np-few_shot-danceability-seed4,nrpluvar,2026-07-22T16:04:17Z,np,few_shot,4,rmse,0.1782327902963362,0.1031354644140971,0.1791314924036273,0.1048301749538737,396.9937965869904,0.5226337909698486,0.4762887954711914,,416.0,0.1205526752143287,0.0001229607110732,,,,,,,,,,,,,,,
np-few_shot-danceability-seed4,p2q2wt01,2026-07-22T16:40:31Z,np,few_shot,4,rmse,0.1318385371242661,0.1023515632631736,0.1332967658483749,0.1092739624214023,248.2606585025787,0.5013291835784912,0.4402456283569336,,280.0,0.1136089122187864,0.0007098936257405,,,,,,,,,,,,,,,
np-few_shot-danceability-seed4,r6vtdhvh,2026-07-22T18:45:17Z,np,few_shot,4,rmse,0.2019006055162613,0.1042921231552573,0.202925965783958,0.1059349993703115,783.15913438797,0.2497642040252685,0.2450208663940429,,1046.0,0.0420765122147681,1.810725406663106e-05,,,,,,,,,,,,,,,
np-few_shot-danceability-seed4,rcn5cjow,2026-07-22T18:40:40Z,np,few_shot,4,rmse,0.1791930581072726,0.1031365087170159,0.1803973589639121,0.1070997082448406,271.61161708831787,0.3472859859466553,0.2834188938140869,,319.0,0.1333533430891335,0.00021941976179,,,,,,,,,,,,,,,
np-few_shot-danceability-seed4,rljd9js7,2026-07-22T19:14:12Z,np,few_shot,4,rmse,0.1874007173331387,0.104212016999093,0.1884594976750342,0.1066445907896965,1182.6111664772034,0.300778865814209,0.2212536334991455,,1591.0,0.1976747676118452,1.5998881492631487e-05,,,,,,,,,,,,,,,
np-few_shot-danceability-seed4,uhubpxpz,2026-07-22T17:17:19Z,np,few_shot,4,rmse,0.1724594587303069,0.101603221848348,0.1737269821361124,0.1065737464082324,273.9985134601593,0.4958748817443848,0.4973387718200683,,281.0,0.0922958724505863,0.0003639639356786,,,,,,,,,,,,,,,
np-few_shot-danceability-seed4,usv5ipsy,2026-07-22T16:11:00Z,np,few_shot,4,rmse,0.1846156737890588,0.1027068166147006,0.1859190128332887,0.1073800182383702,314.17113757133484,0.4946064949035644,0.4607291221618652,,319.0,0.0847309598677809,0.0001957889720121,,,,,,,,,,,,,,,
np-few_shot-danceability-seed4,vlj3ciqg,2026-07-22T17:07:35Z,np,few_shot,4,rmse,0.1480839670781629,0.1023922730212005,0.1493550618894025,0.1075686237168443,268.9670960903168,0.4039795398712158,0.3615803718566894,,281.0,0.1556313501899701,0.0005495716186411,,,,,,,,,,,,,,,
np-few_shot-danceability-seed4,y99x7q8f,2026-07-22T18:04:29Z,np,few_shot,4,rmse,0.1736425383981452,0.1034381419427556,0.1748037601144158,0.1080362143566289,320.6948208808899,0.4569988250732422,0.3895647525787353,,326.0,0.1887496157029248,0.0002310152225018,,,,,,,,,,,,,,,
np-few_shot-danceability-seed4,zdpew72g,2026-07-22T17:40:38Z,np,few_shot,4,rmse,0.1741863133677517,0.1025779352370009,0.1754504283471467,0.1070312030597334,280.9989585876465,0.522855281829834,0.4016904830932617,,281.0,0.0529111224209254,0.0003535634629148,,,,,,,,,,,,,,,
np-few_shot-danceability-seed4,zgvb8sn6,2026-07-22T17:51:34Z,np,few_shot,4,rmse,0.1885691759098007,0.1022640582721304,0.190236251772815,0.109817932178278,323.57453894615173,0.4827044010162353,0.447031021118164,,324.0,0.003757960087271,0.0001718980674331,,,,,,,,,,,,,,,
anp-in_context-danceability-seed0,0fku8p5j,2026-07-21T10:26:04Z,anp,in_context,0,rmse,0.1233526581967934,0.0923085346069545,0.1239884881686047,0.0940057965530121,661.9344456195831,2.378179788589477,2.317811727523804,,290.0,0.0922958724505863,0.0003639639356786,,,,,,,,,,,,,,,
anp-in_context-danceability-seed0,2hlj3l7c,2026-07-21T11:59:27Z,anp,in_context,0,rmse,0.0826153216319448,0.0923276976189697,0.0831904258398257,0.0943519921823003,1022.9708061218262,1.8591232299804688,2.339346408843994,,446.0,0.1887496157029248,0.0002310152225018,,,,,,,,,,,,,,,
anp-in_context-danceability-seed0,2mzrzgic,2026-07-21T08:39:21Z,anp,in_context,0,rmse,0.1564671486632756,0.0915190008215778,0.1569801430694231,0.0924267545955393,1193.572601556778,1.973771095275879,2.320760488510132,,543.0,0.1927325521002058,5.846326121643416e-05,,,,,,,,,,,,,,,
anp-in_context-danceability-seed0,2nln5w4j,2026-07-21T12:34:35Z,anp,in_context,0,rmse,0.1797489243649399,0.0911575821453818,0.1802692737781463,0.0918364926815384,2658.253565311432,2.576051950454712,2.3123104572296143,,1210.0,0.1395262391854529,1.3196262418422204e-05,,,,,,,,,,,,,,,
anp-in_context-danceability-seed0,5w2jdwan,2026-07-21T09:52:52Z,anp,in_context,0,rmse,0.1618271026941098,0.0915515140819567,0.1623572301944407,0.0921465949139542,565.8496055603027,2.3653724193573,2.4535622596740723,,241.0,0.0040436794880651,0.0004626362841475,,,,,,,,,,,,,,,
anp-in_context-danceability-seed0,63uvp9vr,2026-07-21T11:46:36Z,anp,in_context,0,rmse,0.1505706819554513,0.0907946832348119,0.1511253669683453,0.0927343332242039,759.6142957210541,2.537048816680908,2.403509616851806,,329.0,0.1224191445444842,0.0001713436419711,,,,,,,,,,,,,,,
anp-in_context-danceability-seed0,6jeg05hw,2026-07-21T10:02:49Z,anp,in_context,0,rmse,0.1090408296340414,0.0926260713729015,0.1096598450458056,0.0946905020260001,647.8930661678314,2.273730993270874,2.1968047618865967,,274.0,0.1556313501899701,0.0005495716186411,,,,,,,,,,,,,,,
anp-in_context-danceability-seed0,6qfhnecm,2026-07-21T14:07:23Z,anp,in_context,0,rmse,0.1796238111239602,0.0901396105203487,0.1802468803829144,0.0921685276695591,989.561562538147,2.340084791183472,2.0082831382751465,,449.0,0.0630856701848367,5.338528208876637e-05,,,,,,,,,,,,,,,
anp-in_context-danceability-seed0,7g3xbztm,2026-07-21T08:14:59Z,anp,in_context,0,rmse,0.1361919976583886,0.0911227655590234,0.1367484624333974,0.0931216861620473,778.6093425750732,2.585275173187256,2.24503231048584,,339.0,0.0847309598677809,0.0001957889720121,,,,,,,,,,,,,,,
anp-in_context-danceability-seed0,ahhtio0n,2026-07-21T08:59:26Z,anp,in_context,0,rmse,0.1549634671517078,0.0916130692479153,0.1555198126509411,0.0930296543922572,839.3766462802887,2.263649702072144,2.1324915885925293,,381.0,0.1583450076165329,0.000114232541556,,,,,,,,,,,,,,,
anp-in_context-danceability-seed0,b0nx1mer,2026-07-21T11:35:56Z,anp,in_context,0,rmse,0.1819769747085698,0.0907668656674968,0.1826499213204328,0.092271347750132,628.2743368148804,2.348500490188598,2.219987154006958,,274.0,0.003757960087271,0.0001718980674331,,,,,,,,,,,,,,,
anp-in_context-danceability-seed0,ba025to0,2026-07-21T08:00:39Z,anp,in_context,0,rmse,0.1500041853164868,0.0907681334083324,0.1506479472603401,0.0930263855838024,839.602203130722,1.9547600746154783,2.2098159790039062,,381.0,0.1205526752143287,0.0001229607110732,,,,,,,,,,,,,,,
anp-in_context-danceability-seed0,cpbjrhe4,2026-07-21T07:41:22Z,anp,in_context,0,rmse,0.0654622700981633,0.0913627181942731,0.0663868843412106,0.094337613768816,1142.1398556232452,2.2924790382385254,2.303469657897949,,482.0,0.1097627007854649,0.0002693883019285,,,,,,,,,,,,,,,
anp-in_context-danceability-seed0,fjccajmx,2026-07-21T15:55:25Z,anp,in_context,0,rmse,0.1807204818034132,0.0908274704037056,0.1812727896780257,0.0913261313202195,1383.690487384796,2.5081377029418945,2.5142834186553955,,606.0,0.1306216650930796,3.210577849550394e-05,,,,,,,,,,,,,,,
anp-in_context-danceability-seed0,jtag71yw,2026-07-21T12:16:42Z,anp,in_context,0,rmse,0.158515350019473,0.0905329121748792,0.1592107452098976,0.0936607019472081,1061.2196345329285,2.251593828201294,2.5252959728240967,,459.0,0.0719015801147572,7.4827960376208e-05,,,,,,,,,,,,,,,
anp-in_context-danceability-seed0,ka4jkwwb,2026-07-21T14:39:21Z,anp,in_context,0,rmse,0.1666322663983219,0.0909557316257725,0.1671021487283361,0.0912328282708979,2862.0420372486115,2.3778483867645264,2.629997968673706,,1262.0,0.1976747676118452,1.5998881492631487e-05,,,,,,,,,,,,,,,
anp-in_context-danceability-seed0,kd1znnf0,2026-07-21T13:19:04Z,anp,in_context,0,rmse,0.1341366777191332,0.0912113585806968,0.1346754281798754,0.0932855806545484,722.6785018444061,2.44463324546814,2.197774171829224,,328.0,0.1333533430891335,0.00021941976179,,,,,,,,,,,,,,,
anp-in_context-danceability-seed0,llgq9rqw,2026-07-21T15:27:15Z,anp,in_context,0,rmse,0.1900556925216734,0.0907718950984379,0.1906314461309685,0.0919641089163594,1676.9742596149445,2.597021579742432,2.527763605117798,,706.0,0.0417753512189669,2.1019338091154404e-05,,,,,,,,,,,,,,,
anp-in_context-danceability-seed0,mrpbm5tb,2026-07-21T09:13:37Z,anp,in_context,0,rmse,0.0722405953707804,0.092430189794005,0.0729325227875717,0.0940837031877409,688.8280441761017,2.179673910140991,2.160965204238892,,304.0,0.1136089122187864,0.0007098936257405,,,,,,,,,,,,,,,
anp-in_context-danceability-seed0,o7nqsib4,2026-07-21T13:31:21Z,anp,in_context,0,rmse,0.1781923273589713,0.0903605744711104,0.1788679582741562,0.0931031659730606,2126.3503637313843,2.082695245742798,2.480334520339966,,958.0,0.0420765122147681,1.810725406663106e-05,,,,,,,,,,,,,,,
anp-in_context-danceability-seed0,p4r480z8,2026-07-21T14:24:04Z,anp,in_context,0,rmse,0.1747292709031453,0.0911067691121126,0.1753127907350352,0.0921643131410522,905.9937160015106,2.137371063232422,2.178161382675171,,395.0,0.1140393540835759,7.537078298264379e-05,,,,,,,,,,,,,,,
anp-in_context-danceability-seed0,p7nd3oyk,2026-07-21T10:37:18Z,anp,in_context,0,rmse,0.1889536334227664,0.0912973193208929,0.1896957412353788,0.0930795460690065,603.4624109268188,2.266782283782959,2.3692309856414795,,258.0,0.0236548851737866,0.0001904767808428,,,,,,,,,,,,,,,
anp-in_context-danceability-seed0,s43sme55,2026-07-21T11:13:26Z,anp,in_context,0,rmse,0.14491744248879,0.0914604079535418,0.1454498086371903,0.0920761376510895,598.9256045818329,2.0707757472991943,2.202662229537964,,269.0,0.0529111224209254,0.0003535634629148,,,,,,,,,,,,,,,
anp-in_context-danceability-seed0,vg1ph4q5,2026-07-21T17:08:45Z,anp,in_context,0,rmse,0.1790773953662793,0.0910637128853475,0.1797036871987219,0.0924218269566608,2104.7837822437286,2.108297109603882,2.6133787631988525,,914.0,0.1312659178930547,1.889582693802601e-05,,,,,,,,,,,,,,,
anp-in_context-danceability-seed0,vvxgzy2z,2026-07-21T10:13:48Z,anp,in_context,0,rmse,0.1022794473390637,0.0921170200540392,0.1028701993784822,0.0936103420961554,723.6151459217072,2.661816120147705,2.2840569019317627,,311.0,0.1957236684465528,0.0003965675081771,,,,,,,,,,,,,,,
anp-in_context-danceability-seed0,w0psxbj4,2026-07-21T08:28:09Z,anp,in_context,0,rmse,0.093393713817607,0.092112205399035,0.0941680414478538,0.0947078038936526,659.6440544128418,2.049843072891236,2.1772267818450928,,283.0,0.0875174422525385,0.0006074996073425,,,,,,,,,,,,,,,
anp-in_context-danceability-seed0,w6acpg73,2026-07-21T09:25:17Z,anp,in_context,0,rmse,0.2008577135110526,0.0903092422616025,0.2015149383257702,0.0913209977607565,1626.0594499111176,2.604687213897705,2.504106283187866,,735.0,0.0142072116395773,1.4936835544198446e-05,,,,,,,,,,,,,,,
anp-in_context-danceability-seed0,wzfp7boj,2026-07-21T16:42:16Z,anp,in_context,0,rmse,0.2014284968974533,0.0907994013560023,0.2020175353282667,0.0917376293525376,1577.018869638443,2.5047249794006348,2.127166748046875,,673.0,0.0317939167291039,1.6624564693643617e-05,,,,,,,,,,,,,,,
anp-in_context-danceability-seed0,xebv7hag,2026-07-21T16:18:41Z,anp,in_context,0,rmse,0.1826529756844941,0.0903482643821281,0.1832594150813411,0.0918373742375385,1403.398716211319,2.060251474380493,2.508772373199463,,606.0,0.0932621545712612,3.082131641442947e-05,,,,,,,,,,,,,,,
anp-in_context-danceability-seed0,y6qaie8j,2026-07-21T10:57:56Z,anp,in_context,0,rmse,0.1783320927713014,0.091199511233969,0.1789260826759742,0.0925889831141732,883.4904072284698,2.0738625526428223,1.6803061962127686,,403.0,0.1043696643500143,6.75031252159592e-05,,,,,,,,,,,,,,,
anp-in_context-danceability-seed0,yzuq5njh,2026-07-21T11:23:37Z,anp,in_context,0,rmse,0.1645041980094505,0.0907854484121004,0.164903621333176,0.0909769950244274,727.1395769119263,2.157520294189453,2.2920033931732178,,329.0,0.0912300664433097,0.0001370464839284,,,,,,,,,,,,,,,
anp-in_context-danceability-seed0,zhrf1qsj,2026-07-21T10:47:33Z,anp,in_context,0,rmse,0.0985933073525713,0.0927427485240857,0.099066958371581,0.094214596851315,610.1682915687561,2.312028646469116,2.2477970123291016,,262.0,0.0286706574818092,0.0007750644796341,,,,,,,,,,,,,,,
anp-in_context-danceability-seed1,0qf66w44,2026-07-21T11:22:15Z,anp,in_context,1,rmse,0.1881896099828836,0.0919677081170222,0.1891506766049608,0.0963499150305092,556.6637849807739,2.303154706954956,2.2084693908691406,,265.0,0.003757960087271,0.0001718980674331,,,,,,,,,,,,,,,
anp-in_context-danceability-seed1,10zhxkwq,2026-07-21T13:31:47Z,anp,in_context,1,rmse,0.1775855678988114,0.09184671727855,0.1786236034314591,0.097087757676691,987.5154309272766,2.4235284328460693,2.187937021255493,,459.0,0.0630856701848367,5.338528208876637e-05,,,,,,,,,,,,,,,
anp-in_context-danceability-seed1,1t3eklto,2026-07-21T12:13:11Z,anp,in_context,1,rmse,0.180608491557175,0.0927138042855141,0.1815614463627438,0.0971394429820791,2596.991541862488,2.2689788341522217,2.144602060317993,,1191.0,0.1395262391854529,1.3196262418422204e-05,,,,,,,,,,,,,,,
anp-in_context-danceability-seed1,3c6hqdpt,2026-07-21T08:28:38Z,anp,in_context,1,rmse,0.1484414822418332,0.0920177987786925,0.1495252314454274,0.0968746970820544,1257.6396703720093,2.428702592849731,1.9773690700531008,,587.0,0.1927325521002058,5.846326121643416e-05,,,,,,,,,,,,,,,
anp-in_context-danceability-seed1,4cucel15,2026-07-21T10:02:11Z,anp,in_context,1,rmse,0.0878898263044086,0.0920087365454143,0.0894262305997432,0.0970023187067982,734.3334810733795,2.3168880939483643,2.3234002590179443,,335.0,0.1957236684465528,0.0003965675081771,,,,,,,,,,,,,,,
anp-in_context-danceability-seed1,4ogry7eo,2026-07-21T14:49:54Z,anp,in_context,1,rmse,0.1968324439723732,0.0916558810026677,0.1977371240021194,0.0955061729469198,1369.2016801834106,2.1724157333374023,2.3046557903289795,,624.0,0.0417753512189669,2.1019338091154404e-05,,,,,,,,,,,,,,,
anp-in_context-danceability-seed1,4qkpl5i8,2026-07-21T08:16:11Z,anp,in_context,1,rmse,0.0642301210530031,0.0923125077242972,0.066018006287004,0.0969642771372699,735.5131161212921,2.1294314861297607,2.2371537685394287,,341.0,0.0875174422525385,0.0006074996073425,,,,,,,,,,,,,,,
anp-in_context-danceability-seed1,61h7m9l9,2026-07-21T15:12:55Z,anp,in_context,1,rmse,0.1597819092947879,0.0924392394870815,0.1607691817488407,0.0962821055317691,1819.4990153312683,2.5111184120178223,2.365739345550537,,792.0,0.1306216650930796,3.210577849550394e-05,,,,,,,,,,,,,,,
anp-in_context-danceability-seed1,6w3s745k,2026-07-21T11:31:44Z,anp,in_context,1,rmse,0.1442883961438733,0.0918665491138084,0.1453522058817772,0.0970137633359436,727.5795533657074,2.2430152893066406,2.531871795654297,,341.0,0.1224191445444842,0.0001713436419711,,,,,,,,,,,,,,,
anp-in_context-danceability-seed1,7ges3qwf,2026-07-21T12:56:39Z,anp,in_context,1,rmse,0.1200202117069965,0.0915639030526389,0.1214249665286377,0.0977382883613103,766.722106218338,2.3975539207458496,2.139066934585572,,354.0,0.1333533430891335,0.00021941976179,,,,,,,,,,,,,,,
anp-in_context-danceability-seed1,9yt77ypx,2026-07-21T10:26:20Z,anp,in_context,1,rmse,0.1808053872735555,0.0930548149841586,0.1817887095319978,0.0970966566806604,570.3731822967529,2.1485073566436768,2.448880195617676,,269.0,0.0236548851737866,0.0001904767808428,,,,,,,,,,,,,,,
anp-in_context-danceability-seed1,a9p7jkve,2026-07-21T13:48:52Z,anp,in_context,1,rmse,0.1775930475670069,0.0921170560719288,0.1786385018667294,0.0972970976871134,837.9869406223297,2.1757843494415283,2.375751256942749,,384.0,0.1140393540835759,7.537078298264379e-05,,,,,,,,,,,,,,,
anp-in_context-danceability-seed1,b65ar24z,2026-07-21T11:58:09Z,anp,in_context,1,rmse,0.1779636920528975,0.0920743713010066,0.1789551911510971,0.0967101416743488,886.8489611148834,2.626746416091919,2.683091640472412,,384.0,0.0719015801147572,7.4827960376208e-05,,,,,,,,,,,,,,,
anp-in_context-danceability-seed1,g43pc71f,2026-07-21T13:10:10Z,anp,in_context,1,rmse,0.2020276979700653,0.0914944756108858,0.2029668589377629,0.0957914347689803,1285.996916055679,2.215009450912476,2.18494725227356,,624.0,0.0420765122147681,1.810725406663106e-05,,,,,,,,,,,,,,,
anp-in_context-danceability-seed1,l74u05q1,2026-07-21T16:07:00Z,anp,in_context,1,rmse,0.2047365070785548,0.0916193625042047,0.2056746525400122,0.0959104354352242,1363.9535048007965,2.342772483825684,2.424526691436768,,624.0,0.0317939167291039,1.6624564693643617e-05,,,,,,,,,,,,,,,
anp-in_context-danceability-seed1,oh9w6my7,2026-07-21T09:49:56Z,anp,in_context,1,rmse,0.0750757965772961,0.092206924610842,0.0764933249103378,0.096140693654169,705.1437089443207,2.618202209472656,2.426898002624512,,322.0,0.1556313501899701,0.0005495716186411,,,,,,,,,,,,,,,
anp-in_context-danceability-seed1,ohxsc8bx,2026-07-21T08:49:48Z,anp,in_context,1,rmse,0.1428738769312112,0.0918487024049012,0.1440513043581807,0.0970953924005049,868.5950450897217,2.1420600414276123,2.4979567527771,,415.0,0.1583450076165329,0.000114232541556,,,,,,,,,,,,,,,
anp-in_context-danceability-seed1,okcmnefk,2026-07-21T09:04:28Z,anp,in_context,1,rmse,0.081504642265307,0.0928716933879856,0.0827045678693491,0.0960951509752191,599.9031703472137,2.139491319656372,1.8593237400054927,,287.0,0.1136089122187864,0.0007098936257405,,,,,,,,,,,,,,,
anp-in_context-danceability-seed1,p0xip6fh,2026-07-21T11:10:56Z,anp,in_context,1,rmse,0.1657170526022626,0.0925998485877279,0.1667251310332554,0.0973242551011962,667.953017950058,2.215508460998535,2.27015233039856,,326.0,0.0912300664433097,0.0001370464839284,,,,,,,,,,,,,,,
anp-in_context-danceability-seed1,q61db4b7,2026-07-21T07:41:22Z,anp,in_context,1,rmse,0.1398235171850473,0.0924061898544096,0.1409630635166328,0.0976325595159087,686.423278093338,2.624996900558472,2.383491516113281,,296.0,0.1097627007854649,0.0002693883019285,,,,,,,,,,,,,,,
anp-in_context-danceability-seed1,q84zjb14,2026-07-21T10:36:02Z,anp,in_context,1,rmse,0.1301005394579775,0.093702990431547,0.1310000401000636,0.0971124483843067,526.6114139556885,2.225576162338257,1.9622149467468264,,240.0,0.0286706574818092,0.0007750644796341,,,,,,,,,,,,,,,
anp-in_context-danceability-seed1,rhx26mor,2026-07-21T10:45:00Z,anp,in_context,1,rmse,0.1751100078216825,0.0916452871785283,0.1762326586798323,0.0975377185300481,893.9999730587006,2.3239634037017822,2.0573110580444336,,415.0,0.1043696643500143,6.75031252159592e-05,,,,,,,,,,,,,,,
anp-in_context-danceability-seed1,s899w0eo,2026-07-21T07:53:03Z,anp,in_context,1,rmse,0.1650205988227091,0.0919381228442694,0.1662674430223796,0.0989596814525832,752.0441436767578,2.24808120727539,2.307533264160156,,342.0,0.1205526752143287,0.0001229607110732,,,,,,,,,,,,,,,
anp-in_context-danceability-seed1,tgtex9ea,2026-07-21T16:29:55Z,anp,in_context,1,rmse,0.1826352735371544,0.0925918084216372,0.1835966838915389,0.097029452851225,1945.4534754753115,2.6609368324279785,2.3802499771118164,,863.0,0.1312659178930547,1.889582693802601e-05,,,,,,,,,,,,,,,
anp-in_context-danceability-seed1,uaffkjb8,2026-07-21T11:44:05Z,anp,in_context,1,rmse,0.1051349026892215,0.0911908776608382,0.106594952271095,0.0968988094311468,831.7159972190857,2.1815054416656494,2.272186517715454,,379.0,0.1887496157029248,0.0002310152225018,,,,,,,,,,,,,,,
anp-in_context-danceability-seed1,v9nqe1s7,2026-07-21T09:14:40Z,anp,in_context,1,rmse,0.2021385201913181,0.0918453300144131,0.2030806740900689,0.0957965480553098,1510.682458639145,2.517717838287353,2.2520642280578613,,713.0,0.0142072116395773,1.4936835544198446e-05,,,,,,,,,,,,,,,
anp-in_context-danceability-seed1,vl6s41b8,2026-07-21T09:40:09Z,anp,in_context,1,rmse,0.1437627702070492,0.0922303856730176,0.1448127726104361,0.0964447824961254,548.8439025878906,1.971048355102539,1.798348903656006,,254.0,0.0040436794880651,0.0004626362841475,,,,,,,,,,,,,,,
anp-in_context-danceability-seed1,wpjvaxwt,2026-07-21T15:43:27Z,anp,in_context,1,rmse,0.1804818641654087,0.0919178256090006,0.1814810338794221,0.0968084947738387,1400.8932337760923,2.3303778171539307,2.376655340194702,,624.0,0.0932621545712612,3.082131641442947e-05,,,,,,,,,,,,,,,
anp-in_context-danceability-seed1,x1lizhb9,2026-07-21T08:05:47Z,anp,in_context,1,rmse,0.1575714031279053,0.0925626399295022,0.1586869310814112,0.0981738391148221,612.8527238368988,2.019206285476685,2.345973491668701,,301.0,0.0847309598677809,0.0001957889720121,,,,,,,,,,,,,,,
anp-in_context-danceability-seed1,y541y7qz,2026-07-21T11:00:06Z,anp,in_context,1,rmse,0.1189226316328628,0.0931484349373179,0.1198503560881606,0.0963755465606161,638.9199767112732,1.6222569942474363,2.118293046951294,,298.0,0.0529111224209254,0.0003535634629148,,,,,,,,,,,,,,,
anp-in_context-danceability-seed1,ysjhu0em,2026-07-21T14:03:01Z,anp,in_context,1,rmse,0.1655991464371263,0.0928103855427529,0.1665800729412242,0.096934689836577,2796.1629452705383,2.5441641807556152,2.485346555709839,,1280.0,0.1976747676118452,1.5998881492631487e-05,,,,,,,,,,,,,,,
anp-in_context-danceability-seed1,zmd89hse,2026-07-21T10:14:37Z,anp,in_context,1,rmse,0.1069329318159862,0.0911714170104878,0.1081060219662055,0.0955404108946225,690.6667439937592,2.4741151332855225,2.092605829238892,,312.0,0.0922958724505863,0.0003639639356786,,,,,,,,,,,,,,,
anp-in_context-danceability-seed2,0myh5vqe,2026-07-21T08:55:53Z,anp,in_context,2,rmse,0.1568625220624814,0.0932887963644438,0.1569090842934739,0.0911080707514625,782.9050703048706,2.2520065307617188,2.244838237762451,,376.0,0.1583450076165329,0.000114232541556,,,,,,,,,,,,,,,
anp-in_context-danceability-seed2,1mv7ui1z,2026-07-21T14:01:53Z,anp,in_context,2,rmse,0.1753066474342239,0.0921060116795082,0.1755671874810648,0.0907041762648321,995.034330368042,2.0312626361846924,2.006959915161133,,472.0,0.0630856701848367,5.338528208876637e-05,,,,,,,,,,,,,,,
anp-in_context-danceability-seed2,298ph2eo,2026-07-21T15:29:05Z,anp,in_context,2,rmse,0.1937757611474177,0.0926245442141347,0.1939797615512948,0.0904660189537442,1549.8267076015472,1.8600366115570068,2.025031328201294,,664.0,0.0417753512189669,2.1019338091154404e-05,,,,,,,,,,,,,,,
anp-in_context-danceability-seed2,3exlci42,2026-07-21T07:41:23Z,anp,in_context,2,rmse,0.1623717848974037,0.0949116385234093,0.1625189263928355,0.0930171629098437,624.543936252594,2.629770040512085,2.486001968383789,,269.0,0.1097627007854649,0.0002693883019285,,,,,,,,,,,,,,,
anp-in_context-danceability-seed2,5m3g0lr7,2026-07-21T12:31:35Z,anp,in_context,2,rmse,0.1712385399409399,0.0944970489953501,0.1712147662976036,0.0908591010601269,2977.889251947403,2.2189762592315674,1.8108296394348145,,1395.0,0.1395262391854529,1.3196262418422204e-05,,,,,,,,,,,,,,,
anp-in_context-danceability-seed2,62l95rus,2026-07-21T09:49:42Z,anp,in_context,2,rmse,0.1531159275414487,0.0932905945849958,0.1531932809402074,0.0910469391056249,539.0014040470123,2.398335695266724,2.441220998764038,,247.0,0.0040436794880651,0.0004626362841475,,,,,,,,,,,,,,,
anp-in_context-danceability-seed2,6l656a9r,2026-07-21T08:29:07Z,anp,in_context,2,rmse,0.1235755765099001,0.0932930658907646,0.1233682885092859,0.0904598734999253,1593.3788945674896,2.213242292404175,2.27139949798584,,750.0,0.1927325521002058,5.846326121643416e-05,,,,,,,,,,,,,,,
anp-in_context-danceability-seed2,7eti6l1w,2026-07-21T15:55:07Z,anp,in_context,2,rmse,0.1559835831279935,0.0929838650483574,0.1559731540105493,0.0904260575073993,1828.266304254532,2.3368067741394043,2.283066272735596,,832.0,0.1306216650930796,3.210577849550394e-05,,,,,,,,,,,,,,,
anp-in_context-danceability-seed2,94sgpd4b,2026-07-21T07:52:02Z,anp,in_context,2,rmse,0.1326182705027659,0.0929093610715308,0.1324997735435711,0.0900322876505691,943.9576590061188,2.0907204151153564,1.9212396144866943,,432.0,0.1205526752143287,0.0001229607110732,,,,,,,,,,,,,,,
anp-in_context-danceability-seed2,c5tz1xhk,2026-07-21T08:17:38Z,anp,in_context,2,rmse,0.0752077944373127,0.0931959257832523,0.0754441812393456,0.0932421289107642,676.8738729953766,2.639253854751587,2.48252534866333,,313.0,0.0875174422525385,0.0006074996073425,,,,,,,,,,,,,,,
anp-in_context-danceability-seed2,d0hned3w,2026-07-21T11:12:52Z,anp,in_context,2,rmse,0.1577415086009019,0.0930388453123948,0.1579954892779221,0.0917757346042503,530.2828607559204,2.408118724822998,2.2978811264038086,,257.0,0.0529111224209254,0.0003535634629148,,,,,,,,,,,,,,,
anp-in_context-danceability-seed2,djq1uozp,2026-07-21T11:44:57Z,anp,in_context,2,rmse,0.114456461982493,0.0937544142794369,0.1141607926268186,0.0908413635192366,902.658109664917,1.9969406127929688,2.209606409072876,,413.0,0.1224191445444842,0.0001713436419711,,,,,,,,,,,,,,,
anp-in_context-danceability-seed2,fn24ywp8,2026-07-21T11:21:54Z,anp,in_context,2,rmse,0.149164789559385,0.0932327702069702,0.1489805985747005,0.0891723967002289,763.719628572464,2.224792957305908,2.39587664604187,,365.0,0.0912300664433097,0.0001370464839284,,,,,,,,,,,,,,,
anp-in_context-danceability-seed2,fpxipu8c,2026-07-21T10:09:46Z,anp,in_context,2,rmse,0.0767225733829887,0.0934176910798033,0.0761496293032827,0.0906355868780897,812.3280036449432,2.571628332138061,2.372864246368408,,365.0,0.1957236684465528,0.0003965675081771,,,,,,,,,,,,,,,
anp-in_context-danceability-seed2,g6jk58sf,2026-07-21T11:34:49Z,anp,in_context,2,rmse,0.1781801880901909,0.0918805120993523,0.1786406250287219,0.0923444047819926,595.9716951847076,2.095425844192505,2.167006492614746,,280.0,0.003757960087271,0.0001718980674331,,,,,,,,,,,,,,,
anp-in_context-danceability-seed2,gkschwuj,2026-07-21T10:23:31Z,anp,in_context,2,rmse,0.1090095654853016,0.09428898154036,0.1086056697189109,0.090588602242682,658.7893538475037,2.146160840988159,2.4091014862060547,,310.0,0.0922958724505863,0.0003639639356786,,,,,,,,,,,,,,,
anp-in_context-danceability-seed2,idpu1oua,2026-07-21T09:21:23Z,anp,in_context,2,rmse,0.1984996277063968,0.0923194339497345,0.1988714575036172,0.0917324852311607,1656.7002930641174,2.186124086380005,2.380676984786988,,776.0,0.0142072116395773,1.4936835544198446e-05,,,,,,,,,,,,,,,
anp-in_context-danceability-seed2,ipk9su3c,2026-07-21T13:21:58Z,anp,in_context,2,rmse,0.1174415703000666,0.093323940315887,0.1171447851108693,0.0903155914623795,749.7236042022705,2.521230697631836,2.186873435974121,,361.0,0.1333533430891335,0.00021941976179,,,,,,,,,,,,,,,
anp-in_context-danceability-seed2,ja5tqteu,2026-07-21T10:55:51Z,anp,in_context,2,rmse,0.1620498804559404,0.0923630103487214,0.162181471554979,0.0905733026909701,1009.5623364448549,1.522028923034668,1.948326587677002,,472.0,0.1043696643500143,6.75031252159592e-05,,,,,,,,,,,,,,,
anp-in_context-danceability-seed2,kvwhxmuk,2026-07-21T12:00:11Z,anp,in_context,2,rmse,0.0939652470324336,0.0939335480189614,0.0934973394677948,0.0906962935412511,922.1192729473114,2.304455041885376,2.384839534759521,,410.0,0.1887496157029248,0.0002310152225018,,,,,,,,,,,,,,,
anp-in_context-danceability-seed2,lydp12e3,2026-07-21T17:19:36Z,anp,in_context,2,rmse,0.1587715619646233,0.0936809280798601,0.1586774286449919,0.0900615825787347,2766.413319349289,2.6275007724761963,2.569688320159912,,1230.0,0.1312659178930547,1.889582693802601e-05,,,,,,,,,,,,,,,
anp-in_context-danceability-seed2,nrfo3ak0,2026-07-21T14:38:38Z,anp,in_context,2,rmse,0.1616971478140427,0.0942178707722592,0.1617387690759542,0.0913696194555791,3015.0963208675385,2.522082567214966,2.46277928352356,,1360.0,0.1976747676118452,1.5998881492631487e-05,,,,,,,,,,,,,,,
anp-in_context-danceability-seed2,o0e55hpd,2026-07-21T10:46:38Z,anp,in_context,2,rmse,0.111614942683631,0.0949084466212078,0.1112097866097709,0.0915190699744021,542.2279086112976,2.09829330444336,2.239171028137207,,252.0,0.0286706574818092,0.0007750644796341,,,,,,,,,,,,,,,
anp-in_context-danceability-seed2,o7w6nvns,2026-07-21T10:34:41Z,anp,in_context,2,rmse,0.1456674709043486,0.0926529916489175,0.1458845125917476,0.091485261013866,704.9718742370605,2.503471612930298,2.5405235290527344,,325.0,0.0236548851737866,0.0001904767808428,,,,,,,,,,,,,,,
anp-in_context-danceability-seed2,riox5ayc,2026-07-21T08:07:57Z,anp,in_context,2,rmse,0.1715306956476827,0.0931788082186368,0.1717065121299118,0.0916931832102178,567.894050359726,2.4316203594207764,2.433905839920044,,280.0,0.0847309598677809,0.0001957889720121,,,,,,,,,,,,,,,
anp-in_context-danceability-seed2,sgyawyda,2026-07-21T12:15:50Z,anp,in_context,2,rmse,0.1683466284220536,0.0928229249652309,0.1685299078180214,0.091014088637899,932.545800447464,2.668144464492798,2.95626163482666,,421.0,0.0719015801147572,7.4827960376208e-05,,,,,,,,,,,,,,,
anp-in_context-danceability-seed2,ttpb84kv,2026-07-21T13:34:40Z,anp,in_context,2,rmse,0.1931990450876622,0.093026699794669,0.1933675142087154,0.0905603546311046,1621.17889046669,2.34870982170105,2.081929445266724,,748.0,0.0420765122147681,1.810725406663106e-05,,,,,,,,,,,,,,,
anp-in_context-danceability-seed2,u9o840ag,2026-07-21T09:59:22Z,anp,in_context,2,rmse,0.0985625709027334,0.0941411411890818,0.0985278020806639,0.0928430053192845,612.4568557739258,2.423621416091919,2.256985664367676,,286.0,0.1556313501899701,0.0005495716186411,,,,,,,,,,,,,,,
anp-in_context-danceability-seed2,vx7p6k6c,2026-07-21T14:18:56Z,anp,in_context,2,rmse,0.1408620653242886,0.0924629739258325,0.1409507323694309,0.0909020922388052,1155.1624329090118,2.3479928970336914,2.3897743225097656,,536.0,0.1140393540835759,7.537078298264379e-05,,,,,,,,,,,,,,,
anp-in_context-danceability-seed2,xdhr8d7h,2026-07-21T16:50:50Z,anp,in_context,2,rmse,0.1955298436000502,0.0930652548259718,0.1957956344404502,0.0911197150478356,1713.6514265537262,2.562082290649414,2.437194347381592,,762.0,0.0317939167291039,1.6624564693643617e-05,,,,,,,,,,,,,,,
anp-in_context-danceability-seed2,ylmqhljo,2026-07-21T09:09:33Z,anp,in_context,2,rmse,0.0635143061689471,0.0943228526317754,0.0630568725997618,0.092483380090209,697.9266493320465,1.9791343212127688,2.287681818008423,,329.0,0.1136089122187864,0.0007098936257405,,,,,,,,,,,,,,,
anp-in_context-danceability-seed2,zdecbd2c,2026-07-21T16:25:47Z,anp,in_context,2,rmse,0.1763382598932269,0.0931918707582767,0.176401868188308,0.0900850297615377,1490.8048040866852,2.2616183757781982,2.530468940734864,,664.0,0.0932621545712612,3.082131641442947e-05,,,,,,,,,,,,,,,
anp-in_context-danceability-seed3,121pspzc,2026-07-22T15:00:11Z,anp,in_context,3,rmse,0.1733120034276874,0.0939161005105104,0.1736160145082489,0.0918802078920038,1084.6718442440033,1.4650146961212158,1.5041208267211914,,690.0,0.0932621545712612,3.082131641442947e-05,,,,,,,,,,,,,,,
anp-in_context-danceability-seed3,2v24qqs3,2026-07-22T10:51:22Z,anp,in_context,3,rmse,0.1435806759894392,0.0944358838584839,0.1438798157116985,0.0930771264311935,486.5118660926819,1.3083858489990234,1.2854108810424805,,329.0,0.0236548851737866,0.0001904767808428,,,,,,,,,,,,,,,
anp-in_context-danceability-seed3,2y5xa0uk,2026-07-22T15:37:40Z,anp,in_context,3,rmse,0.1664339976143185,0.0942691961733759,0.1668086892323193,0.093068614235407,1712.8201546669006,1.576573371887207,1.5077648162841797,,1104.0,0.1312659178930547,1.889582693802601e-05,,,,,,,,,,,,,,,
anp-in_context-danceability-seed3,375kvwax,2026-07-22T12:19:25Z,anp,in_context,3,rmse,0.1838479803982089,0.0946219694823762,0.1842686741696478,0.0928441332785531,1701.940809249878,1.5207340717315674,1.3864848613739014,,1130.0,0.1395262391854529,1.3196262418422204e-05,,,,,,,,,,,,,,,
anp-in_context-danceability-seed3,3mv92hk5,2026-07-22T13:32:49Z,anp,in_context,3,rmse,0.1546831851689029,0.0942040815246163,0.1548735494395573,0.0917278612911633,735.2532439231873,1.2707114219665527,1.6129920482635498,,474.0,0.1140393540835759,7.537078298264379e-05,,,,,,,,,,,,,,,
anp-in_context-danceability-seed3,4ipz7h6c,2026-07-22T15:18:25Z,anp,in_context,3,rmse,0.1979743713649105,0.093985594255667,0.1983457994540842,0.0912443077025796,1145.2945034503937,1.3585939407348633,1.3432652950286863,,724.0,0.0317939167291039,1.6624564693643617e-05,,,,,,,,,,,,,,,
anp-in_context-danceability-seed3,4rsx4mt9,2026-07-22T13:20:27Z,anp,in_context,3,rmse,0.1748768341853774,0.0937851273339714,0.1752187249651184,0.0914102597177791,732.9081737995148,1.480464220046997,1.4851276874542236,,474.0,0.0630856701848367,5.338528208876637e-05,,,,,,,,,,,,,,,
anp-in_context-danceability-seed3,549ouh0l,2026-07-22T12:47:55Z,anp,in_context,3,rmse,0.0649977156521552,0.0936452289829565,0.0656539230657833,0.0949564224819912,825.1958944797516,1.4263849258422852,1.6200788021087646,,549.0,0.1333533430891335,0.00021941976179,,,,,,,,,,,,,,,
anp-in_context-danceability-seed3,5dnelqnk,2026-07-22T13:45:13Z,anp,in_context,3,rmse,0.1615818674446016,0.094391656183919,0.1619571577020018,0.0929248662457236,2108.9493606090546,1.3866674900054932,1.5000975131988523,,1358.0,0.1976747676118452,1.5998881492631487e-05,,,,,,,,,,,,,,,
anp-in_context-danceability-seed3,6rc5cqi2,2026-07-22T10:16:23Z,anp,in_context,3,rmse,0.1055582069645896,0.0957300274111987,0.1055226238227329,0.093651175875919,448.6660349369049,1.1995034217834473,0.9825239181518556,,292.0,0.0040436794880651,0.0004626362841475,,,,,,,,,,,,,,,
anp-in_context-danceability-seed3,7p8vzb40,2026-07-22T10:43:06Z,anp,in_context,3,rmse,0.0970987759684293,0.0937997331169968,0.0973621250462146,0.0932729171485212,488.0217590332031,1.1866981983184814,0.9996581077575684,,329.0,0.0922958724505863,0.0003639639356786,,,,,,,,,,,,,,,
anp-in_context-danceability-seed3,9nc4fztg,2026-07-22T09:17:54Z,anp,in_context,3,rmse,0.1088623779815997,0.0940935285901509,0.1089112061863828,0.0926085417885776,1294.5024762153623,1.2327122688293457,1.3657352924346924,,864.0,0.1927325521002058,5.846326121643416e-05,,,,,,,,,,,,,,,
anp-in_context-danceability-seed3,esekq52r,2026-07-22T11:00:09Z,anp,in_context,3,rmse,0.0624131135812898,0.0956118061030278,0.0630131197321434,0.0962700033366005,472.1918525695801,1.5518622398376465,1.4703774452209473,,321.0,0.0286706574818092,0.0007750644796341,,,,,,,,,,,,,,,
anp-in_context-danceability-seed3,gp5j17y8,2026-07-22T14:37:38Z,anp,in_context,3,rmse,0.1523535085402582,0.093444429227579,0.1528112248741443,0.0930856425204512,1343.2798800468445,1.4920074939727783,1.3660268783569336,,866.0,0.1306216650930796,3.210577849550394e-05,,,,,,,,,,,,,,,
anp-in_context-danceability-seed3,hvafl6bi,2026-07-22T10:34:44Z,anp,in_context,3,rmse,0.0954188038633977,0.094142219243652,0.0956006112606646,0.0930106446378302,492.430171251297,1.453643798828125,1.3645124435424805,,322.0,0.1957236684465528,0.0003965675081771,,,,,,,,,,,,,,,
anp-in_context-danceability-seed3,jbv20sx8,2026-07-22T09:57:55Z,anp,in_context,3,rmse,0.201708606415731,0.0940892877294692,0.2020370077302319,0.0909519896802804,1098.207617521286,1.392094373703003,1.402038812637329,,724.0,0.0142072116395773,1.4936835544198446e-05,,,,,,,,,,,,,,,
anp-in_context-danceability-seed3,kt3tob1z,2026-07-22T11:24:17Z,anp,in_context,3,rmse,0.1194443920106776,0.0932287361203672,0.1197243377076003,0.0924134120380427,432.3584146499634,1.3933508396148682,1.493004560470581,,298.0,0.0529111224209254,0.0003535634629148,,,,,,,,,,,,,,,
anp-in_context-danceability-seed3,l47bhfm6,2026-07-22T13:01:50Z,anp,in_context,3,rmse,0.1947274999251528,0.0936432104685224,0.1951045858348074,0.0908979980539247,1107.838350057602,1.5523579120635986,1.450732946395874,,724.0,0.0420765122147681,1.810725406663106e-05,,,,,,,,,,,,,,,
anp-in_context-danceability-seed3,lmn415l9,2026-07-22T11:08:32Z,anp,in_context,3,rmse,0.1297873027219628,0.093074112545352,0.1300504540040781,0.0921126105484949,936.3395318984984,1.2912614345550537,1.3346374034881592,,636.0,0.1043696643500143,6.75031252159592e-05,,,,,,,,,,,,,,,
anp-in_context-danceability-seed3,pz8qbv4g,2026-07-22T12:09:21Z,anp,in_context,3,rmse,0.1760323644681676,0.0940349962794745,0.1763370501150715,0.092211493032395,594.3482320308685,1.5172021389007568,1.4733092784881592,,392.0,0.0719015801147572,7.4827960376208e-05,,,,,,,,,,,,,,,
anp-in_context-danceability-seed3,qkxjrsij,2026-07-22T09:00:02Z,anp,in_context,3,rmse,0.1596407451512623,0.0943536840923557,0.1599631813472699,0.0925123906860106,439.8773138523102,1.5133275985717771,1.3730182647705078,,298.0,0.0847309598677809,0.0001957889720121,,,,,,,,,,,,,,,
anp-in_context-danceability-seed3,rj2x28ul,2026-07-22T14:20:31Z,anp,in_context,3,rmse,0.1947876788754737,0.0941265634789174,0.1951381125665549,0.091272546614947,1016.5267109870912,1.5942788124084473,1.4638535976409912,,651.0,0.0417753512189669,2.1019338091154404e-05,,,,,,,,,,,,,,,
anp-in_context-danceability-seed3,tn89wp9o,2026-07-22T10:24:29Z,anp,in_context,3,rmse,0.0604967762156697,0.0961458441835884,0.0603392747149278,0.095151681540528,577.5514297485352,1.4693078994750977,1.399627447128296,,377.0,0.1556313501899701,0.0005495716186411,,,,,,,,,,,,,,,
anp-in_context-danceability-seed3,tp145fjf,2026-07-22T11:40:01Z,anp,in_context,3,rmse,0.1760642475345183,0.0951531036002248,0.1764393723749011,0.0939942482046818,429.7326300144195,1.411318302154541,1.445408582687378,,284.0,0.003757960087271,0.0001718980674331,,,,,,,,,,,,,,,
anp-in_context-danceability-seed3,tqi979pv,2026-07-22T11:31:38Z,anp,in_context,3,rmse,0.1646430798236444,0.0942833718379999,0.1649324133352268,0.0918304665290594,474.7604053020478,1.347012996673584,1.3828516006469729,,329.0,0.0912300664433097,0.0001370464839284,,,,,,,,,,,,,,,
anp-in_context-danceability-seed3,ut7ek0me,2026-07-22T09:07:52Z,anp,in_context,3,rmse,0.05574102961545,0.0937569907904481,0.0563122266773664,0.094943660042425,585.6006779670715,1.4341297149658203,1.430696725845337,,387.0,0.0875174422525385,0.0006074996073425,,,,,,,,,,,,,,,
anp-in_context-danceability-seed3,uuke4tf6,2026-07-22T11:58:54Z,anp,in_context,3,rmse,0.1004990433689208,0.0943705721351107,0.1006252991707712,0.0933957566292703,598.554699420929,1.2240171432495115,1.4011640548706057,,392.0,0.1887496157029248,0.0002310152225018,,,,,,,,,,,,,,,
anp-in_context-danceability-seed3,v2hykcdv,2026-07-22T08:50:20Z,anp,in_context,3,rmse,0.1554304924479291,0.0947260398831658,0.1556164476370186,0.0923461735773604,551.2003054618835,1.2035343647003174,1.2411212921142578,,367.0,0.1205526752143287,0.0001229607110732,,,,,,,,,,,,,,,
anp-in_context-danceability-seed3,w0trq6x7,2026-07-22T09:49:34Z,anp,in_context,3,rmse,0.0633159681730807,0.093873141227293,0.0647291893142598,0.0972013175626733,491.8324637413025,1.4486799240112305,1.5657837390899658,,329.0,0.1136089122187864,0.0007098936257405,,,,,,,,,,,,,,,
anp-in_context-danceability-seed3,w5mmo0ar,2026-07-22T08:42:04Z,anp,in_context,3,rmse,0.1388113781917846,0.0944305988624563,0.1390510858002815,0.0927362767111834,486.49048829078674,1.5728983879089355,1.505601406097412,,298.0,0.1097627007854649,0.0002693883019285,,,,,,,,,,,,,,,
anp-in_context-danceability-seed3,ybkrazxr,2026-07-22T09:39:38Z,anp,in_context,3,rmse,0.1510441859075628,0.0941399865016295,0.1512263168254114,0.0918472737727554,586.719714641571,1.3298933506011963,1.430633306503296,,392.0,0.1583450076165329,0.000114232541556,,,,,,,,,,,,,,,
anp-in_context-danceability-seed3,z87xk6yz,2026-07-22T11:48:17Z,anp,in_context,3,rmse,0.1175117169554115,0.0938614521584341,0.1177551563532074,0.0928068105597323,627.1690146923065,1.4836077690124512,1.461425542831421,,404.0,0.1224191445444842,0.0001713436419711,,,,,,,,,,,,,,,
anp-in_context-danceability-seed4,0ebtq80e,2026-07-22T14:27:01Z,anp,in_context,4,rmse,0.1559265799450595,0.0949617341075194,0.1561392318983019,0.0924950395243791,730.4757871627808,1.451876878738403,1.5934176445007324,,469.0,0.1140393540835759,7.537078298264379e-05,,,,,,,,,,,,,,,
anp-in_context-danceability-seed4,1ck5u4ef,2026-07-22T11:07:25Z,anp,in_context,4,rmse,0.0904009457214278,0.092444233989462,0.0907112244315075,0.0922974375882345,683.0054752826691,1.4742193222045898,1.3116366863250732,,461.0,0.0236548851737866,0.0001904767808428,,,,,,,,,,,,,,,
anp-in_context-danceability-seed4,1qjqp9tr,2026-07-22T10:14:38Z,anp,in_context,4,rmse,0.1949532083871972,0.0928525156708486,0.1952714252525113,0.0905226711876148,1283.78977227211,1.4826905727386477,1.5544583797454834,,832.0,0.0142072116395773,1.4936835544198446e-05,,,,,,,,,,,,,,,
anp-in_context-danceability-seed4,22sc1l9m,2026-07-22T08:42:04Z,anp,in_context,4,rmse,0.1136850129939694,0.0942039970579406,0.1141093650877442,0.0939478307449327,555.4998145103455,1.6379790306091309,1.608569622039795,,338.0,0.1097627007854649,0.0002693883019285,,,,,,,,,,,,,,,
anp-in_context-danceability-seed4,3b53jom6,2026-07-22T12:48:09Z,anp,in_context,4,rmse,0.1652442288013124,0.0947554367514801,0.1652853903794381,0.0906267014041056,2338.9915063381195,1.6164608001708984,1.5733811855316162,,1523.0,0.1395262391854529,1.3196262418422204e-05,,,,,,,,,,,,,,,
anp-in_context-danceability-seed4,5glxl6i3,2026-07-22T11:18:56Z,anp,in_context,4,rmse,0.0547775337799793,0.0940227486785661,0.0559931693799124,0.0949302414175289,815.3278822898865,1.371659755706787,1.4205563068389893,,553.0,0.0286706574818092,0.0007750644796341,,,,,,,,,,,,,,,
anp-in_context-danceability-seed4,5zv2cgz6,2026-07-22T16:25:56Z,anp,in_context,4,rmse,0.1906643449695032,0.0933902629364043,0.1909015682643841,0.0901374014159457,1309.706182718277,1.3573501110076904,1.5917375087738037,,832.0,0.0317939167291039,1.6624564693643617e-05,,,,,,,,,,,,,,,
anp-in_context-danceability-seed4,6oiddjtw,2026-07-22T12:12:01Z,anp,in_context,4,rmse,0.0735075865387584,0.0939860362580622,0.0734888010030343,0.0927527337753036,875.3945326805115,1.5007452964782717,1.580270767211914,,577.0,0.1224191445444842,0.0001713436419711,,,,,,,,,,,,,,,
anp-in_context-danceability-seed4,9555ivva,2026-07-22T11:46:18Z,anp,in_context,4,rmse,0.108880221212103,0.0937518881732808,0.109325087808459,0.0937440728972267,480.4850676059723,1.585822582244873,1.4747436046600342,,313.0,0.0529111224209254,0.0003535634629148,,,,,,,,,,,,,,,
anp-in_context-danceability-seed4,blu5lkbs,2026-07-22T12:26:48Z,anp,in_context,4,rmse,0.0972691129454672,0.0934294513604255,0.0973432637830054,0.0919081746332642,607.7974963188171,1.2911148071289062,1.4342432022094729,,400.0,0.1887496157029248,0.0002310152225018,,,,,,,,,,,,,,,
anp-in_context-danceability-seed4,bnghuo9t,2026-07-22T14:14:17Z,anp,in_context,4,rmse,0.1727090207678076,0.0936513873849594,0.1730476308653491,0.0912938409241675,754.8244814872742,1.5824553966522217,1.554797887802124,,485.0,0.0630856701848367,5.338528208876637e-05,,,,,,,,,,,,,,,
anp-in_context-danceability-seed4,c1rssg4v,2026-07-22T09:01:47Z,anp,in_context,4,rmse,0.0522656767845685,0.0919150772502806,0.0530000066896822,0.0928979227662449,1130.33887052536,1.4320483207702637,1.4685523509979248,,747.0,0.0847309598677809,0.0001957889720121,,,,,,,,,,,,,,,
anp-in_context-danceability-seed4,d5hb2388,2026-07-22T15:19:10Z,anp,in_context,4,rmse,0.1802494275922291,0.0939100737748944,0.1804204887341203,0.0905635456427101,1311.9433734416962,1.15276837348938,1.2823035717010498,,829.0,0.0417753512189669,2.1019338091154404e-05,,,,,,,,,,,,,,,
anp-in_context-danceability-seed4,gmv63ozz,2026-07-22T11:32:41Z,anp,in_context,4,rmse,0.1458570816233646,0.0943836123085602,0.1461026992999969,0.092728545793978,808.9467153549194,1.189059495925903,1.1428403854370115,,550.0,0.1043696643500143,6.75031252159592e-05,,,,,,,,,,,,,,,
anp-in_context-danceability-seed4,gshclo61,2026-07-22T09:29:12Z,anp,in_context,4,rmse,0.1067970389436891,0.0942397757965586,0.1068559716815597,0.0922513639105112,1321.2205703258514,1.520289659500122,1.543823480606079,,883.0,0.1927325521002058,5.846326121643416e-05,,,,,,,,,,,,,,,
anp-in_context-danceability-seed4,h02pxvbf,2026-07-22T13:47:32Z,anp,in_context,4,rmse,0.1743745359706932,0.0941592435896748,0.1746859545157199,0.0925553087676135,1595.3583459854126,1.5427327156066897,1.5268070697784424,,1019.0,0.0420765122147681,1.810725406663106e-05,,,,,,,,,,,,,,,
anp-in_context-danceability-seed4,ikjg7hyx,2026-07-22T08:52:05Z,anp,in_context,4,rmse,0.1476535527186226,0.0947908838671836,0.1479156780562052,0.0925465529456332,571.7484424114227,1.5313971042633057,1.4325714111328125,,388.0,0.1205526752143287,0.0001229607110732,,,,,,,,,,,,,,,
anp-in_context-danceability-seed4,iwcdx6p7,2026-07-22T12:37:05Z,anp,in_context,4,rmse,0.1641465402221254,0.093746846208972,0.1645468584465967,0.0924232606675316,655.5451691150665,1.3400728702545166,1.3702070713043213,,437.0,0.0719015801147572,7.4827960376208e-05,,,,,,,,,,,,,,,
anp-in_context-danceability-seed4,komdfmwi,2026-07-22T12:04:48Z,anp,in_context,4,rmse,0.1863306536730348,0.092523381358384,0.1868142509885959,0.090369183671055,409.268917798996,1.4581406116485596,1.4502341747283936,,268.0,0.003757960087271,0.0001718980674331,,,,,,,,,,,,,,,
anp-in_context-danceability-seed4,mrm56kbp,2026-07-22T11:54:28Z,anp,in_context,4,rmse,0.144843335399,0.0947722075087232,0.1451327798091294,0.0927173495385223,584.4818427562714,1.2046573162078855,1.3542799949645996,,376.0,0.0912300664433097,0.0001370464839284,,,,,,,,,,,,,,,
anp-in_context-danceability-seed4,olbwflsx,2026-07-22T14:39:21Z,anp,in_context,4,rmse,0.1532783004337359,0.0951962337134356,0.153303235054548,0.0912963725256587,2379.600863456726,1.4289960861206057,1.5666382312774658,,1523.0,0.1976747676118452,1.5998881492631487e-05,,,,,,,,,,,,,,,
anp-in_context-danceability-seed4,qenu4mmr,2026-07-22T13:27:19Z,anp,in_context,4,rmse,0.0502221624211632,0.0917618725290989,0.0505427154029339,0.0915943337919687,1204.129576444626,1.5258722305297852,1.467402458190918,,775.0,0.1333533430891335,0.00021941976179,,,,,,,,,,,,,,,
anp-in_context-danceability-seed4,riivhja7,2026-07-22T09:20:46Z,anp,in_context,4,rmse,0.082736669541469,0.0938414586747096,0.0830280304752909,0.093580567598861,455.1535851955414,1.4612863063812256,1.2145469188690186,,300.0,0.0875174422525385,0.0006074996073425,,,,,,,,,,,,,,,
anp-in_context-danceability-seed4,s6kq1v6w,2026-07-22T09:51:22Z,anp,in_context,4,rmse,0.102089601193336,0.0944656056043561,0.1020730963247951,0.0922424481584616,865.8696095943451,1.4392743110656738,1.4416706562042236,,574.0,0.1583450076165329,0.000114232541556,,,,,,,,,,,,,,,
anp-in_context-danceability-seed4,sncyt2zi,2026-07-22T10:43:53Z,anp,in_context,4,rmse,0.0955410780217883,0.093307360514368,0.0957038108024661,0.0922089644331245,435.46841835975647,1.3428056240081787,1.2965660095214844,,289.0,0.1556313501899701,0.0005495716186411,,,,,,,,,,,,,,,
anp-in_context-danceability-seed4,u2kd0iy1,2026-07-22T10:36:27Z,anp,in_context,4,rmse,0.1391752623873453,0.0931079539275643,0.139590220749212,0.0921386737174563,407.35174536705017,1.194629192352295,1.1459360122680664,,258.0,0.0040436794880651,0.0004626362841475,,,,,,,,,,,,,,,
anp-in_context-danceability-seed4,u3q79k9x,2026-07-22T16:03:22Z,anp,in_context,4,rmse,0.15888754615422,0.0949926310699352,0.1589258641287127,0.0913290043499424,1305.09241938591,1.5342044830322266,1.3860533237457275,,829.0,0.0932621545712612,3.082131641442947e-05,,,,,,,,,,,,,,,
anp-in_context-danceability-seed4,wlyp1fky,2026-07-22T16:48:08Z,anp,in_context,4,rmse,0.1739738648388549,0.0954360142432737,0.1740115049227083,0.0905886443557729,1537.4767081737518,1.532634973526001,1.9388186931610107,,992.0,0.1312659178930547,1.889582693802601e-05,,,,,,,,,,,,,,,
anp-in_context-danceability-seed4,xeguctje,2026-07-22T10:59:30Z,anp,in_context,4,rmse,0.1144482769649652,0.0940418436849209,0.1146634389618822,0.092569363165762,445.2275397777557,1.419952630996704,1.2861666679382324,,302.0,0.0922958724505863,0.0003639639356786,,,,,,,,,,,,,,,
anp-in_context-danceability-seed4,zogtuj4c,2026-07-22T15:41:14Z,anp,in_context,4,rmse,0.1559565113831417,0.094523008147262,0.1559646788483815,0.0904740023021952,1295.9518518447876,1.5541741847991943,1.501009464263916,,832.0,0.1306216650930796,3.210577849550394e-05,,,,,,,,,,,,,,,
anp-in_context-danceability-seed4,zoif6qmn,2026-07-22T10:06:08Z,anp,in_context,4,rmse,0.0625385554622686,0.0940294717493096,0.0629807538448999,0.0941791516690298,501.0763523578644,1.3900506496429443,1.357325792312622,,331.0,0.1136089122187864,0.0007098936257405,,,,,,,,,,,,,,,
anp-in_context-danceability-seed4,ztxce3fv,2026-07-22T10:51:20Z,anp,in_context,4,rmse,0.1040965808016324,0.0933166685911441,0.1043499187590752,0.0923403466414842,460.38296937942505,1.3413259983062744,1.4233736991882324,,308.0,0.1957236684465528,0.0003965675081771,,,,,,,,,,,,,,,
anp-few_shot-danceability-seed0,011nslmj,2026-07-21T22:16:57Z,anp,few_shot,0,rmse,0.2030727130164913,0.10201290520239,0.2047040331431136,0.110799270407694,951.3029770851136,0.3128669261932373,0.3182134628295898,,1012.0,0.0420765122147681,1.810725406663106e-05,,,,,,,,,,,,,,,
anp-few_shot-danceability-seed0,06c4f8wl,2026-07-21T17:44:11Z,anp,few_shot,0,rmse,0.1681862414174912,0.1009369991041856,0.1700545413511456,0.1102596687403489,471.154509305954,0.6664385795593262,0.6903619766235352,,318.0,0.1097627007854649,0.0002693883019285,,,,,,,,,,,,,,,
anp-few_shot-danceability-seed0,0a4elv9e,2026-07-21T17:52:38Z,anp,few_shot,0,rmse,0.1506485966251491,0.1006795777000653,0.1531185386830409,0.1137979394247876,806.8339650630951,0.7275583744049072,0.7096476554870605,,546.0,0.1205526752143287,0.0001229607110732,,,,,,,,,,,,,,,
anp-few_shot-danceability-seed0,22hri0mt,2026-07-21T23:21:09Z,anp,few_shot,0,rmse,0.1998062244636199,0.1016575210650213,0.2015617078798089,0.1110423708201473,812.293187379837,0.2873477935791015,0.2720146179199219,,970.0,0.0417753512189669,2.1019338091154404e-05,,,,,,,,,,,,,,,
anp-few_shot-danceability-seed0,26orespk,2026-07-21T19:43:09Z,anp,few_shot,0,rmse,0.0905779436789756,0.1011218148351137,0.0948163381775445,0.1163208003982335,599.4272799491882,0.9016048908233644,0.8032054901123047,,386.0,0.1556313501899701,0.0005495716186411,,,,,,,,,,,,,,,
anp-few_shot-danceability-seed0,3dwtqha2,2026-07-21T22:10:26Z,anp,few_shot,0,rmse,0.1523392999736169,0.1017439282326554,0.154866060327886,0.1146526782911959,384.40711975097656,0.4233314990997314,0.4413177967071533,,389.0,0.1333533430891335,0.00021941976179,,,,,,,,,,,,,,,
anp-few_shot-danceability-seed0,48cm9wny,2026-07-21T18:59:10Z,anp,few_shot,0,rmse,0.0973792086806616,0.098769207441985,0.1009877074988696,0.1134252607550741,500.71972942352295,0.7571957111358643,0.7965831756591797,,330.0,0.1136089122187864,0.0007098936257405,,,,,,,,,,,,,,,
anp-few_shot-danceability-seed0,4fzrehu5,2026-07-21T18:24:53Z,anp,few_shot,0,rmse,0.1585674995699286,0.1006141223757387,0.1607408544760899,0.1124436402871776,1282.576408624649,0.7636077404022217,0.868243932723999,,846.0,0.1927325521002058,5.846326121643416e-05,,,,,,,,,,,,,,,
anp-few_shot-danceability-seed0,6l4e5swk,2026-07-21T23:47:28Z,anp,few_shot,0,rmse,0.1888571880381025,0.0998774232774643,0.1906333723276396,0.1102251540184044,639.3286254405975,0.1266438961029052,0.1252379417419433,,892.0,0.0932621545712612,3.082131641442947e-05,,,,,,,,,,,,,,,
anp-few_shot-danceability-seed0,6yirsxji,2026-07-21T22:50:30Z,anp,few_shot,0,rmse,0.172349390936909,0.099723009045345,0.1743415171038073,0.1115703788067445,1833.615894794464,0.3150622844696045,0.3641054630279541,,2070.0,0.1976747676118452,1.5998881492631487e-05,,,,,,,,,,,,,,,
anp-few_shot-danceability-seed0,71w8o3ve,2026-07-21T22:42:08Z,anp,few_shot,0,rmse,0.1760459516021205,0.1002273143811516,0.1782458599479139,0.1130043608706206,484.94958996772766,0.3412435054779053,0.3664195537567138,,568.0,0.1140393540835759,7.537078298264379e-05,,,,,,,,,,,,,,,
anp-few_shot-danceability-seed0,78q4nwb8,2026-07-21T18:06:30Z,anp,few_shot,0,rmse,0.1596880221639138,0.1022246296855982,0.1621630031829316,0.115238785692928,585.2320210933685,0.7135825157165527,0.7319700717926025,,389.0,0.0847309598677809,0.0001957889720121,,,,,,,,,,,,,,,
anp-few_shot-danceability-seed0,83a7ma1k,2026-07-21T20:40:58Z,anp,few_shot,0,rmse,0.1802814187661275,0.1020647423904013,0.1819555857727001,0.1111683700126782,425.556636095047,0.8052716255187988,0.8123331069946289,,272.0,0.0529111224209254,0.0003535634629148,,,,,,,,,,,,,,,
anp-few_shot-danceability-seed0,8p0xz523,2026-07-21T19:36:08Z,anp,few_shot,0,rmse,0.1641918739720231,0.1008565311765044,0.1658539976337405,0.1096625404753415,415.06294298172,0.8647975921630859,0.7551062107086182,,274.0,0.0040436794880651,0.0004626362841475,,,,,,,,,,,,,,,
anp-few_shot-danceability-seed0,cr1pt4c4,2026-07-21T20:02:30Z,anp,few_shot,0,rmse,0.1509956662067581,0.1007559118463101,0.1532085267593519,0.111605263077007,475.98514008522034,0.8682575225830078,0.847623348236084,,316.0,0.0922958724505863,0.0003639639356786,,,,,,,,,,,,,,,
anp-few_shot-danceability-seed0,d4kyjr00,2026-07-21T21:23:54Z,anp,few_shot,0,rmse,0.1793383118767917,0.0996874540662542,0.1814785231094545,0.1122352358379318,623.9309339523315,0.5219004154205322,0.5036664009094238,,547.0,0.0719015801147572,7.4827960376208e-05,,,,,,,,,,,,,,,
anp-few_shot-danceability-seed0,d85i0zwc,2026-07-21T21:16:06Z,anp,few_shot,0,rmse,0.147603066866005,0.1008471273206474,0.1500492901597759,0.1134714186408651,460.8710136413574,0.5898535251617432,0.6358001232147217,,393.0,0.1887496157029248,0.0002310152225018,,,,,,,,,,,,,,,
anp-few_shot-danceability-seed0,fczmll3n,2026-07-21T21:07:09Z,anp,few_shot,0,rmse,0.1495413519624396,0.1014590083309699,0.1519996555177261,0.1146072954525376,530.7021131515503,0.5204999446868896,0.5004754066467285,,453.0,0.1224191445444842,0.0001713436419711,,,,,,,,,,,,,,,
anp-few_shot-danceability-seed0,gdn0oao6,2026-07-21T20:19:12Z,anp,few_shot,0,rmse,0.140073450510109,0.1005668795126289,0.1425891953701923,0.1138711164105428,409.62205815315247,0.7372872829437256,0.7569925785064697,,265.0,0.0286706574818092,0.0007750644796341,,,,,,,,,,,,,,,
anp-few_shot-danceability-seed0,h5hq72p9,2026-07-21T23:58:12Z,anp,few_shot,0,rmse,0.2075465316679116,0.1013732206652256,0.2092594198382662,0.1110417210436328,576.2395925521851,0.1197531223297119,0.1223959922790527,,964.0,0.0317939167291039,1.6624564693643617e-05,,,,,,,,,,,,,,,
anp-few_shot-danceability-seed0,jlcnte76,2026-07-21T19:07:37Z,anp,few_shot,0,rmse,0.2055088771692497,0.1017103841748722,0.2073320463576814,0.1121891763963031,1690.9976119995115,0.6100273132324219,0.6819446086883545,,1112.0,0.0142072116395773,1.4936835544198446e-05,,,,,,,,,,,,,,,
anp-few_shot-danceability-seed0,jpnswfms,2026-07-21T21:00:21Z,anp,few_shot,0,rmse,0.1911497689771419,0.1004317598004274,0.1929646619597846,0.110873247725164,402.6572589874267,0.4858806133270264,0.4762663841247558,,316.0,0.003757960087271,0.0001718980674331,,,,,,,,,,,,,,,
anp-few_shot-danceability-seed0,jyr84o98,2026-07-21T18:16:40Z,anp,few_shot,0,rmse,0.1122291814444699,0.0999806234620828,0.115154937283108,0.1123124592571338,486.3758456707001,0.9002857208251953,0.7170500755310059,,322.0,0.0875174422525385,0.0006074996073425,,,,,,,,,,,,,,,
anp-few_shot-danceability-seed0,kcgbaaef,2026-07-21T22:32:54Z,anp,few_shot,0,rmse,0.185773556228563,0.1005594362383718,0.1879234697516155,0.1136244079726025,549.1631410121918,0.3320009708404541,0.3693885803222656,,628.0,0.0630856701848367,5.338528208876637e-05,,,,,,,,,,,,,,,
anp-few_shot-danceability-seed0,olbvtqc7,2026-07-21T19:53:15Z,anp,few_shot,0,rmse,0.1249529119416901,0.1015805408049483,0.1284133973580362,0.1183057183977167,548.2677223682404,0.838947057723999,0.895308256149292,,356.0,0.1957236684465528,0.0003965675081771,,,,,,,,,,,,,,,
anp-few_shot-danceability-seed0,qmwcq3i4,2026-07-21T20:48:12Z,anp,few_shot,0,rmse,0.157868719412102,0.102088362530915,0.1600500078286099,0.1132941751995188,700.5008623600006,0.6780824661254883,0.8172571659088135,,478.0,0.0912300664433097,0.0001370464839284,,,,,,,,,,,,,,,
anp-few_shot-danceability-seed0,stwxz5lh,2026-07-21T21:34:47Z,anp,few_shot,0,rmse,0.1817497843435888,0.0996782253037703,0.1836670208285677,0.1110414974087486,2132.599135875702,0.4033739566802978,0.4124612808227539,,2089.0,0.1395262391854529,1.3196262418422204e-05,,,,,,,,,,,,,,,
anp-few_shot-danceability-seed0,wbwtt643,2026-07-21T23:34:47Z,anp,few_shot,0,rmse,0.1814271649178634,0.0997836261303585,0.1832400141170936,0.1098578355864744,755.5955476760864,0.2923908233642578,0.2706902027130127,,980.0,0.1306216650930796,3.210577849550394e-05,,,,,,,,,,,,,,,
anp-few_shot-danceability-seed0,xfbjwhxk,2026-07-21T20:10:55Z,anp,few_shot,0,rmse,0.18135383953667,0.0992078204853446,0.1834091257451519,0.1105148103935448,491.3431804180145,0.7629921436309814,0.8047027587890625,,330.0,0.0236548851737866,0.0001904767808428,,,,,,,,,,,,,,,
anp-few_shot-danceability-seed0,xsgy80sn,2026-07-21T18:46:22Z,anp,few_shot,0,rmse,0.1657642365279827,0.1022849348750582,0.1679492603894097,0.1147276485957735,741.114531993866,0.6014587879180908,0.599787712097168,,493.0,0.1583450076165329,0.000114232541556,,,,,,,,,,,,,,,
anp-few_shot-danceability-seed0,zq8ue77k,2026-07-21T20:26:07Z,anp,few_shot,0,rmse,0.1815890003767526,0.1000925897826438,0.1836120496378276,0.1118978115414139,883.3691568374634,0.843181848526001,0.7708272933959961,,568.0,0.1043696643500143,6.75031252159592e-05,,,,,,,,,,,,,,,
anp-few_shot-danceability-seed0,zz8av84d,2026-07-22T00:07:53Z,anp,few_shot,0,rmse,0.1851400704796123,0.0991478359165802,0.1871855418915313,0.1120260785333233,846.6598155498505,0.1235260963439941,0.1210589408874511,,1426.0,0.1312659178930547,1.889582693802601e-05,,,,,,,,,,,,,,,
anp-few_shot-danceability-seed1,08fs4jf5,2026-07-21T23:11:27Z,anp,few_shot,1,rmse,0.1948212478875186,0.1018536479431215,0.1952201098825103,0.0938834088525851,1059.8772995471954,0.390618085861206,0.337299108505249,,1187.0,0.1312659178930547,1.889582693802601e-05,,,,,,,,,,,,,,,
anp-few_shot-danceability-seed1,388h4si2,2026-07-21T17:55:15Z,anp,few_shot,1,rmse,0.1818427920805341,0.1019718110270318,0.1822574592566122,0.0952704922627012,639.6493320465088,0.8873205184936523,0.8444063663482666,,419.0,0.1583450076165329,0.000114232541556,,,,,,,,,,,,,,,
anp-few_shot-danceability-seed1,4z0tz3zn,2026-07-21T21:21:09Z,anp,few_shot,1,rmse,0.2103010444789545,0.1004227630496745,0.2110884369014072,0.0944388524454923,954.3223407268524,0.5271847248077393,0.5491418838500977,,834.0,0.0420765122147681,1.810725406663106e-05,,,,,,,,,,,,,,,
anp-few_shot-danceability-seed1,7z65qgfg,2026-07-21T21:55:37Z,anp,few_shot,1,rmse,0.1860499155660547,0.1015554586463164,0.1864000019547297,0.094357227093757,1609.0527486801147,0.4616858959197998,0.4127702713012695,,1635.0,0.1976747676118452,1.5998881492631487e-05,,,,,,,,,,,,,,,
anp-few_shot-danceability-seed1,ad2d6s36,2026-07-21T19:01:51Z,anp,few_shot,1,rmse,0.1758578012889461,0.1019214274854748,0.1762354125354037,0.0950753876446698,427.9205002784729,0.7513749599456787,0.7271668910980225,,278.0,0.0922958724505863,0.0003639639356786,,,,,,,,,,,,,,,
anp-few_shot-danceability-seed1,bvckp1e0,2026-07-21T17:11:41Z,anp,few_shot,1,rmse,0.1727044261383175,0.1012558305135256,0.1733479022115117,0.0970519782551304,670.0483515262604,0.8236238956451416,0.8697562217712402,,443.0,0.1205526752143287,0.0001229607110732,,,,,,,,,,,,,,,
anp-few_shot-danceability-seed1,dlmmqk0h,2026-07-21T18:38:40Z,anp,few_shot,1,rmse,0.1725424888996762,0.1027643464678059,0.1728315878649355,0.0955671465671035,414.679605960846,0.8507170677185059,0.840388298034668,,265.0,0.0040436794880651,0.0004626362841475,,,,,,,,,,,,,,,
anp-few_shot-danceability-seed1,e21d6lnd,2026-07-21T19:23:48Z,anp,few_shot,1,rmse,0.1876706765319586,0.1023867146464001,0.187997377469987,0.0939737873412422,813.0817682743073,0.7553973197937012,0.7352557182312012,,527.0,0.1043696643500143,6.75031252159592e-05,,,,,,,,,,,,,,,
anp-few_shot-danceability-seed1,erhj8qz4,2026-07-21T19:56:45Z,anp,few_shot,1,rmse,0.2001624916314151,0.100924331852016,0.2008193092570992,0.0951304173086212,459.5913200378418,0.7826287746429443,0.6944019794464111,,294.0,0.003757960087271,0.0001718980674331,,,,,,,,,,,,,,,
anp-few_shot-danceability-seed1,ext52y7f,2026-07-21T17:22:58Z,anp,few_shot,1,rmse,0.18039769217198,0.1023762887145907,0.1803824106131698,0.0919990652994522,504.7143971920013,0.6254937648773193,0.6507964134216309,,332.0,0.0847309598677809,0.0001957889720121,,,,,,,,,,,,,,,
anp-few_shot-danceability-seed1,gxgm6uaw,2026-07-21T20:13:17Z,anp,few_shot,1,rmse,0.1501405250237609,0.101799765877256,0.1503886218948572,0.0967859659845501,593.563618183136,0.792046070098877,0.9269282817840576,,389.0,0.1887496157029248,0.0002310152225018,,,,,,,,,,,,,,,
anp-few_shot-danceability-seed1,gyc64twt,2026-07-21T22:35:08Z,anp,few_shot,1,rmse,0.1934546225729619,0.1022555521326537,0.1938623020244747,0.0944667014119041,690.6369957923889,0.3319532871246338,0.267167329788208,,801.0,0.1306216650930796,3.210577849550394e-05,,,,,,,,,,,,,,,
anp-few_shot-danceability-seed1,hencxdty,2026-07-21T18:45:41Z,anp,few_shot,1,rmse,0.1398962035717203,0.1027139901863768,0.1397483603908922,0.095450572024772,451.4486300945282,0.926060914993286,0.773139238357544,,293.0,0.1556313501899701,0.0005495716186411,,,,,,,,,,,,,,,
anp-few_shot-danceability-seed1,hisfs9am,2026-07-21T21:46:41Z,anp,few_shot,1,rmse,0.1879532209166293,0.1024621207827109,0.188365175631083,0.0947677823264046,529.4987061023712,0.3513844013214111,0.3797807693481446,,491.0,0.1140393540835759,7.537078298264379e-05,,,,,,,,,,,,,,,
anp-few_shot-danceability-seed1,hmqf0wp2,2026-07-21T19:09:05Z,anp,few_shot,1,rmse,0.1962206295028271,0.0999329891591133,0.1968730137981508,0.0944491974259891,455.15926933288574,0.8530890941619873,0.7970311641693115,,294.0,0.0236548851737866,0.0001904767808428,,,,,,,,,,,,,,,
anp-few_shot-danceability-seed1,jkm30vzx,2026-07-21T20:23:18Z,anp,few_shot,1,rmse,0.1993642584359135,0.1008974501616386,0.2000519864038241,0.0954657951958828,675.1805357933044,0.7943894863128662,0.8382663726806641,,419.0,0.0719015801147572,7.4827960376208e-05,,,,,,,,,,,,,,,
anp-few_shot-danceability-seed1,kvdwrpzc,2026-07-21T19:44:57Z,anp,few_shot,1,rmse,0.1667710397030129,0.1019662334350791,0.1674939788479429,0.0997053041325102,701.8943548202515,0.828005313873291,0.8542647361755371,,443.0,0.0912300664433097,0.0001370464839284,,,,,,,,,,,,,,,
anp-few_shot-danceability-seed1,laun98jv,2026-07-21T22:47:37Z,anp,few_shot,1,rmse,0.1998566965184786,0.1013986825578255,0.2004315684518269,0.0948973240099937,626.2523245811462,0.3547840118408203,0.2969918251037597,,727.0,0.0932621545712612,3.082131641442947e-05,,,,,,,,,,,,,,,
anp-few_shot-danceability-seed1,nrp0kx37,2026-07-21T21:13:23Z,anp,few_shot,1,rmse,0.1714864172360312,0.1017364472665664,0.1720710198444771,0.0974493007256792,422.6497588157654,0.6389870643615723,0.6717202663421631,,340.0,0.1333533430891335,0.00021941976179,,,,,,,,,,,,,,,
anp-few_shot-danceability-seed1,o2prdcxd,2026-07-21T22:22:33Z,anp,few_shot,1,rmse,0.2076595250734559,0.1000231213642454,0.2083923520549037,0.0937834236170023,747.2673802375793,0.3807747364044189,0.3729367256164551,,801.0,0.0417753512189669,2.1019338091154404e-05,,,,,,,,,,,,,,,
anp-few_shot-danceability-seed1,s3k6a5xz,2026-07-21T21:37:09Z,anp,few_shot,1,rmse,0.2013225900523857,0.1019399726573519,0.2019388496281337,0.0953158635617866,548.6213555335999,0.5232853889465332,0.433694839477539,,491.0,0.0630856701848367,5.338528208876637e-05,,,,,,,,,,,,,,,
anp-few_shot-danceability-seed1,sdd0vcrq,2026-07-21T18:06:01Z,anp,few_shot,1,rmse,0.1436051016187853,0.1023199178457438,0.1435740540920337,0.0958057379538423,414.17906069755554,0.7785565853118896,0.7104198932647705,,269.0,0.1136089122187864,0.0007098936257405,,,,,,,,,,,,,,,
anp-few_shot-danceability-seed1,sg0hldao,2026-07-21T19:37:38Z,anp,few_shot,1,rmse,0.1776336302553169,0.1023527211939562,0.1779104908919831,0.0945919758808286,432.15434217453,0.9071669578552246,0.7889769077301025,,278.0,0.0529111224209254,0.0003535634629148,,,,,,,,,,,,,,,
anp-few_shot-danceability-seed1,ul1ese7l,2026-07-21T22:58:08Z,anp,few_shot,1,rmse,0.2100572715937395,0.1001053254977287,0.2106937367810191,0.0931431832491389,791.8750534057617,0.4203665256500244,0.327409029006958,,897.0,0.0317939167291039,1.6624564693643617e-05,,,,,,,,,,,,,,,
anp-few_shot-danceability-seed1,umvju8nc,2026-07-21T18:13:20Z,anp,few_shot,1,rmse,0.2102349221938315,0.1005160031357062,0.2108178519165094,0.0926307936510388,1512.9485790729525,0.8980574607849121,0.8210642337799072,,973.0,0.0142072116395773,1.4936835544198446e-05,,,,,,,,,,,,,,,
anp-few_shot-danceability-seed1,umznrr8b,2026-07-21T17:02:54Z,anp,few_shot,1,rmse,0.1596427127081132,0.1021795167455896,0.1600857723440134,0.0979887950683499,519.840528011322,0.8789510726928711,0.821840763092041,,340.0,0.1097627007854649,0.0002693883019285,,,,,,,,,,,,,,,
anp-few_shot-danceability-seed1,vquwpf2s,2026-07-21T18:53:47Z,anp,few_shot,1,rmse,0.1497351377390701,0.1024016474029589,0.1497743382631165,0.0959763562097187,477.2412731647492,0.9112071990966796,0.7646255493164062,,311.0,0.1957236684465528,0.0003965675081771,,,,,,,,,,,,,,,
anp-few_shot-danceability-seed1,x0x9m621,2026-07-21T20:04:32Z,anp,few_shot,1,rmse,0.183702479447836,0.1026338622104851,0.1841968467639774,0.0962601608607463,518.8410875797272,0.8951635360717773,0.7659235000610352,,341.0,0.1224191445444842,0.0001713436419711,,,,,,,,,,,,,,,
anp-few_shot-danceability-seed1,xd2064q9,2026-07-21T20:34:39Z,anp,few_shot,1,rmse,0.1948813865156953,0.1017237709770525,0.195237442026977,0.0930809674142297,2302.88538312912,0.4950759410858154,0.449742317199707,,1612.0,0.1395262391854529,1.3196262418422204e-05,,,,,,,,,,,,,,,
anp-few_shot-danceability-seed1,xo6dx53u,2026-07-21T17:38:51Z,anp,few_shot,1,rmse,0.1794100440429806,0.1029490656044448,0.1797990355833162,0.0959746984880387,977.710028886795,0.6469712257385254,0.6510100364685059,,651.0,0.1927325521002058,5.846326121643416e-05,,,,,,,,,,,,,,,
anp-few_shot-danceability-seed1,zgitskaz,2026-07-21T17:31:58Z,anp,few_shot,1,rmse,0.1572278250980006,0.1025894329882494,0.157559918579143,0.0970900326277465,406.2543954849243,0.8285887241363525,0.6705069541931152,,265.0,0.0875174422525385,0.0006074996073425,,,,,,,,,,,,,,,
anp-few_shot-danceability-seed1,zk98el13,2026-07-21T19:16:46Z,anp,few_shot,1,rmse,0.1378546406786729,0.1034902902557944,0.1374733048142461,0.0952757443741578,414.23775601387024,0.8378245830535889,0.8764846324920654,,269.0,0.0286706574818092,0.0007750644796341,,,,,,,,,,,,,,,
anp-few_shot-danceability-seed2,5u0gqauw,2026-07-21T18:37:57Z,anp,few_shot,2,rmse,0.1640763261676889,0.1131074342068872,0.1625659088677807,0.0960992143878822,404.5756762027741,0.9232063293457032,0.7720298767089844,,258.0,0.0875174422525385,0.0006074996073425,,,,,,,,,,,,,,,
anp-few_shot-danceability-seed2,5xdfq5hb,2026-07-21T20:29:19Z,anp,few_shot,2,rmse,0.1521505792584039,0.1129883417351184,0.1500886737357543,0.093086037595837,513.7019338607788,0.8018801212310791,0.802403450012207,,319.0,0.0922958724505863,0.0003639639356786,,,,,,,,,,,,,,,
anp-few_shot-danceability-seed2,8gsc63c3,2026-07-22T00:08:45Z,anp,few_shot,2,rmse,0.2094215684232458,0.1109009385013598,0.2082625617042367,0.0905097719403386,570.4458830356598,0.1174581050872802,0.1096510887145996,,949.0,0.0317939167291039,1.6624564693643617e-05,,,,,,,,,,,,,,,
anp-few_shot-danceability-seed2,8v1jh63v,2026-07-21T22:30:31Z,anp,few_shot,2,rmse,0.2043560002757384,0.1119081075370909,0.202920682610443,0.0893282362755672,921.7967567443848,0.3164505958557129,0.3224115371704101,,1016.0,0.0420765122147681,1.810725406663106e-05,,,,,,,,,,,,,,,
anp-few_shot-danceability-seed2,9w69uh3c,2026-07-21T23:45:48Z,anp,few_shot,2,rmse,0.1783431051051722,0.1138224882321713,0.1763818634834356,0.0911324920051156,795.8462913036346,0.1216545104980468,0.1095738410949707,,1062.0,0.1306216650930796,3.210577849550394e-05,,,,,,,,,,,,,,,
anp-few_shot-danceability-seed2,b774wovg,2026-07-21T18:16:01Z,anp,few_shot,2,rmse,0.1683973721698322,0.112514646763334,0.1664984890362918,0.0914399144287078,727.3819634914398,0.8590183258056641,0.9059057235717772,,469.0,0.1205526752143287,0.0001229607110732,,,,,,,,,,,,,,,
anp-few_shot-danceability-seed2,bbhk1lc1,2026-07-21T20:46:38Z,anp,few_shot,2,rmse,0.1581509556390543,0.1122182010674618,0.1563232058171438,0.093535196122941,394.0439531803131,0.7040190696716309,0.7871139049530029,,251.0,0.0286706574818092,0.0007750644796341,,,,,,,,,,,,,,,
anp-few_shot-danceability-seed2,cc5snrvn,2026-07-21T19:28:37Z,anp,few_shot,2,rmse,0.097762744933103,0.1126421991302676,0.0929813072844842,0.0885919160712892,524.3698463439941,0.7399435043334961,0.5992293357849121,,337.0,0.1136089122187864,0.0007098936257405,,,,,,,,,,,,,,,
anp-few_shot-danceability-seed2,cwarx89y,2026-07-22T00:18:20Z,anp,few_shot,2,rmse,0.1876908125075619,0.1144489520762476,0.1859344116204233,0.0925952508647495,831.3714742660522,0.0731770992279052,0.06650972366333,,1414.0,0.1312659178930547,1.889582693802601e-05,,,,,,,,,,,,,,,
anp-few_shot-danceability-seed2,dmprucxm,2026-07-21T22:57:04Z,anp,few_shot,2,rmse,0.150500267374832,0.1112785889682256,0.1480182794778753,0.0881217967824108,745.9657907485962,0.2832696437835693,0.2624783515930176,,781.0,0.1140393540835759,7.537078298264379e-05,,,,,,,,,,,,,,,
anp-few_shot-danceability-seed2,e0gtn5fk,2026-07-21T20:11:06Z,anp,few_shot,2,rmse,0.1238061314135526,0.1113762498796871,0.1211587163392186,0.092554844826287,485.9902722835541,0.8382465839385986,0.7364883422851562,,319.0,0.1556313501899701,0.0005495716186411,,,,,,,,,,,,,,,
anp-few_shot-danceability-seed2,e95a5rrc,2026-07-21T21:23:19Z,anp,few_shot,2,rmse,0.1896399286995946,0.1102245873765549,0.188231077261256,0.0903202079167726,390.2099919319153,0.5956673622131348,0.5783524513244629,,326.0,0.003757960087271,0.0001718980674331,,,,,,,,,,,,,,,
anp-few_shot-danceability-seed2,erkl61c8,2026-07-21T21:36:52Z,anp,few_shot,2,rmse,0.1341839298737787,0.1113326210907374,0.1318981631778455,0.0926034063954843,499.2341756820678,0.5081167221069336,0.534308671951294,,442.0,0.1887496157029248,0.0002310152225018,,,,,,,,,,,,,,,
anp-few_shot-danceability-seed2,fru5i044,2026-07-21T23:59:09Z,anp,few_shot,2,rmse,0.1886903581366074,0.1130185367823378,0.1871752137668522,0.0922814949960243,571.1123692989349,0.1209111213684082,0.1151206493377685,,921.0,0.0932621545712612,3.082131641442947e-05,,,,,,,,,,,,,,,
anp-few_shot-danceability-seed2,ftbn2lqh,2026-07-21T21:09:15Z,anp,few_shot,2,rmse,0.1678717119503865,0.1113106763612709,0.1661173289605729,0.0909010022189798,350.5245258808136,0.6428992748260498,0.5039792060852051,,294.0,0.0529111224209254,0.0003535634629148,,,,,,,,,,,,,,,
anp-few_shot-danceability-seed2,fwxlbkf6,2026-07-21T19:37:43Z,anp,few_shot,2,rmse,0.2099237479994782,0.1094166321304178,0.2087288491545746,0.0882860591135808,1599.603065252304,0.899022102355957,0.7686920166015625,,1016.0,0.0142072116395773,1.4936835544198446e-05,,,,,,,,,,,,,,,
anp-few_shot-danceability-seed2,hagrcg7l,2026-07-21T18:28:15Z,anp,few_shot,2,rmse,0.1725865596163589,0.1120988055944345,0.1709259469815004,0.0923853966729891,574.6061005592346,0.8600633144378662,0.7349710464477539,,357.0,0.0847309598677809,0.0001957889720121,,,,,,,,,,,,,,,
anp-few_shot-danceability-seed2,j6ijpjml,2026-07-21T23:33:50Z,anp,few_shot,2,rmse,0.2050966667917977,0.1118633666618715,0.203720770317976,0.0898072434761161,711.0209436416626,0.2935631275177002,0.2521483898162842,,886.0,0.0417753512189669,2.1019338091154404e-05,,,,,,,,,,,,,,,
anp-few_shot-danceability-seed2,lst79j2z,2026-07-21T21:29:55Z,anp,few_shot,2,rmse,0.1787357838807907,0.1121927112184929,0.1770548732502808,0.0917400330170544,406.3042411804199,0.4858753681182861,0.5241219997406006,,360.0,0.1224191445444842,0.0001713436419711,,,,,,,,,,,,,,,
anp-few_shot-danceability-seed2,m8pm0tu6,2026-07-21T21:45:44Z,anp,few_shot,2,rmse,0.1723380523445332,0.1116457086606286,0.1707610937329713,0.0920014993680777,661.8346440792084,0.4841902256011963,0.3531684875488281,,610.0,0.0719015801147572,7.4827960376208e-05,,,,,,,,,,,,,,,
anp-few_shot-danceability-seed2,mmk6fucv,2026-07-21T20:53:46Z,anp,few_shot,2,rmse,0.1695267835549548,0.1120747027172167,0.1676034374270581,0.0902739681159848,917.3084449768066,0.5969977378845215,0.578991174697876,,678.0,0.1043696643500143,6.75031252159592e-05,,,,,,,,,,,,,,,
anp-few_shot-danceability-seed2,oxhon3hj,2026-07-21T20:19:42Z,anp,few_shot,2,rmse,0.1273854004598296,0.1119186725575567,0.1244918678892098,0.0912736684940212,570.0786929130554,0.7305665016174316,0.8858351707458496,,357.0,0.1957236684465528,0.0003965675081771,,,,,,,,,,,,,,,
anp-few_shot-danceability-seed2,p90qwu9r,2026-07-21T18:06:28Z,anp,few_shot,2,rmse,0.1535434642724231,0.1122456740727067,0.1512455458381264,0.0901592346598584,552.9643182754517,0.8246479034423828,0.7663679122924805,,357.0,0.1097627007854649,0.0002693883019285,,,,,,,,,,,,,,,
anp-few_shot-danceability-seed2,pjqo1z54,2026-07-21T22:23:52Z,anp,few_shot,2,rmse,0.1540264741509361,0.1123071471218855,0.1516494281681644,0.0894556906640536,390.75084352493286,0.4067261219024658,0.3950047492980957,,391.0,0.1333533430891335,0.00021941976179,,,,,,,,,,,,,,,
anp-few_shot-danceability-seed2,pt6fzxnb,2026-07-21T21:15:11Z,anp,few_shot,2,rmse,0.1794446248923782,0.1113113514709385,0.1777897733795622,0.0912042789169457,481.8400180339813,0.5074512958526611,0.4686112403869629,,397.0,0.0912300664433097,0.0001370464839284,,,,,,,,,,,,,,,
anp-few_shot-danceability-seed2,ubnhi4zc,2026-07-21T22:46:48Z,anp,few_shot,2,rmse,0.1818381332718165,0.1111425318562864,0.1803264117199004,0.0900202578696331,603.1840090751648,0.416001558303833,0.297318696975708,,678.0,0.0630856701848367,5.338528208876637e-05,,,,,,,,,,,,,,,
anp-few_shot-danceability-seed2,vedqr9ut,2026-07-21T21:56:51Z,anp,few_shot,2,rmse,0.1967686176300049,0.1143261976558767,0.1951521601534476,0.0922798712611252,1615.2673978805542,0.4108719825744629,0.3903911113739013,,1603.0,0.1395262391854529,1.3196262418422204e-05,,,,,,,,,,,,,,,
anp-few_shot-danceability-seed2,w1bu93sn,2026-07-21T19:12:43Z,anp,few_shot,2,rmse,0.1484336085024133,0.1145138936640938,0.1459944167539398,0.0928579960631802,947.410994052887,0.807767391204834,0.8212058544158936,,599.0,0.1583450076165329,0.000114232541556,,,,,,,,,,,,,,,
anp-few_shot-danceability-seed2,x2o1a2ut,2026-07-21T20:37:59Z,anp,few_shot,2,rmse,0.1877906721250145,0.112012698431044,0.1861875564226576,0.0909034865784609,512.119505405426,0.8195183277130127,0.7992703914642334,,319.0,0.0236548851737866,0.0001904767808428,,,,,,,,,,,,,,,
anp-few_shot-danceability-seed2,x82p99jk,2026-07-21T20:04:30Z,anp,few_shot,2,rmse,0.1815502128769866,0.110714440233895,0.1800970662457243,0.0909938955154892,390.2200367450714,0.7261314392089844,0.6947600841522217,,255.0,0.0040436794880651,0.0004626362841475,,,,,,,,,,,,,,,
anp-few_shot-danceability-seed2,xgpoenyu,2026-07-21T23:09:37Z,anp,few_shot,2,rmse,0.1883590546329464,0.1160452462489702,0.1866505623701796,0.0948056313346655,1448.2494897842407,0.2777154445648193,0.2802486419677734,,1620.0,0.1976747676118452,1.5998881492631487e-05,,,,,,,,,,,,,,,
anp-few_shot-danceability-seed2,xsrxshs8,2026-07-21T18:44:48Z,anp,few_shot,2,rmse,0.1397628260924752,0.1130466576438307,0.1372145546341612,0.0913307671840903,1668.547827720642,0.8008675575256348,0.7235932350158691,,1080.0,0.1927325521002058,5.846326121643416e-05,,,,,,,,,,,,,,,
anp-few_shot-danceability-seed3,11svby0h,2026-07-22T18:19:14Z,anp,few_shot,3,rmse,0.1760253475823993,0.1015306904981228,0.1767794867037876,0.1045116291406063,420.97132086753845,0.4349503517150879,0.3925845623016357,,405.0,0.0912300664433097,0.0001370464839284,,,,,,,,,,,,,,,
anp-few_shot-danceability-seed3,13ul2ria,2026-07-22T20:00:03Z,anp,few_shot,3,rmse,0.1782872177180914,0.1054051170547348,0.1788094084105602,0.105678929476876,1433.819330215454,0.1200389862060546,0.1091294288635254,,1894.0,0.1976747676118452,1.5998881492631487e-05,,,,,,,,,,,,,,,
anp-few_shot-danceability-seed3,25id3ovz,2026-07-22T18:45:40Z,anp,few_shot,3,rmse,0.1884247946028058,0.1024901354328379,0.1891789026226377,0.10558068848827,453.9365210533142,0.3718748092651367,0.3202321529388428,,491.0,0.0719015801147572,7.4827960376208e-05,,,,,,,,,,,,,,,
anp-few_shot-danceability-seed3,2ccizofy,2026-07-22T19:42:02Z,anp,few_shot,3,rmse,0.1867267529668763,0.1019466427454074,0.1873173881554561,0.1033813471014301,511.5016236305237,0.2767384052276611,0.2697048187255859,,623.0,0.0630856701848367,5.338528208876637e-05,,,,,,,,,,,,,,,
anp-few_shot-danceability-seed3,4t9yu154,2026-07-22T19:25:34Z,anp,few_shot,3,rmse,0.1986207095569868,0.1034795834118425,0.1992498204882344,0.1043640847449126,983.5953633785248,0.2734162807464599,0.2525935173034668,,1132.0,0.0420765122147681,1.810725406663106e-05,,,,,,,,,,,,,,,
anp-few_shot-danceability-seed3,7b83mnti,2026-07-22T18:39:06Z,anp,few_shot,3,rmse,0.1541640474058956,0.1056675985471229,0.1545071572118476,0.1060627242624564,387.81655383110046,0.3351852893829345,0.3864636421203614,,379.0,0.1887496157029248,0.0002310152225018,,,,,,,,,,,,,,,
anp-few_shot-danceability-seed3,7iw0g1b3,2026-07-22T17:06:54Z,anp,few_shot,3,rmse,0.2097143135040858,0.1038146373302087,0.2103781596012081,0.1051233307246268,1124.1995215415957,0.4479589462280273,0.4499735832214355,,998.0,0.0142072116395773,1.4936835544198446e-05,,,,,,,,,,,,,,,
anp-few_shot-danceability-seed3,8zkhff4l,2026-07-22T19:18:51Z,anp,few_shot,3,rmse,0.1496974169927264,0.1020801784379166,0.1504561905342414,0.1055562517929986,380.4551200866699,0.349191665649414,0.3185758590698242,,400.0,0.1333533430891335,0.00021941976179,,,,,,,,,,,,,,,
anp-few_shot-danceability-seed3,9kmas44s,2026-07-22T17:37:33Z,anp,few_shot,3,rmse,0.1356020407923724,0.1075147256389265,0.1352082004309125,0.1031518115280246,393.6420662403106,0.5346152782440186,0.510977029800415,,339.0,0.1957236684465528,0.0003965675081771,,,,,,,,,,,,,,,
anp-few_shot-danceability-seed3,ahpqh75w,2026-07-22T16:13:52Z,anp,few_shot,3,rmse,0.1680876375928965,0.1024932995350329,0.1688956472750441,0.1054063072147963,529.2462818622589,0.5019106864929199,0.5331740379333496,,465.0,0.1205526752143287,0.0001229607110732,,,,,,,,,,,,,,,
anp-few_shot-danceability-seed3,am5znovi,2026-07-22T17:51:12Z,anp,few_shot,3,rmse,0.1806531667335067,0.1012339755907732,0.1814148485554305,0.1040636763720292,391.13412642478943,0.507861852645874,0.4569449424743652,,335.0,0.0236548851737866,0.0001904767808428,,,,,,,,,,,,,,,
anp-few_shot-danceability-seed3,atlr7r3h,2026-07-22T20:55:50Z,anp,few_shot,3,rmse,0.2053956347320293,0.1032820602799498,0.2060902431049449,0.1043814773576568,774.0884618759155,0.1145901679992675,0.1087257862091064,,1029.0,0.0317939167291039,1.6624564693643617e-05,,,,,,,,,,,,,,,
anp-few_shot-danceability-seed3,c0t6ma5n,2026-07-22T17:57:50Z,anp,few_shot,3,rmse,0.1488756828442847,0.106223802507285,0.1491502164306912,0.1059798854798723,300.6058487892151,0.5182068347930908,0.4724979400634765,,258.0,0.0286706574818092,0.0007750644796341,,,,,,,,,,,,,,,
anp-few_shot-danceability-seed3,carwtc0c,2026-07-22T20:24:23Z,anp,few_shot,3,rmse,0.2053186133667663,0.1042013156843497,0.2060406108166019,0.1054266006278992,542.3202130794525,0.0700814723968505,0.0639650821685791,,858.0,0.0417753512189669,2.1019338091154404e-05,,,,,,,,,,,,,,,
anp-few_shot-danceability-seed3,cjh0wanx,2026-07-22T20:44:30Z,anp,few_shot,3,rmse,0.1900547621201495,0.103213045986354,0.1907145212040865,0.1049883089528948,623.7024443149567,0.0705506801605224,0.0640826225280761,,878.0,0.0932621545712612,3.082131641442947e-05,,,,,,,,,,,,,,,
anp-few_shot-danceability-seed3,djyj3bar,2026-07-22T20:34:40Z,anp,few_shot,3,rmse,0.1897880561310605,0.1052454779873924,0.1902881952105571,0.1047636483759009,585.0901162624359,0.1136314868927002,0.1077866554260254,,858.0,0.1306216650930796,3.210577849550394e-05,,,,,,,,,,,,,,,
anp-few_shot-danceability-seed3,dt9adb14,2026-07-22T18:32:31Z,anp,few_shot,3,rmse,0.1744948292452274,0.1038765172185404,0.1750109129836002,0.1050240527804544,389.0719034671784,0.4659566879272461,0.4297726154327392,,370.0,0.1224191445444842,0.0001713436419711,,,,,,,,,,,,,,,
anp-few_shot-danceability-seed3,flcyent2,2026-07-22T19:51:30Z,anp,few_shot,3,rmse,0.1746958314530329,0.1034973784148436,0.1753362236600933,0.1055568757594132,492.63316822052,0.2121803760528564,0.2000436782836914,,583.0,0.1140393540835759,7.537078298264379e-05,,,,,,,,,,,,,,,
anp-few_shot-danceability-seed3,flt3c8y8,2026-07-22T16:35:39Z,anp,few_shot,3,rmse,0.156057893387751,0.1049088815422644,0.1564757564701073,0.1051279647861304,984.255321741104,0.4525270462036133,0.4277114868164062,,878.0,0.1927325521002058,5.846326121643416e-05,,,,,,,,,,,,,,,
anp-few_shot-danceability-seed3,gqcp3rxs,2026-07-22T18:26:38Z,anp,few_shot,3,rmse,0.1879806827338561,0.1015160855712864,0.1887655861662458,0.1044316955254392,338.9971857070923,0.4657120704650879,0.4028525352478027,,328.0,0.003757960087271,0.0001718980674331,,,,,,,,,,,,,,,
anp-few_shot-danceability-seed3,haezhusi,2026-07-22T18:13:20Z,anp,few_shot,3,rmse,0.1542549393427802,0.1037326946755459,0.1547364831608247,0.1049390510075286,347.1279990673065,0.440946102142334,0.4243106842041016,,317.0,0.0529111224209254,0.0003535634629148,,,,,,,,,,,,,,,
anp-few_shot-danceability-seed3,hf92szy2,2026-07-22T17:01:05Z,anp,few_shot,3,rmse,0.127216811831368,0.1059947902451625,0.127643366760961,0.1074644088041229,323.9800539016724,0.4774198532104492,0.4345936775207519,,288.0,0.1136089122187864,0.0007098936257405,,,,,,,,,,,,,,,
anp-few_shot-danceability-seed3,k3niuvcd,2026-07-22T17:44:13Z,anp,few_shot,3,rmse,0.1358951506098173,0.104263712452746,0.1364682222220136,0.1063479246515228,410.53352642059326,0.4848716259002685,0.4643428325653076,,349.0,0.0922958724505863,0.0003639639356786,,,,,,,,,,,,,,,
anp-few_shot-danceability-seed3,m826fm1n,2026-07-22T21:08:49Z,anp,few_shot,3,rmse,0.1891561726011698,0.1047972780881203,0.1897123599434919,0.1051143191314519,1023.6386806964874,0.1164267063140869,0.106607437133789,,1335.0,0.1312659178930547,1.889582693802601e-05,,,,,,,,,,,,,,,
anp-few_shot-danceability-seed3,mzf78c2r,2026-07-22T16:52:10Z,anp,few_shot,3,rmse,0.1723874790515031,0.1039690745325495,0.1731815123515545,0.1070143766507028,528.9307162761688,0.4777989387512207,0.4327654838562012,,465.0,0.1583450076165329,0.000114232541556,,,,,,,,,,,,,,,
anp-few_shot-danceability-seed3,n7ka22vf,2026-07-22T17:25:44Z,anp,few_shot,3,rmse,0.1562720106759662,0.1029754221737209,0.1566986803914986,0.10305048938092,317.16036915779114,0.4929630756378174,0.4525239467620849,,287.0,0.0040436794880651,0.0004626362841475,,,,,,,,,,,,,,,
anp-few_shot-danceability-seed3,nn356v7l,2026-07-22T16:30:00Z,anp,few_shot,3,rmse,0.1344371740260341,0.1040616082412459,0.1351518324989686,0.1074864362213543,334.4421570301056,0.4653079509735107,0.4366352558135986,,292.0,0.0875174422525385,0.0006074996073425,,,,,,,,,,,,,,,
anp-few_shot-danceability-seed3,qwmyt0tk,2026-07-22T18:02:56Z,anp,few_shot,3,rmse,0.1860328959520421,0.1035436267168185,0.1867479878525895,0.105559680477694,618.7008516788483,0.4855961799621582,0.4559214115142822,,540.0,0.1043696643500143,6.75031252159592e-05,,,,,,,,,,,,,,,
anp-few_shot-danceability-seed3,rj5l3dpl,2026-07-22T18:53:19Z,anp,few_shot,3,rmse,0.1939241590454964,0.104817590291498,0.1946503072711448,0.1064980272214837,1518.9632353782654,0.3559565544128418,0.3479821681976318,,1654.0,0.1395262391854529,1.3196262418422204e-05,,,,,,,,,,,,,,,
anp-few_shot-danceability-seed3,rnzi09o6,2026-07-22T16:22:54Z,anp,few_shot,3,rmse,0.1668437822273051,0.102669892343496,0.1673514579494156,0.1038511149923449,420.1877815723419,0.4746491909027099,0.4867162704467773,,370.0,0.0847309598677809,0.0001957889720121,,,,,,,,,,,,,,,
anp-few_shot-danceability-seed3,u76jgbaq,2026-07-22T16:07:14Z,anp,few_shot,3,rmse,0.1605069285472109,0.1048220501991366,0.1608112259982104,0.104213850499419,391.7315950393677,0.493450403213501,0.4485185146331787,,339.0,0.1097627007854649,0.0002693883019285,,,,,,,,,,,,,,,
anp-few_shot-danceability-seed3,vkhazqvj,2026-07-22T17:31:35Z,anp,few_shot,3,rmse,0.1313092983686007,0.1069937233165216,0.1314358398876088,0.1063911217535182,349.1923072338104,0.5132434368133545,0.4547412395477295,,307.0,0.1556313501899701,0.0005495716186411,,,,,,,,,,,,,,,
anp-few_shot-danceability-seed4,36bc0bdy,2026-07-22T21:06:44Z,anp,few_shot,4,rmse,0.2049172420099557,0.1052405810833123,0.2061001892510463,0.1088227475448464,774.0882866382599,0.1182923316955566,0.101503849029541,,1050.0,0.0317939167291039,1.6624564693643617e-05,,,,,,,,,,,,,,,
anp-few_shot-danceability-seed4,3c6axavp,2026-07-22T18:35:45Z,anp,few_shot,4,rmse,0.1798543567398944,0.1029208222346325,0.1808264629632563,0.1056257396490887,266.677360534668,0.5136802196502686,0.4033060073852539,,256.0,0.0040436794880651,0.0004626362841475,,,,,,,,,,,,,,,
anp-few_shot-danceability-seed4,45unyfja,2026-07-22T17:43:13Z,anp,few_shot,4,rmse,0.1412010203643017,0.1054850274440609,0.1430370802592179,0.1145387051000448,1216.5682089328766,0.4640631675720215,0.4813704490661621,,1050.0,0.1927325521002058,5.846326121643416e-05,,,,,,,,,,,,,,,
anp-few_shot-danceability-seed4,4rrccjdu,2026-07-22T21:22:03Z,anp,few_shot,4,rmse,0.2213893263454897,0.1104921495208119,0.2232456945382102,0.118932869075565,416.12318754196167,0.0753431320190429,0.0612545013427734,,582.0,0.1312659178930547,1.889582693802601e-05,,,,,,,,,,,,,,,
anp-few_shot-danceability-seed4,86hadrmd,2026-07-22T20:04:39Z,anp,few_shot,4,rmse,0.2103381882230919,0.1062251862149652,0.2115363538821336,0.1092620442676415,698.2238030433655,0.1225295066833496,0.101844310760498,,850.0,0.0420765122147681,1.810725406663106e-05,,,,,,,,,,,,,,,
anp-few_shot-danceability-seed4,8hbmjqro,2026-07-22T18:51:53Z,anp,few_shot,4,rmse,0.1714224016450974,0.1039446164519247,0.1726386121413382,0.1089238127522296,268.9142155647278,0.4047894477844238,0.2979476451873779,,284.0,0.0922958724505863,0.0003639639356786,,,,,,,,,,,,,,,
anp-few_shot-danceability-seed4,8kmxll5x,2026-07-22T17:38:01Z,anp,few_shot,4,rmse,0.1545041702597974,0.1060509279635065,0.1557033563489323,0.1101394876790683,305.76892852783203,0.542780876159668,0.4995119571685791,,268.0,0.0875174422525385,0.0006074996073425,,,,,,,,,,,,,,,
anp-few_shot-danceability-seed4,a8ob1d5v,2026-07-22T18:56:27Z,anp,few_shot,4,rmse,0.190644630466599,0.105493564671528,0.1917396742373426,0.1080741334802826,280.1691236495972,0.3970100879669189,0.3487873077392578,,309.0,0.0236548851737866,0.0001904767808428,,,,,,,,,,,,,,,
anp-few_shot-danceability-seed4,agnop69k,2026-07-22T18:12:11Z,anp,few_shot,4,rmse,0.1270268744373896,0.1039052513886615,0.1286132512606231,0.11107083757663,321.43358969688416,0.3720169067382813,0.3482270240783691,,287.0,0.1136089122187864,0.0007098936257405,,,,,,,,,,,,,,,
anp-few_shot-danceability-seed4,e11xyh9j,2026-07-22T19:35:47Z,anp,few_shot,4,rmse,0.1591832190752029,0.1062017471338578,0.1604426504698115,0.1117705347237779,294.50136399269104,0.2962014675140381,0.2557640075683594,,364.0,0.1887496157029248,0.0002310152225018,,,,,,,,,,,,,,,
anp-few_shot-danceability-seed4,ejhof3rx,2026-07-22T17:20:44Z,anp,few_shot,4,rmse,0.1511713462062628,0.1056970986720869,0.1527496113223075,0.1126201303810861,623.8544249534607,0.4428393840789795,0.441591739654541,,548.0,0.1205526752143287,0.0001229607110732,,,,,,,,,,,,,,,
anp-few_shot-danceability-seed4,fldy100x,2026-07-22T18:03:36Z,anp,few_shot,4,rmse,0.1763486021972564,0.1059682121802795,0.1776915510596614,0.1110491578193279,509.7180814743042,0.4616129398345947,0.3686270713806152,,445.0,0.1583450076165329,0.000114232541556,,,,,,,,,,,,,,,
anp-few_shot-danceability-seed4,hs8kvhno,2026-07-22T19:58:43Z,anp,few_shot,4,rmse,0.1470257636294307,0.1045216081390387,0.1488658586126753,0.1133359423742581,330.3508906364441,0.1735832691192627,0.1461639404296875,,407.0,0.1333533430891335,0.00021941976179,,,,,,,,,,,,,,,
anp-few_shot-danceability-seed4,ibnby7kt,2026-07-22T20:55:45Z,anp,few_shot,4,rmse,0.2179634079157588,0.1100401274694789,0.2198807794831383,0.1190255454212074,305.6560606956482,0.1202175617218017,0.0998284816741943,,467.0,0.1306216650930796,3.210577849550394e-05,,,,,,,,,,,,,,,
anp-few_shot-danceability-seed4,icyg6iiv,2026-07-22T20:44:47Z,anp,few_shot,4,rmse,0.2059720472758074,0.1052840241951908,0.2072232139626229,0.1092673150236558,594.8829703330994,0.1234083175659179,0.1004581451416015,,850.0,0.0417753512189669,2.1019338091154404e-05,,,,,,,,,,,,,,,
anp-few_shot-danceability-seed4,isvjzh70,2026-07-22T17:31:46Z,anp,few_shot,4,rmse,0.1849459898040955,0.1052538182112189,0.1863370528152375,0.1111460575204432,368.25636887550354,0.5372591018676758,0.4631521701812744,,320.0,0.0847309598677809,0.0001957889720121,,,,,,,,,,,,,,,
anp-few_shot-danceability-seed4,lcsqnmg5,2026-07-22T19:07:32Z,anp,few_shot,4,rmse,0.1901244386492005,0.1073409772401769,0.191255690386176,0.1109436001400759,432.3158690929413,0.295436143875122,0.2425122261047363,,512.0,0.1043696643500143,6.75031252159592e-05,,,,,,,,,,,,,,,
anp-few_shot-danceability-seed4,loyntuog,2026-07-22T19:40:47Z,anp,few_shot,4,rmse,0.1952218494142394,0.1061961960605738,0.1963704194529163,0.1091888554765106,371.4054973125458,0.2826778888702392,0.2499451637268066,,447.0,0.0719015801147572,7.4827960376208e-05,,,,,,,,,,,,,,,
anp-few_shot-danceability-seed4,nepfi0pk,2026-07-22T19:30:13Z,anp,few_shot,4,rmse,0.1760421287582581,0.1055687112553298,0.1775606260954878,0.1118991087945567,328.11683082580566,0.2857682704925537,0.2424969673156738,,364.0,0.1224191445444842,0.0001713436419711,,,,,,,,,,,,,,,
anp-few_shot-danceability-seed4,oe65iit6,2026-07-22T19:14:53Z,anp,few_shot,4,rmse,0.1730066649166934,0.1038575069184005,0.1741360200472662,0.1079984674248589,272.9644811153412,0.3888146877288818,0.333986759185791,,284.0,0.0529111224209254,0.0003535634629148,,,,,,,,,,,,,,,
anp-few_shot-danceability-seed4,p4hlrwpq,2026-07-22T17:14:34Z,anp,few_shot,4,rmse,0.1656661997717547,0.1050416446762575,0.1669824894855748,0.1104006772603554,365.1862919330597,0.5120277404785156,0.5311708450317383,,326.0,0.1097627007854649,0.0002693883019285,,,,,,,,,,,,,,,
anp-few_shot-danceability-seed4,peder4t8,2026-07-22T19:47:04Z,anp,few_shot,4,rmse,0.2178980079760034,0.1102103851662079,0.2195619092946137,0.1171017868332216,693.4324235916138,0.2256379127502441,0.1961479187011718,,858.0,0.1395262391854529,1.3196262418422204e-05,,,,,,,,,,,,,,,
anp-few_shot-danceability-seed4,qo0x95kg,2026-07-22T21:01:15Z,anp,few_shot,4,rmse,0.220848758536649,0.1100872365956038,0.2227538459072485,0.1190906892955582,324.9466269016266,0.1223843097686767,0.1048636436462402,,440.0,0.0932621545712612,3.082131641442947e-05,,,,,,,,,,,,,,,
anp-few_shot-danceability-seed4,tcelp1j9,2026-07-22T19:19:34Z,anp,few_shot,4,rmse,0.1859036626585994,0.1057460694418373,0.1871879563885689,0.1104712778727939,343.6640958786011,0.2952589988708496,0.248990774154663,,368.0,0.0912300664433097,0.0001370464839284,,,,,,,,,,,,,,,
anp-few_shot-danceability-seed4,whqt1z8z,2026-07-22T19:25:23Z,anp,few_shot,4,rmse,0.1946133502635611,0.1039040511420901,0.1959259172331184,0.1085104495227532,284.7915713787079,0.3414337635040283,0.3319499492645263,,309.0,0.003757960087271,0.0001718980674331,,,,,,,,,,,,,,,
anp-few_shot-danceability-seed4,x2aju8al,2026-07-22T20:33:59Z,anp,few_shot,4,rmse,0.2137421577809805,0.1101275136449197,0.2154736156884242,0.1176620754100213,629.345472574234,0.0757274627685546,0.0614516735076904,,852.0,0.1976747676118452,1.5998881492631487e-05,,,,,,,,,,,,,,,
anp-few_shot-danceability-seed4,xenl1blk,2026-07-22T20:24:00Z,anp,few_shot,4,rmse,0.1580281395869082,0.1064038296855305,0.159498301272275,0.1132571852598201,538.5865361690521,0.1245262622833252,0.1047866344451904,,713.0,0.1140393540835759,7.537078298264379e-05,,,,,,,,,,,,,,,
anp-few_shot-danceability-seed4,y5vvucfa,2026-07-22T18:17:38Z,anp,few_shot,4,rmse,0.2081675096807709,0.1050641684420853,0.2093952812311303,0.1089088798516239,1081.121747255325,0.4375731945037842,0.3859467506408691,,1050.0,0.0142072116395773,1.4936835544198446e-05,,,,,,,,,,,,,,,
anp-few_shot-danceability-seed4,yvtv6aix,2026-07-22T19:02:30Z,anp,few_shot,4,rmse,0.1575457268809697,0.1054213764721112,0.1581683911136695,0.105877569101294,236.5631878376007,0.3819341659545898,0.3445372581481933,,250.0,0.0286706574818092,0.0007750644796341,,,,,,,,,,,,,,,
anp-few_shot-danceability-seed4,yxs3039r,2026-07-22T18:40:18Z,anp,few_shot,4,rmse,0.1117375787482204,0.1039219759556396,0.1135362094494121,0.1119467650630825,343.4278557300568,0.3629920482635498,0.3062877655029297,,339.0,0.1556313501899701,0.0005495716186411,,,,,,,,,,,,,,,
anp-few_shot-danceability-seed4,z9s7p7ui,2026-07-22T18:46:06Z,anp,few_shot,4,rmse,0.1223158520388316,0.1047192811140232,0.1241642160876713,0.1125608267831122,341.0960216522217,0.3562448024749756,0.3511130809783935,,364.0,0.1957236684465528,0.0003965675081771,,,,,,,,,,,,,,,
anp-few_shot-danceability-seed4,za7w5xd1,2026-07-22T20:16:22Z,anp,few_shot,4,rmse,0.1955716559685856,0.1059778996831284,0.1967650297033877,0.1096111931417458,428.5624358654022,0.1716322898864746,0.1626999378204345,,544.0,0.0630856701848367,5.338528208876637e-05,,,,,,,,,,,,,,,
gbm_group_cat-in_context-danceability-seed0,1ygqm1ar,2026-07-21T07:47:17Z,gbm_group_cat,in_context,0,rmse,,0.1057280133878185,,0.1045055750285796,,,,,,,0.8668489138169221,3.0,0.0,10.0,32.0,1000.0,-1.0,,,,,,,,,
gbm_group_cat-in_context-danceability-seed0,2vsurail,2026-07-21T07:42:53Z,gbm_group_cat,in_context,0,rmse,,0.1158707560422401,,0.1184691047746583,,,,,,,0.2090966500355389,349.0,1.0,1000.0,64.0,1000.0,-1.0,,,,,,,,,
gbm_group_cat-in_context-danceability-seed0,4qxzx6pp,2026-07-21T07:46:01Z,gbm_group_cat,in_context,0,rmse,,0.0994152710835825,,0.0991832820766895,,,,,,,0.0725779803885817,500.0,1.0,10.0,2.0,500.0,-1.0,,,,,,,,,
gbm_group_cat-in_context-danceability-seed0,5o914r0a,2026-07-21T07:44:47Z,gbm_group_cat,in_context,0,rmse,,0.0897117576420575,,0.0934302219316493,,,,,,,0.0988058664639341,237.0,0.0,20.0,16.0,255.0,-1.0,,,,,,,,,
gbm_group_cat-in_context-danceability-seed0,5xyewxd0,2026-07-21T07:41:31Z,gbm_group_cat,in_context,0,rmse,,0.0910724219770848,,0.0923989655008639,,,,,,,0.0109758154193801,498.0,0.0,20.0,32.0,1000.0,-1.0,,,,,,,,,
gbm_group_cat-in_context-danceability-seed0,6nljs8tr,2026-07-21T07:44:19Z,gbm_group_cat,in_context,0,rmse,,0.0982201225001223,,0.0981253880823621,,,,,,,0.1271700786387963,500.0,1.0,10.0,2.0,500.0,-1.0,,,,,,,,,
gbm_group_cat-in_context-danceability-seed0,7mntys4t,2026-07-21T07:46:35Z,gbm_group_cat,in_context,0,rmse,,0.0959286881366484,,0.09693870642444,,,,,,,0.4380606481501048,26.0,0.0,20.0,32.0,255.0,-1.0,,,,,,,,,
gbm_group_cat-in_context-danceability-seed0,9y71ux91,2026-07-21T07:43:34Z,gbm_group_cat,in_context,0,rmse,,0.0886996695270846,,0.0920021245716534,,,,,,,0.1183473185096848,297.0,1.0,20.0,32.0,255.0,-1.0,,,,,,,,,
gbm_group_cat-in_context-danceability-seed0,9zswclyv,2026-07-21T07:46:39Z,gbm_group_cat,in_context,0,rmse,,0.0937363495457496,,0.0946031468566862,,,,,,,0.0634627667122372,497.0,0.0,10.0,4.0,1000.0,-1.0,,,,,,,,,
gbm_group_cat-in_context-danceability-seed0,alovdlkw,2026-07-21T07:47:38Z,gbm_group_cat,in_context,0,rmse,,0.1165482620141522,,0.1187585337745181,,,,,,,0.0814494767975024,500.0,0.0,1000.0,8.0,255.0,-1.0,,,,,,,,,
gbm_group_cat-in_context-danceability-seed0,be7novoj,2026-07-21T07:46:48Z,gbm_group_cat,in_context,0,rmse,,0.0922186297877668,,0.0938775392417793,,,,,,,0.0182856525100933,497.0,1.0,100.0,16.0,1000.0,-1.0,,,,,,,,,
gbm_group_cat-in_context-danceability-seed0,bhr0uyi6,2026-07-21T07:42:17Z,gbm_group_cat,in_context,0,rmse,,0.1188382965321484,,0.120574924881829,,,,,,,0.0247266182197764,498.0,1.0,1000.0,4.0,500.0,-1.0,,,,,,,,,
gbm_group_cat-in_context-danceability-seed0,bq8z6p8x,2026-07-21T07:47:20Z,gbm_group_cat,in_context,0,rmse,,0.1039093960242059,,0.1034895607323152,,,,,,,0.0298960963897528,499.0,1.0,20.0,2.0,500.0,-1.0,,,,,,,,,
gbm_group_cat-in_context-danceability-seed0,d5e38p3j,2026-07-21T07:42:39Z,gbm_group_cat,in_context,0,rmse,,0.1201819084991509,,0.1219816797818547,,,,,,,0.1489449797127196,433.0,1.0,1000.0,2.0,255.0,-1.0,,,,,,,,,
gbm_group_cat-in_context-danceability-seed0,d6o5304h,2026-07-21T07:45:51Z,gbm_group_cat,in_context,0,rmse,,0.1180373017102357,,0.1201354298817713,,,,,,,0.0330251750818893,499.0,1.0,1000.0,4.0,255.0,-1.0,,,,,,,,,
gbm_group_cat-in_context-danceability-seed0,dmt6rlv8,2026-07-21T07:43:07Z,gbm_group_cat,in_context,0,rmse,,0.0924090075259758,,0.0956056262937769,,,,,,,0.2482318741925865,250.0,1.0,20.0,4.0,500.0,-1.0,,,,,,,,,
gbm_group_cat-in_context-danceability-seed0,dyzugycp,2026-07-21T07:43:45Z,gbm_group_cat,in_context,0,rmse,,0.0968522625322715,,0.0969590936861877,,,,,,,0.0235110426118622,500.0,0.0,20.0,4.0,1000.0,-1.0,,,,,,,,,
gbm_group_cat-in_context-danceability-seed0,e8v8d3ea,2026-07-21T07:45:30Z,gbm_group_cat,in_context,0,rmse,,0.1166197554304215,,0.1186840797597282,,,,,,,0.0652352517670139,499.0,0.0,1000.0,16.0,500.0,-1.0,,,,,,,,,
gbm_group_cat-in_context-danceability-seed0,g5wstld8,2026-07-21T07:47:06Z,gbm_group_cat,in_context,0,rmse,,0.1181996524346035,,0.1200977403971605,,,,,,,0.0310546307698111,496.0,0.0,1000.0,16.0,1000.0,-1.0,,,,,,,,,
gbm_group_cat-in_context-danceability-seed0,k96yulcf,2026-07-21T07:43:22Z,gbm_group_cat,in_context,0,rmse,,0.0932677365748193,,0.0944524875042613,,,,,,,0.0235714344093274,499.0,0.0,10.0,8.0,500.0,-1.0,,,,,,,,,
gbm_group_cat-in_context-danceability-seed0,knkzpu97,2026-07-21T07:47:29Z,gbm_group_cat,in_context,0,rmse,,0.1000025270724701,,0.1002403898469872,,,,,,,0.013859244495551,500.0,0.0,100.0,4.0,500.0,-1.0,,,,,,,,,
gbm_group_cat-in_context-danceability-seed0,n1qe7bfc,2026-07-21T07:44:39Z,gbm_group_cat,in_context,0,rmse,,0.101022869390342,,0.1006296101968702,,,,,,,0.0474589257602997,499.0,0.0,10.0,2.0,500.0,-1.0,,,,,,,,,
gbm_group_cat-in_context-danceability-seed0,obsucie2,2026-07-21T07:41:56Z,gbm_group_cat,in_context,0,rmse,,0.1164165333782595,,0.1188016308274033,,,,,,,0.0817147891511586,499.0,0.0,1000.0,16.0,255.0,-1.0,,,,,,,,,
gbm_group_cat-in_context-danceability-seed0,ppxysxew,2026-07-21T07:43:00Z,gbm_group_cat,in_context,0,rmse,,0.0988033394595078,,0.0982115414297744,,,,,,,0.4096264371525448,196.0,0.0,100.0,2.0,255.0,-1.0,,,,,,,,,
gbm_group_cat-in_context-danceability-seed0,qbwuu64t,2026-07-21T07:41:22Z,gbm_group_cat,in_context,0,rmse,,0.0929619533283786,,0.0948028874966394,,,,,,,0.1252065381499946,341.0,0.0,100.0,4.0,255.0,-1.0,,,,,,,,,
gbm_group_cat-in_context-danceability-seed0,qxkfua04,2026-07-21T07:43:13Z,gbm_group_cat,in_context,0,rmse,,0.0944412174737204,,0.0954361283575588,,,,,,,0.0490572683068294,500.0,0.0,100.0,4.0,500.0,-1.0,,,,,,,,,
gbm_group_cat-in_context-danceability-seed0,r8ixozzt,2026-07-21T07:42:46Z,gbm_group_cat,in_context,0,rmse,,0.1156948951344789,,0.1184641043939971,,,,,,,0.250587007964955,320.0,1.0,1000.0,16.0,255.0,-1.0,,,,,,,,,
gbm_group_cat-in_context-danceability-seed0,u1ierzun,2026-07-21T07:46:08Z,gbm_group_cat,in_context,0,rmse,,0.0971093628102501,,0.1031170440203871,,,,,,,0.6428191198097525,47.0,1.0,20.0,8.0,500.0,-1.0,,,,,,,,,
gbm_group_cat-in_context-danceability-seed0,vj11ixfq,2026-07-21T07:42:07Z,gbm_group_cat,in_context,0,rmse,,0.0946846742146798,,0.0955057088957679,,,,,,,0.0427421832403684,500.0,1.0,20.0,4.0,500.0,-1.0,,,,,,,,,
gbm_group_cat-in_context-danceability-seed0,vljkmt3v,2026-07-21T07:45:40Z,gbm_group_cat,in_context,0,rmse,,0.1179915175816452,,0.1198426035132386,,,,,,,0.0347260839230521,499.0,0.0,1000.0,32.0,500.0,-1.0,,,,,,,,,
gbm_group_cat-in_context-danceability-seed0,vnn66yck,2026-07-21T07:42:27Z,gbm_group_cat,in_context,0,rmse,,0.0910921010501776,,0.0936629012824176,,,,,,,0.0432480329052877,499.0,0.0,10.0,8.0,255.0,-1.0,,,,,,,,,
gbm_group_cat-in_context-danceability-seed0,you6wqdz,2026-07-21T07:43:55Z,gbm_group_cat,in_context,0,rmse,,0.097431188894455,,0.1021717295765271,,,,,,,0.5342090140143507,55.0,1.0,20.0,32.0,500.0,-1.0,,,,,,,,,
gbm_group_cat-in_context-danceability-seed1,1clrpvg6,2026-07-21T07:56:15Z,gbm_group_cat,in_context,1,rmse,,0.0917042451053976,,0.0956419237273459,,,,,,,0.0988058664639341,319.0,0.0,20.0,16.0,255.0,-1.0,,,,,,,,,
gbm_group_cat-in_context-danceability-seed1,2v83u8qb,2026-07-21T07:54:17Z,gbm_group_cat,in_context,1,rmse,,0.0953513468026245,,0.0984068332721681,,,,,,,0.0427421832403684,497.0,1.0,20.0,4.0,500.0,-1.0,,,,,,,,,
gbm_group_cat-in_context-danceability-seed1,3i4juvct,2026-07-21T07:54:54Z,gbm_group_cat,in_context,1,rmse,,0.1190092021707683,,0.1189560546523171,,,,,,,0.250587007964955,203.0,1.0,1000.0,16.0,255.0,-1.0,,,,,,,,,
gbm_group_cat-in_context-danceability-seed1,3tyc0kpf,2026-07-21T07:57:08Z,gbm_group_cat,in_context,1,rmse,,0.0960261441314496,,0.1021884141869848,,,,,,,0.4380606481501048,15.0,0.0,20.0,32.0,255.0,-1.0,,,,,,,,,
gbm_group_cat-in_context-danceability-seed1,3yxzeu9x,2026-07-21T07:55:39Z,gbm_group_cat,in_context,1,rmse,,0.0907753346736411,,0.0955442039418628,,,,,,,0.1183473185096848,180.0,1.0,20.0,32.0,255.0,-1.0,,,,,,,,,
gbm_group_cat-in_context-danceability-seed1,5p1ul7dr,2026-07-21T07:57:05Z,gbm_group_cat,in_context,1,rmse,,0.1004964734578873,,0.1029015620883381,,,,,,,0.6428191198097525,24.0,1.0,20.0,8.0,500.0,-1.0,,,,,,,,,
gbm_group_cat-in_context-danceability-seed1,7ib45mcl,2026-07-21T07:58:03Z,gbm_group_cat,in_context,1,rmse,,0.1012182303918347,,0.1032591291683514,,,,,,,0.013859244495551,500.0,0.0,100.0,4.0,500.0,-1.0,,,,,,,,,
gbm_group_cat-in_context-danceability-seed1,9hr3nsm3,2026-07-21T07:56:56Z,gbm_group_cat,in_context,1,rmse,,0.0993086046487509,,0.1025780144962537,,,,,,,0.0725779803885817,500.0,1.0,10.0,2.0,500.0,-1.0,,,,,,,,,
gbm_group_cat-in_context-danceability-seed1,acipvdis,2026-07-21T07:57:12Z,gbm_group_cat,in_context,1,rmse,,0.0943219929174952,,0.0975160811734478,,,,,,,0.0634627667122372,500.0,0.0,10.0,4.0,1000.0,-1.0,,,,,,,,,
gbm_group_cat-in_context-danceability-seed1,bu88iz89,2026-07-21T07:55:16Z,gbm_group_cat,in_context,1,rmse,,0.0948268906944777,,0.0980398584427628,,,,,,,0.0490572683068294,497.0,0.0,100.0,4.0,500.0,-1.0,,,,,,,,,
gbm_group_cat-in_context-danceability-seed1,cjjt5pnd,2026-07-21T07:54:26Z,gbm_group_cat,in_context,1,rmse,,0.1218455155125124,,0.1209955191752076,,,,,,,0.0247266182197764,500.0,1.0,1000.0,4.0,500.0,-1.0,,,,,,,,,
gbm_group_cat-in_context-danceability-seed1,fhzzf5rq,2026-07-21T07:55:45Z,gbm_group_cat,in_context,1,rmse,,0.0974631543135518,,0.1004173969265828,,,,,,,0.0235110426118622,500.0,0.0,20.0,4.0,1000.0,-1.0,,,,,,,,,
gbm_group_cat-in_context-danceability-seed1,fwqbghxm,2026-07-21T07:57:52Z,gbm_group_cat,in_context,1,rmse,,0.1040565784930001,,0.1063762810206585,,,,,,,0.8668489138169221,4.0,0.0,10.0,32.0,1000.0,-1.0,,,,,,,,,
gbm_group_cat-in_context-danceability-seed1,g58f0zoy,2026-07-21T07:54:06Z,gbm_group_cat,in_context,1,rmse,,0.1193986320514737,,0.1190687524969425,,,,,,,0.0817147891511586,467.0,0.0,1000.0,16.0,255.0,-1.0,,,,,,,,,
gbm_group_cat-in_context-danceability-seed1,gaq6lldy,2026-07-21T07:56:07Z,gbm_group_cat,in_context,1,rmse,,0.1012393771434025,,0.1040656269215826,,,,,,,0.0474589257602997,500.0,0.0,10.0,2.0,500.0,-1.0,,,,,,,,,
gbm_group_cat-in_context-danceability-seed1,gc7q7nfz,2026-07-21T07:53:42Z,gbm_group_cat,in_context,1,rmse,,0.0929823049722165,,0.0963272617101428,,,,,,,0.0109758154193801,500.0,0.0,20.0,32.0,1000.0,-1.0,,,,,,,,,
gbm_group_cat-in_context-danceability-seed1,h4kiir58,2026-07-21T07:55:00Z,gbm_group_cat,in_context,1,rmse,,0.1189348282603781,,0.1186667753637825,,,,,,,0.2090966500355389,308.0,1.0,1000.0,64.0,1000.0,-1.0,,,,,,,,,
gbm_group_cat-in_context-danceability-seed1,kcrrrz69,2026-07-21T07:58:14Z,gbm_group_cat,in_context,1,rmse,,0.1194411148836516,,0.1188226546730603,,,,,,,0.0814494767975024,499.0,0.0,1000.0,8.0,255.0,-1.0,,,,,,,,,
gbm_group_cat-in_context-danceability-seed1,kja613j2,2026-07-21T07:57:56Z,gbm_group_cat,in_context,1,rmse,,0.104667657523136,,0.1066741502726895,,,,,,,0.0298960963897528,500.0,1.0,20.0,2.0,500.0,-1.0,,,,,,,,,
gbm_group_cat-in_context-danceability-seed1,krsn8d13,2026-07-21T07:54:36Z,gbm_group_cat,in_context,1,rmse,,0.0933666781674285,,0.0964533021398036,,,,,,,0.0432480329052877,497.0,0.0,10.0,8.0,255.0,-1.0,,,,,,,,,
gbm_group_cat-in_context-danceability-seed1,ktlydhyy,2026-07-21T07:55:56Z,gbm_group_cat,in_context,1,rmse,,0.0975508146427729,,0.1016184514142,,,,,,,0.5342090140143507,10.0,1.0,20.0,32.0,500.0,-1.0,,,,,,,,,
gbm_group_cat-in_context-danceability-seed1,md539zwg,2026-07-21T07:55:11Z,gbm_group_cat,in_context,1,rmse,,0.0937790697787389,,0.0969316905055368,,,,,,,0.2482318741925865,197.0,1.0,20.0,4.0,500.0,-1.0,,,,,,,,,
gbm_group_cat-in_context-danceability-seed1,me1gmrmr,2026-07-21T07:55:06Z,gbm_group_cat,in_context,1,rmse,,0.0976045030727891,,0.1014869118488745,,,,,,,0.4096264371525448,228.0,0.0,100.0,2.0,255.0,-1.0,,,,,,,,,
gbm_group_cat-in_context-danceability-seed1,p2zgswys,2026-07-21T07:55:26Z,gbm_group_cat,in_context,1,rmse,,0.0943881649186448,,0.0977758783389723,,,,,,,0.0235714344093274,500.0,0.0,10.0,8.0,500.0,-1.0,,,,,,,,,
gbm_group_cat-in_context-danceability-seed1,th78c6pl,2026-07-21T07:56:34Z,gbm_group_cat,in_context,1,rmse,,0.1207586462142557,,0.120174158725913,,,,,,,0.0347260839230521,499.0,0.0,1000.0,32.0,500.0,-1.0,,,,,,,,,
gbm_group_cat-in_context-danceability-seed1,u09k9zdr,2026-07-21T07:53:36Z,gbm_group_cat,in_context,1,rmse,,0.0939619872366807,,0.0978785272501674,,,,,,,0.1252065381499946,300.0,0.0,100.0,4.0,255.0,-1.0,,,,,,,,,
gbm_group_cat-in_context-danceability-seed1,v6ytoqwj,2026-07-21T07:56:46Z,gbm_group_cat,in_context,1,rmse,,0.1210212436053515,,0.1203496910114209,,,,,,,0.0330251750818893,500.0,1.0,1000.0,4.0,255.0,-1.0,,,,,,,,,
gbm_group_cat-in_context-danceability-seed1,w1uhn6cw,2026-07-21T07:55:59Z,gbm_group_cat,in_context,1,rmse,,0.0977370612896558,,0.1014996258012085,,,,,,,0.1271700786387963,500.0,1.0,10.0,2.0,500.0,-1.0,,,,,,,,,
gbm_group_cat-in_context-danceability-seed1,wk7upfxt,2026-07-21T07:56:23Z,gbm_group_cat,in_context,1,rmse,,0.1194638212924743,,0.1190514550547324,,,,,,,0.0652352517670139,500.0,0.0,1000.0,16.0,500.0,-1.0,,,,,,,,,
gbm_group_cat-in_context-danceability-seed1,xz1d3cfk,2026-07-21T07:57:22Z,gbm_group_cat,in_context,1,rmse,,0.0932243194018407,,0.0966760706943597,,,,,,,0.0182856525100933,498.0,1.0,100.0,16.0,1000.0,-1.0,,,,,,,,,
gbm_group_cat-in_context-danceability-seed1,ymqfjzin,2026-07-21T07:54:48Z,gbm_group_cat,in_context,1,rmse,,0.1224066750102341,,0.1224205895218156,,,,,,,0.1489449797127196,367.0,1.0,1000.0,2.0,255.0,-1.0,,,,,,,,,
gbm_group_cat-in_context-danceability-seed1,zokzuyhw,2026-07-21T07:57:41Z,gbm_group_cat,in_context,1,rmse,,0.1211306750852236,,0.1202711940614649,,,,,,,0.0310546307698111,497.0,0.0,1000.0,16.0,1000.0,-1.0,,,,,,,,,
gbm_group_cat-in_context-danceability-seed2,1ifw1gg6,2026-07-21T08:08:14Z,gbm_group_cat,in_context,2,rmse,,0.1074248918272481,,0.1046366680611246,,,,,,,0.0298960963897528,499.0,1.0,20.0,2.0,500.0,-1.0,,,,,,,,,
gbm_group_cat-in_context-danceability-seed2,1jrvz63n,2026-07-21T08:02:08Z,gbm_group_cat,in_context,2,rmse,,0.0973394953994111,,0.0939216688098489,,,,,,,0.1252065381499946,458.0,0.0,100.0,4.0,255.0,-1.0,,,,,,,,,
gbm_group_cat-in_context-danceability-seed2,598qp0ro,2026-07-21T08:05:15Z,gbm_group_cat,in_context,2,rmse,,0.1043816156066172,,0.1015282731138785,,,,,,,0.0474589257602997,499.0,0.0,10.0,2.0,500.0,-1.0,,,,,,,,,
gbm_group_cat-in_context-danceability-seed2,6xcdgu7y,2026-07-21T08:03:17Z,gbm_group_cat,in_context,2,rmse,,0.0970557293188131,,0.0936529313889728,,,,,,,0.0432480329052877,500.0,0.0,10.0,8.0,255.0,-1.0,,,,,,,,,
gbm_group_cat-in_context-danceability-seed2,9v3il1k5,2026-07-21T08:05:59Z,gbm_group_cat,in_context,2,rmse,,0.1026143886298247,,0.0997781336687269,,,,,,,0.0725779803885817,498.0,1.0,10.0,2.0,500.0,-1.0,,,,,,,,,
gbm_group_cat-in_context-danceability-seed2,9vf6w87c,2026-07-21T08:02:57Z,gbm_group_cat,in_context,2,rmse,,0.0986096978287651,,0.0959940730741183,,,,,,,0.0427421832403684,498.0,1.0,20.0,4.0,500.0,-1.0,,,,,,,,,
gbm_group_cat-in_context-danceability-seed2,aft205mu,2026-07-21T08:05:28Z,gbm_group_cat,in_context,2,rmse,,0.117553501517916,,0.1203966476101308,,,,,,,0.0652352517670139,500.0,0.0,1000.0,16.0,500.0,-1.0,,,,,,,,,
gbm_group_cat-in_context-danceability-seed2,aunp97zp,2026-07-21T08:03:28Z,gbm_group_cat,in_context,2,rmse,,0.1208558303925558,,0.1231799636340236,,,,,,,0.1489449797127196,352.0,1.0,1000.0,2.0,255.0,-1.0,,,,,,,,,
gbm_group_cat-in_context-danceability-seed2,bx7e02d9,2026-07-21T08:07:44Z,gbm_group_cat,in_context,2,rmse,,0.1186352201521843,,0.1215334110887045,,,,,,,0.0310546307698111,499.0,0.0,1000.0,16.0,1000.0,-1.0,,,,,,,,,
gbm_group_cat-in_context-danceability-seed2,cizrow4b,2026-07-21T08:06:07Z,gbm_group_cat,in_context,2,rmse,,0.1014782276059725,,0.1002004805251558,,,,,,,0.6428191198097525,24.0,1.0,20.0,8.0,500.0,-1.0,,,,,,,,,
gbm_group_cat-in_context-danceability-seed2,dwqxroiw,2026-07-21T08:03:06Z,gbm_group_cat,in_context,2,rmse,,0.1193953150382271,,0.1221712335120251,,,,,,,0.0247266182197764,500.0,1.0,1000.0,4.0,500.0,-1.0,,,,,,,,,
gbm_group_cat-in_context-danceability-seed2,e3aowfj5,2026-07-21T08:05:23Z,gbm_group_cat,in_context,2,rmse,,0.0959091755244584,,0.0925840315945458,,,,,,,0.0988058664639341,179.0,0.0,20.0,16.0,255.0,-1.0,,,,,,,,,
gbm_group_cat-in_context-danceability-seed2,far8ctvp,2026-07-21T08:05:38Z,gbm_group_cat,in_context,2,rmse,,0.1185389831284998,,0.1212192531231127,,,,,,,0.0347260839230521,500.0,0.0,1000.0,32.0,500.0,-1.0,,,,,,,,,
gbm_group_cat-in_context-danceability-seed2,gksku43l,2026-07-21T08:03:37Z,gbm_group_cat,in_context,2,rmse,,0.1170367153899699,,0.1205369100098045,,,,,,,0.250587007964955,212.0,1.0,1000.0,16.0,255.0,-1.0,,,,,,,,,
gbm_group_cat-in_context-danceability-seed2,gt2nxknh,2026-07-21T08:03:42Z,gbm_group_cat,in_context,2,rmse,,0.1173123929999155,,0.12062666401036,,,,,,,0.2090966500355389,223.0,1.0,1000.0,64.0,1000.0,-1.0,,,,,,,,,
gbm_group_cat-in_context-danceability-seed2,ish42u3a,2026-07-21T08:07:55Z,gbm_group_cat,in_context,2,rmse,,0.1080638239673102,,0.1065474759058402,,,,,,,0.8668489138169221,6.0,0.0,10.0,32.0,1000.0,-1.0,,,,,,,,,
gbm_group_cat-in_context-danceability-seed2,jk9se7gw,2026-07-21T08:07:26Z,gbm_group_cat,in_context,2,rmse,,0.0968587946479176,,0.0939267410815491,,,,,,,0.0182856525100933,500.0,1.0,100.0,16.0,1000.0,-1.0,,,,,,,,,
gbm_group_cat-in_context-danceability-seed2,kbxv5k83,2026-07-21T08:04:54Z,gbm_group_cat,in_context,2,rmse,,0.1014034778260868,,0.1008278188056802,,,,,,,0.5342090140143507,36.0,1.0,20.0,32.0,500.0,-1.0,,,,,,,,,
gbm_group_cat-in_context-danceability-seed2,l6gsnmyi,2026-07-21T08:04:02Z,gbm_group_cat,in_context,2,rmse,,0.0987105193580029,,0.0957335608631106,,,,,,,0.0490572683068294,500.0,0.0,100.0,4.0,500.0,-1.0,,,,,,,,,
gbm_group_cat-in_context-danceability-seed2,llbw49q9,2026-07-21T08:09:14Z,gbm_group_cat,in_context,2,rmse,,0.1173269930763261,,0.1207598293082895,,,,,,,0.0814494767975024,497.0,0.0,1000.0,8.0,255.0,-1.0,,,,,,,,,
gbm_group_cat-in_context-danceability-seed2,n23n9b1l,2026-07-21T08:04:57Z,gbm_group_cat,in_context,2,rmse,,0.1012469211835461,,0.0984312021901194,,,,,,,0.1271700786387963,500.0,1.0,10.0,2.0,500.0,-1.0,,,,,,,,,
gbm_group_cat-in_context-danceability-seed2,nj4jrelk,2026-07-21T08:03:53Z,gbm_group_cat,in_context,2,rmse,,0.0970245798604722,,0.0948280270461491,,,,,,,0.2482318741925865,203.0,1.0,20.0,4.0,500.0,-1.0,,,,,,,,,
gbm_group_cat-in_context-danceability-seed2,puscjju0,2026-07-21T08:05:49Z,gbm_group_cat,in_context,2,rmse,,0.1186872579234714,,0.1216690920550441,,,,,,,0.0330251750818893,499.0,1.0,1000.0,4.0,255.0,-1.0,,,,,,,,,
gbm_group_cat-in_context-danceability-seed2,q3ra9u7g,2026-07-21T08:03:48Z,gbm_group_cat,in_context,2,rmse,,0.1015078976056807,,0.0981753784840983,,,,,,,0.4096264371525448,225.0,0.0,100.0,2.0,255.0,-1.0,,,,,,,,,
gbm_group_cat-in_context-danceability-seed2,qjsb3u5s,2026-07-21T08:07:09Z,gbm_group_cat,in_context,2,rmse,,0.0975897878704079,,0.0952337335179811,,,,,,,0.0634627667122372,488.0,0.0,10.0,4.0,1000.0,-1.0,,,,,,,,,
gbm_group_cat-in_context-danceability-seed2,te5npf8n,2026-07-21T08:02:19Z,gbm_group_cat,in_context,2,rmse,,0.0953892576707181,,0.0935652121743429,,,,,,,0.0109758154193801,500.0,0.0,20.0,32.0,1000.0,-1.0,,,,,,,,,
gbm_group_cat-in_context-danceability-seed2,toivahip,2026-07-21T08:04:15Z,gbm_group_cat,in_context,2,rmse,,0.0976234428730762,,0.0951297024661449,,,,,,,0.0235714344093274,497.0,0.0,10.0,8.0,500.0,-1.0,,,,,,,,,
gbm_group_cat-in_context-danceability-seed2,uwcevzsx,2026-07-21T08:06:42Z,gbm_group_cat,in_context,2,rmse,,0.0988207792139139,,0.0962066874362308,,,,,,,0.4380606481501048,22.0,0.0,20.0,32.0,255.0,-1.0,,,,,,,,,
gbm_group_cat-in_context-danceability-seed2,xzjma1sf,2026-07-21T08:04:32Z,gbm_group_cat,in_context,2,rmse,,0.0947779025839563,,0.0919023146564517,,,,,,,0.1183473185096848,137.0,1.0,20.0,32.0,255.0,-1.0,,,,,,,,,
gbm_group_cat-in_context-danceability-seed2,ynlmntso,2026-07-21T08:04:43Z,gbm_group_cat,in_context,2,rmse,,0.1007819392929643,,0.098208257395121,,,,,,,0.0235110426118622,500.0,0.0,20.0,4.0,1000.0,-1.0,,,,,,,,,
gbm_group_cat-in_context-danceability-seed2,zgny0tfj,2026-07-21T08:08:22Z,gbm_group_cat,in_context,2,rmse,,0.1043342112271156,,0.1015355679294894,,,,,,,0.013859244495551,500.0,0.0,100.0,4.0,500.0,-1.0,,,,,,,,,
gbm_group_cat-in_context-danceability-seed2,zn37bpy5,2026-07-21T08:02:45Z,gbm_group_cat,in_context,2,rmse,,0.1174634793757407,,0.1207992418617245,,,,,,,0.0817147891511586,496.0,0.0,1000.0,16.0,255.0,-1.0,,,,,,,,,
gbm_group_cat-in_context-danceability-seed3,20gm297e,2026-07-22T08:43:45Z,gbm_group_cat,in_context,3,rmse,,0.1253779425678119,,0.1231336973853365,,,,,,,0.1489449797127196,264.0,1.0,1000.0,2.0,255.0,-1.0,,,,,,,,,
gbm_group_cat-in_context-danceability-seed3,46z785jt,2026-07-22T08:46:00Z,gbm_group_cat,in_context,3,rmse,,0.0955805925666127,,0.0933273324477633,,,,,,,0.0182856525100933,500.0,1.0,100.0,16.0,1000.0,-1.0,,,,,,,,,
gbm_group_cat-in_context-danceability-seed3,4r6xos2i,2026-07-22T08:44:44Z,gbm_group_cat,in_context,3,rmse,,0.1015722683617641,,0.099126390279397,,,,,,,0.5342090140143507,7.0,1.0,20.0,32.0,500.0,-1.0,,,,,,,,,
gbm_group_cat-in_context-danceability-seed3,826ph19k,2026-07-22T08:44:19Z,gbm_group_cat,in_context,3,rmse,,0.0959101665197226,,0.0945533472612495,,,,,,,0.0235714344093274,497.0,0.0,10.0,8.0,500.0,-1.0,,,,,,,,,
gbm_group_cat-in_context-danceability-seed3,9xzdklvu,2026-07-22T08:44:35Z,gbm_group_cat,in_context,3,rmse,,0.0988140594813328,,0.0977685032093696,,,,,,,0.0235110426118622,498.0,0.0,20.0,4.0,1000.0,-1.0,,,,,,,,,
gbm_group_cat-in_context-danceability-seed3,auwvwhyx,2026-07-22T08:46:18Z,gbm_group_cat,in_context,3,rmse,,0.1236274302099548,,0.1210660627872783,,,,,,,0.0310546307698111,499.0,0.0,1000.0,16.0,1000.0,-1.0,,,,,,,,,
gbm_group_cat-in_context-danceability-seed3,b3p1401w,2026-07-22T08:45:38Z,gbm_group_cat,in_context,3,rmse,,0.101320586891623,,0.0998420224627044,,,,,,,0.0725779803885817,500.0,1.0,10.0,2.0,500.0,-1.0,,,,,,,,,
gbm_group_cat-in_context-danceability-seed3,c6bqqxyr,2026-07-22T08:44:10Z,gbm_group_cat,in_context,3,rmse,,0.0970447163811184,,0.0955104259875433,,,,,,,0.0490572683068294,500.0,0.0,100.0,4.0,500.0,-1.0,,,,,,,,,
gbm_group_cat-in_context-danceability-seed3,cgurfrct,2026-07-22T08:43:51Z,gbm_group_cat,in_context,3,rmse,,0.1219243482748628,,0.1196256028064808,,,,,,,0.250587007964955,272.0,1.0,1000.0,16.0,255.0,-1.0,,,,,,,,,
gbm_group_cat-in_context-danceability-seed3,cur36bfu,2026-07-22T08:45:49Z,gbm_group_cat,in_context,3,rmse,,0.0979977789242631,,0.0981469954377273,,,,,,,0.4380606481501048,12.0,0.0,20.0,32.0,255.0,-1.0,,,,,,,,,
gbm_group_cat-in_context-danceability-seed3,dsjgo247,2026-07-22T08:42:04Z,gbm_group_cat,in_context,3,rmse,,0.0966874590900184,,0.0950885782063961,,,,,,,0.1252065381499946,251.0,0.0,100.0,4.0,255.0,-1.0,,,,,,,,,
gbm_group_cat-in_context-danceability-seed3,du58fcil,2026-07-22T08:44:31Z,gbm_group_cat,in_context,3,rmse,,0.0946087609454078,,0.0934441426739909,,,,,,,0.1183473185096848,62.0,1.0,20.0,32.0,255.0,-1.0,,,,,,,,,
gbm_group_cat-in_context-danceability-seed3,fzvzupbh,2026-07-22T08:45:29Z,gbm_group_cat,in_context,3,rmse,,0.12387262427765,,0.1211741750951814,,,,,,,0.0330251750818893,499.0,1.0,1000.0,4.0,255.0,-1.0,,,,,,,,,
gbm_group_cat-in_context-danceability-seed3,ishho33y,2026-07-22T08:44:55Z,gbm_group_cat,in_context,3,rmse,,0.1029717348517201,,0.1012975855606773,,,,,,,0.0474589257602997,500.0,0.0,10.0,2.0,500.0,-1.0,,,,,,,,,
gbm_group_cat-in_context-danceability-seed3,j4z7l3or,2026-07-22T08:45:08Z,gbm_group_cat,in_context,3,rmse,,0.1225833097775747,,0.1200519804092292,,,,,,,0.0652352517670139,498.0,0.0,1000.0,16.0,500.0,-1.0,,,,,,,,,
gbm_group_cat-in_context-danceability-seed3,jjervowp,2026-07-22T08:43:12Z,gbm_group_cat,in_context,3,rmse,,0.1243238901353304,,0.1217019225065741,,,,,,,0.0247266182197764,496.0,1.0,1000.0,4.0,500.0,-1.0,,,,,,,,,
gbm_group_cat-in_context-danceability-seed3,kdm2owhb,2026-07-22T08:42:59Z,gbm_group_cat,in_context,3,rmse,,0.097323356358542,,0.0958300348737152,,,,,,,0.0427421832403684,492.0,1.0,20.0,4.0,500.0,-1.0,,,,,,,,,
gbm_group_cat-in_context-danceability-seed3,ll39ialb,2026-07-22T08:46:39Z,gbm_group_cat,in_context,3,rmse,,0.1017750676173335,,0.1007860413007994,,,,,,,0.013859244495551,499.0,0.0,100.0,4.0,500.0,-1.0,,,,,,,,,
gbm_group_cat-in_context-danceability-seed3,m5hjou4l,2026-07-22T08:45:18Z,gbm_group_cat,in_context,3,rmse,,0.1235666844938732,,0.12096352625349,,,,,,,0.0347260839230521,498.0,0.0,1000.0,32.0,500.0,-1.0,,,,,,,,,
gbm_group_cat-in_context-danceability-seed3,mbk6ygy7,2026-07-22T08:44:02Z,gbm_group_cat,in_context,3,rmse,,0.0998234112006847,,0.0985125100313779,,,,,,,0.4096264371525448,190.0,0.0,100.0,2.0,255.0,-1.0,,,,,,,,,
gbm_group_cat-in_context-danceability-seed3,nggo1ba9,2026-07-22T08:45:52Z,gbm_group_cat,in_context,3,rmse,,0.0970653265132478,,0.0952036300273347,,,,,,,0.0634627667122372,454.0,0.0,10.0,4.0,1000.0,-1.0,,,,,,,,,
gbm_group_cat-in_context-danceability-seed3,nrffygdq,2026-07-22T08:46:49Z,gbm_group_cat,in_context,3,rmse,,0.1223436823628913,,0.1198065617775117,,,,,,,0.0814494767975024,500.0,0.0,1000.0,8.0,255.0,-1.0,,,,,,,,,
gbm_group_cat-in_context-danceability-seed3,o4uj4nxb,2026-07-22T08:43:57Z,gbm_group_cat,in_context,3,rmse,,0.1221161634852765,,0.1197827645169255,,,,,,,0.2090966500355389,218.0,1.0,1000.0,64.0,1000.0,-1.0,,,,,,,,,
gbm_group_cat-in_context-danceability-seed3,o9fxyuot,2026-07-22T08:45:46Z,gbm_group_cat,in_context,3,rmse,,0.1004077946585445,,0.1006238062036806,,,,,,,0.6428191198097525,55.0,1.0,20.0,8.0,500.0,-1.0,,,,,,,,,
gbm_group_cat-in_context-danceability-seed3,pzeewpa3,2026-07-22T08:45:03Z,gbm_group_cat,in_context,3,rmse,,0.0946408836824505,,0.0929394701645305,,,,,,,0.0988058664639341,188.0,0.0,20.0,16.0,255.0,-1.0,,,,,,,,,
gbm_group_cat-in_context-danceability-seed3,q7498q5f,2026-07-22T08:42:10Z,gbm_group_cat,in_context,3,rmse,,0.0949562390953831,,0.093235974350444,,,,,,,0.0109758154193801,500.0,0.0,20.0,32.0,1000.0,-1.0,,,,,,,,,
gbm_group_cat-in_context-danceability-seed3,r4gcj67z,2026-07-22T08:46:28Z,gbm_group_cat,in_context,3,rmse,,0.1077052359785215,,0.1093846919092191,,,,,,,0.8668489138169221,6.0,0.0,10.0,32.0,1000.0,-1.0,,,,,,,,,
gbm_group_cat-in_context-danceability-seed3,t5o8tuqz,2026-07-22T08:46:32Z,gbm_group_cat,in_context,3,rmse,,0.1060637943821856,,0.1041095064510989,,,,,,,0.0298960963897528,499.0,1.0,20.0,2.0,500.0,-1.0,,,,,,,,,
gbm_group_cat-in_context-danceability-seed3,tg6wttu7,2026-07-22T08:44:48Z,gbm_group_cat,in_context,3,rmse,,0.1002239260290963,,0.0988728824043826,,,,,,,0.1271700786387963,463.0,1.0,10.0,2.0,500.0,-1.0,,,,,,,,,
gbm_group_cat-in_context-danceability-seed3,tjdnm3ex,2026-07-22T08:44:06Z,gbm_group_cat,in_context,3,rmse,,0.0975263970201352,,0.0961782924224772,,,,,,,0.2482318741925865,81.0,1.0,20.0,4.0,500.0,-1.0,,,,,,,,,
gbm_group_cat-in_context-danceability-seed3,vv0dbtw2,2026-07-22T08:42:44Z,gbm_group_cat,in_context,3,rmse,,0.122286996591439,,0.1197148803004561,,,,,,,0.0817147891511586,493.0,0.0,1000.0,16.0,255.0,-1.0,,,,,,,,,
gbm_group_cat-in_context-danceability-seed3,wmlwybth,2026-07-22T08:43:27Z,gbm_group_cat,in_context,3,rmse,,0.0947757004852726,,0.0930707504679703,,,,,,,0.0432480329052877,496.0,0.0,10.0,8.0,255.0,-1.0,,,,,,,,,
gbm_group_cat-in_context-danceability-seed4,0l5d8z2z,2026-07-22T08:55:08Z,gbm_group_cat,in_context,4,rmse,,0.0976548286591927,,0.0935148973906653,,,,,,,0.0427421832403684,500.0,1.0,20.0,4.0,500.0,-1.0,,,,,,,,,
gbm_group_cat-in_context-danceability-seed4,0ses09ej,2026-07-22T08:56:50Z,gbm_group_cat,in_context,4,rmse,,0.1180616702727572,,0.1187097940779433,,,,,,,0.250587007964955,185.0,1.0,1000.0,16.0,255.0,-1.0,,,,,,,,,
gbm_group_cat-in_context-danceability-seed4,38zplzgp,2026-07-22T09:01:48Z,gbm_group_cat,in_context,4,rmse,,0.1182233344931824,,0.1189923931854009,,,,,,,0.0652352517670139,496.0,0.0,1000.0,16.0,500.0,-1.0,,,,,,,,,
gbm_group_cat-in_context-danceability-seed4,454b7tde,2026-07-22T08:58:52Z,gbm_group_cat,in_context,4,rmse,,0.094904873729325,,0.0912785724982971,,,,,,,0.1183473185096848,119.0,1.0,20.0,32.0,255.0,-1.0,,,,,,,,,
gbm_group_cat-in_context-danceability-seed4,4hn264hn,2026-07-22T09:04:26Z,gbm_group_cat,in_context,4,rmse,,0.1011231051905219,,0.098393721032366,,,,,,,0.6428191198097525,22.0,1.0,20.0,8.0,500.0,-1.0,,,,,,,,,
gbm_group_cat-in_context-danceability-seed4,59xpiq70,2026-07-22T08:55:46Z,gbm_group_cat,in_context,4,rmse,,0.1197315705214352,,0.1204983465757464,,,,,,,0.0247266182197764,500.0,1.0,1000.0,4.0,500.0,-1.0,,,,,,,,,
gbm_group_cat-in_context-danceability-seed4,6b13jqml,2026-07-22T09:01:17Z,gbm_group_cat,in_context,4,rmse,,0.0954762807864186,,0.0916130789300677,,,,,,,0.0988058664639341,166.0,0.0,20.0,16.0,255.0,-1.0,,,,,,,,,
gbm_group_cat-in_context-danceability-seed4,86ziho5m,2026-07-22T08:54:01Z,gbm_group_cat,in_context,4,rmse,,0.1182496385977308,,0.1191735928645949,,,,,,,0.0817147891511586,423.0,0.0,1000.0,16.0,255.0,-1.0,,,,,,,,,
gbm_group_cat-in_context-danceability-seed4,8mq55ok6,2026-07-22T09:07:36Z,gbm_group_cat,in_context,4,rmse,,0.1017160237839962,,0.0995280518260203,,,,,,,0.013859244495551,498.0,0.0,100.0,4.0,500.0,-1.0,,,,,,,,,
gbm_group_cat-in_context-danceability-seed4,apl53fp8,2026-07-22T09:00:43Z,gbm_group_cat,in_context,4,rmse,,0.0997567403128144,,0.0959196248673656,,,,,,,0.1271700786387963,498.0,1.0,10.0,2.0,500.0,-1.0,,,,,,,,,
gbm_group_cat-in_context-danceability-seed4,dizw3tjy,2026-07-22T09:02:56Z,gbm_group_cat,in_context,4,rmse,,0.1191019250969293,,0.1199646127255764,,,,,,,0.0347260839230521,496.0,0.0,1000.0,32.0,500.0,-1.0,,,,,,,,,
gbm_group_cat-in_context-danceability-seed4,elvtlhnr,2026-07-22T08:58:15Z,gbm_group_cat,in_context,4,rmse,,0.0971910284651498,,0.0930437770683432,,,,,,,0.0235714344093274,500.0,0.0,10.0,8.0,500.0,-1.0,,,,,,,,,
gbm_group_cat-in_context-danceability-seed4,gpf301v1,2026-07-22T08:53:31Z,gbm_group_cat,in_context,4,rmse,,0.0971903917443688,,0.0928850933303633,,,,,,,0.1252065381499946,400.0,0.0,100.0,4.0,255.0,-1.0,,,,,,,,,
gbm_group_cat-in_context-danceability-seed4,hmsi0j4e,2026-07-22T09:07:45Z,gbm_group_cat,in_context,4,rmse,,0.1181672066604276,,0.1191582443476384,,,,,,,0.0814494767975024,409.0,0.0,1000.0,8.0,255.0,-1.0,,,,,,,,,
gbm_group_cat-in_context-danceability-seed4,jd00yze7,2026-07-22T09:06:19Z,gbm_group_cat,in_context,4,rmse,,0.1190069559590712,,0.1200225641385096,,,,,,,0.0310546307698111,496.0,0.0,1000.0,16.0,1000.0,-1.0,,,,,,,,,
gbm_group_cat-in_context-danceability-seed4,jey9k1dh,2026-07-22T08:56:07Z,gbm_group_cat,in_context,4,rmse,,0.0962938337936516,,0.0923336280984488,,,,,,,0.0432480329052877,400.0,0.0,10.0,8.0,255.0,-1.0,,,,,,,,,
gbm_group_cat-in_context-danceability-seed4,l8ajte6w,2026-07-22T08:59:30Z,gbm_group_cat,in_context,4,rmse,,0.1021933800249287,,0.0974487220005209,,,,,,,0.5342090140143507,7.0,1.0,20.0,32.0,500.0,-1.0,,,,,,,,,
gbm_group_cat-in_context-danceability-seed4,m3zn7av5,2026-07-22T08:57:23Z,gbm_group_cat,in_context,4,rmse,,0.0967496953282626,,0.0931195958036255,,,,,,,0.2482318741925865,254.0,1.0,20.0,4.0,500.0,-1.0,,,,,,,,,
gbm_group_cat-in_context-danceability-seed4,n2hszl6f,2026-07-22T09:05:09Z,gbm_group_cat,in_context,4,rmse,,0.0964917795523806,,0.0930370127442408,,,,,,,0.0634627667122372,466.0,0.0,10.0,4.0,1000.0,-1.0,,,,,,,,,
gbm_group_cat-in_context-danceability-seed4,pqwmy7se,2026-07-22T09:06:48Z,gbm_group_cat,in_context,4,rmse,,0.1074524678323072,,0.1058742139637235,,,,,,,0.8668489138169221,2.0,0.0,10.0,32.0,1000.0,-1.0,,,,,,,,,
gbm_group_cat-in_context-danceability-seed4,q9pudkic,2026-07-22T09:03:46Z,gbm_group_cat,in_context,4,rmse,,0.1007107940905,,0.097515453468429,,,,,,,0.0725779803885817,500.0,1.0,10.0,2.0,500.0,-1.0,,,,,,,,,
gbm_group_cat-in_context-danceability-seed4,rjwp5uqc,2026-07-22T09:04:30Z,gbm_group_cat,in_context,4,rmse,,0.1002968565799808,,0.0964959178663836,,,,,,,0.4380606481501048,12.0,0.0,20.0,32.0,255.0,-1.0,,,,,,,,,
gbm_group_cat-in_context-danceability-seed4,ruydmd1t,2026-07-22T08:56:16Z,gbm_group_cat,in_context,4,rmse,,0.1213368604526796,,0.1217019218746174,,,,,,,0.1489449797127196,336.0,1.0,1000.0,2.0,255.0,-1.0,,,,,,,,,
gbm_group_cat-in_context-danceability-seed4,srr6x4a4,2026-07-22T09:07:29Z,gbm_group_cat,in_context,4,rmse,,0.1042615181869155,,0.103007137810893,,,,,,,0.0298960963897528,500.0,1.0,20.0,2.0,500.0,-1.0,,,,,,,,,
gbm_group_cat-in_context-danceability-seed4,sxjzq35l,2026-07-22T08:57:14Z,gbm_group_cat,in_context,4,rmse,,0.1183246887969539,,0.1191396904782354,,,,,,,0.2090966500355389,184.0,1.0,1000.0,64.0,1000.0,-1.0,,,,,,,,,
gbm_group_cat-in_context-danceability-seed4,t24we93q,2026-07-22T08:58:57Z,gbm_group_cat,in_context,4,rmse,,0.0992521666323728,,0.0958240385925049,,,,,,,0.0235110426118622,500.0,0.0,20.0,4.0,1000.0,-1.0,,,,,,,,,
gbm_group_cat-in_context-danceability-seed4,txvkq64n,2026-07-22T08:57:49Z,gbm_group_cat,in_context,4,rmse,,0.0974498220749479,,0.093823507853671,,,,,,,0.0490572683068294,500.0,0.0,100.0,4.0,500.0,-1.0,,,,,,,,,
gbm_group_cat-in_context-danceability-seed4,vsbn82kc,2026-07-22T09:01:09Z,gbm_group_cat,in_context,4,rmse,,0.1019312042816164,,0.0995905396796093,,,,,,,0.0474589257602997,500.0,0.0,10.0,2.0,500.0,-1.0,,,,,,,,,
gbm_group_cat-in_context-danceability-seed4,x3pf9yq0,2026-07-22T08:53:39Z,gbm_group_cat,in_context,4,rmse,,0.0960105994505784,,0.0911760461860857,,,,,,,0.0109758154193801,500.0,0.0,20.0,32.0,1000.0,-1.0,,,,,,,,,
gbm_group_cat-in_context-danceability-seed4,yo5pgy1s,2026-07-22T09:03:37Z,gbm_group_cat,in_context,4,rmse,,0.1191868854222178,,0.1200917068033569,,,,,,,0.0330251750818893,500.0,1.0,1000.0,4.0,255.0,-1.0,,,,,,,,,
gbm_group_cat-in_context-danceability-seed4,z7o55fus,2026-07-22T08:57:18Z,gbm_group_cat,in_context,4,rmse,,0.1001419175500693,,0.0960972964744932,,,,,,,0.4096264371525448,276.0,0.0,100.0,2.0,255.0,-1.0,,,,,,,,,
gbm_group_cat-in_context-danceability-seed4,zcy4mi1m,2026-07-22T09:05:35Z,gbm_group_cat,in_context,4,rmse,,0.0964002309023478,,0.0917561005011336,,,,,,,0.0182856525100933,500.0,1.0,100.0,16.0,1000.0,-1.0,,,,,,,,,
gbm_group_cat-few_shot-danceability-seed0,0u6522tv,2026-07-21T07:49:03Z,gbm_group_cat,few_shot,0,rmse,,0.1233957073826948,,0.1374156861589974,,,,,,,0.1489449797127196,356.0,1.0,1000.0,2.0,255.0,-1.0,,,,,,,,,
gbm_group_cat-few_shot-danceability-seed0,4pkqt1vg,2026-07-21T07:51:15Z,gbm_group_cat,few_shot,0,rmse,,0.1236963638489093,,0.142431025839479,,,,,,,0.0474589257602997,500.0,0.0,10.0,2.0,500.0,-1.0,,,,,,,,,
gbm_group_cat-few_shot-danceability-seed0,506bpm75,2026-07-21T07:51:56Z,gbm_group_cat,few_shot,0,rmse,,0.1218447275062481,,0.1397066626306888,,,,,,,0.0725779803885817,499.0,1.0,10.0,2.0,500.0,-1.0,,,,,,,,,
gbm_group_cat-few_shot-danceability-seed0,6b71kfwf,2026-07-21T07:52:35Z,gbm_group_cat,few_shot,0,rmse,,0.122742579883493,,0.1424300861625682,,,,,,,0.0182856525100933,499.0,1.0,100.0,16.0,1000.0,-1.0,,,,,,,,,
gbm_group_cat-few_shot-danceability-seed0,789xy6mj,2026-07-21T07:52:14Z,gbm_group_cat,few_shot,0,rmse,,0.1253396503336402,,0.1463743163764982,,,,,,,0.4380606481501048,11.0,0.0,20.0,32.0,255.0,-1.0,,,,,,,,,
gbm_group_cat-few_shot-danceability-seed0,87d0zt90,2026-07-21T07:53:06Z,gbm_group_cat,few_shot,0,rmse,,0.1265601503933557,,0.1460443288246593,,,,,,,0.0298960963897528,500.0,1.0,20.0,2.0,500.0,-1.0,,,,,,,,,
gbm_group_cat-few_shot-danceability-seed0,8n8eygpm,2026-07-21T07:52:56Z,gbm_group_cat,few_shot,0,rmse,,0.1351101217212821,,0.1590608404625942,,,,,,,0.8668489138169221,1.0,0.0,10.0,32.0,1000.0,-1.0,,,,,,,,,
gbm_group_cat-few_shot-danceability-seed0,9v7yj0mq,2026-07-21T07:52:47Z,gbm_group_cat,few_shot,0,rmse,,0.1225354354151427,,0.1368308457718033,,,,,,,0.0310546307698111,499.0,0.0,1000.0,16.0,1000.0,-1.0,,,,,,,,,
gbm_group_cat-few_shot-danceability-seed0,b5ji68i1,2026-07-21T07:48:36Z,gbm_group_cat,few_shot,0,rmse,,0.1231450123776306,,0.1379070880867778,,,,,,,0.0247266182197764,500.0,1.0,1000.0,4.0,500.0,-1.0,,,,,,,,,
gbm_group_cat-few_shot-danceability-seed0,c3v1gcw1,2026-07-21T07:49:23Z,gbm_group_cat,few_shot,0,rmse,,0.1205600108929349,,0.133487653789881,,,,,,,0.250587007964955,218.0,1.0,1000.0,16.0,255.0,-1.0,,,,,,,,,
gbm_group_cat-few_shot-danceability-seed0,d27cx2o1,2026-07-21T07:50:43Z,gbm_group_cat,few_shot,0,rmse,,0.1243848178754383,,0.1448519834652308,,,,,,,0.0235110426118622,499.0,0.0,20.0,4.0,1000.0,-1.0,,,,,,,,,
gbm_group_cat-few_shot-danceability-seed0,dbld7x9y,2026-07-21T07:50:30Z,gbm_group_cat,few_shot,0,rmse,,0.1236181936411174,,0.144446059854473,,,,,,,0.0235714344093274,492.0,0.0,10.0,8.0,500.0,-1.0,,,,,,,,,
gbm_group_cat-few_shot-danceability-seed0,dx7xmh66,2026-07-21T07:52:22Z,gbm_group_cat,few_shot,0,rmse,,0.1214950636026931,,0.1410892465622086,,,,,,,0.0634627667122372,500.0,0.0,10.0,4.0,1000.0,-1.0,,,,,,,,,
gbm_group_cat-few_shot-danceability-seed0,e7p04l44,2026-07-21T07:51:08Z,gbm_group_cat,few_shot,0,rmse,,0.120389626144482,,0.1380401923155672,,,,,,,0.1271700786387963,497.0,1.0,10.0,2.0,500.0,-1.0,,,,,,,,,
gbm_group_cat-few_shot-danceability-seed0,g6hai1gv,2026-07-21T07:48:03Z,gbm_group_cat,few_shot,0,rmse,,0.1208417818250074,,0.1425001515797314,,,,,,,0.0109758154193801,497.0,0.0,20.0,32.0,1000.0,-1.0,,,,,,,,,
gbm_group_cat-few_shot-danceability-seed0,htssp2r6,2026-07-21T07:49:27Z,gbm_group_cat,few_shot,0,rmse,,0.1208225224326798,,0.133872164395736,,,,,,,0.2090966500355389,235.0,1.0,1000.0,64.0,1000.0,-1.0,,,,,,,,,
gbm_group_cat-few_shot-danceability-seed0,iwn81zeo,2026-07-21T07:52:10Z,gbm_group_cat,few_shot,0,rmse,,0.1221346831186624,,0.1437472704302662,,,,,,,0.6428191198097525,197.0,1.0,20.0,8.0,500.0,-1.0,,,,,,,,,
gbm_group_cat-few_shot-danceability-seed0,kkchwbam,2026-07-21T07:51:29Z,gbm_group_cat,few_shot,0,rmse,,0.1212961053165049,,0.1345704888512664,,,,,,,0.0652352517670139,496.0,0.0,1000.0,16.0,500.0,-1.0,,,,,,,,,
gbm_group_cat-few_shot-danceability-seed0,oapdble6,2026-07-21T07:47:57Z,gbm_group_cat,few_shot,0,rmse,,0.1203931125786394,,0.1384140212679004,,,,,,,0.1252065381499946,381.0,0.0,100.0,4.0,255.0,-1.0,,,,,,,,,
gbm_group_cat-few_shot-danceability-seed0,om7h0tt5,2026-07-21T07:50:07Z,gbm_group_cat,few_shot,0,rmse,,0.1220803785893258,,0.1408888226524267,,,,,,,0.4096264371525448,386.0,0.0,100.0,2.0,255.0,-1.0,,,,,,,,,
gbm_group_cat-few_shot-danceability-seed0,prqoncyd,2026-07-21T07:53:13Z,gbm_group_cat,few_shot,0,rmse,,0.1281885275700129,,0.1502903627864176,,,,,,,0.013859244495551,500.0,0.0,100.0,4.0,500.0,-1.0,,,,,,,,,
gbm_group_cat-few_shot-danceability-seed0,q3eufd17,2026-07-21T07:53:21Z,gbm_group_cat,few_shot,0,rmse,,0.1211725184305041,,0.1339915561812495,,,,,,,0.0814494767975024,467.0,0.0,1000.0,8.0,255.0,-1.0,,,,,,,,,
gbm_group_cat-few_shot-danceability-seed0,qijvp278,2026-07-21T07:48:45Z,gbm_group_cat,few_shot,0,rmse,,0.1224485845214638,,0.142955215097597,,,,,,,0.0432480329052877,495.0,0.0,10.0,8.0,255.0,-1.0,,,,,,,,,
gbm_group_cat-few_shot-danceability-seed0,r69zsrxg,2026-07-21T07:50:23Z,gbm_group_cat,few_shot,0,rmse,,0.1229815981799244,,0.1414306335576817,,,,,,,0.0490572683068294,496.0,0.0,100.0,4.0,500.0,-1.0,,,,,,,,,
gbm_group_cat-few_shot-danceability-seed0,t2hde67x,2026-07-21T07:51:48Z,gbm_group_cat,few_shot,0,rmse,,0.1223940636090005,,0.1364738243707965,,,,,,,0.0330251750818893,500.0,1.0,1000.0,4.0,255.0,-1.0,,,,,,,,,
gbm_group_cat-few_shot-danceability-seed0,tq5eduzu,2026-07-21T07:48:21Z,gbm_group_cat,few_shot,0,rmse,,0.121043339191618,,0.1339549521845635,,,,,,,0.0817147891511586,499.0,0.0,1000.0,16.0,255.0,-1.0,,,,,,,,,
gbm_group_cat-few_shot-danceability-seed0,ukse2cnj,2026-07-21T07:51:24Z,gbm_group_cat,few_shot,0,rmse,,0.1217160741381672,,0.1414756992817106,,,,,,,0.0988058664639341,135.0,0.0,20.0,16.0,255.0,-1.0,,,,,,,,,
gbm_group_cat-few_shot-danceability-seed0,uvazxe76,2026-07-21T07:51:40Z,gbm_group_cat,few_shot,0,rmse,,0.1224150084180876,,0.136554193914905,,,,,,,0.0347260839230521,500.0,0.0,1000.0,32.0,500.0,-1.0,,,,,,,,,
gbm_group_cat-few_shot-danceability-seed0,v14ux4mr,2026-07-21T07:50:38Z,gbm_group_cat,few_shot,0,rmse,,0.1208519412833729,,0.1414886428950945,,,,,,,0.1183473185096848,165.0,1.0,20.0,32.0,255.0,-1.0,,,,,,,,,
gbm_group_cat-few_shot-danceability-seed0,xbpq93w8,2026-07-21T07:50:51Z,gbm_group_cat,few_shot,0,rmse,,0.1244391033327467,,0.1422736575975872,,,,,,,0.5342090140143507,46.0,1.0,20.0,32.0,500.0,-1.0,,,,,,,,,
gbm_group_cat-few_shot-danceability-seed0,zep67s85,2026-07-21T07:50:17Z,gbm_group_cat,few_shot,0,rmse,,0.1191776760618432,,0.1373588716380926,,,,,,,0.2482318741925865,374.0,1.0,20.0,4.0,500.0,-1.0,,,,,,,,,
gbm_group_cat-few_shot-danceability-seed0,zntdj26d,2026-07-21T07:48:29Z,gbm_group_cat,few_shot,0,rmse,,0.1220439891659535,,0.1411506535031015,,,,,,,0.0427421832403684,490.0,1.0,20.0,4.0,500.0,-1.0,,,,,,,,,
gbm_group_cat-few_shot-danceability-seed1,0au7hads,2026-07-21T08:00:01Z,gbm_group_cat,few_shot,1,rmse,,0.1266246015811662,,0.1327458112695149,,,,,,,0.1183473185096848,146.0,1.0,20.0,32.0,255.0,-1.0,,,,,,,,,
gbm_group_cat-few_shot-danceability-seed1,0d3100f9,2026-07-21T08:00:40Z,gbm_group_cat,few_shot,1,rmse,,0.1213190919220726,,0.1216682056650246,,,,,,,0.0347260839230521,495.0,0.0,1000.0,32.0,500.0,-1.0,,,,,,,,,
gbm_group_cat-few_shot-danceability-seed1,1jkjboyf,2026-07-21T07:58:59Z,gbm_group_cat,few_shot,1,rmse,,0.1271190092735279,,0.1365307907509835,,,,,,,0.0427421832403684,498.0,1.0,20.0,4.0,500.0,-1.0,,,,,,,,,
gbm_group_cat-few_shot-danceability-seed1,1yp4h9ur,2026-07-21T08:01:11Z,gbm_group_cat,few_shot,1,rmse,,0.1261792194754505,,0.1332518381123232,,,,,,,0.0634627667122372,496.0,0.0,10.0,4.0,1000.0,-1.0,,,,,,,,,
gbm_group_cat-few_shot-danceability-seed1,3iol50f9,2026-07-21T07:59:16Z,gbm_group_cat,few_shot,1,rmse,,0.1273057968200728,,0.1354500755996138,,,,,,,0.0432480329052877,441.0,0.0,10.0,8.0,255.0,-1.0,,,,,,,,,
gbm_group_cat-few_shot-danceability-seed1,4ctv0p16,2026-07-21T07:59:37Z,gbm_group_cat,few_shot,1,rmse,,0.1270398796810098,,0.1328762484258306,,,,,,,0.4096264371525448,198.0,0.0,100.0,2.0,255.0,-1.0,,,,,,,,,
gbm_group_cat-few_shot-danceability-seed1,4y3l8f8d,2026-07-21T07:59:52Z,gbm_group_cat,few_shot,1,rmse,,0.128674945931934,,0.1383635027340939,,,,,,,0.0235714344093274,497.0,0.0,10.0,8.0,500.0,-1.0,,,,,,,,,
gbm_group_cat-few_shot-danceability-seed1,5miyxn3j,2026-07-21T08:00:34Z,gbm_group_cat,few_shot,1,rmse,,0.1210988889911474,,0.1212785827445006,,,,,,,0.0652352517670139,292.0,0.0,1000.0,16.0,500.0,-1.0,,,,,,,,,
gbm_group_cat-few_shot-danceability-seed1,65aeono6,2026-07-21T08:01:03Z,gbm_group_cat,few_shot,1,rmse,,0.1299470663649668,,0.1374193187722018,,,,,,,0.6428191198097525,40.0,1.0,20.0,8.0,500.0,-1.0,,,,,,,,,
gbm_group_cat-few_shot-danceability-seed1,91416bcz,2026-07-21T07:58:37Z,gbm_group_cat,few_shot,1,rmse,,0.127503015819268,,0.1353351997759148,,,,,,,0.0109758154193801,497.0,0.0,20.0,32.0,1000.0,-1.0,,,,,,,,,
gbm_group_cat-few_shot-danceability-seed1,9ykfae58,2026-07-21T07:59:45Z,gbm_group_cat,few_shot,1,rmse,,0.1270222034602134,,0.1341706676827601,,,,,,,0.0490572683068294,392.0,0.0,100.0,4.0,500.0,-1.0,,,,,,,,,
gbm_group_cat-few_shot-danceability-seed1,bsbv6jhw,2026-07-21T08:00:23Z,gbm_group_cat,few_shot,1,rmse,,0.1261119380798893,,0.13266486985566,,,,,,,0.0474589257602997,499.0,0.0,10.0,2.0,500.0,-1.0,,,,,,,,,
gbm_group_cat-few_shot-danceability-seed1,d0u0ul0x,2026-07-21T08:00:49Z,gbm_group_cat,few_shot,1,rmse,,0.1214456406093548,,0.1224317234035584,,,,,,,0.0330251750818893,430.0,1.0,1000.0,4.0,255.0,-1.0,,,,,,,,,
gbm_group_cat-few_shot-danceability-seed1,e0p6jrdu,2026-07-21T08:01:44Z,gbm_group_cat,few_shot,1,rmse,,0.1493263610162856,,0.1596945942541865,,,,,,,0.0298960963897528,11.0,1.0,20.0,2.0,500.0,-1.0,,,,,,,,,
gbm_group_cat-few_shot-danceability-seed1,h0qvews8,2026-07-21T08:01:18Z,gbm_group_cat,few_shot,1,rmse,,0.1281480869518453,,0.1358117646536833,,,,,,,0.0182856525100933,499.0,1.0,100.0,16.0,1000.0,-1.0,,,,,,,,,
gbm_group_cat-few_shot-danceability-seed1,ijr8dmmm,2026-07-21T08:00:15Z,gbm_group_cat,few_shot,1,rmse,,0.1304554529280067,,0.1375829367482572,,,,,,,0.5342090140143507,7.0,1.0,20.0,32.0,500.0,-1.0,,,,,,,,,
gbm_group_cat-few_shot-danceability-seed1,jn190kg9,2026-07-21T07:58:32Z,gbm_group_cat,few_shot,1,rmse,,0.1269110223469437,,0.1332801972390708,,,,,,,0.1252065381499946,265.0,0.0,100.0,4.0,255.0,-1.0,,,,,,,,,
gbm_group_cat-few_shot-danceability-seed1,le6id231,2026-07-21T08:01:31Z,gbm_group_cat,few_shot,1,rmse,,0.1213368559736987,,0.1223993756749174,,,,,,,0.0310546307698111,457.0,0.0,1000.0,16.0,1000.0,-1.0,,,,,,,,,
gbm_group_cat-few_shot-danceability-seed1,lhwwyf1o,2026-07-21T07:59:25Z,gbm_group_cat,few_shot,1,rmse,,0.1223373926473563,,0.1221081707427692,,,,,,,0.1489449797127196,206.0,1.0,1000.0,2.0,255.0,-1.0,,,,,,,,,
gbm_group_cat-few_shot-danceability-seed1,lwmwhn1z,2026-07-21T08:01:47Z,gbm_group_cat,few_shot,1,rmse,,0.1304830449024459,,0.1408388561231018,,,,,,,0.013859244495551,500.0,0.0,100.0,4.0,500.0,-1.0,,,,,,,,,
gbm_group_cat-few_shot-danceability-seed1,mi9xkemm,2026-07-21T08:00:29Z,gbm_group_cat,few_shot,1,rmse,,0.1281819986776787,,0.1356765503435758,,,,,,,0.0988058664639341,149.0,0.0,20.0,16.0,255.0,-1.0,,,,,,,,,
gbm_group_cat-few_shot-danceability-seed1,qtaztc7i,2026-07-21T08:01:07Z,gbm_group_cat,few_shot,1,rmse,,0.1302963311173305,,0.1377712281011852,,,,,,,0.4380606481501048,7.0,0.0,20.0,32.0,255.0,-1.0,,,,,,,,,
gbm_group_cat-few_shot-danceability-seed1,tf6ng490,2026-07-21T07:59:29Z,gbm_group_cat,few_shot,1,rmse,,0.1212265282514687,,0.1202443093653829,,,,,,,0.250587007964955,125.0,1.0,1000.0,16.0,255.0,-1.0,,,,,,,,,
gbm_group_cat-few_shot-danceability-seed1,tkmtb6d1,2026-07-21T07:59:07Z,gbm_group_cat,few_shot,1,rmse,,0.1215329762957657,,0.1227845310871626,,,,,,,0.0247266182197764,500.0,1.0,1000.0,4.0,500.0,-1.0,,,,,,,,,
gbm_group_cat-few_shot-danceability-seed1,tmyf2oui,2026-07-21T07:58:54Z,gbm_group_cat,few_shot,1,rmse,,0.1211530055127634,,0.1213192899686451,,,,,,,0.0817147891511586,230.0,0.0,1000.0,16.0,255.0,-1.0,,,,,,,,,
gbm_group_cat-few_shot-danceability-seed1,v9lkgkxj,2026-07-21T07:59:41Z,gbm_group_cat,few_shot,1,rmse,,0.1249843173234611,,0.1312102276533421,,,,,,,0.2482318741925865,107.0,1.0,20.0,4.0,500.0,-1.0,,,,,,,,,
gbm_group_cat-few_shot-danceability-seed1,vcjrl9ux,2026-07-21T08:00:06Z,gbm_group_cat,few_shot,1,rmse,,0.1284708767896858,,0.1382257255820808,,,,,,,0.0235110426118622,500.0,0.0,20.0,4.0,1000.0,-1.0,,,,,,,,,
gbm_group_cat-few_shot-danceability-seed1,vjzdv9nh,2026-07-21T08:00:18Z,gbm_group_cat,few_shot,1,rmse,,0.1252652720317577,,0.1315865221648121,,,,,,,0.1271700786387963,232.0,1.0,10.0,2.0,500.0,-1.0,,,,,,,,,
gbm_group_cat-few_shot-danceability-seed1,wgrmfr9h,2026-07-21T08:01:55Z,gbm_group_cat,few_shot,1,rmse,,0.120978738617061,,0.120742979360432,,,,,,,0.0814494767975024,279.0,0.0,1000.0,8.0,255.0,-1.0,,,,,,,,,
gbm_group_cat-few_shot-danceability-seed1,xrhouqrd,2026-07-21T07:59:33Z,gbm_group_cat,few_shot,1,rmse,,0.1210262907175601,,0.1205112724954325,,,,,,,0.2090966500355389,124.0,1.0,1000.0,64.0,1000.0,-1.0,,,,,,,,,
gbm_group_cat-few_shot-danceability-seed1,yaezzb2r,2026-07-21T08:01:40Z,gbm_group_cat,few_shot,1,rmse,,0.1378451921708253,,0.1498856194914351,,,,,,,0.8668489138169221,19.0,0.0,10.0,32.0,1000.0,-1.0,,,,,,,,,
gbm_group_cat-few_shot-danceability-seed1,ytp0dh0b,2026-07-21T08:00:57Z,gbm_group_cat,few_shot,1,rmse,,0.1250026164419091,,0.1311129960121958,,,,,,,0.0725779803885817,496.0,1.0,10.0,2.0,500.0,-1.0,,,,,,,,,
gbm_group_cat-few_shot-danceability-seed2,18jmomi8,2026-07-21T08:13:56Z,gbm_group_cat,few_shot,2,rmse,,0.1231576401484254,,0.1130155677010944,,,,,,,0.0725779803885817,497.0,1.0,10.0,2.0,500.0,-1.0,,,,,,,,,
gbm_group_cat-few_shot-danceability-seed2,2gkcjmiq,2026-07-21T08:10:27Z,gbm_group_cat,few_shot,2,rmse,,0.1262801871121919,,0.1183547732074115,,,,,,,0.0427421832403684,495.0,1.0,20.0,4.0,500.0,-1.0,,,,,,,,,
gbm_group_cat-few_shot-danceability-seed2,3462wip9,2026-07-21T08:12:45Z,gbm_group_cat,few_shot,2,rmse,,0.1274417059175061,,0.1204839329539095,,,,,,,0.0235110426118622,500.0,0.0,20.0,4.0,1000.0,-1.0,,,,,,,,,
gbm_group_cat-few_shot-danceability-seed2,3leis9vx,2026-07-21T08:14:07Z,gbm_group_cat,few_shot,2,rmse,,0.1241413156876193,,0.1133559150117483,,,,,,,0.4380606481501048,9.0,0.0,20.0,32.0,255.0,-1.0,,,,,,,,,
gbm_group_cat-few_shot-danceability-seed2,4iljsbag,2026-07-21T08:12:20Z,gbm_group_cat,few_shot,2,rmse,,0.1251472450178286,,0.1177684318460092,,,,,,,0.2482318741925865,106.0,1.0,20.0,4.0,500.0,-1.0,,,,,,,,,
gbm_group_cat-few_shot-danceability-seed2,5urp8h8m,2026-07-21T08:11:44Z,gbm_group_cat,few_shot,2,rmse,,0.1265820966758108,,0.1105765018758724,,,,,,,0.2090966500355389,91.0,1.0,1000.0,64.0,1000.0,-1.0,,,,,,,,,
gbm_group_cat-few_shot-danceability-seed2,6ijzpbgs,2026-07-21T08:13:49Z,gbm_group_cat,few_shot,2,rmse,,0.1262606389588633,,0.1113899507824113,,,,,,,0.0330251750818893,497.0,1.0,1000.0,4.0,255.0,-1.0,,,,,,,,,
gbm_group_cat-few_shot-danceability-seed2,6pa1w6rz,2026-07-21T08:11:40Z,gbm_group_cat,few_shot,2,rmse,,0.1260871439332122,,0.1113553876458306,,,,,,,0.250587007964955,74.0,1.0,1000.0,16.0,255.0,-1.0,,,,,,,,,
gbm_group_cat-few_shot-danceability-seed2,7f4w31po,2026-07-21T08:12:56Z,gbm_group_cat,few_shot,2,rmse,,0.1224061206480473,,0.1118097387406025,,,,,,,0.1271700786387963,488.0,1.0,10.0,2.0,500.0,-1.0,,,,,,,,,
gbm_group_cat-few_shot-danceability-seed2,8lza7a6n,2026-07-21T08:14:10Z,gbm_group_cat,few_shot,2,rmse,,0.1262714921867774,,0.1180604890628417,,,,,,,0.0634627667122372,386.0,0.0,10.0,4.0,1000.0,-1.0,,,,,,,,,
gbm_group_cat-few_shot-danceability-seed2,9frxsbni,2026-07-21T08:15:00Z,gbm_group_cat,few_shot,2,rmse,,0.1274360154741395,,0.1171505024783752,,,,,,,0.0298960963897528,500.0,1.0,20.0,2.0,500.0,-1.0,,,,,,,,,
gbm_group_cat-few_shot-danceability-seed2,bgxfc7st,2026-07-21T08:13:41Z,gbm_group_cat,few_shot,2,rmse,,0.1262439084786413,,0.1112704240544631,,,,,,,0.0347260839230521,493.0,0.0,1000.0,32.0,500.0,-1.0,,,,,,,,,
gbm_group_cat-few_shot-danceability-seed2,emw2kvdj,2026-07-21T08:15:28Z,gbm_group_cat,few_shot,2,rmse,,0.1262180105362927,,0.1112935512021058,,,,,,,0.0814494767975024,213.0,0.0,1000.0,8.0,255.0,-1.0,,,,,,,,,
gbm_group_cat-few_shot-danceability-seed2,fxhljfyo,2026-07-21T08:11:20Z,gbm_group_cat,few_shot,2,rmse,,0.1266947789989425,,0.1121993597668301,,,,,,,0.0247266182197764,495.0,1.0,1000.0,4.0,500.0,-1.0,,,,,,,,,
gbm_group_cat-few_shot-danceability-seed2,g2nclbi4,2026-07-21T08:12:24Z,gbm_group_cat,few_shot,2,rmse,,0.125636678509221,,0.1176600861358494,,,,,,,0.0490572683068294,500.0,0.0,100.0,4.0,500.0,-1.0,,,,,,,,,
gbm_group_cat-few_shot-danceability-seed2,hpj7ls2n,2026-07-21T08:12:31Z,gbm_group_cat,few_shot,2,rmse,,0.1273859604545843,,0.1201453837731024,,,,,,,0.0235714344093274,500.0,0.0,10.0,8.0,500.0,-1.0,,,,,,,,,
gbm_group_cat-few_shot-danceability-seed2,ja6a48i0,2026-07-21T08:09:36Z,gbm_group_cat,few_shot,2,rmse,,0.124250163185082,,0.1159761710960175,,,,,,,0.1252065381499946,281.0,0.0,100.0,4.0,255.0,-1.0,,,,,,,,,
gbm_group_cat-few_shot-danceability-seed2,l4oxisak,2026-07-21T08:14:37Z,gbm_group_cat,few_shot,2,rmse,,0.1341796666255596,,0.1251888515953179,,,,,,,0.8668489138169221,3.0,0.0,10.0,32.0,1000.0,-1.0,,,,,,,,,
gbm_group_cat-few_shot-danceability-seed2,lj3s6owl,2026-07-21T08:11:35Z,gbm_group_cat,few_shot,2,rmse,,0.1276797028504052,,0.1142574894400842,,,,,,,0.1489449797127196,223.0,1.0,1000.0,2.0,255.0,-1.0,,,,,,,,,
gbm_group_cat-few_shot-danceability-seed2,lxkadkyf,2026-07-21T08:12:40Z,gbm_group_cat,few_shot,2,rmse,,0.1239429203868628,,0.1140478223465858,,,,,,,0.1183473185096848,99.0,1.0,20.0,32.0,255.0,-1.0,,,,,,,,,
gbm_group_cat-few_shot-danceability-seed2,mcxe0ztc,2026-07-21T08:11:28Z,gbm_group_cat,few_shot,2,rmse,,0.1262991563518307,,0.11846109911896,,,,,,,0.0432480329052877,400.0,0.0,10.0,8.0,255.0,-1.0,,,,,,,,,
gbm_group_cat-few_shot-danceability-seed2,mo5tvlo6,2026-07-21T08:12:16Z,gbm_group_cat,few_shot,2,rmse,,0.1225319636685594,,0.1132121947537625,,,,,,,0.4096264371525448,273.0,0.0,100.0,2.0,255.0,-1.0,,,,,,,,,
gbm_group_cat-few_shot-danceability-seed2,mp67hqws,2026-07-21T08:13:03Z,gbm_group_cat,few_shot,2,rmse,,0.1248271289631548,,0.1143989888719157,,,,,,,0.0474589257602997,500.0,0.0,10.0,2.0,500.0,-1.0,,,,,,,,,
gbm_group_cat-few_shot-danceability-seed2,n0awf0gh,2026-07-21T08:13:15Z,gbm_group_cat,few_shot,2,rmse,,0.1262281188501152,,0.1111225692345263,,,,,,,0.0652352517670139,275.0,0.0,1000.0,16.0,500.0,-1.0,,,,,,,,,
gbm_group_cat-few_shot-danceability-seed2,o6u1k56k,2026-07-21T08:14:28Z,gbm_group_cat,few_shot,2,rmse,,0.1263460544297076,,0.1113104560952135,,,,,,,0.0310546307698111,491.0,0.0,1000.0,16.0,1000.0,-1.0,,,,,,,,,
gbm_group_cat-few_shot-danceability-seed2,pbm5fpmo,2026-07-21T08:09:41Z,gbm_group_cat,few_shot,2,rmse,,0.1254592426823724,,0.1183539233719416,,,,,,,0.0109758154193801,494.0,0.0,20.0,32.0,1000.0,-1.0,,,,,,,,,
gbm_group_cat-few_shot-danceability-seed2,sw7glyo0,2026-07-21T08:10:23Z,gbm_group_cat,few_shot,2,rmse,,0.1260624433701321,,0.1111686691953895,,,,,,,0.0817147891511586,230.0,0.0,1000.0,16.0,255.0,-1.0,,,,,,,,,
gbm_group_cat-few_shot-danceability-seed2,u7bu7xn6,2026-07-21T08:15:21Z,gbm_group_cat,few_shot,2,rmse,,0.1301391260505568,,0.1230302016634674,,,,,,,0.013859244495551,499.0,0.0,100.0,4.0,500.0,-1.0,,,,,,,,,
gbm_group_cat-few_shot-danceability-seed2,vpez77bk,2026-07-21T08:14:03Z,gbm_group_cat,few_shot,2,rmse,,0.131258381838357,,0.1229356732604122,,,,,,,0.6428191198097525,13.0,1.0,20.0,8.0,500.0,-1.0,,,,,,,,,
gbm_group_cat-few_shot-danceability-seed2,w6l11a07,2026-07-21T08:12:53Z,gbm_group_cat,few_shot,2,rmse,,0.1314815049960001,,0.1227598908000125,,,,,,,0.5342090140143507,4.0,1.0,20.0,32.0,500.0,-1.0,,,,,,,,,
gbm_group_cat-few_shot-danceability-seed2,wivga8a9,2026-07-21T08:14:17Z,gbm_group_cat,few_shot,2,rmse,,0.1261831497982036,,0.1183782681809349,,,,,,,0.0182856525100933,499.0,1.0,100.0,16.0,1000.0,-1.0,,,,,,,,,
gbm_group_cat-few_shot-danceability-seed2,xw95t9yz,2026-07-21T08:13:09Z,gbm_group_cat,few_shot,2,rmse,,0.1261290272682333,,0.1180132795834036,,,,,,,0.0988058664639341,234.0,0.0,20.0,16.0,255.0,-1.0,,,,,,,,,
gbm_group_cat-few_shot-danceability-seed3,1hgj3e5k,2026-07-22T08:51:53Z,gbm_group_cat,few_shot,3,rmse,,0.1326105532027625,,0.1256795480474259,,,,,,,0.0310546307698111,500.0,0.0,1000.0,16.0,1000.0,-1.0,,,,,,,,,
gbm_group_cat-few_shot-danceability-seed3,1vltom3e,2026-07-22T08:48:41Z,gbm_group_cat,few_shot,3,rmse,,0.1381788756961511,,0.1316493477805383,,,,,,,0.1183473185096848,108.0,1.0,20.0,32.0,255.0,-1.0,,,,,,,,,
gbm_group_cat-few_shot-danceability-seed3,2otr04wh,2026-07-22T08:48:53Z,gbm_group_cat,few_shot,3,rmse,,0.1344109536266801,,0.1269974171290674,,,,,,,0.1271700786387963,494.0,1.0,10.0,2.0,500.0,-1.0,,,,,,,,,
gbm_group_cat-few_shot-danceability-seed3,3ryskh4q,2026-07-22T08:50:04Z,gbm_group_cat,few_shot,3,rmse,,0.1356679186674201,,0.1281017818539497,,,,,,,0.0725779803885817,500.0,1.0,10.0,2.0,500.0,-1.0,,,,,,,,,
gbm_group_cat-few_shot-danceability-seed3,3tmo902e,2026-07-22T08:47:29Z,gbm_group_cat,few_shot,3,rmse,,0.1306943563343215,,0.124308256323264,,,,,,,0.0817147891511586,421.0,0.0,1000.0,16.0,255.0,-1.0,,,,,,,,,
gbm_group_cat-few_shot-danceability-seed3,4p4dulg4,2026-07-22T08:48:05Z,gbm_group_cat,few_shot,3,rmse,,0.1302726958714663,,0.1238121688724798,,,,,,,0.250587007964955,179.0,1.0,1000.0,16.0,255.0,-1.0,,,,,,,,,
gbm_group_cat-few_shot-danceability-seed3,5dok6jru,2026-07-22T08:48:19Z,gbm_group_cat,few_shot,3,rmse,,0.1330563884153401,,0.1254318052122219,,,,,,,0.2482318741925865,230.0,1.0,20.0,4.0,500.0,-1.0,,,,,,,,,
gbm_group_cat-few_shot-danceability-seed3,5kc9pfca,2026-07-22T08:48:24Z,gbm_group_cat,few_shot,3,rmse,,0.1366540092497233,,0.129479295308284,,,,,,,0.0490572683068294,500.0,0.0,100.0,4.0,500.0,-1.0,,,,,,,,,
gbm_group_cat-few_shot-danceability-seed3,5mb7x4v6,2026-07-22T08:50:24Z,gbm_group_cat,few_shot,3,rmse,,0.1387741367787255,,0.1303240057502557,,,,,,,0.6428191198097525,113.0,1.0,20.0,8.0,500.0,-1.0,,,,,,,,,
gbm_group_cat-few_shot-danceability-seed3,9iqav3zm,2026-07-22T08:49:08Z,gbm_group_cat,few_shot,3,rmse,,0.1373724936231761,,0.1306730123227618,,,,,,,0.0988058664639341,394.0,0.0,20.0,16.0,255.0,-1.0,,,,,,,,,
gbm_group_cat-few_shot-danceability-seed3,9s84o0w3,2026-07-22T08:48:45Z,gbm_group_cat,few_shot,3,rmse,,0.1639588530299342,,0.1578835621200039,,,,,,,0.0235110426118622,1.0,0.0,20.0,4.0,1000.0,-1.0,,,,,,,,,
gbm_group_cat-few_shot-danceability-seed3,c0pytpy2,2026-07-22T08:52:14Z,gbm_group_cat,few_shot,3,rmse,,0.1443035756116383,,0.143744327869765,,,,,,,0.8668489138169221,14.0,0.0,10.0,32.0,1000.0,-1.0,,,,,,,,,
gbm_group_cat-few_shot-danceability-seed3,d835qyvt,2026-07-22T08:47:44Z,gbm_group_cat,few_shot,3,rmse,,0.1334337467113812,,0.1263987193905938,,,,,,,0.0247266182197764,497.0,1.0,1000.0,4.0,500.0,-1.0,,,,,,,,,
gbm_group_cat-few_shot-danceability-seed3,f2lotfay,2026-07-22T08:49:30Z,gbm_group_cat,few_shot,3,rmse,,0.1322222090999477,,0.1253053707700022,,,,,,,0.0347260839230521,500.0,0.0,1000.0,32.0,500.0,-1.0,,,,,,,,,
gbm_group_cat-few_shot-danceability-seed3,gdo8bj7l,2026-07-22T08:49:39Z,gbm_group_cat,few_shot,3,rmse,,0.1323698358663153,,0.1256965602946421,,,,,,,0.0330251750818893,499.0,1.0,1000.0,4.0,255.0,-1.0,,,,,,,,,
gbm_group_cat-few_shot-danceability-seed3,gnutgtet,2026-07-22T08:49:00Z,gbm_group_cat,few_shot,3,rmse,,0.1377770144975483,,0.1299882680882875,,,,,,,0.0474589257602997,499.0,0.0,10.0,2.0,500.0,-1.0,,,,,,,,,
gbm_group_cat-few_shot-danceability-seed3,ichmr89p,2026-07-22T08:47:36Z,gbm_group_cat,few_shot,3,rmse,,0.1361538826010707,,0.129438111492097,,,,,,,0.0427421832403684,500.0,1.0,20.0,4.0,500.0,-1.0,,,,,,,,,
gbm_group_cat-few_shot-danceability-seed3,ke633y3c,2026-07-22T08:52:22Z,gbm_group_cat,few_shot,3,rmse,,0.1639427083089374,,0.1578355052173055,,,,,,,0.013859244495551,1.0,0.0,100.0,4.0,500.0,-1.0,,,,,,,,,
gbm_group_cat-few_shot-danceability-seed3,kjepac6i,2026-07-22T08:48:00Z,gbm_group_cat,few_shot,3,rmse,,0.1340418644887889,,0.1264096327767958,,,,,,,0.1489449797127196,326.0,1.0,1000.0,2.0,255.0,-1.0,,,,,,,,,
gbm_group_cat-few_shot-danceability-seed3,lmxr1aq2,2026-07-22T08:52:19Z,gbm_group_cat,few_shot,3,rmse,,0.1639819435051827,,0.1579509456643098,,,,,,,0.0298960963897528,1.0,1.0,20.0,2.0,500.0,-1.0,,,,,,,,,
gbm_group_cat-few_shot-danceability-seed3,mwt2auob,2026-07-22T08:48:48Z,gbm_group_cat,few_shot,3,rmse,,0.1395608015036792,,0.1317371214765231,,,,,,,0.5342090140143507,28.0,1.0,20.0,32.0,500.0,-1.0,,,,,,,,,
gbm_group_cat-few_shot-danceability-seed3,ng4m427b,2026-07-22T08:49:21Z,gbm_group_cat,few_shot,3,rmse,,0.1307685403487763,,0.1240582389348185,,,,,,,0.0652352517670139,491.0,0.0,1000.0,16.0,500.0,-1.0,,,,,,,,,
gbm_group_cat-few_shot-danceability-seed3,qewlfwqm,2026-07-22T08:52:26Z,gbm_group_cat,few_shot,3,rmse,,0.1307293485466432,,0.1242270712857842,,,,,,,0.0814494767975024,471.0,0.0,1000.0,8.0,255.0,-1.0,,,,,,,,,
gbm_group_cat-few_shot-danceability-seed3,snsqvy8m,2026-07-22T08:48:31Z,gbm_group_cat,few_shot,3,rmse,,0.1382862652928752,,0.1310897855816877,,,,,,,0.0235714344093274,497.0,0.0,10.0,8.0,500.0,-1.0,,,,,,,,,
gbm_group_cat-few_shot-danceability-seed3,u0ar12rg,2026-07-22T08:47:52Z,gbm_group_cat,few_shot,3,rmse,,0.1371920951973322,,0.1302598153343276,,,,,,,0.0432480329052877,498.0,0.0,10.0,8.0,255.0,-1.0,,,,,,,,,
gbm_group_cat-few_shot-danceability-seed3,ug6lfat7,2026-07-22T08:51:33Z,gbm_group_cat,few_shot,3,rmse,,0.1377593411527033,,0.1327740315011533,,,,,,,0.0182856525100933,497.0,1.0,100.0,16.0,1000.0,-1.0,,,,,,,,,
gbm_group_cat-few_shot-danceability-seed3,uym3mx75,2026-07-22T08:48:15Z,gbm_group_cat,few_shot,3,rmse,,0.1399388343451684,,0.1326966481483889,,,,,,,0.4096264371525448,264.0,0.0,100.0,2.0,255.0,-1.0,,,,,,,,,
gbm_group_cat-few_shot-danceability-seed3,v4h8j9ha,2026-07-22T08:47:05Z,gbm_group_cat,few_shot,3,rmse,,0.1334148878526961,,0.1274308685306293,,,,,,,0.1252065381499946,347.0,0.0,100.0,4.0,255.0,-1.0,,,,,,,,,
gbm_group_cat-few_shot-danceability-seed3,xfcmuww3,2026-07-22T08:51:25Z,gbm_group_cat,few_shot,3,rmse,,0.13430988485585,,0.1270029141543159,,,,,,,0.0634627667122372,500.0,0.0,10.0,4.0,1000.0,-1.0,,,,,,,,,
gbm_group_cat-few_shot-danceability-seed3,xv0ejg0z,2026-07-22T08:48:10Z,gbm_group_cat,few_shot,3,rmse,,0.1301345808995341,,0.1233973497863716,,,,,,,0.2090966500355389,206.0,1.0,1000.0,64.0,1000.0,-1.0,,,,,,,,,
gbm_group_cat-few_shot-danceability-seed3,ytuojvx8,2026-07-22T08:47:11Z,gbm_group_cat,few_shot,3,rmse,,0.1376386360155632,,0.1328266513958615,,,,,,,0.0109758154193801,500.0,0.0,20.0,32.0,1000.0,-1.0,,,,,,,,,
gbm_group_cat-few_shot-danceability-seed3,zmu7n96q,2026-07-22T08:51:07Z,gbm_group_cat,few_shot,3,rmse,,0.1354155073643016,,0.1290993176161922,,,,,,,0.4380606481501048,66.0,0.0,20.0,32.0,255.0,-1.0,,,,,,,,,
gbm_group_cat-few_shot-danceability-seed4,05z733wt,2026-07-22T09:14:23Z,gbm_group_cat,few_shot,4,rmse,,0.1348250763391612,,0.1296306829174864,,,,,,,0.0310546307698111,496.0,0.0,1000.0,16.0,1000.0,-1.0,,,,,,,,,
gbm_group_cat-few_shot-danceability-seed4,1hbolqbi,2026-07-22T09:09:13Z,gbm_group_cat,few_shot,4,rmse,,0.1354038269162059,,0.1297700850374435,,,,,,,0.0427421832403684,499.0,1.0,20.0,4.0,500.0,-1.0,,,,,,,,,
gbm_group_cat-few_shot-danceability-seed4,2bo782cg,2026-07-22T09:13:26Z,gbm_group_cat,few_shot,4,rmse,,0.1344692246346987,,0.1292840912993943,,,,,,,0.0347260839230521,498.0,0.0,1000.0,32.0,500.0,-1.0,,,,,,,,,
gbm_group_cat-few_shot-danceability-seed4,2iwspl32,2026-07-22T09:13:18Z,gbm_group_cat,few_shot,4,rmse,,0.1329422934666028,,0.1278491842823228,,,,,,,0.0652352517670139,500.0,0.0,1000.0,16.0,500.0,-1.0,,,,,,,,,
gbm_group_cat-few_shot-danceability-seed4,3tphv9ux,2026-07-22T09:08:10Z,gbm_group_cat,few_shot,4,rmse,,0.1322544841525172,,0.1279706346671305,,,,,,,0.1252065381499946,347.0,0.0,100.0,4.0,255.0,-1.0,,,,,,,,,
gbm_group_cat-few_shot-danceability-seed4,82za40l7,2026-07-22T09:14:09Z,gbm_group_cat,few_shot,4,rmse,,0.137940769734873,,0.1336161086108556,,,,,,,0.0182856525100933,498.0,1.0,100.0,16.0,1000.0,-1.0,,,,,,,,,
gbm_group_cat-few_shot-danceability-seed4,99krkcp6,2026-07-22T09:13:49Z,gbm_group_cat,few_shot,4,rmse,,0.1379956467071918,,0.1341386768909241,,,,,,,0.6428191198097525,48.0,1.0,20.0,8.0,500.0,-1.0,,,,,,,,,
gbm_group_cat-few_shot-danceability-seed4,9jg6f5n6,2026-07-22T09:13:12Z,gbm_group_cat,few_shot,4,rmse,,0.1355388545849173,,0.1304005623144439,,,,,,,0.0988058664639341,314.0,0.0,20.0,16.0,255.0,-1.0,,,,,,,,,
gbm_group_cat-few_shot-danceability-seed4,bjkjit2m,2026-07-22T09:08:57Z,gbm_group_cat,few_shot,4,rmse,,0.1323799114877222,,0.1274864691382357,,,,,,,0.0817147891511586,500.0,0.0,1000.0,16.0,255.0,-1.0,,,,,,,,,
gbm_group_cat-few_shot-danceability-seed4,cd8911qr,2026-07-22T09:08:33Z,gbm_group_cat,few_shot,4,rmse,,0.1383295350203859,,0.1319607294231951,,,,,,,0.0109758154193801,499.0,0.0,20.0,32.0,1000.0,-1.0,,,,,,,,,
gbm_group_cat-few_shot-danceability-seed4,cehnpoca,2026-07-22T09:16:00Z,gbm_group_cat,few_shot,4,rmse,,0.1664404228336164,,0.1583482081385116,,,,,,,0.013859244495551,1.0,0.0,100.0,4.0,500.0,-1.0,,,,,,,,,
gbm_group_cat-few_shot-danceability-seed4,fiuvdr65,2026-07-22T09:11:08Z,gbm_group_cat,few_shot,4,rmse,,0.1325674200946079,,0.1285735893802032,,,,,,,0.4096264371525448,343.0,0.0,100.0,2.0,255.0,-1.0,,,,,,,,,
gbm_group_cat-few_shot-danceability-seed4,fpqo2z05,2026-07-22T09:12:45Z,gbm_group_cat,few_shot,4,rmse,,0.1354727977254058,,0.1305329914058658,,,,,,,0.5342090140143507,41.0,1.0,20.0,32.0,500.0,-1.0,,,,,,,,,
gbm_group_cat-few_shot-danceability-seed4,fwelbxrd,2026-07-22T09:10:36Z,gbm_group_cat,few_shot,4,rmse,,0.1319895150541379,,0.1269776698462931,,,,,,,0.250587007964955,170.0,1.0,1000.0,16.0,255.0,-1.0,,,,,,,,,
gbm_group_cat-few_shot-danceability-seed4,hesnmlcp,2026-07-22T09:12:38Z,gbm_group_cat,few_shot,4,rmse,,0.1393683890334947,,0.1327660752611724,,,,,,,0.0235110426118622,496.0,0.0,20.0,4.0,1000.0,-1.0,,,,,,,,,
gbm_group_cat-few_shot-danceability-seed4,luqc97iq,2026-07-22T09:13:57Z,gbm_group_cat,few_shot,4,rmse,,0.1342289162683782,,0.1287700659842728,,,,,,,0.0634627667122372,497.0,0.0,10.0,4.0,1000.0,-1.0,,,,,,,,,
gbm_group_cat-few_shot-danceability-seed4,m2ztebl1,2026-07-22T09:16:03Z,gbm_group_cat,few_shot,4,rmse,,0.132463287250126,,0.1275252409703441,,,,,,,0.0814494767975024,492.0,0.0,1000.0,8.0,255.0,-1.0,,,,,,,,,
gbm_group_cat-few_shot-danceability-seed4,mh9301x4,2026-07-22T09:13:43Z,gbm_group_cat,few_shot,4,rmse,,0.1350748072442545,,0.1283979862233313,,,,,,,0.0725779803885817,498.0,1.0,10.0,2.0,500.0,-1.0,,,,,,,,,
gbm_group_cat-few_shot-danceability-seed4,p9wyb625,2026-07-22T09:12:57Z,gbm_group_cat,few_shot,4,rmse,,0.138204229513129,,0.1310267858777451,,,,,,,0.0474589257602997,500.0,0.0,10.0,2.0,500.0,-1.0,,,,,,,,,
gbm_group_cat-few_shot-danceability-seed4,pemgtipy,2026-07-22T09:09:50Z,gbm_group_cat,few_shot,4,rmse,,0.1358446452640727,,0.1304580834661785,,,,,,,0.0247266182197764,500.0,1.0,1000.0,4.0,500.0,-1.0,,,,,,,,,
gbm_group_cat-few_shot-danceability-seed4,ptxn064d,2026-07-22T09:15:56Z,gbm_group_cat,few_shot,4,rmse,,0.1664937580065495,,0.1583926110356721,,,,,,,0.0298960963897528,1.0,1.0,20.0,2.0,500.0,-1.0,,,,,,,,,
gbm_group_cat-few_shot-danceability-seed4,sgs8qalh,2026-07-22T09:13:35Z,gbm_group_cat,few_shot,4,rmse,,0.1344815383180329,,0.1293919682508702,,,,,,,0.0330251750818893,496.0,1.0,1000.0,4.0,255.0,-1.0,,,,,,,,,
gbm_group_cat-few_shot-danceability-seed4,t5lv6tq0,2026-07-22T09:15:11Z,gbm_group_cat,few_shot,4,rmse,,0.1471180686692838,,0.142471199547452,,,,,,,0.8668489138169221,6.0,0.0,10.0,32.0,1000.0,-1.0,,,,,,,,,
gbm_group_cat-few_shot-danceability-seed4,tj0ecpwy,2026-07-22T09:12:06Z,gbm_group_cat,few_shot,4,rmse,,0.1354216888239996,,0.1305229825684316,,,,,,,0.0490572683068294,488.0,0.0,100.0,4.0,500.0,-1.0,,,,,,,,,
gbm_group_cat-few_shot-danceability-seed4,tki26mre,2026-07-22T09:11:33Z,gbm_group_cat,few_shot,4,rmse,,0.1303288376951822,,0.1268360546775261,,,,,,,0.2482318741925865,426.0,1.0,20.0,4.0,500.0,-1.0,,,,,,,,,
gbm_group_cat-few_shot-danceability-seed4,x6chcy82,2026-07-22T09:10:17Z,gbm_group_cat,few_shot,4,rmse,,0.1369099794299146,,0.1315971145663275,,,,,,,0.0432480329052877,499.0,0.0,10.0,8.0,255.0,-1.0,,,,,,,,,
gbm_group_cat-few_shot-danceability-seed4,xy10hq6e,2026-07-22T09:12:24Z,gbm_group_cat,few_shot,4,rmse,,0.1396131502973997,,0.1332180992447429,,,,,,,0.0235714344093274,500.0,0.0,10.0,8.0,500.0,-1.0,,,,,,,,,
gbm_group_cat-few_shot-danceability-seed4,xyfx3f2u,2026-07-22T09:12:34Z,gbm_group_cat,few_shot,4,rmse,,0.1357286002486673,,0.1299522278576291,,,,,,,0.1183473185096848,90.0,1.0,20.0,32.0,255.0,-1.0,,,,,,,,,
gbm_group_cat-few_shot-danceability-seed4,ybeb73h8,2026-07-22T09:13:54Z,gbm_group_cat,few_shot,4,rmse,,0.1356318291992143,,0.1334607147203335,,,,,,,0.4380606481501048,17.0,0.0,20.0,32.0,255.0,-1.0,,,,,,,,,
gbm_group_cat-few_shot-danceability-seed4,ylwheggd,2026-07-22T09:12:50Z,gbm_group_cat,few_shot,4,rmse,,0.1332376622246945,,0.1278853471677776,,,,,,,0.1271700786387963,498.0,1.0,10.0,2.0,500.0,-1.0,,,,,,,,,
gbm_group_cat-few_shot-danceability-seed4,zpzdwf8k,2026-07-22T09:10:28Z,gbm_group_cat,few_shot,4,rmse,,0.1350819814277271,,0.1303140878888425,,,,,,,0.1489449797127196,496.0,1.0,1000.0,2.0,255.0,-1.0,,,,,,,,,
gbm_group_cat-few_shot-danceability-seed4,ztc9fkku,2026-07-22T09:10:40Z,gbm_group_cat,few_shot,4,rmse,,0.1317056065033485,,0.1270706711705503,,,,,,,0.2090966500355389,286.0,1.0,1000.0,64.0,1000.0,-1.0,,,,,,,,,
gbm_no_group-in_context-danceability-seed0,0em7un3n,2026-07-21T07:43:01Z,gbm_no_group,in_context,0,rmse,,0.0961647726812466,,0.0980024846415872,,,,,,,0.2482318741925865,176.0,1.0,20.0,4.0,500.0,-1.0,,,,,,,,,
gbm_no_group-in_context-danceability-seed0,0v60aii9,2026-07-21T07:43:44Z,gbm_no_group,in_context,0,rmse,,0.0997399274734475,,0.1037962898883152,,,,,,,0.5342090140143507,16.0,1.0,20.0,32.0,500.0,-1.0,,,,,,,,,
gbm_no_group-in_context-danceability-seed0,1nkou6e8,2026-07-21T07:47:30Z,gbm_no_group,in_context,0,rmse,,0.1080315071444842,,0.1103554663602408,,,,,,,0.8668489138169221,3.0,0.0,10.0,32.0,1000.0,-1.0,,,,,,,,,
gbm_no_group-in_context-danceability-seed0,2x0xbzby,2026-07-21T07:47:40Z,gbm_no_group,in_context,0,rmse,,0.1023252032223532,,0.1030981727249909,,,,,,,0.013859244495551,500.0,0.0,100.0,4.0,500.0,-1.0,,,,,,,,,
gbm_no_group-in_context-danceability-seed0,3ia1h724,2026-07-21T07:43:06Z,gbm_no_group,in_context,0,rmse,,0.0975779580082683,,0.0977545903702903,,,,,,,0.0490572683068294,498.0,0.0,100.0,4.0,500.0,-1.0,,,,,,,,,
gbm_no_group-in_context-danceability-seed0,42g45nh6,2026-07-21T07:43:19Z,gbm_no_group,in_context,0,rmse,,0.0963309031813684,,0.0973423202459612,,,,,,,0.0235714344093274,498.0,0.0,10.0,8.0,500.0,-1.0,,,,,,,,,
gbm_no_group-in_context-danceability-seed0,4cm9ljxa,2026-07-21T07:41:51Z,gbm_no_group,in_context,0,rmse,,0.1164165333782595,,0.1188016308274033,,,,,,,0.0817147891511586,499.0,0.0,1000.0,16.0,255.0,-1.0,,,,,,,,,
gbm_no_group-in_context-danceability-seed0,61dcxco8,2026-07-21T07:47:34Z,gbm_no_group,in_context,0,rmse,,0.1071213560782668,,0.1071274305360165,,,,,,,0.0298960963897528,500.0,1.0,20.0,2.0,500.0,-1.0,,,,,,,,,
gbm_no_group-in_context-danceability-seed0,6evme3me,2026-07-21T07:45:59Z,gbm_no_group,in_context,0,rmse,,0.1025891924949139,,0.1026229572542576,,,,,,,0.0725779803885817,499.0,1.0,10.0,2.0,500.0,-1.0,,,,,,,,,
gbm_no_group-in_context-danceability-seed0,7gzb31o7,2026-07-21T07:42:21Z,gbm_no_group,in_context,0,rmse,,0.0953618195829787,,0.0967038199116429,,,,,,,0.0432480329052877,500.0,0.0,10.0,8.0,255.0,-1.0,,,,,,,,,
gbm_no_group-in_context-danceability-seed0,avvy4y4o,2026-07-21T07:46:10Z,gbm_no_group,in_context,0,rmse,,0.0991934730293302,,0.1017099938945957,,,,,,,0.4380606481501048,14.0,0.0,20.0,32.0,255.0,-1.0,,,,,,,,,
gbm_no_group-in_context-danceability-seed0,bzcskz0v,2026-07-21T07:44:27Z,gbm_no_group,in_context,0,rmse,,0.0941497137924512,,0.0964745116746589,,,,,,,0.0988058664639341,303.0,0.0,20.0,16.0,255.0,-1.0,,,,,,,,,
gbm_no_group-in_context-danceability-seed0,cgo28zap,2026-07-21T07:42:55Z,gbm_no_group,in_context,0,rmse,,0.1015459562933996,,0.1014274755350372,,,,,,,0.4096264371525448,231.0,0.0,100.0,2.0,255.0,-1.0,,,,,,,,,
gbm_no_group-in_context-danceability-seed0,cvtsdn0u,2026-07-21T07:42:40Z,gbm_no_group,in_context,0,rmse,,0.1156948951344789,,0.1184641043939971,,,,,,,0.250587007964955,320.0,1.0,1000.0,16.0,255.0,-1.0,,,,,,,,,
gbm_no_group-in_context-danceability-seed0,e1uw1w14,2026-07-21T07:42:02Z,gbm_no_group,in_context,0,rmse,,0.097237097320194,,0.0981235429202778,,,,,,,0.0427421832403684,500.0,1.0,20.0,4.0,500.0,-1.0,,,,,,,,,
gbm_no_group-in_context-danceability-seed0,is4qznek,2026-07-21T07:46:43Z,gbm_no_group,in_context,0,rmse,,0.0958219519857565,,0.0971838047896425,,,,,,,0.0182856525100933,500.0,1.0,100.0,16.0,1000.0,-1.0,,,,,,,,,
gbm_no_group-in_context-danceability-seed0,lbqwpwq4,2026-07-21T07:42:32Z,gbm_no_group,in_context,0,rmse,,0.1201819084991509,,0.1219816797818547,,,,,,,0.1489449797127196,433.0,1.0,1000.0,2.0,255.0,-1.0,,,,,,,,,
gbm_no_group-in_context-danceability-seed0,lc2mk1f4,2026-07-21T07:46:13Z,gbm_no_group,in_context,0,rmse,,0.0964904362271746,,0.0976329301730626,,,,,,,0.0634627667122372,499.0,0.0,10.0,4.0,1000.0,-1.0,,,,,,,,,
gbm_no_group-in_context-danceability-seed0,lji2kuvc,2026-07-21T07:43:48Z,gbm_no_group,in_context,0,rmse,,0.101358735454386,,0.1013902337431183,,,,,,,0.1271700786387963,493.0,1.0,10.0,2.0,500.0,-1.0,,,,,,,,,
gbm_no_group-in_context-danceability-seed0,lw0b2w4f,2026-07-21T07:47:00Z,gbm_no_group,in_context,0,rmse,,0.1181996524346035,,0.1200977403971605,,,,,,,0.0310546307698111,496.0,0.0,1000.0,16.0,1000.0,-1.0,,,,,,,,,
gbm_no_group-in_context-danceability-seed0,m81qfmlc,2026-07-21T07:44:14Z,gbm_no_group,in_context,0,rmse,,0.1042882349663367,,0.1043092879842412,,,,,,,0.0474589257602997,499.0,0.0,10.0,2.0,500.0,-1.0,,,,,,,,,
gbm_no_group-in_context-danceability-seed0,oi7vatag,2026-07-21T07:41:22Z,gbm_no_group,in_context,0,rmse,,0.0966441195586765,,0.0967544740495927,,,,,,,0.1252065381499946,395.0,0.0,100.0,4.0,255.0,-1.0,,,,,,,,,
gbm_no_group-in_context-danceability-seed0,oqjz5lyf,2026-07-21T07:46:06Z,gbm_no_group,in_context,0,rmse,,0.09986861949542,,0.1014531899083006,,,,,,,0.6428191198097525,41.0,1.0,20.0,8.0,500.0,-1.0,,,,,,,,,
gbm_no_group-in_context-danceability-seed0,rpdxbozf,2026-07-21T07:45:17Z,gbm_no_group,in_context,0,rmse,,0.1179915175816452,,0.1198426035132386,,,,,,,0.0347260839230521,499.0,0.0,1000.0,32.0,500.0,-1.0,,,,,,,,,
gbm_no_group-in_context-danceability-seed0,s318guql,2026-07-21T07:42:12Z,gbm_no_group,in_context,0,rmse,,0.1188382965321484,,0.120574924881829,,,,,,,0.0247266182197764,498.0,1.0,1000.0,4.0,500.0,-1.0,,,,,,,,,
gbm_no_group-in_context-danceability-seed0,sri0nsu3,2026-07-21T07:45:27Z,gbm_no_group,in_context,0,rmse,,0.1180373017102357,,0.1201354298817713,,,,,,,0.0330251750818893,499.0,1.0,1000.0,4.0,255.0,-1.0,,,,,,,,,
gbm_no_group-in_context-danceability-seed0,sxa4s3d1,2026-07-21T07:42:48Z,gbm_no_group,in_context,0,rmse,,0.1158707560422401,,0.1184691047746583,,,,,,,0.2090966500355389,349.0,1.0,1000.0,64.0,1000.0,-1.0,,,,,,,,,
gbm_no_group-in_context-danceability-seed0,t606fyh9,2026-07-21T07:41:31Z,gbm_no_group,in_context,0,rmse,,0.0952777029538368,,0.0968986933182999,,,,,,,0.0109758154193801,498.0,0.0,20.0,32.0,1000.0,-1.0,,,,,,,,,
gbm_no_group-in_context-danceability-seed0,txllvnlf,2026-07-21T07:43:35Z,gbm_no_group,in_context,0,rmse,,0.0994775851058459,,0.1000562586507637,,,,,,,0.0235110426118622,499.0,0.0,20.0,4.0,1000.0,-1.0,,,,,,,,,
gbm_no_group-in_context-danceability-seed0,xf134ijm,2026-07-21T07:45:06Z,gbm_no_group,in_context,0,rmse,,0.1166197554304215,,0.1186840797597282,,,,,,,0.0652352517670139,499.0,0.0,1000.0,16.0,500.0,-1.0,,,,,,,,,
gbm_no_group-in_context-danceability-seed0,y4oqu8wj,2026-07-21T07:43:30Z,gbm_no_group,in_context,0,rmse,,0.093797091033204,,0.0968744704411077,,,,,,,0.1183473185096848,148.0,1.0,20.0,32.0,255.0,-1.0,,,,,,,,,
gbm_no_group-in_context-danceability-seed0,z83kl4ey,2026-07-21T07:48:04Z,gbm_no_group,in_context,0,rmse,,0.1165482620141522,,0.1187585337745181,,,,,,,0.0814494767975024,500.0,0.0,1000.0,8.0,255.0,-1.0,,,,,,,,,
gbm_no_group-in_context-danceability-seed1,0u3kjbl2,2026-07-21T07:57:16Z,gbm_no_group,in_context,1,rmse,,0.1211306750852236,,0.1202711940614649,,,,,,,0.0310546307698111,497.0,0.0,1000.0,16.0,1000.0,-1.0,,,,,,,,,
gbm_no_group-in_context-danceability-seed1,2vwon7h2,2026-07-21T07:54:40Z,gbm_no_group,in_context,1,rmse,,0.1224066750102341,,0.1224205895218156,,,,,,,0.1489449797127196,367.0,1.0,1000.0,2.0,255.0,-1.0,,,,,,,,,
gbm_no_group-in_context-danceability-seed1,3r0pm9lg,2026-07-21T07:55:07Z,gbm_no_group,in_context,1,rmse,,0.0995690211806925,,0.1007974947291559,,,,,,,0.0490572683068294,497.0,0.0,100.0,4.0,500.0,-1.0,,,,,,,,,
gbm_no_group-in_context-danceability-seed1,3vs25y1v,2026-07-21T07:55:46Z,gbm_no_group,in_context,1,rmse,,0.102676208821183,,0.1047355464501544,,,,,,,0.1271700786387963,495.0,1.0,10.0,2.0,500.0,-1.0,,,,,,,,,
gbm_no_group-in_context-danceability-seed1,4kftcxuj,2026-07-21T07:56:26Z,gbm_no_group,in_context,1,rmse,,0.1210212436053515,,0.1203496910114209,,,,,,,0.0330251750818893,500.0,1.0,1000.0,4.0,255.0,-1.0,,,,,,,,,
gbm_no_group-in_context-danceability-seed1,4rv97lfw,2026-07-21T07:54:46Z,gbm_no_group,in_context,1,rmse,,0.1190092021707683,,0.1189560546523171,,,,,,,0.250587007964955,203.0,1.0,1000.0,16.0,255.0,-1.0,,,,,,,,,
gbm_no_group-in_context-danceability-seed1,5a8kw7yc,2026-07-21T07:55:42Z,gbm_no_group,in_context,1,rmse,,0.1021021632734918,,0.1053925684574913,,,,,,,0.5342090140143507,19.0,1.0,20.0,32.0,500.0,-1.0,,,,,,,,,
gbm_no_group-in_context-danceability-seed1,5xq3veeq,2026-07-21T07:57:27Z,gbm_no_group,in_context,1,rmse,,0.1084006871958826,,0.1104741979454688,,,,,,,0.8668489138169221,3.0,0.0,10.0,32.0,1000.0,-1.0,,,,,,,,,
gbm_no_group-in_context-danceability-seed1,65gafuay,2026-07-21T07:55:15Z,gbm_no_group,in_context,1,rmse,,0.098603167161144,,0.099707252828404,,,,,,,0.0235714344093274,499.0,0.0,10.0,8.0,500.0,-1.0,,,,,,,,,
gbm_no_group-in_context-danceability-seed1,7af3q7ip,2026-07-21T07:56:59Z,gbm_no_group,in_context,1,rmse,,0.0987299616254829,,0.0993004404132409,,,,,,,0.0182856525100933,500.0,1.0,100.0,16.0,1000.0,-1.0,,,,,,,,,
gbm_no_group-in_context-danceability-seed1,92yaqbvb,2026-07-21T07:56:36Z,gbm_no_group,in_context,1,rmse,,0.1041668741310313,,0.1056876315709449,,,,,,,0.0725779803885817,499.0,1.0,10.0,2.0,500.0,-1.0,,,,,,,,,
gbm_no_group-in_context-danceability-seed1,ayc083b2,2026-07-21T07:57:45Z,gbm_no_group,in_context,1,rmse,,0.1194411148836516,,0.1188226546730603,,,,,,,0.0814494767975024,499.0,0.0,1000.0,8.0,255.0,-1.0,,,,,,,,,
gbm_no_group-in_context-danceability-seed1,c4io7tsa,2026-07-21T07:53:36Z,gbm_no_group,in_context,1,rmse,,0.0985687097917277,,0.1004744845291083,,,,,,,0.1252065381499946,336.0,0.0,100.0,4.0,255.0,-1.0,,,,,,,,,
gbm_no_group-in_context-danceability-seed1,c8eo8fmk,2026-07-21T07:57:37Z,gbm_no_group,in_context,1,rmse,,0.1054914714770026,,0.1051859829578102,,,,,,,0.013859244495551,500.0,0.0,100.0,4.0,500.0,-1.0,,,,,,,,,
gbm_no_group-in_context-danceability-seed1,hvpwxmek,2026-07-21T07:56:16Z,gbm_no_group,in_context,1,rmse,,0.1207586462142557,,0.120174158725913,,,,,,,0.0347260839230521,499.0,0.0,1000.0,32.0,500.0,-1.0,,,,,,,,,
gbm_no_group-in_context-danceability-seed1,k6yvgnod,2026-07-21T07:55:02Z,gbm_no_group,in_context,1,rmse,,0.0977873215541779,,0.1002352574327314,,,,,,,0.2482318741925865,251.0,1.0,20.0,4.0,500.0,-1.0,,,,,,,,,
gbm_no_group-in_context-danceability-seed1,k7uljxss,2026-07-21T07:56:05Z,gbm_no_group,in_context,1,rmse,,0.1194638212924743,,0.1190514550547324,,,,,,,0.0652352517670139,500.0,0.0,1000.0,16.0,500.0,-1.0,,,,,,,,,
gbm_no_group-in_context-danceability-seed1,nu75m61q,2026-07-21T07:53:42Z,gbm_no_group,in_context,1,rmse,,0.0974845505406407,,0.0987776834488981,,,,,,,0.0109758154193801,500.0,0.0,20.0,32.0,1000.0,-1.0,,,,,,,,,
gbm_no_group-in_context-danceability-seed1,nwk1320c,2026-07-21T07:56:00Z,gbm_no_group,in_context,1,rmse,,0.0969577706551535,,0.0987378919259527,,,,,,,0.0988058664639341,161.0,0.0,20.0,16.0,255.0,-1.0,,,,,,,,,
gbm_no_group-in_context-danceability-seed1,ogiu9xjj,2026-07-21T07:54:12Z,gbm_no_group,in_context,1,rmse,,0.0994360707664698,,0.1005604522909028,,,,,,,0.0427421832403684,499.0,1.0,20.0,4.0,500.0,-1.0,,,,,,,,,
gbm_no_group-in_context-danceability-seed1,q8evzymr,2026-07-21T07:54:02Z,gbm_no_group,in_context,1,rmse,,0.1193986320514737,,0.1190687524969425,,,,,,,0.0817147891511586,467.0,0.0,1000.0,16.0,255.0,-1.0,,,,,,,,,
gbm_no_group-in_context-danceability-seed1,qvidjapj,2026-07-21T07:56:43Z,gbm_no_group,in_context,1,rmse,,0.1043778356957105,,0.1055066588706904,,,,,,,0.6428191198097525,21.0,1.0,20.0,8.0,500.0,-1.0,,,,,,,,,
gbm_no_group-in_context-danceability-seed1,r0751bwz,2026-07-21T07:56:47Z,gbm_no_group,in_context,1,rmse,,0.1025372860457839,,0.1031270167760272,,,,,,,0.4380606481501048,22.0,0.0,20.0,32.0,255.0,-1.0,,,,,,,,,
gbm_no_group-in_context-danceability-seed1,rpw6y0l6,2026-07-21T07:57:30Z,gbm_no_group,in_context,1,rmse,,0.1093081729191994,,0.1096963128096062,,,,,,,0.0298960963897528,499.0,1.0,20.0,2.0,500.0,-1.0,,,,,,,,,
gbm_no_group-in_context-danceability-seed1,skzomewb,2026-07-21T07:54:51Z,gbm_no_group,in_context,1,rmse,,0.1189348282603781,,0.1186667753637825,,,,,,,0.2090966500355389,308.0,1.0,1000.0,64.0,1000.0,-1.0,,,,,,,,,
gbm_no_group-in_context-danceability-seed1,swhc33mx,2026-07-21T07:55:27Z,gbm_no_group,in_context,1,rmse,,0.0964612256952373,,0.0981631424586267,,,,,,,0.1183473185096848,173.0,1.0,20.0,32.0,255.0,-1.0,,,,,,,,,
gbm_no_group-in_context-danceability-seed1,vugdsg9i,2026-07-21T07:55:33Z,gbm_no_group,in_context,1,rmse,,0.1020130219363411,,0.1022291853768212,,,,,,,0.0235110426118622,500.0,0.0,20.0,4.0,1000.0,-1.0,,,,,,,,,
gbm_no_group-in_context-danceability-seed1,wqrfdqt7,2026-07-21T07:54:21Z,gbm_no_group,in_context,1,rmse,,0.1218455155125124,,0.1209955191752076,,,,,,,0.0247266182197764,500.0,1.0,1000.0,4.0,500.0,-1.0,,,,,,,,,
gbm_no_group-in_context-danceability-seed1,y4kslvl4,2026-07-21T07:54:57Z,gbm_no_group,in_context,1,rmse,,0.1030229254649389,,0.1051258515972577,,,,,,,0.4096264371525448,191.0,0.0,100.0,2.0,255.0,-1.0,,,,,,,,,
gbm_no_group-in_context-danceability-seed1,yhn0fgg8,2026-07-21T07:56:50Z,gbm_no_group,in_context,1,rmse,,0.0986494180033656,,0.0999951920307431,,,,,,,0.0634627667122372,499.0,0.0,10.0,4.0,1000.0,-1.0,,,,,,,,,
gbm_no_group-in_context-danceability-seed1,yll6gq3n,2026-07-21T07:55:53Z,gbm_no_group,in_context,1,rmse,,0.1060733280830278,,0.1070760817575875,,,,,,,0.0474589257602997,499.0,0.0,10.0,2.0,500.0,-1.0,,,,,,,,,
gbm_no_group-in_context-danceability-seed1,z17ijty6,2026-07-21T07:54:30Z,gbm_no_group,in_context,1,rmse,,0.0971581220589404,,0.0996174352482805,,,,,,,0.0432480329052877,498.0,0.0,10.0,8.0,255.0,-1.0,,,,,,,,,
gbm_no_group-in_context-danceability-seed2,0ad8a1vh,2026-07-21T08:04:43Z,gbm_no_group,in_context,2,rmse,,0.1029228885895303,,0.1019676764943621,,,,,,,0.6428191198097525,38.0,1.0,20.0,8.0,500.0,-1.0,,,,,,,,,
gbm_no_group-in_context-danceability-seed2,1lvxvori,2026-07-21T08:02:13Z,gbm_no_group,in_context,2,rmse,,0.1193953150382271,,0.1221712335120251,,,,,,,0.0247266182197764,500.0,1.0,1000.0,4.0,500.0,-1.0,,,,,,,,,
gbm_no_group-in_context-danceability-seed2,1ugt1sjl,2026-07-21T08:02:35Z,gbm_no_group,in_context,2,rmse,,0.1208558303925558,,0.1231799636340236,,,,,,,0.1489449797127196,352.0,1.0,1000.0,2.0,255.0,-1.0,,,,,,,,,
gbm_no_group-in_context-danceability-seed2,2l0e01ur,2026-07-21T08:04:25Z,gbm_no_group,in_context,2,rmse,,0.1186872579234714,,0.1216690920550441,,,,,,,0.0330251750818893,499.0,1.0,1000.0,4.0,255.0,-1.0,,,,,,,,,
gbm_no_group-in_context-danceability-seed2,4muztd5r,2026-07-21T08:04:15Z,gbm_no_group,in_context,2,rmse,,0.1185389831284998,,0.1212192531231127,,,,,,,0.0347260839230521,500.0,0.0,1000.0,32.0,500.0,-1.0,,,,,,,,,
gbm_no_group-in_context-danceability-seed2,54rodhu6,2026-07-21T08:05:01Z,gbm_no_group,in_context,2,rmse,,0.0988317895799392,,0.0966684261176555,,,,,,,0.0182856525100933,499.0,1.0,100.0,16.0,1000.0,-1.0,,,,,,,,,
gbm_no_group-in_context-danceability-seed2,5wszziio,2026-07-21T08:02:48Z,gbm_no_group,in_context,2,rmse,,0.1173123929999155,,0.12062666401036,,,,,,,0.2090966500355389,223.0,1.0,1000.0,64.0,1000.0,-1.0,,,,,,,,,
gbm_no_group-in_context-danceability-seed2,8f8juoeo,2026-07-21T08:05:42Z,gbm_no_group,in_context,2,rmse,,0.1101638164798824,,0.1080489531475103,,,,,,,0.0298960963897528,500.0,1.0,20.0,2.0,500.0,-1.0,,,,,,,,,
gbm_no_group-in_context-danceability-seed2,9fm85x0q,2026-07-21T08:04:35Z,gbm_no_group,in_context,2,rmse,,0.1051934088279233,,0.1028998754812587,,,,,,,0.0725779803885817,499.0,1.0,10.0,2.0,500.0,-1.0,,,,,,,,,
gbm_no_group-in_context-danceability-seed2,baawwmhb,2026-07-21T08:01:25Z,gbm_no_group,in_context,2,rmse,,0.0991345881170006,,0.0974654908261058,,,,,,,0.1252065381499946,373.0,0.0,100.0,4.0,255.0,-1.0,,,,,,,,,
gbm_no_group-in_context-danceability-seed2,bua6g6vr,2026-07-21T08:02:53Z,gbm_no_group,in_context,2,rmse,,0.1043317294386388,,0.1009819356742658,,,,,,,0.4096264371525448,236.0,0.0,100.0,2.0,255.0,-1.0,,,,,,,,,
gbm_no_group-in_context-danceability-seed2,cfr2h8h3,2026-07-21T08:03:39Z,gbm_no_group,in_context,2,rmse,,0.1024975743444586,,0.1016024129758734,,,,,,,0.5342090140143507,10.0,1.0,20.0,32.0,500.0,-1.0,,,,,,,,,
gbm_no_group-in_context-danceability-seed2,esloaxfa,2026-07-21T08:03:14Z,gbm_no_group,in_context,2,rmse,,0.0994322019997376,,0.09744711252563,,,,,,,0.0235714344093274,498.0,0.0,10.0,8.0,500.0,-1.0,,,,,,,,,
gbm_no_group-in_context-danceability-seed2,fom5b4d1,2026-07-21T08:03:53Z,gbm_no_group,in_context,2,rmse,,0.1070622012200378,,0.1048403176695635,,,,,,,0.0474589257602997,500.0,0.0,10.0,2.0,500.0,-1.0,,,,,,,,,
gbm_no_group-in_context-danceability-seed2,gxykkgck,2026-07-21T08:04:00Z,gbm_no_group,in_context,2,rmse,,0.097399329659592,,0.0957772888621192,,,,,,,0.0988058664639341,168.0,0.0,20.0,16.0,255.0,-1.0,,,,,,,,,
gbm_no_group-in_context-danceability-seed2,j658qei5,2026-07-21T08:04:46Z,gbm_no_group,in_context,2,rmse,,0.1035219288538158,,0.1006754599156753,,,,,,,0.4380606481501048,12.0,0.0,20.0,32.0,255.0,-1.0,,,,,,,,,
gbm_no_group-in_context-danceability-seed2,japr901n,2026-07-21T08:03:05Z,gbm_no_group,in_context,2,rmse,,0.1005777506726984,,0.0979057605775988,,,,,,,0.0490572683068294,499.0,0.0,100.0,4.0,500.0,-1.0,,,,,,,,,
gbm_no_group-in_context-danceability-seed2,jw67omem,2026-07-21T08:01:31Z,gbm_no_group,in_context,2,rmse,,0.0981836279128322,,0.0961890586456503,,,,,,,0.0109758154193801,498.0,0.0,20.0,32.0,1000.0,-1.0,,,,,,,,,
gbm_no_group-in_context-danceability-seed2,nkz5rs0u,2026-07-21T08:04:52Z,gbm_no_group,in_context,2,rmse,,0.0996118011186321,,0.0979775017005508,,,,,,,0.0634627667122372,494.0,0.0,10.0,4.0,1000.0,-1.0,,,,,,,,,
gbm_no_group-in_context-danceability-seed2,orfisckh,2026-07-21T08:04:05Z,gbm_no_group,in_context,2,rmse,,0.117553501517916,,0.1203966476101308,,,,,,,0.0652352517670139,500.0,0.0,1000.0,16.0,500.0,-1.0,,,,,,,,,
gbm_no_group-in_context-danceability-seed2,psbhoyt9,2026-07-21T08:06:15Z,gbm_no_group,in_context,2,rmse,,0.1060354119905607,,0.1039993369695253,,,,,,,0.013859244495551,500.0,0.0,100.0,4.0,500.0,-1.0,,,,,,,,,
gbm_no_group-in_context-danceability-seed2,px3kd63d,2026-07-21T08:02:03Z,gbm_no_group,in_context,2,rmse,,0.100335164791365,,0.0983122641848533,,,,,,,0.0427421832403684,500.0,1.0,20.0,4.0,500.0,-1.0,,,,,,,,,
gbm_no_group-in_context-danceability-seed2,q254nrdc,2026-07-21T08:02:58Z,gbm_no_group,in_context,2,rmse,,0.0989156165458643,,0.0971221702587585,,,,,,,0.2482318741925865,198.0,1.0,20.0,4.0,500.0,-1.0,,,,,,,,,
gbm_no_group-in_context-danceability-seed2,qw8v56zq,2026-07-21T08:05:28Z,gbm_no_group,in_context,2,rmse,,0.1097740189449669,,0.1088703791529274,,,,,,,0.8668489138169221,3.0,0.0,10.0,32.0,1000.0,-1.0,,,,,,,,,
gbm_no_group-in_context-danceability-seed2,tdg01fk1,2026-07-21T08:03:25Z,gbm_no_group,in_context,2,rmse,,0.0971694353616021,,0.0961629305843981,,,,,,,0.1183473185096848,134.0,1.0,20.0,32.0,255.0,-1.0,,,,,,,,,
gbm_no_group-in_context-danceability-seed2,usqrbtkc,2026-07-21T08:02:42Z,gbm_no_group,in_context,2,rmse,,0.1170367153899699,,0.1205369100098045,,,,,,,0.250587007964955,212.0,1.0,1000.0,16.0,255.0,-1.0,,,,,,,,,
gbm_no_group-in_context-danceability-seed2,vsnigti0,2026-07-21T08:03:46Z,gbm_no_group,in_context,2,rmse,,0.1036627242547302,,0.1013026025095216,,,,,,,0.1271700786387963,494.0,1.0,10.0,2.0,500.0,-1.0,,,,,,,,,
gbm_no_group-in_context-danceability-seed2,w6ln02xc,2026-07-21T08:02:24Z,gbm_no_group,in_context,2,rmse,,0.0980469907323984,,0.0963910056809046,,,,,,,0.0432480329052877,500.0,0.0,10.0,8.0,255.0,-1.0,,,,,,,,,
gbm_no_group-in_context-danceability-seed2,xki4v49i,2026-07-21T08:03:30Z,gbm_no_group,in_context,2,rmse,,0.1026347411400692,,0.1008431908863357,,,,,,,0.0235110426118622,499.0,0.0,20.0,4.0,1000.0,-1.0,,,,,,,,,
gbm_no_group-in_context-danceability-seed2,yitlolb8,2026-07-21T08:01:53Z,gbm_no_group,in_context,2,rmse,,0.1174634793757407,,0.1207992418617245,,,,,,,0.0817147891511586,496.0,0.0,1000.0,16.0,255.0,-1.0,,,,,,,,,
gbm_no_group-in_context-danceability-seed2,zda5oi4x,2026-07-21T08:05:18Z,gbm_no_group,in_context,2,rmse,,0.1186352201521843,,0.1215334110887045,,,,,,,0.0310546307698111,499.0,0.0,1000.0,16.0,1000.0,-1.0,,,,,,,,,
gbm_no_group-in_context-danceability-seed2,zjmuzvoj,2026-07-21T08:06:36Z,gbm_no_group,in_context,2,rmse,,0.1173269930763261,,0.1207598293082895,,,,,,,0.0814494767975024,497.0,0.0,1000.0,8.0,255.0,-1.0,,,,,,,,,
gbm_no_group-in_context-danceability-seed3,0u4juwsg,2026-07-22T08:45:11Z,gbm_no_group,in_context,3,rmse,,0.12387262427765,,0.1211741750951814,,,,,,,0.0330251750818893,499.0,1.0,1000.0,4.0,255.0,-1.0,,,,,,,,,
gbm_no_group-in_context-danceability-seed3,1iu48w8p,2026-07-22T08:44:28Z,gbm_no_group,in_context,3,rmse,,0.1035384128784116,,0.1045040745264859,,,,,,,0.5342090140143507,16.0,1.0,20.0,32.0,500.0,-1.0,,,,,,,,,
gbm_no_group-in_context-danceability-seed3,1zk475cs,2026-07-22T08:43:01Z,gbm_no_group,in_context,3,rmse,,0.1243238901353304,,0.1217019225065741,,,,,,,0.0247266182197764,496.0,1.0,1000.0,4.0,500.0,-1.0,,,,,,,,,
gbm_no_group-in_context-danceability-seed3,2agqzkt8,2026-07-22T08:46:19Z,gbm_no_group,in_context,3,rmse,,0.1051887722248734,,0.1042774657463752,,,,,,,0.013859244495551,500.0,0.0,100.0,4.0,500.0,-1.0,,,,,,,,,
gbm_no_group-in_context-danceability-seed3,31782628,2026-07-22T08:42:04Z,gbm_no_group,in_context,3,rmse,,0.0996681196345729,,0.0989380548210314,,,,,,,0.1252065381499946,397.0,0.0,100.0,4.0,255.0,-1.0,,,,,,,,,
gbm_no_group-in_context-danceability-seed3,5bmd6aaj,2026-07-22T08:44:16Z,gbm_no_group,in_context,3,rmse,,0.0976946386724514,,0.0975504287597284,,,,,,,0.1183473185096848,117.0,1.0,20.0,32.0,255.0,-1.0,,,,,,,,,
gbm_no_group-in_context-danceability-seed3,6b5jrp7j,2026-07-22T08:43:41Z,gbm_no_group,in_context,3,rmse,,0.1221161634852765,,0.1197827645169255,,,,,,,0.2090966500355389,218.0,1.0,1000.0,64.0,1000.0,-1.0,,,,,,,,,
gbm_no_group-in_context-danceability-seed3,6bqnq7e8,2026-07-22T08:42:49Z,gbm_no_group,in_context,3,rmse,,0.100691611037588,,0.0994362595187395,,,,,,,0.0427421832403684,500.0,1.0,20.0,4.0,500.0,-1.0,,,,,,,,,
gbm_no_group-in_context-danceability-seed3,6p5ziu3e,2026-07-22T08:43:57Z,gbm_no_group,in_context,3,rmse,,0.1007782470796049,,0.0995882839985549,,,,,,,0.0490572683068294,489.0,0.0,100.0,4.0,500.0,-1.0,,,,,,,,,
gbm_no_group-in_context-danceability-seed3,6xvd3ecz,2026-07-22T08:43:27Z,gbm_no_group,in_context,3,rmse,,0.1253779425678119,,0.1231336973853365,,,,,,,0.1489449797127196,264.0,1.0,1000.0,2.0,255.0,-1.0,,,,,,,,,
gbm_no_group-in_context-danceability-seed3,9e4g3vaq,2026-07-22T08:43:48Z,gbm_no_group,in_context,3,rmse,,0.1037627942809667,,0.103039702215542,,,,,,,0.4096264371525448,199.0,0.0,100.0,2.0,255.0,-1.0,,,,,,,,,
gbm_no_group-in_context-danceability-seed3,a24kc3yp,2026-07-22T08:46:08Z,gbm_no_group,in_context,3,rmse,,0.1102208483663714,,0.1113893657596971,,,,,,,0.8668489138169221,4.0,0.0,10.0,32.0,1000.0,-1.0,,,,,,,,,
gbm_no_group-in_context-danceability-seed3,bk8m4lfm,2026-07-22T08:43:53Z,gbm_no_group,in_context,3,rmse,,0.1004980482226112,,0.0993061484586644,,,,,,,0.2482318741925865,152.0,1.0,20.0,4.0,500.0,-1.0,,,,,,,,,
gbm_no_group-in_context-danceability-seed3,c8fmo3j2,2026-07-22T08:45:28Z,gbm_no_group,in_context,3,rmse,,0.103944219216742,,0.104923497644212,,,,,,,0.6428191198097525,31.0,1.0,20.0,8.0,500.0,-1.0,,,,,,,,,
gbm_no_group-in_context-danceability-seed3,dnbpn58o,2026-07-22T08:45:20Z,gbm_no_group,in_context,3,rmse,,0.1049742157836312,,0.1039974515923771,,,,,,,0.0725779803885817,499.0,1.0,10.0,2.0,500.0,-1.0,,,,,,,,,
gbm_no_group-in_context-danceability-seed3,gfzrj44t,2026-07-22T08:43:33Z,gbm_no_group,in_context,3,rmse,,0.1219243482748628,,0.1196256028064808,,,,,,,0.250587007964955,272.0,1.0,1000.0,16.0,255.0,-1.0,,,,,,,,,
gbm_no_group-in_context-danceability-seed3,i4gqp6hk,2026-07-22T08:45:31Z,gbm_no_group,in_context,3,rmse,,0.1005654617738156,,0.1013258855570602,,,,,,,0.4380606481501048,12.0,0.0,20.0,32.0,255.0,-1.0,,,,,,,,,
gbm_no_group-in_context-danceability-seed3,ioi5qxdj,2026-07-22T08:42:11Z,gbm_no_group,in_context,3,rmse,,0.0985065238218036,,0.097768897430782,,,,,,,0.0109758154193801,495.0,0.0,20.0,32.0,1000.0,-1.0,,,,,,,,,
gbm_no_group-in_context-danceability-seed3,l4ca6zq7,2026-07-22T08:45:58Z,gbm_no_group,in_context,3,rmse,,0.1236274302099548,,0.1210660627872783,,,,,,,0.0310546307698111,499.0,0.0,1000.0,16.0,1000.0,-1.0,,,,,,,,,
gbm_no_group-in_context-danceability-seed3,l9a67cv8,2026-07-22T08:45:35Z,gbm_no_group,in_context,3,rmse,,0.1003386365310021,,0.099221805694298,,,,,,,0.0634627667122372,416.0,0.0,10.0,4.0,1000.0,-1.0,,,,,,,,,
gbm_no_group-in_context-danceability-seed3,osnqpdbx,2026-07-22T08:44:46Z,gbm_no_group,in_context,3,rmse,,0.0984133691145664,,0.0976372049238918,,,,,,,0.0988058664639341,133.0,0.0,20.0,16.0,255.0,-1.0,,,,,,,,,
gbm_no_group-in_context-danceability-seed3,ov1qrylf,2026-07-22T08:45:42Z,gbm_no_group,in_context,3,rmse,,0.0992832318483982,,0.0983727017098639,,,,,,,0.0182856525100933,496.0,1.0,100.0,16.0,1000.0,-1.0,,,,,,,,,
gbm_no_group-in_context-danceability-seed3,ovylw8gz,2026-07-22T08:43:15Z,gbm_no_group,in_context,3,rmse,,0.0989143174205589,,0.0978414286849501,,,,,,,0.0432480329052877,475.0,0.0,10.0,8.0,255.0,-1.0,,,,,,,,,
gbm_no_group-in_context-danceability-seed3,qbeacjjo,2026-07-22T08:44:39Z,gbm_no_group,in_context,3,rmse,,0.1067960706570164,,0.1056039043232131,,,,,,,0.0474589257602997,500.0,0.0,10.0,2.0,500.0,-1.0,,,,,,,,,
gbm_no_group-in_context-danceability-seed3,qihi7o7w,2026-07-22T08:44:32Z,gbm_no_group,in_context,3,rmse,,0.1037513240938356,,0.1029108917019999,,,,,,,0.1271700786387963,500.0,1.0,10.0,2.0,500.0,-1.0,,,,,,,,,
gbm_no_group-in_context-danceability-seed3,qntip9w8,2026-07-22T08:46:11Z,gbm_no_group,in_context,3,rmse,,0.1098004176974968,,0.1083540152857935,,,,,,,0.0298960963897528,500.0,1.0,20.0,2.0,500.0,-1.0,,,,,,,,,
gbm_no_group-in_context-danceability-seed3,rt7uvp7b,2026-07-22T08:45:01Z,gbm_no_group,in_context,3,rmse,,0.1235666844938732,,0.12096352625349,,,,,,,0.0347260839230521,498.0,0.0,1000.0,32.0,500.0,-1.0,,,,,,,,,
gbm_no_group-in_context-danceability-seed3,sew7g4g0,2026-07-22T08:44:20Z,gbm_no_group,in_context,3,rmse,,0.1020960898588353,,0.1013706474633927,,,,,,,0.0235110426118622,500.0,0.0,20.0,4.0,1000.0,-1.0,,,,,,,,,
gbm_no_group-in_context-danceability-seed3,t7p8g5yt,2026-07-22T08:44:05Z,gbm_no_group,in_context,3,rmse,,0.0998581787071757,,0.0986925858877306,,,,,,,0.0235714344093274,487.0,0.0,10.0,8.0,500.0,-1.0,,,,,,,,,
gbm_no_group-in_context-danceability-seed3,u6l27vpc,2026-07-22T08:42:37Z,gbm_no_group,in_context,3,rmse,,0.122286996591439,,0.1197148803004561,,,,,,,0.0817147891511586,493.0,0.0,1000.0,16.0,255.0,-1.0,,,,,,,,,
gbm_no_group-in_context-danceability-seed3,vx5g6x70,2026-07-22T08:46:27Z,gbm_no_group,in_context,3,rmse,,0.1223436823628913,,0.1198065617775117,,,,,,,0.0814494767975024,500.0,0.0,1000.0,8.0,255.0,-1.0,,,,,,,,,
gbm_no_group-in_context-danceability-seed3,xk6p2wyv,2026-07-22T08:44:51Z,gbm_no_group,in_context,3,rmse,,0.1225833097775747,,0.1200519804092292,,,,,,,0.0652352517670139,498.0,0.0,1000.0,16.0,500.0,-1.0,,,,,,,,,
gbm_no_group-in_context-danceability-seed4,0u3gy6w9,2026-07-22T08:51:32Z,gbm_no_group,in_context,4,rmse,,0.0989345908912128,,0.0969563494894383,,,,,,,0.1252065381499946,334.0,0.0,100.0,4.0,255.0,-1.0,,,,,,,,,
gbm_no_group-in_context-danceability-seed4,3zwikm6d,2026-07-22T08:58:30Z,gbm_no_group,in_context,4,rmse,,0.1012562751962126,,0.1005302617268496,,,,,,,0.1271700786387963,499.0,1.0,10.0,2.0,500.0,-1.0,,,,,,,,,
gbm_no_group-in_context-danceability-seed4,7hmvku40,2026-07-22T08:56:53Z,gbm_no_group,in_context,4,rmse,,0.1003364190175676,,0.0997648985303412,,,,,,,0.0235110426118622,499.0,0.0,20.0,4.0,1000.0,-1.0,,,,,,,,,
gbm_no_group-in_context-danceability-seed4,9yrrkp3v,2026-07-22T08:52:31Z,gbm_no_group,in_context,4,rmse,,0.098697374439797,,0.0979319899421779,,,,,,,0.0427421832403684,496.0,1.0,20.0,4.0,500.0,-1.0,,,,,,,,,
gbm_no_group-in_context-danceability-seed4,blueus8u,2026-07-22T08:55:28Z,gbm_no_group,in_context,4,rmse,,0.0990311801368534,,0.0976475928962412,,,,,,,0.0490572683068294,496.0,0.0,100.0,4.0,500.0,-1.0,,,,,,,,,
gbm_no_group-in_context-danceability-seed4,chdfvt8s,2026-07-22T08:54:27Z,gbm_no_group,in_context,4,rmse,,0.1180616702727572,,0.1187097940779433,,,,,,,0.250587007964955,185.0,1.0,1000.0,16.0,255.0,-1.0,,,,,,,,,
gbm_no_group-in_context-danceability-seed4,d91cyt0o,2026-07-22T08:52:14Z,gbm_no_group,in_context,4,rmse,,0.1182496385977308,,0.1191735928645949,,,,,,,0.0817147891511586,423.0,0.0,1000.0,16.0,255.0,-1.0,,,,,,,,,
gbm_no_group-in_context-danceability-seed4,d9ztjjmk,2026-07-22T08:55:25Z,gbm_no_group,in_context,4,rmse,,0.0990984744636539,,0.0977411717600212,,,,,,,0.2482318741925865,137.0,1.0,20.0,4.0,500.0,-1.0,,,,,,,,,
gbm_no_group-in_context-danceability-seed4,dsb4vd17,2026-07-22T09:03:50Z,gbm_no_group,in_context,4,rmse,,0.1028723263589288,,0.1033136988071158,,,,,,,0.013859244495551,500.0,0.0,100.0,4.0,500.0,-1.0,,,,,,,,,
gbm_no_group-in_context-danceability-seed4,g50bjuhj,2026-07-22T08:55:59Z,gbm_no_group,in_context,4,rmse,,0.0971572394479161,,0.0954920000094594,,,,,,,0.1183473185096848,123.0,1.0,20.0,32.0,255.0,-1.0,,,,,,,,,
gbm_no_group-in_context-danceability-seed4,gh1qrxe1,2026-07-22T09:01:02Z,gbm_no_group,in_context,4,rmse,,0.1023014960253905,,0.1021632024398599,,,,,,,0.0725779803885817,499.0,1.0,10.0,2.0,500.0,-1.0,,,,,,,,,
gbm_no_group-in_context-danceability-seed4,gprdhsgy,2026-07-22T09:00:21Z,gbm_no_group,in_context,4,rmse,,0.1191019250969293,,0.1199646127255764,,,,,,,0.0347260839230521,496.0,0.0,1000.0,32.0,500.0,-1.0,,,,,,,,,
gbm_no_group-in_context-danceability-seed4,i3za9v47,2026-07-22T08:53:39Z,gbm_no_group,in_context,4,rmse,,0.1213368604526796,,0.1217019218746174,,,,,,,0.1489449797127196,336.0,1.0,1000.0,2.0,255.0,-1.0,,,,,,,,,
gbm_no_group-in_context-danceability-seed4,jn1o93kz,2026-07-22T08:54:46Z,gbm_no_group,in_context,4,rmse,,0.1014952623391567,,0.1009889415187145,,,,,,,0.4096264371525448,196.0,0.0,100.0,2.0,255.0,-1.0,,,,,,,,,
gbm_no_group-in_context-danceability-seed4,k3w9sam7,2026-07-22T08:52:39Z,gbm_no_group,in_context,4,rmse,,0.1197315705214352,,0.1204983465757464,,,,,,,0.0247266182197764,500.0,1.0,1000.0,4.0,500.0,-1.0,,,,,,,,,
gbm_no_group-in_context-danceability-seed4,kmki4bk0,2026-07-22T09:03:00Z,gbm_no_group,in_context,4,rmse,,0.1074465238809748,,0.1079938153407419,,,,,,,0.8668489138169221,3.0,0.0,10.0,32.0,1000.0,-1.0,,,,,,,,,
gbm_no_group-in_context-danceability-seed4,ltfwajai,2026-07-22T08:52:57Z,gbm_no_group,in_context,4,rmse,,0.0971038177593898,,0.0961961773917969,,,,,,,0.0432480329052877,500.0,0.0,10.0,8.0,255.0,-1.0,,,,,,,,,
gbm_no_group-in_context-danceability-seed4,mhhnoqt4,2026-07-22T09:03:25Z,gbm_no_group,in_context,4,rmse,,0.1063733698766152,,0.1074094459282569,,,,,,,0.0298960963897528,500.0,1.0,20.0,2.0,500.0,-1.0,,,,,,,,,
gbm_no_group-in_context-danceability-seed4,npk5tayi,2026-07-22T09:00:11Z,gbm_no_group,in_context,4,rmse,,0.1182233344931824,,0.1189923931854009,,,,,,,0.0652352517670139,496.0,0.0,1000.0,16.0,500.0,-1.0,,,,,,,,,
gbm_no_group-in_context-danceability-seed4,p0eipd7o,2026-07-22T09:03:59Z,gbm_no_group,in_context,4,rmse,,0.1181672066604276,,0.1191582443476384,,,,,,,0.0814494767975024,409.0,0.0,1000.0,8.0,255.0,-1.0,,,,,,,,,
gbm_no_group-in_context-danceability-seed4,rsep9hxx,2026-07-22T08:55:49Z,gbm_no_group,in_context,4,rmse,,0.0979470281766148,,0.0973085120897856,,,,,,,0.0235714344093274,499.0,0.0,10.0,8.0,500.0,-1.0,,,,,,,,,
gbm_no_group-in_context-danceability-seed4,s0anebm1,2026-07-22T09:01:35Z,gbm_no_group,in_context,4,rmse,,0.1023932477901078,,0.0989035773058384,,,,,,,0.4380606481501048,12.0,0.0,20.0,32.0,255.0,-1.0,,,,,,,,,
gbm_no_group-in_context-danceability-seed4,sxxmsk9p,2026-07-22T08:57:36Z,gbm_no_group,in_context,4,rmse,,0.102680302308898,,0.100791371517435,,,,,,,0.5342090140143507,14.0,1.0,20.0,32.0,500.0,-1.0,,,,,,,,,
gbm_no_group-in_context-danceability-seed4,trpqmf9z,2026-07-22T09:02:04Z,gbm_no_group,in_context,4,rmse,,0.0981423324596713,,0.0960626295661241,,,,,,,0.0182856525100933,498.0,1.0,100.0,16.0,1000.0,-1.0,,,,,,,,,
gbm_no_group-in_context-danceability-seed4,uss90z0g,2026-07-22T09:01:39Z,gbm_no_group,in_context,4,rmse,,0.0979787748010002,,0.097211009126651,,,,,,,0.0634627667122372,498.0,0.0,10.0,4.0,1000.0,-1.0,,,,,,,,,
gbm_no_group-in_context-danceability-seed4,vud1n1wg,2026-07-22T09:01:09Z,gbm_no_group,in_context,4,rmse,,0.102786909625528,,0.1008006217837323,,,,,,,0.6428191198097525,21.0,1.0,20.0,8.0,500.0,-1.0,,,,,,,,,
gbm_no_group-in_context-danceability-seed4,w9o9odu2,2026-07-22T09:02:35Z,gbm_no_group,in_context,4,rmse,,0.1190069559590712,,0.1200225641385096,,,,,,,0.0310546307698111,496.0,0.0,1000.0,16.0,1000.0,-1.0,,,,,,,,,
gbm_no_group-in_context-danceability-seed4,wea9f0wq,2026-07-22T08:51:54Z,gbm_no_group,in_context,4,rmse,,0.0977015361406461,,0.0955317843421414,,,,,,,0.0109758154193801,499.0,0.0,20.0,32.0,1000.0,-1.0,,,,,,,,,
gbm_no_group-in_context-danceability-seed4,xg3wek2n,2026-07-22T09:00:52Z,gbm_no_group,in_context,4,rmse,,0.1191868854222178,,0.1200917068033569,,,,,,,0.0330251750818893,500.0,1.0,1000.0,4.0,255.0,-1.0,,,,,,,,,
gbm_no_group-in_context-danceability-seed4,z21lpzsh,2026-07-22T08:59:33Z,gbm_no_group,in_context,4,rmse,,0.0975145301642034,,0.0960529595116254,,,,,,,0.0988058664639341,88.0,0.0,20.0,16.0,255.0,-1.0,,,,,,,,,
gbm_no_group-in_context-danceability-seed4,zkrjno0y,2026-07-22T08:58:56Z,gbm_no_group,in_context,4,rmse,,0.1038266469144119,,0.104144173724406,,,,,,,0.0474589257602997,499.0,0.0,10.0,2.0,500.0,-1.0,,,,,,,,,
gbm_no_group-in_context-danceability-seed4,ztoytqnc,2026-07-22T08:54:42Z,gbm_no_group,in_context,4,rmse,,0.1183246887969539,,0.1191396904782354,,,,,,,0.2090966500355389,184.0,1.0,1000.0,64.0,1000.0,-1.0,,,,,,,,,
gbm_no_group-few_shot-danceability-seed0,11cm1ruf,2026-07-21T07:49:37Z,gbm_no_group,few_shot,0,rmse,,0.1205600108929349,,0.133487653789881,,,,,,,0.250587007964955,218.0,1.0,1000.0,16.0,255.0,-1.0,,,,,,,,,
gbm_no_group-few_shot-danceability-seed0,36fai435,2026-07-21T07:52:26Z,gbm_no_group,few_shot,0,rmse,,0.1046749509467386,,0.1157916709152642,,,,,,,0.6428191198097525,27.0,1.0,20.0,8.0,500.0,-1.0,,,,,,,,,
gbm_no_group-few_shot-danceability-seed0,399fl53n,2026-07-21T07:53:13Z,gbm_no_group,few_shot,0,rmse,,0.1060857269915156,,0.1164885835562487,,,,,,,0.013859244495551,500.0,0.0,100.0,4.0,500.0,-1.0,,,,,,,,,
gbm_no_group-few_shot-danceability-seed0,3be8syxu,2026-07-21T07:48:42Z,gbm_no_group,few_shot,0,rmse,,0.121043339191618,,0.1339549521845635,,,,,,,0.0817147891511586,499.0,0.0,1000.0,16.0,255.0,-1.0,,,,,,,,,
gbm_no_group-few_shot-danceability-seed0,4didcnsr,2026-07-21T07:49:17Z,gbm_no_group,few_shot,0,rmse,,0.1231450123776306,,0.1379070880867778,,,,,,,0.0247266182197764,500.0,1.0,1000.0,4.0,500.0,-1.0,,,,,,,,,
gbm_no_group-few_shot-danceability-seed0,9c5qux3p,2026-07-21T07:49:31Z,gbm_no_group,few_shot,0,rmse,,0.1233957073826948,,0.1374156861589974,,,,,,,0.1489449797127196,356.0,1.0,1000.0,2.0,255.0,-1.0,,,,,,,,,
gbm_no_group-few_shot-danceability-seed0,9j6c5gfz,2026-07-21T07:49:55Z,gbm_no_group,few_shot,0,rmse,,0.1037771610571726,,0.1132273980970577,,,,,,,0.4096264371525448,209.0,0.0,100.0,2.0,255.0,-1.0,,,,,,,,,
gbm_no_group-few_shot-danceability-seed0,c20imqyo,2026-07-21T07:49:50Z,gbm_no_group,few_shot,0,rmse,,0.1208225224326798,,0.133872164395736,,,,,,,0.2090966500355389,235.0,1.0,1000.0,64.0,1000.0,-1.0,,,,,,,,,
gbm_no_group-few_shot-danceability-seed0,ejmsco9s,2026-07-21T07:49:59Z,gbm_no_group,few_shot,0,rmse,,0.1018816178803753,,0.1104176584676532,,,,,,,0.2482318741925865,132.0,1.0,20.0,4.0,500.0,-1.0,,,,,,,,,
gbm_no_group-few_shot-danceability-seed0,eltycnyo,2026-07-21T07:51:45Z,gbm_no_group,few_shot,0,rmse,,0.1212961053165049,,0.1345704888512664,,,,,,,0.0652352517670139,496.0,0.0,1000.0,16.0,500.0,-1.0,,,,,,,,,
gbm_no_group-few_shot-danceability-seed0,ezo9cm2x,2026-07-21T07:53:02Z,gbm_no_group,few_shot,0,rmse,,0.1165804117947358,,0.1214429424673267,,,,,,,0.8668489138169221,2.0,0.0,10.0,32.0,1000.0,-1.0,,,,,,,,,
gbm_no_group-few_shot-danceability-seed0,f4jgude4,2026-07-21T07:51:04Z,gbm_no_group,few_shot,0,rmse,,0.1029675880380327,,0.11279612275501,,,,,,,0.0235110426118622,497.0,0.0,20.0,4.0,1000.0,-1.0,,,,,,,,,
gbm_no_group-few_shot-danceability-seed0,glg1lu7o,2026-07-21T07:52:37Z,gbm_no_group,few_shot,0,rmse,,0.1012919180899192,,0.1102300234858786,,,,,,,0.0634627667122372,386.0,0.0,10.0,4.0,1000.0,-1.0,,,,,,,,,
gbm_no_group-few_shot-danceability-seed0,hc4idhid,2026-07-21T07:53:21Z,gbm_no_group,few_shot,0,rmse,,0.1211725184305041,,0.1339915561812495,,,,,,,0.0814494767975024,467.0,0.0,1000.0,8.0,255.0,-1.0,,,,,,,,,
gbm_no_group-few_shot-danceability-seed0,hnreojqg,2026-07-21T07:52:20Z,gbm_no_group,few_shot,0,rmse,,0.1046147337626427,,0.114674760492421,,,,,,,0.0725779803885817,499.0,1.0,10.0,2.0,500.0,-1.0,,,,,,,,,
gbm_no_group-few_shot-danceability-seed0,m2l7ra9o,2026-07-21T07:48:21Z,gbm_no_group,few_shot,0,rmse,,0.102007154059821,,0.1111195530542456,,,,,,,0.1252065381499946,167.0,0.0,100.0,4.0,255.0,-1.0,,,,,,,,,
gbm_no_group-few_shot-danceability-seed0,nfltgyha,2026-07-21T07:51:20Z,gbm_no_group,few_shot,0,rmse,,0.1061021528140536,,0.1142985232221307,,,,,,,0.5342090140143507,9.0,1.0,20.0,32.0,500.0,-1.0,,,,,,,,,
gbm_no_group-few_shot-danceability-seed0,npnr3naj,2026-07-21T07:50:51Z,gbm_no_group,few_shot,0,rmse,,0.1024913314102611,,0.1105448962310156,,,,,,,0.1183473185096848,46.0,1.0,20.0,32.0,255.0,-1.0,,,,,,,,,
gbm_no_group-few_shot-danceability-seed0,ntj171rb,2026-07-21T07:50:35Z,gbm_no_group,few_shot,0,rmse,,0.1016341118610031,,0.1105782274725906,,,,,,,0.0490572683068294,444.0,0.0,100.0,4.0,500.0,-1.0,,,,,,,,,
gbm_no_group-few_shot-danceability-seed0,ph3k8t9n,2026-07-21T07:51:28Z,gbm_no_group,few_shot,0,rmse,,0.1033546283190538,,0.1135296677404921,,,,,,,0.1271700786387963,479.0,1.0,10.0,2.0,500.0,-1.0,,,,,,,,,
gbm_no_group-few_shot-danceability-seed0,qx68a2tj,2026-07-21T07:52:43Z,gbm_no_group,few_shot,0,rmse,,0.1017327930980765,,0.1097519026642841,,,,,,,0.0182856525100933,408.0,1.0,100.0,16.0,1000.0,-1.0,,,,,,,,,
gbm_no_group-few_shot-danceability-seed0,r578wk89,2026-07-21T07:52:00Z,gbm_no_group,few_shot,0,rmse,,0.1223940636090005,,0.1364738243707965,,,,,,,0.0330251750818893,500.0,1.0,1000.0,4.0,255.0,-1.0,,,,,,,,,
gbm_no_group-few_shot-danceability-seed0,s6yq0d0f,2026-07-21T07:52:54Z,gbm_no_group,few_shot,0,rmse,,0.1225354354151427,,0.1368308457718033,,,,,,,0.0310546307698111,499.0,0.0,1000.0,16.0,1000.0,-1.0,,,,,,,,,
gbm_no_group-few_shot-danceability-seed0,te5wuvj4,2026-07-21T07:51:41Z,gbm_no_group,few_shot,0,rmse,,0.1006215556853127,,0.1092720889696712,,,,,,,0.0988058664639341,100.0,0.0,20.0,16.0,255.0,-1.0,,,,,,,,,
gbm_no_group-few_shot-danceability-seed0,umjs4zbh,2026-07-21T07:51:53Z,gbm_no_group,few_shot,0,rmse,,0.1224150084180876,,0.136554193914905,,,,,,,0.0347260839230521,500.0,0.0,1000.0,32.0,500.0,-1.0,,,,,,,,,
gbm_no_group-few_shot-danceability-seed0,vdj59uy9,2026-07-21T07:48:49Z,gbm_no_group,few_shot,0,rmse,,0.1014576800536046,,0.1105470259460388,,,,,,,0.0427421832403684,499.0,1.0,20.0,4.0,500.0,-1.0,,,,,,,,,
gbm_no_group-few_shot-danceability-seed0,w0ort8lv,2026-07-21T07:52:30Z,gbm_no_group,few_shot,0,rmse,,0.1052680327533234,,0.1134770384072403,,,,,,,0.4380606481501048,8.0,0.0,20.0,32.0,255.0,-1.0,,,,,,,,,
gbm_no_group-few_shot-danceability-seed0,w3dgprz9,2026-07-21T07:50:42Z,gbm_no_group,few_shot,0,rmse,,0.1007669004897777,,0.110179024594914,,,,,,,0.0235714344093274,499.0,0.0,10.0,8.0,500.0,-1.0,,,,,,,,,
gbm_no_group-few_shot-danceability-seed0,wegyq5au,2026-07-21T07:48:25Z,gbm_no_group,few_shot,0,rmse,,0.1012769731112168,,0.1096376628951761,,,,,,,0.0109758154193801,499.0,0.0,20.0,32.0,1000.0,-1.0,,,,,,,,,
gbm_no_group-few_shot-danceability-seed0,xe4cvvho,2026-07-21T07:51:34Z,gbm_no_group,few_shot,0,rmse,,0.1065238637895177,,0.1167447509358103,,,,,,,0.0474589257602997,500.0,0.0,10.0,2.0,500.0,-1.0,,,,,,,,,
gbm_no_group-few_shot-danceability-seed0,yazgm4cp,2026-07-21T07:49:24Z,gbm_no_group,few_shot,0,rmse,,0.1005706841742,,0.1098697115142772,,,,,,,0.0432480329052877,371.0,0.0,10.0,8.0,255.0,-1.0,,,,,,,,,
gbm_no_group-few_shot-danceability-seed0,yzusv2no,2026-07-21T07:53:06Z,gbm_no_group,few_shot,0,rmse,,0.1094808264523471,,0.1203113169969375,,,,,,,0.0298960963897528,500.0,1.0,20.0,2.0,500.0,-1.0,,,,,,,,,
gbm_no_group-few_shot-danceability-seed1,02ge1ihv,2026-07-21T08:01:03Z,gbm_no_group,few_shot,1,rmse,,0.1059705296877535,,0.099868803780524,,,,,,,0.013859244495551,500.0,0.0,100.0,4.0,500.0,-1.0,,,,,,,,,
gbm_no_group-few_shot-danceability-seed1,10i4wr8v,2026-07-21T07:59:00Z,gbm_no_group,few_shot,1,rmse,,0.1049997754056425,,0.0970432822428898,,,,,,,0.4096264371525448,110.0,0.0,100.0,2.0,255.0,-1.0,,,,,,,,,
gbm_no_group-few_shot-danceability-seed1,1xq4lan3,2026-07-21T07:59:07Z,gbm_no_group,few_shot,1,rmse,,0.1017760274713742,,0.0954258072988574,,,,,,,0.0490572683068294,483.0,0.0,100.0,4.0,500.0,-1.0,,,,,,,,,
gbm_no_group-few_shot-danceability-seed1,20ghbo75,2026-07-21T07:59:45Z,gbm_no_group,few_shot,1,rmse,,0.1070470554215028,,0.0998421582821819,,,,,,,0.0474589257602997,489.0,0.0,10.0,2.0,500.0,-1.0,,,,,,,,,
gbm_no_group-few_shot-danceability-seed1,2c84pju9,2026-07-21T08:00:53Z,gbm_no_group,few_shot,1,rmse,,0.1109105487549337,,0.1072955513549565,,,,,,,0.8668489138169221,3.0,0.0,10.0,32.0,1000.0,-1.0,,,,,,,,,
gbm_no_group-few_shot-danceability-seed1,3yreyn0x,2026-07-21T08:01:11Z,gbm_no_group,few_shot,1,rmse,,0.120978738617061,,0.120742979360432,,,,,,,0.0814494767975024,279.0,0.0,1000.0,8.0,255.0,-1.0,,,,,,,,,
gbm_no_group-few_shot-danceability-seed1,5clggemh,2026-07-21T08:00:56Z,gbm_no_group,few_shot,1,rmse,,0.1091712275186278,,0.1031369340988742,,,,,,,0.0298960963897528,497.0,1.0,20.0,2.0,500.0,-1.0,,,,,,,,,
gbm_no_group-few_shot-danceability-seed1,bd5dogdl,2026-07-21T07:58:47Z,gbm_no_group,few_shot,1,rmse,,0.1223373926473563,,0.1221081707427692,,,,,,,0.1489449797127196,206.0,1.0,1000.0,2.0,255.0,-1.0,,,,,,,,,
gbm_no_group-few_shot-danceability-seed1,djb7tnez,2026-07-21T07:59:03Z,gbm_no_group,few_shot,1,rmse,,0.1012539580463166,,0.0956879863597261,,,,,,,0.2482318741925865,114.0,1.0,20.0,4.0,500.0,-1.0,,,,,,,,,
gbm_no_group-few_shot-danceability-seed1,dy3tznnz,2026-07-21T08:00:18Z,gbm_no_group,few_shot,1,rmse,,0.105925485166055,,0.098178242747063,,,,,,,0.0725779803885817,498.0,1.0,10.0,2.0,500.0,-1.0,,,,,,,,,
gbm_no_group-few_shot-danceability-seed1,dy4e6px3,2026-07-21T07:58:51Z,gbm_no_group,few_shot,1,rmse,,0.1212265282514687,,0.1202443093653829,,,,,,,0.250587007964955,125.0,1.0,1000.0,16.0,255.0,-1.0,,,,,,,,,
gbm_no_group-few_shot-danceability-seed1,errtlk2q,2026-07-21T08:00:11Z,gbm_no_group,few_shot,1,rmse,,0.1214456406093548,,0.1224317234035584,,,,,,,0.0330251750818893,430.0,1.0,1000.0,4.0,255.0,-1.0,,,,,,,,,
gbm_no_group-few_shot-danceability-seed1,f7f6to6a,2026-07-21T07:58:04Z,gbm_no_group,few_shot,1,rmse,,0.1018752152478211,,0.0952539158765129,,,,,,,0.1252065381499946,196.0,0.0,100.0,4.0,255.0,-1.0,,,,,,,,,
gbm_no_group-few_shot-danceability-seed1,fbfpy1ej,2026-07-21T07:58:56Z,gbm_no_group,few_shot,1,rmse,,0.1210262907175601,,0.1205112724954325,,,,,,,0.2090966500355389,124.0,1.0,1000.0,64.0,1000.0,-1.0,,,,,,,,,
gbm_no_group-few_shot-danceability-seed1,he7i2c5n,2026-07-21T07:59:39Z,gbm_no_group,few_shot,1,rmse,,0.1050406892317611,,0.0969894513073805,,,,,,,0.1271700786387963,466.0,1.0,10.0,2.0,500.0,-1.0,,,,,,,,,
gbm_no_group-few_shot-danceability-seed1,ibxm2p0i,2026-07-21T08:00:28Z,gbm_no_group,few_shot,1,rmse,,0.1051904581377187,,0.1005167970110047,,,,,,,0.4380606481501048,8.0,0.0,20.0,32.0,255.0,-1.0,,,,,,,,,
gbm_no_group-few_shot-danceability-seed1,iu1hivun,2026-07-21T08:00:31Z,gbm_no_group,few_shot,1,rmse,,0.1027136034783067,,0.0952785804221951,,,,,,,0.0634627667122372,343.0,0.0,10.0,4.0,1000.0,-1.0,,,,,,,,,
gbm_no_group-few_shot-danceability-seed1,j22mr5p2,2026-07-21T08:00:01Z,gbm_no_group,few_shot,1,rmse,,0.1213190919220726,,0.1216682056650246,,,,,,,0.0347260839230521,495.0,0.0,1000.0,32.0,500.0,-1.0,,,,,,,,,
gbm_no_group-few_shot-danceability-seed1,j9th6wab,2026-07-21T07:59:35Z,gbm_no_group,few_shot,1,rmse,,0.1068704116220893,,0.1004160144068629,,,,,,,0.5342090140143507,6.0,1.0,20.0,32.0,500.0,-1.0,,,,,,,,,
gbm_no_group-few_shot-danceability-seed1,jros9hqd,2026-07-21T08:00:45Z,gbm_no_group,few_shot,1,rmse,,0.1213368559736987,,0.1223993756749174,,,,,,,0.0310546307698111,457.0,0.0,1000.0,16.0,1000.0,-1.0,,,,,,,,,
gbm_no_group-few_shot-danceability-seed1,ka012i35,2026-07-21T07:59:55Z,gbm_no_group,few_shot,1,rmse,,0.1210988889911474,,0.1212785827445006,,,,,,,0.0652352517670139,292.0,0.0,1000.0,16.0,500.0,-1.0,,,,,,,,,
gbm_no_group-few_shot-danceability-seed1,n7mrsg24,2026-07-21T08:00:25Z,gbm_no_group,few_shot,1,rmse,,0.1065035745486441,,0.1020862621729775,,,,,,,0.6428191198097525,10.0,1.0,20.0,8.0,500.0,-1.0,,,,,,,,,
gbm_no_group-few_shot-danceability-seed1,nlnt8kpe,2026-07-21T07:58:25Z,gbm_no_group,few_shot,1,rmse,,0.1018263197479864,,0.0954425824562965,,,,,,,0.0427421832403684,495.0,1.0,20.0,4.0,500.0,-1.0,,,,,,,,,
gbm_no_group-few_shot-danceability-seed1,ohp4qruw,2026-07-21T07:58:42Z,gbm_no_group,few_shot,1,rmse,,0.1021661475628396,,0.0959285956821412,,,,,,,0.0432480329052877,212.0,0.0,10.0,8.0,255.0,-1.0,,,,,,,,,
gbm_no_group-few_shot-danceability-seed1,ra1zuvi9,2026-07-21T08:00:38Z,gbm_no_group,few_shot,1,rmse,,0.1022148599274627,,0.0965060089552464,,,,,,,0.0182856525100933,295.0,1.0,100.0,16.0,1000.0,-1.0,,,,,,,,,
gbm_no_group-few_shot-danceability-seed1,s79tr2f7,2026-07-21T07:58:20Z,gbm_no_group,few_shot,1,rmse,,0.1211530055127634,,0.1213192899686451,,,,,,,0.0817147891511586,230.0,0.0,1000.0,16.0,255.0,-1.0,,,,,,,,,
gbm_no_group-few_shot-danceability-seed1,t64mjfjz,2026-07-21T07:58:33Z,gbm_no_group,few_shot,1,rmse,,0.1215329762957657,,0.1227845310871626,,,,,,,0.0247266182197764,500.0,1.0,1000.0,4.0,500.0,-1.0,,,,,,,,,
gbm_no_group-few_shot-danceability-seed1,uwhw8o22,2026-07-21T07:59:23Z,gbm_no_group,few_shot,1,rmse,,0.1030857658550551,,0.0987951918261085,,,,,,,0.1183473185096848,40.0,1.0,20.0,32.0,255.0,-1.0,,,,,,,,,
gbm_no_group-few_shot-danceability-seed1,wc83y2t0,2026-07-21T07:59:26Z,gbm_no_group,few_shot,1,rmse,,0.1035680384515936,,0.09711185038595,,,,,,,0.0235110426118622,500.0,0.0,20.0,4.0,1000.0,-1.0,,,,,,,,,
gbm_no_group-few_shot-danceability-seed1,wp36tnb9,2026-07-21T07:59:15Z,gbm_no_group,few_shot,1,rmse,,0.1021435270369219,,0.0955654432678982,,,,,,,0.0235714344093274,442.0,0.0,10.0,8.0,500.0,-1.0,,,,,,,,,
gbm_no_group-few_shot-danceability-seed1,wxgcry6p,2026-07-21T07:58:08Z,gbm_no_group,few_shot,1,rmse,,0.1020397858154799,,0.0977125496781173,,,,,,,0.0109758154193801,376.0,0.0,20.0,32.0,1000.0,-1.0,,,,,,,,,
gbm_no_group-few_shot-danceability-seed1,zkiqdr8u,2026-07-21T07:59:51Z,gbm_no_group,few_shot,1,rmse,,0.1018580766494591,,0.0966993288304102,,,,,,,0.0988058664639341,64.0,0.0,20.0,16.0,255.0,-1.0,,,,,,,,,
gbm_no_group-few_shot-danceability-seed2,0ncefjw6,2026-07-21T08:11:57Z,gbm_no_group,few_shot,2,rmse,,0.1262439084786413,,0.1112704240544631,,,,,,,0.0347260839230521,493.0,0.0,1000.0,32.0,500.0,-1.0,,,,,,,,,
gbm_no_group-few_shot-danceability-seed2,1jrtga63,2026-07-21T08:13:55Z,gbm_no_group,few_shot,2,rmse,,0.1117442240182158,,0.0933146510051178,,,,,,,0.0634627667122372,205.0,0.0,10.0,4.0,1000.0,-1.0,,,,,,,,,
gbm_no_group-few_shot-danceability-seed2,5n2wgtgv,2026-07-21T08:11:53Z,gbm_no_group,few_shot,2,rmse,,0.1262281188501152,,0.1111225692345263,,,,,,,0.0652352517670139,275.0,0.0,1000.0,16.0,500.0,-1.0,,,,,,,,,
gbm_no_group-few_shot-danceability-seed2,69xg29ic,2026-07-21T08:13:48Z,gbm_no_group,few_shot,2,rmse,,0.1145388787057678,,0.0973963687715131,,,,,,,0.6428191198097525,12.0,1.0,20.0,8.0,500.0,-1.0,,,,,,,,,
gbm_no_group-few_shot-danceability-seed2,6k5anfgk,2026-07-21T08:08:38Z,gbm_no_group,few_shot,2,rmse,,0.1099212564747223,,0.0921773538592319,,,,,,,0.0432480329052877,184.0,0.0,10.0,8.0,255.0,-1.0,,,,,,,,,
gbm_no_group-few_shot-danceability-seed2,9csac62g,2026-07-21T08:10:56Z,gbm_no_group,few_shot,2,rmse,,0.1113383797801025,,0.0932266201250387,,,,,,,0.0235110426118622,498.0,0.0,20.0,4.0,1000.0,-1.0,,,,,,,,,
gbm_no_group-few_shot-danceability-seed2,az1s9a0i,2026-07-21T08:08:53Z,gbm_no_group,few_shot,2,rmse,,0.1123019551345657,,0.0945541962577457,,,,,,,0.4096264371525448,140.0,0.0,100.0,2.0,255.0,-1.0,,,,,,,,,
gbm_no_group-few_shot-danceability-seed2,ck33giol,2026-07-21T08:07:00Z,gbm_no_group,few_shot,2,rmse,,0.1093744164755073,,0.0923885768252534,,,,,,,0.0109758154193801,388.0,0.0,20.0,32.0,1000.0,-1.0,,,,,,,,,
gbm_no_group-few_shot-danceability-seed2,csmaeeki,2026-07-21T08:12:05Z,gbm_no_group,few_shot,2,rmse,,0.1262606389588633,,0.1113899507824113,,,,,,,0.0330251750818893,497.0,1.0,1000.0,4.0,255.0,-1.0,,,,,,,,,
gbm_no_group-few_shot-danceability-seed2,ddg6c9l8,2026-07-21T08:07:16Z,gbm_no_group,few_shot,2,rmse,,0.1112832809986966,,0.0925575255573741,,,,,,,0.0427421832403684,331.0,1.0,20.0,4.0,500.0,-1.0,,,,,,,,,
gbm_no_group-few_shot-danceability-seed2,eniofu8e,2026-07-21T08:13:51Z,gbm_no_group,few_shot,2,rmse,,0.1119715232564248,,0.0950926201132714,,,,,,,0.4380606481501048,7.0,0.0,20.0,32.0,255.0,-1.0,,,,,,,,,
gbm_no_group-few_shot-danceability-seed2,f3kb7lc4,2026-07-21T08:13:59Z,gbm_no_group,few_shot,2,rmse,,0.1096113071041992,,0.0915401588386332,,,,,,,0.0182856525100933,374.0,1.0,100.0,16.0,1000.0,-1.0,,,,,,,,,
gbm_no_group-few_shot-danceability-seed2,f6poqr0p,2026-07-21T08:15:15Z,gbm_no_group,few_shot,2,rmse,,0.1163085688687237,,0.0994425446486287,,,,,,,0.0298960963897528,500.0,1.0,20.0,2.0,500.0,-1.0,,,,,,,,,
gbm_no_group-few_shot-danceability-seed2,g2r3yewe,2026-07-21T08:10:52Z,gbm_no_group,few_shot,2,rmse,,0.1104199148438998,,0.0929474183180632,,,,,,,0.1183473185096848,44.0,1.0,20.0,32.0,255.0,-1.0,,,,,,,,,
gbm_no_group-few_shot-danceability-seed2,ifrvaits,2026-07-21T08:09:36Z,gbm_no_group,few_shot,2,rmse,,0.1105682536638973,,0.0917260751931781,,,,,,,0.0490572683068294,368.0,0.0,100.0,4.0,500.0,-1.0,,,,,,,,,
gbm_no_group-few_shot-danceability-seed2,ikixhu8v,2026-07-21T08:07:11Z,gbm_no_group,few_shot,2,rmse,,0.1260624433701321,,0.1111686691953895,,,,,,,0.0817147891511586,230.0,0.0,1000.0,16.0,255.0,-1.0,,,,,,,,,
gbm_no_group-few_shot-danceability-seed2,kagsq3d5,2026-07-21T08:11:03Z,gbm_no_group,few_shot,2,rmse,,0.1151127658330014,,0.0970614410145914,,,,,,,0.5342090140143507,6.0,1.0,20.0,32.0,500.0,-1.0,,,,,,,,,
gbm_no_group-few_shot-danceability-seed2,la2366hb,2026-07-21T08:06:56Z,gbm_no_group,few_shot,2,rmse,,0.1099605336664082,,0.091301187026089,,,,,,,0.1252065381499946,218.0,0.0,100.0,4.0,255.0,-1.0,,,,,,,,,
gbm_no_group-few_shot-danceability-seed2,mjs1xjsz,2026-07-21T08:15:46Z,gbm_no_group,few_shot,2,rmse,,0.1262180105362927,,0.1112935512021058,,,,,,,0.0814494767975024,213.0,0.0,1000.0,8.0,255.0,-1.0,,,,,,,,,
gbm_no_group-few_shot-danceability-seed2,niot5rsy,2026-07-21T08:10:17Z,gbm_no_group,few_shot,2,rmse,,0.1102354780530209,,0.0921637966903368,,,,,,,0.0235714344093274,365.0,0.0,10.0,8.0,500.0,-1.0,,,,,,,,,
gbm_no_group-few_shot-danceability-seed2,och2oj15,2026-07-21T08:11:07Z,gbm_no_group,few_shot,2,rmse,,0.1130770861613601,,0.0948415768167901,,,,,,,0.1271700786387963,328.0,1.0,10.0,2.0,500.0,-1.0,,,,,,,,,
gbm_no_group-few_shot-danceability-seed2,octcjg9u,2026-07-21T08:08:46Z,gbm_no_group,few_shot,2,rmse,,0.1260871439332122,,0.1113553876458306,,,,,,,0.250587007964955,74.0,1.0,1000.0,16.0,255.0,-1.0,,,,,,,,,
gbm_no_group-few_shot-danceability-seed2,oqkgljl0,2026-07-21T08:15:12Z,gbm_no_group,few_shot,2,rmse,,0.1206327271112503,,0.1019320741498594,,,,,,,0.8668489138169221,2.0,0.0,10.0,32.0,1000.0,-1.0,,,,,,,,,
gbm_no_group-few_shot-danceability-seed2,qrxxielg,2026-07-21T08:08:31Z,gbm_no_group,few_shot,2,rmse,,0.1266947789989425,,0.1121993597668301,,,,,,,0.0247266182197764,495.0,1.0,1000.0,4.0,500.0,-1.0,,,,,,,,,
gbm_no_group-few_shot-danceability-seed2,qus6vdoj,2026-07-21T08:15:21Z,gbm_no_group,few_shot,2,rmse,,0.1138028835134381,,0.0959037614390178,,,,,,,0.013859244495551,500.0,0.0,100.0,4.0,500.0,-1.0,,,,,,,,,
gbm_no_group-few_shot-danceability-seed2,sj5p1skv,2026-07-21T08:11:17Z,gbm_no_group,few_shot,2,rmse,,0.1100015798400754,,0.0926641466450671,,,,,,,0.0988058664639341,58.0,0.0,20.0,16.0,255.0,-1.0,,,,,,,,,
gbm_no_group-few_shot-danceability-seed2,tva4yqde,2026-07-21T08:14:35Z,gbm_no_group,few_shot,2,rmse,,0.1263460544297076,,0.1113104560952135,,,,,,,0.0310546307698111,491.0,0.0,1000.0,16.0,1000.0,-1.0,,,,,,,,,
gbm_no_group-few_shot-danceability-seed2,x1nyyc2s,2026-07-21T08:08:57Z,gbm_no_group,few_shot,2,rmse,,0.1109191883838783,,0.0910199547627546,,,,,,,0.2482318741925865,78.0,1.0,20.0,4.0,500.0,-1.0,,,,,,,,,
gbm_no_group-few_shot-danceability-seed2,x8761zpr,2026-07-21T08:13:32Z,gbm_no_group,few_shot,2,rmse,,0.1133134461654052,,0.0952690974801405,,,,,,,0.0725779803885817,492.0,1.0,10.0,2.0,500.0,-1.0,,,,,,,,,
gbm_no_group-few_shot-danceability-seed2,xrnaus70,2026-07-21T08:08:49Z,gbm_no_group,few_shot,2,rmse,,0.1265820966758108,,0.1105765018758724,,,,,,,0.2090966500355389,91.0,1.0,1000.0,64.0,1000.0,-1.0,,,,,,,,,
gbm_no_group-few_shot-danceability-seed2,xst2cxxc,2026-07-21T08:11:11Z,gbm_no_group,few_shot,2,rmse,,0.11418662825287,,0.0965846529522534,,,,,,,0.0474589257602997,495.0,0.0,10.0,2.0,500.0,-1.0,,,,,,,,,
gbm_no_group-few_shot-danceability-seed2,yt7aztkt,2026-07-21T08:08:42Z,gbm_no_group,few_shot,2,rmse,,0.1276797028504052,,0.1142574894400842,,,,,,,0.1489449797127196,223.0,1.0,1000.0,2.0,255.0,-1.0,,,,,,,,,
gbm_no_group-few_shot-danceability-seed3,033n5c0c,2026-07-22T08:49:34Z,gbm_no_group,few_shot,3,rmse,,0.1096844721493325,,0.1025805559959972,,,,,,,0.0182856525100933,500.0,1.0,100.0,16.0,1000.0,-1.0,,,,,,,,,
gbm_no_group-few_shot-danceability-seed3,0vxm5rb6,2026-07-22T08:46:50Z,gbm_no_group,few_shot,3,rmse,,0.1086506875096903,,0.1026874389658363,,,,,,,0.0109758154193801,500.0,0.0,20.0,32.0,1000.0,-1.0,,,,,,,,,
gbm_no_group-few_shot-danceability-seed3,2cg8oidy,2026-07-22T08:48:34Z,gbm_no_group,few_shot,3,rmse,,0.1139758775425215,,0.1069167583616483,,,,,,,0.0474589257602997,499.0,0.0,10.0,2.0,500.0,-1.0,,,,,,,,,
gbm_no_group-few_shot-danceability-seed3,4v99qmga,2026-07-22T08:49:47Z,gbm_no_group,few_shot,3,rmse,,0.1326105532027625,,0.1256795480474259,,,,,,,0.0310546307698111,500.0,0.0,1000.0,16.0,1000.0,-1.0,,,,,,,,,
gbm_no_group-few_shot-danceability-seed3,4znrdcl5,2026-07-22T08:47:57Z,gbm_no_group,few_shot,3,rmse,,0.1085287439173612,,0.101940531732284,,,,,,,0.0490572683068294,481.0,0.0,100.0,4.0,500.0,-1.0,,,,,,,,,
gbm_no_group-few_shot-danceability-seed3,57fopycw,2026-07-22T08:47:49Z,gbm_no_group,few_shot,3,rmse,,0.1108159425694252,,0.1043335491535055,,,,,,,0.4096264371525448,147.0,0.0,100.0,2.0,255.0,-1.0,,,,,,,,,
gbm_no_group-few_shot-danceability-seed3,5odw3xkl,2026-07-22T08:47:36Z,gbm_no_group,few_shot,3,rmse,,0.1340418644887889,,0.1264096327767958,,,,,,,0.1489449797127196,326.0,1.0,1000.0,2.0,255.0,-1.0,,,,,,,,,
gbm_no_group-few_shot-danceability-seed3,7gcwu82m,2026-07-22T08:49:21Z,gbm_no_group,few_shot,3,rmse,,0.1138388629310423,,0.1065382691180846,,,,,,,0.6428191198097525,16.0,1.0,20.0,8.0,500.0,-1.0,,,,,,,,,
gbm_no_group-few_shot-danceability-seed3,8dpitzvo,2026-07-22T08:48:24Z,gbm_no_group,few_shot,3,rmse,,0.1139267619562467,,0.1075628779437414,,,,,,,0.5342090140143507,7.0,1.0,20.0,32.0,500.0,-1.0,,,,,,,,,
gbm_no_group-few_shot-danceability-seed3,8en2nxgv,2026-07-22T08:47:21Z,gbm_no_group,few_shot,3,rmse,,0.1334337467113812,,0.1263987193905938,,,,,,,0.0247266182197764,497.0,1.0,1000.0,4.0,500.0,-1.0,,,,,,,,,
gbm_no_group-few_shot-danceability-seed3,8jwq09kp,2026-07-22T08:48:13Z,gbm_no_group,few_shot,3,rmse,,0.1099085029535558,,0.1029135068684486,,,,,,,0.1183473185096848,71.0,1.0,20.0,32.0,255.0,-1.0,,,,,,,,,
gbm_no_group-few_shot-danceability-seed3,95dh1dfz,2026-07-22T08:48:41Z,gbm_no_group,few_shot,3,rmse,,0.1088020794485592,,0.1018724097936558,,,,,,,0.0988058664639341,86.0,0.0,20.0,16.0,255.0,-1.0,,,,,,,,,
gbm_no_group-few_shot-danceability-seed3,9g9j4kzk,2026-07-22T08:48:54Z,gbm_no_group,few_shot,3,rmse,,0.1322222090999477,,0.1253053707700022,,,,,,,0.0347260839230521,500.0,0.0,1000.0,32.0,500.0,-1.0,,,,,,,,,
gbm_no_group-few_shot-danceability-seed3,9h8ct9i9,2026-07-22T08:49:10Z,gbm_no_group,few_shot,3,rmse,,0.1117390497441089,,0.105263037834049,,,,,,,0.0725779803885817,500.0,1.0,10.0,2.0,500.0,-1.0,,,,,,,,,
gbm_no_group-few_shot-danceability-seed3,ac9teqc2,2026-07-22T08:48:45Z,gbm_no_group,few_shot,3,rmse,,0.1307685403487763,,0.1240582389348185,,,,,,,0.0652352517670139,491.0,0.0,1000.0,16.0,500.0,-1.0,,,,,,,,,
gbm_no_group-few_shot-danceability-seed3,cadtkv1g,2026-07-22T08:47:53Z,gbm_no_group,few_shot,3,rmse,,0.1074521464283036,,0.1020768483426014,,,,,,,0.2482318741925865,103.0,1.0,20.0,4.0,500.0,-1.0,,,,,,,,,
gbm_no_group-few_shot-danceability-seed3,d6ept56r,2026-07-22T08:48:17Z,gbm_no_group,few_shot,3,rmse,,0.1096853113916149,,0.103670224055508,,,,,,,0.0235110426118622,499.0,0.0,20.0,4.0,1000.0,-1.0,,,,,,,,,
gbm_no_group-few_shot-danceability-seed3,euyn200z,2026-07-22T08:50:00Z,gbm_no_group,few_shot,3,rmse,,0.120012982949344,,0.1137814650699932,,,,,,,0.8668489138169221,2.0,0.0,10.0,32.0,1000.0,-1.0,,,,,,,,,
gbm_no_group-few_shot-danceability-seed3,gdxw3955,2026-07-22T08:47:06Z,gbm_no_group,few_shot,3,rmse,,0.1306943563343215,,0.124308256323264,,,,,,,0.0817147891511586,421.0,0.0,1000.0,16.0,255.0,-1.0,,,,,,,,,
gbm_no_group-few_shot-danceability-seed3,gs8zin0t,2026-07-22T08:47:45Z,gbm_no_group,few_shot,3,rmse,,0.1301345808995341,,0.1233973497863716,,,,,,,0.2090966500355389,206.0,1.0,1000.0,64.0,1000.0,-1.0,,,,,,,,,
gbm_no_group-few_shot-danceability-seed3,j9ljuddl,2026-07-22T08:48:28Z,gbm_no_group,few_shot,3,rmse,,0.1101040439631598,,0.1040096325625118,,,,,,,0.1271700786387963,497.0,1.0,10.0,2.0,500.0,-1.0,,,,,,,,,
gbm_no_group-few_shot-danceability-seed3,ndxeicvv,2026-07-22T08:49:28Z,gbm_no_group,few_shot,3,rmse,,0.1076217433678645,,0.1019461741610393,,,,,,,0.0634627667122372,433.0,0.0,10.0,4.0,1000.0,-1.0,,,,,,,,,
gbm_no_group-few_shot-danceability-seed3,pjargdo3,2026-07-22T08:49:24Z,gbm_no_group,few_shot,3,rmse,,0.1121485217757873,,0.1080958592568619,,,,,,,0.4380606481501048,8.0,0.0,20.0,32.0,255.0,-1.0,,,,,,,,,
gbm_no_group-few_shot-danceability-seed3,r0smgty2,2026-07-22T08:46:45Z,gbm_no_group,few_shot,3,rmse,,0.107825001930926,,0.1023489981268232,,,,,,,0.1252065381499946,274.0,0.0,100.0,4.0,255.0,-1.0,,,,,,,,,
gbm_no_group-few_shot-danceability-seed3,rzq0sieb,2026-07-22T08:50:14Z,gbm_no_group,few_shot,3,rmse,,0.1176365319215673,,0.1099031744722385,,,,,,,0.0298960963897528,500.0,1.0,20.0,2.0,500.0,-1.0,,,,,,,,,
gbm_no_group-few_shot-danceability-seed3,sneadtml,2026-07-22T08:51:08Z,gbm_no_group,few_shot,3,rmse,,0.1307293485466432,,0.1242270712857842,,,,,,,0.0814494767975024,471.0,0.0,1000.0,8.0,255.0,-1.0,,,,,,,,,
gbm_no_group-few_shot-danceability-seed3,sok3qgh0,2026-07-22T08:47:13Z,gbm_no_group,few_shot,3,rmse,,0.10824427961857,,0.1025596566559501,,,,,,,0.0427421832403684,493.0,1.0,20.0,4.0,500.0,-1.0,,,,,,,,,
gbm_no_group-few_shot-danceability-seed3,tyuggbqr,2026-07-22T08:47:29Z,gbm_no_group,few_shot,3,rmse,,0.1084294858695924,,0.1020340037236104,,,,,,,0.0432480329052877,366.0,0.0,10.0,8.0,255.0,-1.0,,,,,,,,,
gbm_no_group-few_shot-danceability-seed3,v8gzjra9,2026-07-22T08:47:41Z,gbm_no_group,few_shot,3,rmse,,0.1302726958714663,,0.1238121688724798,,,,,,,0.250587007964955,179.0,1.0,1000.0,16.0,255.0,-1.0,,,,,,,,,
gbm_no_group-few_shot-danceability-seed3,vt9zxe9v,2026-07-22T08:48:04Z,gbm_no_group,few_shot,3,rmse,,0.1087775780600063,,0.1014958910750573,,,,,,,0.0235714344093274,500.0,0.0,10.0,8.0,500.0,-1.0,,,,,,,,,
gbm_no_group-few_shot-danceability-seed3,zc3cxv31,2026-07-22T08:49:02Z,gbm_no_group,few_shot,3,rmse,,0.1323698358663153,,0.1256965602946421,,,,,,,0.0330251750818893,499.0,1.0,1000.0,4.0,255.0,-1.0,,,,,,,,,
gbm_no_group-few_shot-danceability-seed3,zqsbup0w,2026-07-22T08:50:35Z,gbm_no_group,few_shot,3,rmse,,0.1137006421880471,,0.1059304353425823,,,,,,,0.013859244495551,500.0,0.0,100.0,4.0,500.0,-1.0,,,,,,,,,
gbm_no_group-few_shot-danceability-seed4,0ybrvie0,2026-07-22T09:10:13Z,gbm_no_group,few_shot,4,rmse,,0.1105516849196736,,0.1129303316082658,,,,,,,0.6428191198097525,16.0,1.0,20.0,8.0,500.0,-1.0,,,,,,,,,
gbm_no_group-few_shot-danceability-seed4,1osm3ss7,2026-07-22T09:04:37Z,gbm_no_group,few_shot,4,rmse,,0.1323799114877222,,0.1274864691382357,,,,,,,0.0817147891511586,500.0,0.0,1000.0,16.0,255.0,-1.0,,,,,,,,,
gbm_no_group-few_shot-danceability-seed4,2jrr6gkt,2026-07-22T09:05:15Z,gbm_no_group,few_shot,4,rmse,,0.1358446452640727,,0.1304580834661785,,,,,,,0.0247266182197764,500.0,1.0,1000.0,4.0,500.0,-1.0,,,,,,,,,
gbm_no_group-few_shot-danceability-seed4,46b1rfwm,2026-07-22T09:11:14Z,gbm_no_group,few_shot,4,rmse,,0.1348250763391612,,0.1296306829174864,,,,,,,0.0310546307698111,496.0,0.0,1000.0,16.0,1000.0,-1.0,,,,,,,,,
gbm_no_group-few_shot-danceability-seed4,5f8qxtkf,2026-07-22T09:04:16Z,gbm_no_group,few_shot,4,rmse,,0.106430284728465,,0.1075411145420281,,,,,,,0.1252065381499946,252.0,0.0,100.0,4.0,255.0,-1.0,,,,,,,,,
gbm_no_group-few_shot-danceability-seed4,5m3omddi,2026-07-22T09:07:11Z,gbm_no_group,few_shot,4,rmse,,0.1091586760311866,,0.110436485535206,,,,,,,0.4096264371525448,188.0,0.0,100.0,2.0,255.0,-1.0,,,,,,,,,
gbm_no_group-few_shot-danceability-seed4,d7tcpvff,2026-07-22T09:09:29Z,gbm_no_group,few_shot,4,rmse,,0.1060863179020254,,0.107483396054937,,,,,,,0.0988058664639341,93.0,0.0,20.0,16.0,255.0,-1.0,,,,,,,,,
gbm_no_group-few_shot-danceability-seed4,evvuhzac,2026-07-22T09:08:22Z,gbm_no_group,few_shot,4,rmse,,0.1062390627141232,,0.1079830030319852,,,,,,,0.1183473185096848,44.0,1.0,20.0,32.0,255.0,-1.0,,,,,,,,,
gbm_no_group-few_shot-danceability-seed4,f9kv5juq,2026-07-22T09:11:25Z,gbm_no_group,few_shot,4,rmse,,0.1174849312889297,,0.1157116060102376,,,,,,,0.0298960963897528,500.0,1.0,20.0,2.0,500.0,-1.0,,,,,,,,,
gbm_no_group-few_shot-danceability-seed4,go68us9n,2026-07-22T09:06:06Z,gbm_no_group,few_shot,4,rmse,,0.1350819814277271,,0.1303140878888425,,,,,,,0.1489449797127196,496.0,1.0,1000.0,2.0,255.0,-1.0,,,,,,,,,
gbm_no_group-few_shot-danceability-seed4,h3wj3in9,2026-07-22T09:06:48Z,gbm_no_group,few_shot,4,rmse,,0.1319895150541379,,0.1269776698462931,,,,,,,0.250587007964955,170.0,1.0,1000.0,16.0,255.0,-1.0,,,,,,,,,
gbm_no_group-few_shot-danceability-seed4,hy0iya40,2026-07-22T09:10:07Z,gbm_no_group,few_shot,4,rmse,,0.1118698464277401,,0.1112143710821195,,,,,,,0.0725779803885817,499.0,1.0,10.0,2.0,500.0,-1.0,,,,,,,,,
gbm_no_group-few_shot-danceability-seed4,ii0c784l,2026-07-22T09:11:22Z,gbm_no_group,few_shot,4,rmse,,0.1175495329614054,,0.1166611838139591,,,,,,,0.8668489138169221,2.0,0.0,10.0,32.0,1000.0,-1.0,,,,,,,,,
gbm_no_group-few_shot-danceability-seed4,io63vzbq,2026-07-22T09:09:19Z,gbm_no_group,few_shot,4,rmse,,0.1143076735515366,,0.1128163824110368,,,,,,,0.0474589257602997,500.0,0.0,10.0,2.0,500.0,-1.0,,,,,,,,,
gbm_no_group-few_shot-danceability-seed4,iw51q623,2026-07-22T09:10:31Z,gbm_no_group,few_shot,4,rmse,,0.1092448561377458,,0.110669339726194,,,,,,,0.4380606481501048,8.0,0.0,20.0,32.0,255.0,-1.0,,,,,,,,,
gbm_no_group-few_shot-danceability-seed4,jn98egwd,2026-07-22T09:08:04Z,gbm_no_group,few_shot,4,rmse,,0.1066010439082126,,0.10797922699935,,,,,,,0.0235714344093274,497.0,0.0,10.0,8.0,500.0,-1.0,,,,,,,,,
gbm_no_group-few_shot-danceability-seed4,n3xrl5r5,2026-07-22T09:07:16Z,gbm_no_group,few_shot,4,rmse,,0.1068855717276678,,0.1089109802289661,,,,,,,0.2482318741925865,134.0,1.0,20.0,4.0,500.0,-1.0,,,,,,,,,
gbm_no_group-few_shot-danceability-seed4,na6ds6fr,2026-07-22T09:11:41Z,gbm_no_group,few_shot,4,rmse,,0.132463287250126,,0.1275252409703441,,,,,,,0.0814494767975024,492.0,0.0,1000.0,8.0,255.0,-1.0,,,,,,,,,
gbm_no_group-few_shot-danceability-seed4,okv6sjzo,2026-07-22T09:04:59Z,gbm_no_group,few_shot,4,rmse,,0.1070976386257128,,0.1079726894909486,,,,,,,0.0427421832403684,499.0,1.0,20.0,4.0,500.0,-1.0,,,,,,,,,
gbm_no_group-few_shot-danceability-seed4,qlgavlyj,2026-07-22T09:09:12Z,gbm_no_group,few_shot,4,rmse,,0.1097827583049209,,0.1101404608363101,,,,,,,0.1271700786387963,500.0,1.0,10.0,2.0,500.0,-1.0,,,,,,,,,
gbm_no_group-few_shot-danceability-seed4,qn2aup0n,2026-07-22T09:09:44Z,gbm_no_group,few_shot,4,rmse,,0.1344692246346987,,0.1292840912993943,,,,,,,0.0347260839230521,498.0,0.0,1000.0,32.0,500.0,-1.0,,,,,,,,,
gbm_no_group-few_shot-danceability-seed4,qv4hvmqb,2026-07-22T09:09:08Z,gbm_no_group,few_shot,4,rmse,,0.1118423487746462,,0.1091064305905182,,,,,,,0.5342090140143507,9.0,1.0,20.0,32.0,500.0,-1.0,,,,,,,,,
gbm_no_group-few_shot-danceability-seed4,su1ru8aq,2026-07-22T09:08:54Z,gbm_no_group,few_shot,4,rmse,,0.1097791288019641,,0.1098119933097969,,,,,,,0.0235110426118622,499.0,0.0,20.0,4.0,1000.0,-1.0,,,,,,,,,
gbm_no_group-few_shot-danceability-seed4,trxk94hm,2026-07-22T09:09:55Z,gbm_no_group,few_shot,4,rmse,,0.1344815383180329,,0.1293919682508702,,,,,,,0.0330251750818893,496.0,1.0,1000.0,4.0,255.0,-1.0,,,,,,,,,
gbm_no_group-few_shot-danceability-seed4,txmon5gp,2026-07-22T09:06:52Z,gbm_no_group,few_shot,4,rmse,,0.1317056065033485,,0.1270706711705503,,,,,,,0.2090966500355389,286.0,1.0,1000.0,64.0,1000.0,-1.0,,,,,,,,,
gbm_no_group-few_shot-danceability-seed4,tyddp5dy,2026-07-22T09:04:21Z,gbm_no_group,few_shot,4,rmse,,0.106205366547208,,0.1077547676637227,,,,,,,0.0109758154193801,498.0,0.0,20.0,32.0,1000.0,-1.0,,,,,,,,,
gbm_no_group-few_shot-danceability-seed4,udozmgsn,2026-07-22T09:07:37Z,gbm_no_group,few_shot,4,rmse,,0.1064970908811607,,0.1075427576693513,,,,,,,0.0490572683068294,498.0,0.0,100.0,4.0,500.0,-1.0,,,,,,,,,
gbm_no_group-few_shot-danceability-seed4,ujvefnxe,2026-07-22T09:11:01Z,gbm_no_group,few_shot,4,rmse,,0.1062973556570381,,0.1071971948617477,,,,,,,0.0182856525100933,500.0,1.0,100.0,16.0,1000.0,-1.0,,,,,,,,,
gbm_no_group-few_shot-danceability-seed4,w5wowbec,2026-07-22T09:10:35Z,gbm_no_group,few_shot,4,rmse,,0.1070771231496958,,0.1078419280045032,,,,,,,0.0634627667122372,430.0,0.0,10.0,4.0,1000.0,-1.0,,,,,,,,,
gbm_no_group-few_shot-danceability-seed4,xx8gvhif,2026-07-22T09:11:33Z,gbm_no_group,few_shot,4,rmse,,0.1124757288499475,,0.1122962452232887,,,,,,,0.013859244495551,500.0,0.0,100.0,4.0,500.0,-1.0,,,,,,,,,
gbm_no_group-few_shot-danceability-seed4,y1m89xrf,2026-07-22T09:09:34Z,gbm_no_group,few_shot,4,rmse,,0.1329422934666028,,0.1278491842823228,,,,,,,0.0652352517670139,500.0,0.0,1000.0,16.0,500.0,-1.0,,,,,,,,,
gbm_no_group-few_shot-danceability-seed4,yci5p25o,2026-07-22T09:05:39Z,gbm_no_group,few_shot,4,rmse,,0.1048208333401483,,0.1074926367925795,,,,,,,0.0432480329052877,488.0,0.0,10.0,8.0,255.0,-1.0,,,,,,,,,
gplinear-in_context-danceability-seed0,5yzffejq,2026-08-11T08:35:43Z,gplinear,in_context,0,rmse,,0.0987014707305542,,0.1002095766373093,,,,,,,,,,,,,,,,,,,,,,
gplinear-in_context-danceability-seed1,jioymfeb,2026-08-11T08:36:10Z,gplinear,in_context,1,rmse,,0.1003226066980201,,0.1010603899474196,,,,,,,,,,,,,,,,,,,,,,
gplinear-in_context-danceability-seed2,m45ektqr,2026-08-11T08:36:33Z,gplinear,in_context,2,rmse,,0.0985322973690762,,0.1023642990918519,,,,,,,,,,,,,,,,,,,,,,
gplinear-in_context-danceability-seed3,uncxnwua,2026-08-11T08:36:57Z,gplinear,in_context,3,rmse,,0.1019696311940158,,0.1025062711136673,,,,,,,,,,,,,,,,,,,,,,
gplinear-in_context-danceability-seed4,a63a7ch9,2026-08-11T08:37:20Z,gplinear,in_context,4,rmse,,0.100733659918306,,0.0999439757163313,,,,,,,,,,,,,,,,,,,,,,
gplinear-few_shot-danceability-seed0,tfgmx9at,2026-08-11T08:36:00Z,gplinear,few_shot,0,rmse,0.0576520826839815,0.1088578065552129,0.0655663495716216,0.1216716374385682,,,,,,,,,,,,,,,,,,,,,,
gplinear-few_shot-danceability-seed1,mgejqwgv,2026-08-11T08:36:22Z,gplinear,few_shot,1,rmse,0.0582535568612828,0.1083851539501931,0.0543847960163582,0.1013647174266905,,,,,,,,,,,,,,,,,,,,,,
gplinear-few_shot-danceability-seed2,123ef205,2026-08-11T08:36:45Z,gplinear,few_shot,2,rmse,0.0601068600773954,0.1119590913919314,0.0536653403432325,0.1011763890155016,,,,,,,,,,,,,,,,,,,,,,
gplinear-few_shot-danceability-seed3,p87bpgl2,2026-08-11T08:37:09Z,gplinear,few_shot,3,rmse,0.0588290132270606,0.1097332235968969,0.0599788559008541,0.1124610260544596,,,,,,,,,,,,,,,,,,,,,,
gplinear-few_shot-danceability-seed4,iq0hmy4i,2026-08-11T08:37:32Z,gplinear,few_shot,4,rmse,0.0611940171125056,0.1123446611593715,0.0612715538750748,0.1143338521549435,,,,,,,,,,,,,,,,,,,,,,
lme-in_context-danceability-seed0,4drnpd4j,2026-08-04T08:37:30Z,lme,in_context,0,rmse,0.0569293962604563,0.1007673902632356,0.0560846402492529,0.0994305971973179,,,,,,,,,,,,,,,,,,,,,,
lme-in_context-danceability-seed1,qzezqcvd,2026-08-04T08:38:16Z,lme,in_context,1,rmse,0.0567532489738659,0.1017207383782981,0.0585123660565722,0.10488710234145,,,,,,,,,,,,,,,,,,,,,,
lme-in_context-danceability-seed2,ipdwcawp,2026-08-04T08:38:41Z,lme,in_context,2,rmse,0.0573187611518222,0.1024239352649094,0.0569591817569636,0.1024482860320969,,,,,,,,,,,,,,,,,,,,,,
lme-in_context-danceability-seed3,urlyjkje,2026-08-04T08:39:45Z,lme,in_context,3,rmse,0.0572200625337429,0.1021771549835828,0.0579475939004826,0.1034441785862174,,,,,,,,,,,,,,,,,,,,,,
lme-in_context-danceability-seed4,3fepm2i2,2026-08-04T08:40:06Z,lme,in_context,4,rmse,0.0575779095968427,0.1027705428493402,0.0564361267921258,0.100095790515507,,,,,,,,,,,,,,,,,,,,,,
lme-few_shot-danceability-seed0,rq75qfs2,2026-08-04T08:38:06Z,lme,few_shot,0,rmse,0.0584769128722916,0.1050490494670352,0.0637395368559496,0.1138596762546576,,,,,,,,,,,,,,,,,,,,,,
lme-few_shot-danceability-seed1,u72momq6,2026-08-04T08:38:30Z,lme,few_shot,1,rmse,0.0585109545351406,0.1036868396467766,0.054906240008502,0.0958277689695734,,,,,,,,,,,,,,,,,,,,,,
lme-few_shot-danceability-seed2,q2ogz9g9,2026-08-04T08:39:34Z,lme,few_shot,2,rmse,0.0629705780287946,0.1120958959343201,0.0556414474965533,0.0992112209766395,,,,,,,,,,,,,,,,,,,,,,
lme-few_shot-danceability-seed3,ktwszp3b,2026-08-04T08:39:56Z,lme,few_shot,3,rmse,0.0600108557617915,0.1075530512789131,0.060938191855161,0.1087090537001836,,,,,,,,,,,,,,,,,,,,,,
lme-few_shot-danceability-seed4,bgtfszwv,2026-08-04T08:40:27Z,lme,few_shot,4,rmse,0.060849451191131,0.1082335394602899,0.0613879006720608,0.1108250298953972,,,,,,,,,,,,,,,,,,,,,,
tabicl_taskwise-in_context-danceability-seed0,p66x87ed,2026-08-03T19:34:12Z,tabicl_taskwise,in_context,0,rmse,0.0592493181148611,0.1114245460433138,0.0592564402632868,0.1124640562186683,1.9073486328125e-06,1538.1771495342257,1626.8255894184113,,,,,,,,,,,,,,,,,,,
tabicl_taskwise-in_context-danceability-seed1,2kc2shul,2026-08-03T20:41:58Z,tabicl_taskwise,in_context,1,rmse,0.0563354263394548,0.10861436033166,0.0587977867020471,0.111666394356326,2.1457672119140625e-06,1894.096028327942,1568.880248785019,,,,,,,,,,,,,,,,,,,
tabicl_taskwise-in_context-danceability-seed2,rpxhogv2,2026-08-03T21:52:58Z,tabicl_taskwise,in_context,2,rmse,0.0580120070322771,0.1105576138125204,0.059522600418281,0.1131019146649227,5.7220458984375e-06,2180.566706895828,1438.1519742012024,,,,,,,,,,,,,,,,,,,
tabicl_taskwise-in_context-danceability-seed3,1yjkkfv9,2026-08-03T23:07:12Z,tabicl_taskwise,in_context,3,rmse,0.0597090315407597,0.1127551385655094,0.0599779108330796,0.1128098380727645,6.198883056640625e-06,1328.3008253574371,992.8938548564912,,,,,,,,,,,,,,,,,,,
tabicl_taskwise-in_context-danceability-seed4,tyne5o4h,2026-08-03T23:54:55Z,tabicl_taskwise,in_context,4,rmse,0.0583836197875068,0.110421060513476,0.0586303142798002,0.1094933390391169,3.0994415283203125e-06,1228.0261826515198,1128.4194333553314,,,,,,,,,,,,,,,,,,,
tabicl_taskwise-few_shot-danceability-seed0,7rkvfbzz,2026-08-03T20:27:50Z,tabicl_taskwise,few_shot,0,rmse,0.066455491342411,0.1231692896500877,0.0701721573597601,0.1263478080244484,2.384185791015625e-06,415.25612473487854,412.6087601184845,,,,,,,,,,,,,,,,,,,
tabicl_taskwise-few_shot-danceability-seed1,u5epmlj3,2026-08-03T21:40:42Z,tabicl_taskwise,few_shot,1,rmse,0.065610467422199,0.1213325981059994,0.0629802546330832,0.1140267420646169,2.86102294921875e-06,331.56665325164795,368.7659556865692,,,,,,,,,,,,,,,,,,,
tabicl_taskwise-few_shot-danceability-seed2,g7jd8qv8,2026-08-03T22:53:32Z,tabicl_taskwise,few_shot,2,rmse,0.0694163738019864,0.126936222889447,0.0617607174065627,0.1136516641247735,1.6689300537109375e-06,396.2585473060608,406.89307928085327,,,,,,,,,,,,,,,,,,,
tabicl_taskwise-few_shot-danceability-seed3,z2scaqf7,2026-08-03T23:46:11Z,tabicl_taskwise,few_shot,3,rmse,0.065595095292408,0.1178760121796954,0.0704016031418944,0.1267437473029466,2.384185791015625e-06,247.39806962013245,263.4927623271942,,,,,,,,,,,,,,,,,,,
tabicl_taskwise-few_shot-danceability-seed4,py7195q0,2026-08-04T00:34:25Z,tabicl_taskwise,few_shot,4,rmse,0.0695774587208731,0.1238349318323068,0.0712681414682101,0.1324448081716705,2.86102294921875e-06,266.5069959163666,236.54919695854187,,,,,,,,,,,,,,,,,,,
tabicl_pooled-in_context-danceability-seed0,9dotpvuf,2026-08-03T19:34:12Z,tabicl_pooled,in_context,0,rmse,0.0439897409125099,0.0860493858272875,0.0442799665375604,0.086859957636785,1.9073486328125e-06,3.449947595596313,6.341664552688599,,,,,,,,,,,,,,,,,,,
tabicl_pooled-in_context-danceability-seed1,jliaftu4,2026-08-03T19:54:32Z,tabicl_pooled,in_context,1,rmse,0.0443837908853008,0.0874253075697927,0.0456199925248038,0.0894644739578477,2.1457672119140625e-06,2.5308167934417725,7.025388479232788,,,,,,,,,,,,,,,,,,,
tabicl_pooled-in_context-danceability-seed2,6whrm1o4,2026-08-03T20:15:01Z,tabicl_pooled,in_context,2,rmse,0.0453713799047844,0.0897116058692793,0.0441549071849502,0.0864999005382388,3.337860107421875e-06,7.964755773544312,4.641675233840942,,,,,,,,,,,,,,,,,,,
tabicl_pooled-in_context-danceability-seed3,lgs67ghp,2026-08-03T20:35:13Z,tabicl_pooled,in_context,3,rmse,0.0459002204244289,0.089863469738906,0.0449486196352834,0.0879158728183434,2.1457672119140625e-06,8.303992748260498,6.453180313110352,,,,,,,,,,,,,,,,,,,
tabicl_pooled-in_context-danceability-seed4,vdjjki8f,2026-08-03T20:53:05Z,tabicl_pooled,in_context,4,rmse,0.0440657543161667,0.0866191286215529,0.0444215096396677,0.0864443774205019,2.86102294921875e-06,6.047857284545898,5.257339000701904,,,,,,,,,,,,,,,,,,,
tabicl_pooled-few_shot-danceability-seed0,4r3u9ekb,2026-08-03T19:34:49Z,tabicl_pooled,few_shot,0,rmse,0.0472075026901547,0.0912126264577592,0.0526441195252817,0.0987682793106159,2.1457672119140625e-06,617.6849660873413,547.9991149902344,,,,,,,,,,,,,,,,,,,
tabicl_pooled-few_shot-danceability-seed1,bl7sgq9n,2026-08-03T19:55:41Z,tabicl_pooled,few_shot,1,rmse,0.0500838225915908,0.095968763222348,0.0449214629966484,0.0846474737108347,1.6689300537109375e-06,600.5416088104248,544.6274881362915,,,,,,,,,,,,,,,,,,,
tabicl_pooled-few_shot-danceability-seed2,4nt7i7pe,2026-08-03T20:15:28Z,tabicl_pooled,few_shot,2,rmse,0.0542672573934526,0.1039813783765999,0.0431266408920978,0.0824093852205626,1.9073486328125e-06,582.280745267868,584.8509609699249,,,,,,,,,,,,,,,,,,,
tabicl_pooled-few_shot-danceability-seed3,8enlvo2f,2026-08-03T20:35:42Z,tabicl_pooled,few_shot,3,rmse,0.0515002521612544,0.0976006150672028,0.0482679587719404,0.0921963931308155,2.86102294921875e-06,504.3425424098969,437.7990591526031,,,,,,,,,,,,,,,,,,,
tabicl_pooled-few_shot-danceability-seed4,toapxqil,2026-08-03T20:54:11Z,tabicl_pooled,few_shot,4,rmse,0.0512016500811627,0.0965770980047106,0.0512303382779486,0.0964069048761533,2.384185791015625e-06,448.7769296169281,470.4122939109802,,,,,,,,,,,,,,,,,,,
